mtllib sdh_finger1_klein.mtl

v  13.900000 116.520101 -8.000000
v  13.900000 116.520101 -8.000000
v  13.900000 116.520101 -8.000000
v  13.900000 116.247129 -8.000000
v  13.900000 116.247129 -8.000000
v  13.900000 116.247129 -8.000000
v  13.900000 116.422063 -7.541897
v  13.900000 116.422063 -7.541897
v  13.900000 116.641026 -7.103131
v  13.900000 116.641026 -7.103131
v  13.900000 116.641026 -7.103131
v  13.900000 118.289371 -2.462049
v  13.900000 118.289371 -2.462049
v  13.900000 118.289371 2.462049
v  13.900000 118.289371 2.462049
v  13.900000 116.641026 7.103131
v  13.900000 116.641026 7.103131
v  13.900000 116.641026 7.103131
v  13.900000 116.422063 7.541897
v  13.900000 116.422063 7.541897
v  13.900000 116.247129 8.000000
v  13.900000 116.247129 8.000000
v  13.900000 116.247129 8.000000
v  13.900000 116.520101 8.000000
v  13.900000 116.520101 8.000000
v  13.900000 116.520101 8.000000
v  13.900000 117.287582 6.985350
v  13.900000 117.287582 6.985350
v  13.900000 118.500000 6.600000
v  13.900000 118.500000 6.600000
v  13.900000 118.500000 6.600000
v  13.900000 119.712448 6.985371
v  13.900000 119.712448 6.985371
v  13.900000 120.479899 8.000000
v  13.900000 120.479899 8.000000
v  13.900000 120.479899 8.000000
v  13.900000 121.500000 8.000000
v  13.900000 121.500000 8.000000
v  13.900000 121.500000 8.000000
v  13.900000 121.500000 -8.000000
v  13.900000 121.500000 -8.000000
v  13.900000 121.500000 -8.000000
v  13.900000 120.479899 -8.000000
v  13.900000 120.479899 -8.000000
v  13.900000 120.479899 -8.000000
v  13.900000 119.712418 -6.985350
v  13.900000 119.712418 -6.985350
v  13.900000 118.500000 -6.600000
v  13.900000 118.500000 -6.600000
v  13.900000 118.500000 -6.600000
v  13.900000 117.287552 -6.985371
v  13.900000 117.287552 -6.985371
v  13.682300 116.488021 -9.301616
v  13.682300 116.488021 -9.301616
v  13.066635 117.329970 -10.443855
v  13.066635 117.329970 -10.443855
v  12.756571 118.500000 -10.800000
v  12.756571 118.500000 -10.800000
v  12.756571 118.500000 -10.800000
v  13.066731 119.670216 -10.443730
v  13.066731 119.670216 -10.443730
v  13.682356 120.512027 -9.301455
v  13.682356 120.512027 -9.301455
v  13.363137 121.500000 -10.001445
v  13.363137 121.500000 -10.001445
v  11.901395 121.500000 -11.463166
v  11.901395 121.500000 -11.463166
v  9.900000 121.500000 -12.000000
v  9.900000 121.500000 -12.000000
v  9.900000 121.500000 -12.000000
v  9.900000 116.000000 -12.000000
v  9.900000 116.000000 -12.000000
v  9.900000 116.000000 -12.000000
v  11.056613 116.000000 -11.828998
v  11.056613 116.000000 -11.828998
v  12.112442 116.000000 -11.332424
v  12.112442 116.000000 -11.332424
v  12.979900 116.000000 -10.552096
v  12.979900 116.000000 -10.552096
v  13.586433 116.000000 -9.552487
v  13.586433 116.000000 -9.552487
v  13.586433 116.000000 -9.552487
v  13.822858 116.060094 -8.779616
v  13.822858 116.060094 -8.779616
v  8.400000 118.500000 -6.600000
v  8.400000 118.500000 -6.600000
v  8.400000 118.500000 -6.600000
v  8.400000 117.016742 -7.213392
v  8.400000 117.016742 -7.213392
v  8.400000 116.400012 -8.695210
v  8.400000 116.400012 -8.695210
v  8.400000 117.009586 -10.179398
v  8.400000 117.009586 -10.179398
v  8.400000 118.500000 -10.800000
v  8.400000 118.500000 -10.800000
v  8.400000 118.500000 -10.800000
v  8.400000 119.983258 -10.186608
v  8.400000 119.983258 -10.186608
v  8.400000 120.599988 -8.704790
v  8.400000 120.599988 -8.704790
v  8.400000 119.990414 -7.220602
v  8.400000 119.990414 -7.220602
v  10.700000 120.149242 -7.400000
v  10.700000 120.149242 -7.400000
v  10.700000 120.149242 -7.400000
v  9.785817 120.385685 -7.775775
v  9.785817 120.385685 -7.775775
v  9.492591 120.543987 -8.218216
v  9.492591 120.543987 -8.218216
v  9.400000 120.600000 -8.699914
v  9.400000 120.600000 -8.699914
v  9.492623 120.543967 -9.181868
v  9.492623 120.543967 -9.181868
v  9.785929 120.385637 -9.624323
v  9.785929 120.385637 -9.624323
v  10.700000 120.149242 -10.000000
v  10.700000 120.149242 -10.000000
v  10.700000 120.149242 -10.000000
v  11.614249 120.385716 -9.624162
v  11.614249 120.385716 -9.624162
v  11.907445 120.544009 -9.181693
v  11.907445 120.544009 -9.181693
v  12.000000 120.600000 -8.700058
v  12.000000 120.600000 -8.700058
v  11.907398 120.543980 -8.218185
v  11.907398 120.543980 -8.218185
v  11.614126 120.385662 -7.775728
v  11.614126 120.385662 -7.775728
v  10.700000 121.500000 -10.000000
v  10.700000 121.500000 -10.000000
v  10.700000 121.500000 -10.000000
v  11.619859 121.500000 -9.618612
v  11.619859 121.500000 -9.618612
v  11.999982 121.500000 -8.705114
v  11.999982 121.500000 -8.705114
v  11.625494 121.500000 -7.787067
v  11.625494 121.500000 -7.787067
v  11.201123 121.500000 -7.500704
v  11.201123 121.500000 -7.500704
v  10.700000 121.500000 -7.400000
v  10.700000 121.500000 -7.400000
v  10.700000 121.500000 -7.400000
v  9.780141 121.500000 -7.781388
v  9.780141 121.500000 -7.781388
v  9.400018 121.500000 -8.694886
v  9.400018 121.500000 -8.694886
v  9.774506 121.500000 -9.612933
v  9.774506 121.500000 -9.612933
v  10.198877 121.500000 -9.899296
v  10.198877 121.500000 -9.899296
v  -13.900000 121.500000 -8.000000
v  -13.900000 121.500000 -8.000000
v  -13.900000 121.500000 -8.000000
v  -13.363166 121.500000 -10.001395
v  -13.363166 121.500000 -10.001395
v  -11.901445 121.500000 -11.463137
v  -11.901445 121.500000 -11.463137
v  -9.900000 121.500000 -12.000000
v  -9.900000 121.500000 -12.000000
v  -9.900000 121.500000 -12.000000
v  13.363166 121.500000 10.001395
v  13.363166 121.500000 10.001395
v  11.901445 121.500000 11.463137
v  11.901445 121.500000 11.463137
v  9.900000 121.500000 12.000000
v  9.900000 121.500000 12.000000
v  9.900000 121.500000 12.000000
v  -9.900000 121.500000 12.000000
v  -9.900000 121.500000 12.000000
v  -9.900000 121.500000 12.000000
v  -11.901395 121.500000 11.463166
v  -11.901395 121.500000 11.463166
v  -13.363137 121.500000 10.001445
v  -13.363137 121.500000 10.001445
v  -13.900000 121.500000 8.000000
v  -13.900000 121.500000 8.000000
v  -13.900000 121.500000 8.000000
v  -2.750000 121.500000 7.700000
v  -2.750000 121.500000 7.700000
v  -2.750000 121.500000 7.700000
v  2.750000 121.500000 7.700000
v  2.750000 121.500000 7.700000
v  2.750000 121.500000 7.700000
v  6.608300 121.500000 6.663706
v  6.608300 121.500000 6.663706
v  9.418019 121.500000 3.850485
v  9.418019 121.500000 3.850485
v  10.449861 121.500000 0.013868
v  10.449861 121.500000 0.013868
v  9.424027 121.500000 -3.840024
v  9.424027 121.500000 -3.840024
v  6.599421 121.500000 -6.668807
v  6.599421 121.500000 -6.668807
v  2.750000 121.500000 -7.700000
v  2.750000 121.500000 -7.700000
v  2.750000 121.500000 -7.700000
v  -2.750000 121.500000 -7.700000
v  -2.750000 121.500000 -7.700000
v  -2.750000 121.500000 -7.700000
v  -6.608300 121.500000 -6.663706
v  -6.608300 121.500000 -6.663706
v  -9.418019 121.500000 -3.850485
v  -9.418019 121.500000 -3.850485
v  -10.449861 121.500000 -0.013868
v  -10.449861 121.500000 -0.013868
v  -9.424027 121.500000 3.840024
v  -9.424027 121.500000 3.840024
v  -6.599421 121.500000 6.668807
v  -6.599421 121.500000 6.668807
v  10.700000 121.500000 7.400000
v  10.700000 121.500000 7.400000
v  10.700000 121.500000 7.400000
v  10.198877 121.500000 7.500704
v  10.198877 121.500000 7.500704
v  9.774506 121.500000 7.787067
v  9.774506 121.500000 7.787067
v  9.400018 121.500000 8.705114
v  9.400018 121.500000 8.705114
v  9.780141 121.500000 9.618612
v  9.780141 121.500000 9.618612
v  10.700000 121.500000 10.000000
v  10.700000 121.500000 10.000000
v  10.700000 121.500000 10.000000
v  11.201123 121.500000 9.899296
v  11.201123 121.500000 9.899296
v  11.625494 121.500000 9.612933
v  11.625494 121.500000 9.612933
v  11.999982 121.500000 8.694886
v  11.999982 121.500000 8.694886
v  11.619859 121.500000 7.781388
v  11.619859 121.500000 7.781388
v  -10.700000 121.500000 7.400000
v  -10.700000 121.500000 7.400000
v  -10.700000 121.500000 7.400000
v  -11.201123 121.500000 7.500704
v  -11.201123 121.500000 7.500704
v  -11.625494 121.500000 7.787067
v  -11.625494 121.500000 7.787067
v  -11.999982 121.500000 8.705114
v  -11.999982 121.500000 8.705114
v  -11.619859 121.500000 9.618612
v  -11.619859 121.500000 9.618612
v  -10.700000 121.500000 10.000000
v  -10.700000 121.500000 10.000000
v  -10.700000 121.500000 10.000000
v  -10.198877 121.500000 9.899296
v  -10.198877 121.500000 9.899296
v  -9.774506 121.500000 9.612933
v  -9.774506 121.500000 9.612933
v  -9.400018 121.500000 8.694886
v  -9.400018 121.500000 8.694886
v  -9.780141 121.500000 7.781388
v  -9.780141 121.500000 7.781388
v  -10.700000 121.500000 -10.000000
v  -10.700000 121.500000 -10.000000
v  -10.700000 121.500000 -10.000000
v  -11.201123 121.500000 -9.899296
v  -11.201123 121.500000 -9.899296
v  -11.625494 121.500000 -9.612933
v  -11.625494 121.500000 -9.612933
v  -11.999982 121.500000 -8.694886
v  -11.999982 121.500000 -8.694886
v  -11.619859 121.500000 -7.781388
v  -11.619859 121.500000 -7.781388
v  -10.700000 121.500000 -7.400000
v  -10.700000 121.500000 -7.400000
v  -10.700000 121.500000 -7.400000
v  -10.198877 121.500000 -7.500704
v  -10.198877 121.500000 -7.500704
v  -9.774506 121.500000 -7.787067
v  -9.774506 121.500000 -7.787067
v  -9.400018 121.500000 -8.705114
v  -9.400018 121.500000 -8.705114
v  -9.780141 121.500000 -9.618612
v  -9.780141 121.500000 -9.618612
v  -13.900000 118.500000 -6.600127
v  -13.900000 118.500000 -6.600127
v  -13.900000 118.500000 -6.600127
v  -13.900000 119.710464 -6.984071
v  -13.900000 119.710464 -6.984071
v  -13.900000 120.479899 -8.000000
v  -13.900000 120.479899 -8.000000
v  -13.900000 120.479899 -8.000000
v  -13.900000 120.479899 8.000000
v  -13.900000 120.479899 8.000000
v  -13.900000 120.479899 8.000000
v  -13.900000 119.712418 6.985350
v  -13.900000 119.712418 6.985350
v  -13.900000 118.500000 6.600000
v  -13.900000 118.500000 6.600000
v  -13.900000 118.500000 6.600000
v  -13.900000 117.086118 7.147396
v  -13.900000 117.086118 7.147396
v  -13.900000 116.409164 8.504024
v  -13.900000 116.409164 8.504024
v  -13.900000 116.409164 8.504024
v  -13.900000 115.075329 9.064379
v  -13.900000 115.075329 9.064379
v  -13.900000 115.075329 9.064379
v  -13.900000 113.738649 9.889346
v  -13.900000 113.738649 9.889346
v  -13.900000 111.619029 12.024288
v  -13.900000 111.619029 12.024288
v  -13.900000 111.619029 12.024288
v  -13.900000 111.088699 12.141778
v  -13.900000 111.088699 12.141778
v  -13.900000 110.588235 12.352941
v  -13.900000 110.588235 12.352941
v  -13.900000 110.588235 12.352941
v  -13.900000 107.395498 13.581992
v  -13.900000 107.395498 13.581992
v  -13.900000 104.000000 14.000000
v  -13.900000 104.000000 14.000000
v  -13.900000 98.626243 12.927409
v  -13.900000 98.626243 12.927409
v  -13.900000 94.091945 9.890751
v  -13.900000 94.091945 9.890751
v  -13.900000 91.064623 5.354762
v  -13.900000 91.064623 5.354762
v  -13.900000 90.000008 -0.002857
v  -13.900000 90.000008 -0.002857
v  -13.900000 91.067803 -5.362442
v  -13.900000 91.067803 -5.362442
v  -13.900000 94.101097 -9.899857
v  -13.900000 94.101097 -9.899857
v  -13.900000 98.638303 -12.932444
v  -13.900000 98.638303 -12.932444
v  -13.900000 104.000000 -14.000000
v  -13.900000 104.000000 -14.000000
v  -13.900000 107.395498 -13.581992
v  -13.900000 107.395498 -13.581992
v  -13.900000 110.588235 -12.352941
v  -13.900000 110.588235 -12.352941
v  -13.900000 110.588235 -12.352941
v  -13.900000 111.088699 -12.141778
v  -13.900000 111.088699 -12.141778
v  -13.900000 111.619029 -12.024288
v  -13.900000 111.619029 -12.024288
v  -13.900000 111.619029 -12.024288
v  -13.900000 113.738649 -9.889346
v  -13.900000 113.738649 -9.889346
v  -13.900000 115.075329 -9.064379
v  -13.900000 115.075329 -9.064379
v  -13.900000 115.075329 -9.064379
v  -13.900000 116.409164 -8.504024
v  -13.900000 116.409164 -8.504024
v  -13.900000 116.409164 -8.504024
v  -13.900000 117.088165 -7.145641
v  -13.900000 117.088165 -7.145641
v  -13.900000 90.625000 0.000000
v  -13.900000 90.625000 0.000000
v  -13.900000 90.625000 0.000000
v  -13.900000 90.814126 0.325687
v  -13.900000 90.814126 0.325687
v  -13.900000 91.188507 0.324170
v  -13.900000 91.188507 0.324170
v  -13.900000 91.375000 0.000000
v  -13.900000 91.375000 0.000000
v  -13.900000 91.375000 0.000000
v  -13.900000 91.185874 -0.325687
v  -13.900000 91.185874 -0.325687
v  -13.900000 90.811493 -0.324170
v  -13.900000 90.811493 -0.324170
v  -13.900000 110.125000 11.258330
v  -13.900000 110.125000 11.258330
v  -13.900000 110.125000 11.258330
v  -13.900000 110.314126 11.584017
v  -13.900000 110.314126 11.584017
v  -13.900000 110.688507 11.582501
v  -13.900000 110.688507 11.582501
v  -13.900000 110.875000 11.258330
v  -13.900000 110.875000 11.258330
v  -13.900000 110.875000 11.258330
v  -13.900000 110.685874 10.932644
v  -13.900000 110.685874 10.932644
v  -13.900000 110.311493 10.934160
v  -13.900000 110.311493 10.934160
v  -13.900000 110.875000 -11.258330
v  -13.900000 110.875000 -11.258330
v  -13.900000 110.875000 -11.258330
v  -13.900000 110.685874 -11.584017
v  -13.900000 110.685874 -11.584017
v  -13.900000 110.311493 -11.582501
v  -13.900000 110.311493 -11.582501
v  -13.900000 110.125000 -11.258330
v  -13.900000 110.125000 -11.258330
v  -13.900000 110.125000 -11.258330
v  -13.900000 110.314126 -10.932644
v  -13.900000 110.314126 -10.932644
v  -13.900000 110.688507 -10.934160
v  -13.900000 110.688507 -10.934160
v  -13.900000 104.000000 12.000001
v  -13.900000 104.000000 12.000001
v  -13.900000 104.000000 12.000001
v  -13.900000 109.222354 10.804027
v  -13.900000 109.222354 10.804027
v  -13.900000 113.390389 7.471311
v  -13.900000 113.390389 7.471311
v  -13.900000 115.700797 2.662930
v  -13.900000 115.700797 2.662930
v  -13.900000 115.698356 -2.673633
v  -13.900000 115.698356 -2.673633
v  -13.900000 113.383354 -7.480146
v  -13.900000 113.383354 -7.480146
v  -13.900000 109.210085 -10.809949
v  -13.900000 109.210085 -10.809949
v  -13.900000 104.000000 -12.000001
v  -13.900000 104.000000 -12.000001
v  -13.900000 104.000000 -12.000001
v  -13.900000 98.777646 -10.804027
v  -13.900000 98.777646 -10.804027
v  -13.900000 94.609611 -7.471311
v  -13.900000 94.609611 -7.471311
v  -13.900000 92.299203 -2.662930
v  -13.900000 92.299203 -2.662930
v  -13.900000 92.301644 2.673633
v  -13.900000 92.301644 2.673633
v  -13.900000 94.616646 7.480146
v  -13.900000 94.616646 7.480146
v  -13.900000 98.789915 10.809949
v  -13.900000 98.789915 10.809949
v  -13.717522 116.645749 -9.685776
v  -13.717522 116.645749 -9.685776
v  -13.182872 117.515376 -10.554863
v  -13.182872 117.515376 -10.554863
v  -12.825212 118.500000 -10.800000
v  -12.825212 118.500000 -10.800000
v  -12.825212 118.500000 -10.800000
v  -8.400000 118.500000 -10.800000
v  -8.400000 118.500000 -10.800000
v  -8.400000 118.500000 -10.800000
v  -8.400000 117.016742 -10.186608
v  -8.400000 117.016742 -10.186608
v  -8.400000 116.400012 -8.704790
v  -8.400000 116.400012 -8.704790
v  -8.400000 117.009586 -7.220602
v  -8.400000 117.009586 -7.220602
v  -8.400000 118.500000 -6.600000
v  -8.400000 118.500000 -6.600000
v  -8.400000 118.500000 -6.600000
v  -13.448945 115.914683 -10.707688
v  -12.230387 116.476439 -12.000000
v  -12.230387 116.476439 -12.000000
v  -12.230387 116.476439 -12.000000
v  -11.837032 117.053584 -12.000000
v  -11.837032 117.053584 -12.000000
v  -9.900000 119.500000 -12.000000
v  -9.900000 119.500000 -12.000000
v  -9.900000 119.500000 -12.000000
v  -11.604923 119.500000 -11.618458
v  -11.604923 119.500000 -11.618458
v  -12.984596 119.500000 -10.546619
v  -12.984596 119.500000 -10.546619
v  -12.984596 119.500000 -10.546619
v  -12.831197 118.999805 -10.739656
v  -12.831197 118.999805 -10.739656
v  -13.897431 111.810249 -12.006007
v  -13.897431 111.810249 -12.006007
v  -13.889384 112.000000 -12.000000
v  -13.889384 112.000000 -12.000000
v  -13.889384 112.000000 -12.000000
v  -13.655771 113.421866 -12.000000
v  -13.655771 113.421866 -12.000000
v  -13.037429 115.060561 -12.000000
v  -13.037429 115.060561 -12.000000
v  -7.500000 110.588235 -12.352941
v  -7.500000 110.588235 -12.352941
v  -7.500000 110.588235 -12.352941
v  -7.500000 111.272406 -12.089624
v  -7.500000 111.272406 -12.089624
v  -7.500000 112.000000 -12.000000
v  -7.500000 112.000000 -12.000000
v  -7.500000 112.000000 -12.000000
v  -7.500000 104.000000 -14.000000
v  -7.500000 104.000000 -14.000000
v  -7.500000 107.395498 -13.581992
v  -7.500000 107.395498 -13.581992
v  -7.500000 110.588235 12.352941
v  -7.500000 110.588235 12.352941
v  -7.500000 110.588235 12.352941
v  -7.500000 107.395498 13.581992
v  -7.500000 107.395498 13.581992
v  -7.500000 104.000000 14.000000
v  -7.500000 104.000000 14.000000
v  -7.500000 98.638303 12.932444
v  -7.500000 98.638303 12.932444
v  -7.500000 94.101097 9.899857
v  -7.500000 94.101097 9.899857
v  -7.500000 91.067803 5.362442
v  -7.500000 91.067803 5.362442
v  -7.500000 90.000008 0.002857
v  -7.500000 90.000008 0.002857
v  -7.500000 91.064623 -5.354762
v  -7.500000 91.064623 -5.354762
v  -7.500000 94.091945 -9.890751
v  -7.500000 94.091945 -9.890751
v  -7.500000 98.626243 -12.927409
v  -7.500000 98.626243 -12.927409
v  -7.500000 116.000000 9.552487
v  -7.500000 116.000000 9.552487
v  -7.500000 116.000000 9.552487
v  -7.500000 116.163011 8.286589
v  -7.500000 116.163011 8.286589
v  -7.500000 116.641026 7.103131
v  -7.500000 116.641026 7.103131
v  -7.500000 116.641026 7.103131
v  -7.500000 118.289371 2.462049
v  -7.500000 118.289371 2.462049
v  -7.500000 118.289371 -2.462049
v  -7.500000 118.289371 -2.462049
v  -7.500000 116.641026 -7.103131
v  -7.500000 116.641026 -7.103131
v  -7.500000 116.641026 -7.103131
v  -7.500000 116.163011 -8.286589
v  -7.500000 116.163011 -8.286589
v  -7.500000 116.000000 -9.552487
v  -7.500000 116.000000 -9.552487
v  -7.500000 116.000000 -9.552487
v  -7.500000 116.000000 -12.000000
v  -7.500000 116.000000 -12.000000
v  -7.500000 116.000000 -12.000000
v  -7.500000 111.272406 12.089624
v  -7.500000 111.272406 12.089624
v  -7.500000 112.000000 12.000000
v  -7.500000 112.000000 12.000000
v  -7.500000 112.000000 12.000000
v  -7.500000 116.000000 12.000000
v  -7.500000 116.000000 12.000000
v  -7.500000 116.000000 12.000000
v  -7.500000 107.803564 -8.156770
v  -7.500000 107.803564 -8.156770
v  -7.500000 107.803564 -8.156770
v  -7.500000 105.947935 -8.786567
v  -7.500000 105.947935 -8.786567
v  -7.500000 104.000000 -9.000000
v  -7.500000 104.000000 -9.000000
v  -7.500000 101.661680 -8.690766
v  -7.500000 101.661680 -8.690766
v  -7.500000 99.496277 -7.792269
v  -7.500000 99.496277 -7.792269
v  -7.500000 97.639026 -6.366941
v  -7.500000 97.639026 -6.366941
v  -7.500000 96.209244 -4.505812
v  -7.500000 96.209244 -4.505812
v  -7.500000 95.310557 -2.343454
v  -7.500000 95.310557 -2.343454
v  -7.500000 95.000029 -0.019794
v  -7.500000 95.000029 -0.019794
v  -7.500000 95.301599 2.310035
v  -7.500000 95.301599 2.310035
v  -7.500000 96.198988 4.487972
v  -7.500000 96.198988 4.487972
v  -7.500000 97.636779 6.364695
v  -7.500000 97.636779 6.364695
v  -7.500000 99.504523 7.796994
v  -7.500000 99.504523 7.796994
v  -7.500000 101.673165 8.693872
v  -7.500000 101.673165 8.693872
v  -7.500000 104.000000 9.000000
v  -7.500000 104.000000 9.000000
v  -7.500000 105.947935 8.786567
v  -7.500000 105.947935 8.786567
v  -7.500000 107.803564 8.156770
v  -7.500000 107.803564 8.156770
v  -7.500000 107.803564 8.156770
v  -7.500000 108.061291 8.069298
v  -7.500000 108.061291 8.069298
v  -7.500000 108.331837 8.039655
v  -7.500000 108.331837 8.039655
v  -7.500000 108.878094 8.165376
v  -7.500000 108.878094 8.165376
v  -7.500000 109.313146 8.515502
v  -7.500000 109.313146 8.515502
v  -7.500000 109.552097 9.019109
v  -7.500000 109.552097 9.019109
v  -7.500000 109.548385 9.576521
v  -7.500000 109.548385 9.576521
v  -7.500000 109.302069 10.077722
v  -7.500000 109.302069 10.077722
v  -7.500000 108.860110 10.422540
v  -7.500000 108.860110 10.422540
v  -7.500000 108.860110 10.422540
v  -7.500000 106.489028 11.227280
v  -7.500000 106.489028 11.227280
v  -7.500000 104.000000 11.500000
v  -7.500000 104.000000 11.500000
v  -7.500000 104.000000 11.500000
v  -7.500000 101.510972 11.227280
v  -7.500000 101.510972 11.227280
v  -7.500000 99.139890 10.422540
v  -7.500000 99.139890 10.422540
v  -7.500000 95.075163 7.252394
v  -7.500000 95.075163 7.252394
v  -7.500000 92.809042 2.648079
v  -7.500000 92.809042 2.648079
v  -7.500000 92.770572 -2.479873
v  -7.500000 92.770572 -2.479873
v  -7.500000 94.973713 -7.125728
v  -7.500000 94.973713 -7.125728
v  -7.500000 98.987280 -10.350004
v  -7.500000 98.987280 -10.350004
v  -7.500000 104.000000 -11.500000
v  -7.500000 104.000000 -11.500000
v  -7.500000 104.000000 -11.500000
v  -7.500000 106.489028 -11.227280
v  -7.500000 106.489028 -11.227280
v  -7.500000 108.860110 -10.422540
v  -7.500000 108.860110 -10.422540
v  -7.500000 108.860110 -10.422540
v  -7.500000 109.302055 -10.077739
v  -7.500000 109.302055 -10.077739
v  -7.500000 109.548376 -9.576556
v  -7.500000 109.548376 -9.576556
v  -7.500000 109.552106 -9.019149
v  -7.500000 109.552106 -9.019149
v  -7.500000 109.313169 -8.515530
v  -7.500000 109.313169 -8.515530
v  -7.500000 108.878115 -8.165386
v  -7.500000 108.878115 -8.165386
v  -7.500000 108.331837 -8.039655
v  -7.500000 108.331837 -8.039655
v  -7.500000 108.061291 -8.069298
v  -7.500000 108.061291 -8.069298
v  -7.500000 104.000000 -7.499992
v  -7.500000 104.000000 -7.499992
v  -7.500000 104.000000 -7.499992
v  -7.500000 104.421904 -7.267862
v  -7.500000 104.421904 -7.267862
v  -7.500000 104.451414 -6.785000
v  -7.500000 104.451414 -6.785000
v  -7.500000 104.451414 -6.785000
v  -7.500000 108.218816 -5.333176
v  -7.500000 108.218816 -5.333176
v  -7.500000 110.494127 -2.016350
v  -7.500000 110.494127 -2.016350
v  -7.500000 110.496400 2.009050
v  -7.500000 110.496400 2.009050
v  -7.500000 108.210757 5.339556
v  -7.500000 108.210757 5.339556
v  -7.500000 104.451414 6.785000
v  -7.500000 104.451414 6.785000
v  -7.500000 104.451414 6.785000
v  -7.500000 104.422164 7.267904
v  -7.500000 104.422164 7.267904
v  -7.500000 104.000000 7.499992
v  -7.500000 104.000000 7.499992
v  -7.500000 104.000000 7.499992
v  -7.500000 103.578096 7.267862
v  -7.500000 103.578096 7.267862
v  -7.500000 103.548586 6.785000
v  -7.500000 103.548586 6.785000
v  -7.500000 103.548586 6.785000
v  -7.500000 99.781184 5.333176
v  -7.500000 99.781184 5.333176
v  -7.500000 97.505873 2.016350
v  -7.500000 97.505873 2.016350
v  -7.500000 97.503600 -2.009050
v  -7.500000 97.503600 -2.009050
v  -7.500000 99.789243 -5.339556
v  -7.500000 99.789243 -5.339556
v  -7.500000 103.548586 -6.785000
v  -7.500000 103.548586 -6.785000
v  -7.500000 103.548586 -6.785000
v  -7.500000 103.577836 -7.267904
v  -7.500000 103.577836 -7.267904
v  13.586433 116.000000 9.552487
v  13.586433 116.000000 9.552487
v  13.586433 116.000000 9.552487
v  9.900000 116.000000 12.000000
v  9.900000 116.000000 12.000000
v  9.900000 116.000000 12.000000
v  11.056656 116.000000 11.828985
v  11.056656 116.000000 11.828985
v  12.112492 116.000000 11.332391
v  12.112492 116.000000 11.332391
v  12.979929 116.000000 10.552061
v  12.979929 116.000000 10.552061
v  13.822860 116.060094 8.779618
v  13.822860 116.060094 8.779618
v  13.682313 120.511990 9.301579
v  13.682313 120.511990 9.301579
v  13.066662 119.670083 10.443820
v  13.066662 119.670083 10.443820
v  12.756571 118.500000 10.800000
v  12.756571 118.500000 10.800000
v  12.756571 118.500000 10.800000
v  13.066734 117.329778 10.443726
v  13.066734 117.329778 10.443726
v  13.682359 116.487971 9.301447
v  13.682359 116.487971 9.301447
v  -13.889384 112.000000 12.000000
v  -13.889384 112.000000 12.000000
v  -13.889384 112.000000 12.000000
v  -13.656784 113.417973 12.000000
v  -13.656784 113.417973 12.000000
v  -13.043293 115.048437 12.000000
v  -13.043293 115.048437 12.000000
v  -12.229975 116.477087 12.000000
v  -12.229975 116.477087 12.000000
v  -12.229975 116.477087 12.000000
v  -11.846749 117.039894 12.000000
v  -11.846749 117.039894 12.000000
v  -9.900000 119.500000 12.000000
v  -9.900000 119.500000 12.000000
v  -9.900000 119.500000 12.000000
v  -13.897431 111.810249 12.006007
v  -13.897431 111.810249 12.006007
v  -12.825212 118.500000 10.800000
v  -12.825212 118.500000 10.800000
v  -12.825212 118.500000 10.800000
v  -12.831997 119.002746 10.738933
v  -12.831997 119.002746 10.738933
v  -12.984596 119.500000 10.546619
v  -12.984596 119.500000 10.546619
v  -12.984596 119.500000 10.546619
v  -11.604923 119.500000 11.618458
v  -11.604923 119.500000 11.618458
v  -13.448778 115.914828 10.707973
v  -13.704579 116.665417 9.721913
v  -13.704579 116.665417 9.721913
v  -13.204549 117.475660 10.533229
v  -13.204549 117.475660 10.533229
v  -8.400000 118.500000 6.600000
v  -8.400000 118.500000 6.600000
v  -8.400000 118.500000 6.600000
v  -8.400000 117.016742 7.213392
v  -8.400000 117.016742 7.213392
v  -8.400000 116.400012 8.695210
v  -8.400000 116.400012 8.695210
v  -8.400000 117.009586 10.179398
v  -8.400000 117.009586 10.179398
v  -8.400000 118.500000 10.800000
v  -8.400000 118.500000 10.800000
v  -8.400000 118.500000 10.800000
v  -13.628746 120.462722 9.446808
v  -13.628746 120.462722 9.446808
v  -8.400000 119.983258 10.186608
v  -8.400000 119.983258 10.186608
v  -8.400000 120.599988 8.704790
v  -8.400000 120.599988 8.704790
v  -8.400000 119.990414 7.220602
v  -8.400000 119.990414 7.220602
v  -10.700000 120.149242 10.000000
v  -10.700000 120.149242 10.000000
v  -10.700000 120.149242 10.000000
v  -11.614249 120.385716 9.624162
v  -11.614249 120.385716 9.624162
v  -11.907445 120.544009 9.181693
v  -11.907445 120.544009 9.181693
v  -12.000000 120.600000 8.700058
v  -12.000000 120.600000 8.700058
v  -11.907398 120.543980 8.218185
v  -11.907398 120.543980 8.218185
v  -11.614126 120.385662 7.775728
v  -11.614126 120.385662 7.775728
v  -10.700000 120.149242 7.400000
v  -10.700000 120.149242 7.400000
v  -10.700000 120.149242 7.400000
v  -9.785817 120.385685 7.775775
v  -9.785817 120.385685 7.775775
v  -9.492591 120.543987 8.218216
v  -9.492591 120.543987 8.218216
v  -9.400000 120.600000 8.699914
v  -9.400000 120.600000 8.699914
v  -9.492623 120.543967 9.181868
v  -9.492623 120.543967 9.181868
v  -9.785929 120.385637 9.624323
v  -9.785929 120.385637 9.624323
v  8.400000 118.500000 6.600000
v  8.400000 118.500000 6.600000
v  8.400000 118.500000 6.600000
v  8.400000 119.983258 7.213392
v  8.400000 119.983258 7.213392
v  8.400000 120.599988 8.695210
v  8.400000 120.599988 8.695210
v  8.400000 119.990414 10.179398
v  8.400000 119.990414 10.179398
v  8.400000 118.500000 10.800000
v  8.400000 118.500000 10.800000
v  8.400000 118.500000 10.800000
v  10.700000 120.149242 10.000000
v  10.700000 120.149242 10.000000
v  10.700000 120.149242 10.000000
v  9.785817 120.385685 9.624225
v  9.785817 120.385685 9.624225
v  9.492591 120.543987 9.181784
v  9.492591 120.543987 9.181784
v  9.400000 120.600000 8.700086
v  9.400000 120.600000 8.700086
v  9.492623 120.543967 8.218132
v  9.492623 120.543967 8.218132
v  9.785929 120.385637 7.775677
v  9.785929 120.385637 7.775677
v  10.700000 120.149242 7.400000
v  10.700000 120.149242 7.400000
v  10.700000 120.149242 7.400000
v  11.614249 120.385716 7.775838
v  11.614249 120.385716 7.775838
v  11.907445 120.544009 8.218307
v  11.907445 120.544009 8.218307
v  12.000000 120.600000 8.699942
v  12.000000 120.600000 8.699942
v  11.907398 120.543980 9.181815
v  11.907398 120.543980 9.181815
v  11.614126 120.385662 9.624272
v  11.614126 120.385662 9.624272
v  8.400000 117.016742 10.186608
v  8.400000 117.016742 10.186608
v  8.400000 116.400012 8.704790
v  8.400000 116.400012 8.704790
v  8.400000 117.009586 7.220602
v  8.400000 117.009586 7.220602
v  -13.647741 120.480673 -9.397806
v  -13.647741 120.480673 -9.397806
v  -8.400000 119.983258 -7.213392
v  -8.400000 119.983258 -7.213392
v  -8.400000 120.599988 -8.695210
v  -8.400000 120.599988 -8.695210
v  -8.400000 119.990414 -10.179398
v  -8.400000 119.990414 -10.179398
v  -10.700000 120.149242 -7.400000
v  -10.700000 120.149242 -7.400000
v  -10.700000 120.149242 -7.400000
v  -11.614249 120.385716 -7.775838
v  -11.614249 120.385716 -7.775838
v  -11.907445 120.544009 -8.218307
v  -11.907445 120.544009 -8.218307
v  -12.000000 120.600000 -8.699942
v  -12.000000 120.600000 -8.699942
v  -11.907398 120.543980 -9.181815
v  -11.907398 120.543980 -9.181815
v  -11.614126 120.385662 -9.624272
v  -11.614126 120.385662 -9.624272
v  -10.700000 120.149242 -10.000000
v  -10.700000 120.149242 -10.000000
v  -10.700000 120.149242 -10.000000
v  -9.785817 120.385685 -9.624225
v  -9.785817 120.385685 -9.624225
v  -9.492591 120.543987 -9.181784
v  -9.492591 120.543987 -9.181784
v  -9.400000 120.600000 -8.700086
v  -9.400000 120.600000 -8.700086
v  -9.492623 120.543967 -8.218132
v  -9.492623 120.543967 -8.218132
v  -9.785929 120.385637 -7.775677
v  -9.785929 120.385637 -7.775677
v  -10.550000 108.860110 -10.422540
v  -10.550000 108.860110 -10.422540
v  -10.550000 108.860110 -10.422540
v  -10.550000 109.493139 -9.752112
v  -10.550000 109.493139 -9.752112
v  -10.550000 109.495405 -8.832931
v  -10.550000 109.495405 -8.832931
v  -10.550000 108.865658 -8.159374
v  -10.550000 108.865658 -8.159374
v  -10.550000 108.865658 -8.159374
v  -10.300000 108.865658 -8.159374
v  -10.300000 108.865658 -8.159374
v  -10.300000 108.865658 -8.159374
v  -10.300000 108.605374 -8.069966
v  -10.300000 108.605374 -8.069966
v  -10.300000 108.331837 -8.039655
v  -10.300000 108.331837 -8.039655
v  -10.300000 108.061291 -8.069298
v  -10.300000 108.061291 -8.069298
v  -10.300000 107.803564 -8.156770
v  -10.300000 107.803564 -8.156770
v  -10.300000 107.803564 -8.156770
v  -10.550000 112.669467 -7.555808
v  -10.550000 112.669467 -7.555808
v  -10.550000 114.988838 -3.390491
v  -10.550000 114.988838 -3.390491
v  -10.550000 114.988838 -3.390491
v  -10.550000 114.309928 -3.170685
v  -10.550000 114.309928 -3.170685
v  -10.550000 113.881688 -2.884777
v  -10.550000 113.881688 -2.884777
v  -10.550000 113.699259 -2.500000
v  -10.550000 113.699259 -2.500000
v  -10.550000 113.699259 -2.500000
v  -10.550000 113.699259 2.500000
v  -10.550000 113.699259 2.500000
v  -10.550000 113.699259 2.500000
v  -10.550000 113.880119 2.883175
v  -10.550000 113.880119 2.883175
v  -10.550000 114.307988 3.169765
v  -10.550000 114.307988 3.169765
v  -10.550000 114.988838 3.390491
v  -10.550000 114.988838 3.390491
v  -10.550000 114.988838 3.390491
v  -10.550000 112.669467 7.555808
v  -10.550000 112.669467 7.555808
v  -10.550000 108.860110 10.422540
v  -10.550000 108.860110 10.422540
v  -10.550000 108.860110 10.422540
v  -10.550000 109.493152 9.752078
v  -10.550000 109.493152 9.752078
v  -10.550000 109.495392 8.832897
v  -10.550000 109.495392 8.832897
v  -10.550000 108.865658 8.159374
v  -10.550000 108.865658 8.159374
v  -10.550000 108.865658 8.159374
v  -10.550000 111.733306 5.517566
v  -10.550000 111.733306 5.517566
v  -10.550000 113.297092 1.952642
v  -10.550000 113.297092 1.952642
v  -10.550000 113.298096 -1.947854
v  -10.550000 113.298096 -1.947854
v  -10.550000 111.733592 -5.517164
v  -10.550000 111.733592 -5.517164
v  -10.300000 108.865658 8.159374
v  -10.300000 108.865658 8.159374
v  -10.300000 108.865658 8.159374
v  -10.300000 111.733592 5.517164
v  -10.300000 111.733592 5.517164
v  -10.300000 113.298096 1.947854
v  -10.300000 113.298096 1.947854
v  -10.300000 113.297092 -1.952642
v  -10.300000 113.297092 -1.952642
v  -10.300000 111.733306 -5.517566
v  -10.300000 111.733306 -5.517566
v  -10.300000 107.803564 8.156770
v  -10.300000 107.803564 8.156770
v  -10.300000 107.803564 8.156770
v  -10.300000 108.061291 8.069298
v  -10.300000 108.061291 8.069298
v  -10.300000 108.331837 8.039655
v  -10.300000 108.331837 8.039655
v  -10.300000 108.605374 8.069966
v  -10.300000 108.605374 8.069966
v  -12.900000 104.000000 -11.500000
v  -12.900000 104.000000 -11.500000
v  -12.900000 104.000000 -11.500000
v  -12.900000 108.992888 -10.359586
v  -12.900000 108.992888 -10.359586
v  -12.900000 112.991906 -7.169066
v  -12.900000 112.991906 -7.169066
v  -12.900000 115.210732 -2.563070
v  -12.900000 115.210732 -2.563070
v  -12.900000 115.213265 2.551965
v  -12.900000 115.213265 2.551965
v  -12.900000 112.999215 7.159888
v  -12.900000 112.999215 7.159888
v  -12.900000 109.004953 10.353762
v  -12.900000 109.004953 10.353762
v  -12.900000 104.000000 11.500000
v  -12.900000 104.000000 11.500000
v  -12.900000 104.000000 11.500000
v  -10.810820 114.962936 3.473331
v  -10.810820 114.962936 3.473331
v  -11.068072 114.954451 3.500000
v  -11.068072 114.954451 3.500000
v  -11.803191 115.042724 3.210646
v  -11.803191 115.042724 3.210646
v  -12.045304 115.224972 2.500000
v  -12.045304 115.224972 2.500000
v  -12.045304 115.224972 2.500000
v  -11.917056 115.500000 -0.000000
v  -11.917056 115.500000 -0.000000
v  -12.045304 115.224972 -2.500000
v  -12.045304 115.224972 -2.500000
v  -12.045304 115.224972 -2.500000
v  -11.815751 115.046524 -3.197547
v  -11.815751 115.046524 -3.197547
v  -11.494307 114.980143 -3.418545
v  -11.494307 114.980143 -3.418545
v  -11.068060 114.954458 -3.499980
v  -11.068060 114.954458 -3.499980
v  -10.811058 114.962926 -3.473363
v  -10.811058 114.962926 -3.473363
v  -12.900000 104.000000 11.700000
v  -12.900000 104.000000 11.700000
v  -12.900000 104.000000 11.700000
v  -12.900000 98.908098 10.533873
v  -12.900000 98.908098 10.533873
v  -12.900000 94.844296 7.284433
v  -12.900000 94.844296 7.284433
v  -12.900000 92.591719 2.596332
v  -12.900000 92.591719 2.596332
v  -12.900000 92.594215 -2.607277
v  -12.900000 92.594215 -2.607277
v  -12.900000 94.851497 -7.293474
v  -12.900000 94.851497 -7.293474
v  -12.900000 98.920245 -10.539736
v  -12.900000 98.920245 -10.539736
v  -12.900000 104.000000 -11.700000
v  -12.900000 104.000000 -11.700000
v  -12.900000 104.000000 -11.700000
v  -12.900000 109.091902 -10.533873
v  -12.900000 109.091902 -10.533873
v  -12.900000 113.155704 -7.284433
v  -12.900000 113.155704 -7.284433
v  -12.900000 115.408281 -2.596332
v  -12.900000 115.408281 -2.596332
v  -12.900000 115.405785 2.607277
v  -12.900000 115.405785 2.607277
v  -12.900000 113.148503 7.293474
v  -12.900000 113.148503 7.293474
v  -12.900000 109.079755 10.539736
v  -12.900000 109.079755 10.539736
v  -12.900000 98.995047 -10.353762
v  -12.900000 98.995047 -10.353762
v  -12.900000 95.000785 -7.159888
v  -12.900000 95.000785 -7.159888
v  -12.900000 92.786735 -2.551965
v  -12.900000 92.786735 -2.551965
v  -12.900000 92.789268 2.563070
v  -12.900000 92.789268 2.563070
v  -12.900000 95.008094 7.169066
v  -12.900000 95.008094 7.169066
v  -12.900000 99.007112 10.359586
v  -12.900000 99.007112 10.359586
v  -13.600004 104.000000 -11.700000
v  -13.600004 104.000000 -11.700000
v  -13.600004 104.000000 -11.700000
v  -13.600004 104.000000 -11.700000
v  -13.599993 109.076440 -10.541336
v  -13.599993 109.076440 -10.541336
v  -13.599993 113.147428 -7.294831
v  -13.599993 113.147428 -7.294831
v  -13.599993 115.406657 -2.603495
v  -13.599993 115.406657 -2.603495
v  -13.599993 115.406657 2.603495
v  -13.599993 115.406657 2.603495
v  -13.599993 113.147428 7.294831
v  -13.599993 113.147428 7.294831
v  -13.599993 109.076440 10.541336
v  -13.599993 109.076440 10.541336
v  -13.600004 104.000000 11.700000
v  -13.600004 104.000000 11.700000
v  -13.600004 104.000000 11.700000
v  -13.600004 104.000000 11.700000
v  -13.599993 98.923560 -10.541336
v  -13.599993 98.923560 -10.541336
v  -13.599993 94.852572 -7.294831
v  -13.599993 94.852572 -7.294831
v  -13.599993 92.593343 -2.603495
v  -13.599993 92.593343 -2.603495
v  -13.599993 92.593343 2.603495
v  -13.599993 92.593343 2.603495
v  -13.599993 94.852572 7.294831
v  -13.599993 94.852572 7.294831
v  -13.599993 98.923560 10.541336
v  -13.599993 98.923560 10.541336
v  -7.409369 120.434364 2.500000
v  -7.409369 120.434364 2.500000
v  -7.409369 120.434364 2.500000
v  -7.409369 120.434364 2.500000
v  -7.694245 120.503894 3.201743
v  -7.694245 120.503894 3.201743
v  -8.013913 120.581910 3.420924
v  -8.013913 120.581910 3.420924
v  -8.400000 120.676150 3.500000
v  -8.400000 120.676150 3.500000
v  -8.400000 120.676150 3.500000
v  -8.400000 120.676150 3.500000
v  -8.503061 120.455135 3.500000
v  -8.503061 120.455135 3.500000
v  -8.503061 120.455135 3.500000
v  -9.143918 120.753971 3.207107
v  -9.143918 120.753971 3.207107
v  -9.409369 120.877753 2.500000
v  -9.409369 120.877753 2.500000
v  -9.409369 120.877753 2.500000
v  -9.409369 120.877753 2.500000
v  -9.409369 120.877753 -2.500000
v  -9.409369 120.877753 -2.500000
v  -9.409369 120.877753 -2.500000
v  -9.409369 120.877753 -2.500000
v  -9.402370 120.898370 2.500000
v  -9.402370 120.898370 2.500000
v  -9.400000 120.920014 2.500000
v  -9.400000 120.920014 2.500000
v  -9.400000 120.920014 2.500000
v  -9.400000 120.920014 2.500000
v  -9.400000 120.920014 -2.500000
v  -9.400000 120.920014 -2.500000
v  -9.400000 120.920014 -2.500000
v  -9.400000 120.920014 -2.500000
v  -9.402370 120.898370 -2.500000
v  -9.402370 120.898370 -2.500000
v  -8.426086 120.681933 3.500000
v  -8.426086 120.681933 3.500000
v  -8.400000 120.920014 3.500000
v  -8.400000 120.920014 3.500000
v  -8.400000 120.920014 3.500000
v  -9.107107 120.920014 3.207107
v  -9.107107 120.920014 3.207107
v  -8.013400 120.599025 3.422248
v  -8.013400 120.599025 3.422248
v  -7.689248 120.534339 3.203442
v  -7.689248 120.534339 3.203442
v  -7.400000 120.476624 2.500000
v  -7.400000 120.476624 2.500000
v  -7.400000 120.476624 2.500000
v  -7.400000 120.476624 2.500000
v  -7.400000 123.500000 2.500000
v  -7.400000 123.500000 2.500000
v  -7.400000 123.500000 2.500000
v  -7.692884 123.500000 3.207091
v  -7.692884 123.500000 3.207091
v  -8.400000 123.500000 3.500000
v  -8.400000 123.500000 3.500000
v  -9.107091 123.500000 3.207116
v  -9.107091 123.500000 3.207116
v  -9.400000 123.500000 2.500000
v  -9.400000 123.500000 2.500000
v  -9.400000 123.500000 2.500000
v  -9.400000 123.500000 -2.500000
v  -9.400000 123.500000 -2.500000
v  -9.400000 123.500000 -2.500000
v  -2.750000 123.500000 -8.500000
v  -2.750000 123.500000 -8.500000
v  -2.750000 123.500000 -8.500000
v  2.750000 123.500000 -8.500000
v  2.750000 123.500000 -8.500000
v  2.750000 123.500000 -8.500000
v  7.003152 123.500000 -7.359296
v  7.003152 123.500000 -7.359296
v  10.109296 123.500000 -4.253152
v  10.109296 123.500000 -4.253152
v  11.250000 123.500000 0.000000
v  11.250000 123.500000 0.000000
v  10.109296 123.500000 4.253152
v  10.109296 123.500000 4.253152
v  7.003152 123.500000 7.359296
v  7.003152 123.500000 7.359296
v  2.750000 123.500000 8.500000
v  2.750000 123.500000 8.500000
v  2.750000 123.500000 8.500000
v  -2.750000 123.500000 8.500000
v  -2.750000 123.500000 8.500000
v  -2.750000 123.500000 8.500000
v  -7.003152 123.500000 7.359296
v  -7.003152 123.500000 7.359296
v  -10.109296 123.500000 4.253152
v  -10.109296 123.500000 4.253152
v  -11.250000 123.500000 0.000000
v  -11.250000 123.500000 0.000000
v  -10.109296 123.500000 -4.253152
v  -10.109296 123.500000 -4.253152
v  -7.003152 123.500000 -7.359296
v  -7.003152 123.500000 -7.359296
v  -7.400000 123.500000 -2.500000
v  -7.400000 123.500000 -2.500000
v  -7.400000 123.500000 -2.500000
v  -7.692909 123.500000 -3.207116
v  -7.692909 123.500000 -3.207116
v  -8.400000 123.500000 -3.500000
v  -8.400000 123.500000 -3.500000
v  -9.107116 123.500000 -3.207091
v  -9.107116 123.500000 -3.207091
v  -1.025000 123.500000 -6.000000
v  -1.025000 123.500000 -6.000000
v  -1.025000 123.500000 -6.000000
v  -0.945599 123.500000 -5.604883
v  -0.945599 123.500000 -5.604883
v  -0.719813 123.500000 -5.270284
v  -0.719813 123.500000 -5.270284
v  0.004033 123.500000 -4.975014
v  0.004033 123.500000 -4.975014
v  0.724290 123.500000 -5.274726
v  0.724290 123.500000 -5.274726
v  1.025000 123.500000 -6.000000
v  1.025000 123.500000 -6.000000
v  1.025000 123.500000 -6.000000
v  0.945599 123.500000 -6.395117
v  0.945599 123.500000 -6.395117
v  0.719813 123.500000 -6.729716
v  0.719813 123.500000 -6.729716
v  -0.004033 123.500000 -7.024986
v  -0.004033 123.500000 -7.024986
v  -0.724290 123.500000 -6.725274
v  -0.724290 123.500000 -6.725274
v  -11.250000 122.500000 0.000000
v  -11.250000 122.500000 0.000000
v  -10.109296 122.500000 -4.253152
v  -10.109296 122.500000 -4.253152
v  -7.003152 122.500000 -7.359296
v  -7.003152 122.500000 -7.359296
v  -2.750000 122.500000 -8.500000
v  -2.750000 122.500000 -8.500000
v  -2.750000 122.500000 -8.500000
v  -2.750000 122.500000 8.500000
v  -2.750000 122.500000 8.500000
v  -2.750000 122.500000 8.500000
v  -7.003152 122.500000 7.359296
v  -7.003152 122.500000 7.359296
v  -10.109296 122.500000 4.253152
v  -10.109296 122.500000 4.253152
v  2.750000 122.500000 8.500000
v  2.750000 122.500000 8.500000
v  2.750000 122.500000 8.500000
v  7.003152 122.500000 7.359296
v  7.003152 122.500000 7.359296
v  10.109296 122.500000 4.253152
v  10.109296 122.500000 4.253152
v  11.250000 122.500000 0.000000
v  11.250000 122.500000 0.000000
v  10.109296 122.500000 -4.253152
v  10.109296 122.500000 -4.253152
v  7.003152 122.500000 -7.359296
v  7.003152 122.500000 -7.359296
v  2.750000 122.500000 -8.500000
v  2.750000 122.500000 -8.500000
v  2.750000 122.500000 -8.500000
v  -2.750000 122.500000 -7.700000
v  -2.750000 122.500000 -7.700000
v  -2.750000 122.500000 -7.700000
v  2.750000 122.500000 -7.700000
v  2.750000 122.500000 -7.700000
v  2.750000 122.500000 -7.700000
v  6.608300 122.500000 -6.663706
v  6.608300 122.500000 -6.663706
v  9.418019 122.500000 -3.850485
v  9.418019 122.500000 -3.850485
v  10.449861 122.500000 -0.013868
v  10.449861 122.500000 -0.013868
v  9.424027 122.500000 3.840024
v  9.424027 122.500000 3.840024
v  6.599421 122.500000 6.668807
v  6.599421 122.500000 6.668807
v  2.750000 122.500000 7.700000
v  2.750000 122.500000 7.700000
v  2.750000 122.500000 7.700000
v  -2.750000 122.500000 7.700000
v  -2.750000 122.500000 7.700000
v  -2.750000 122.500000 7.700000
v  -6.608300 122.500000 6.663706
v  -6.608300 122.500000 6.663706
v  -9.418019 122.500000 3.850485
v  -9.418019 122.500000 3.850485
v  -10.449861 122.500000 0.013868
v  -10.449861 122.500000 0.013868
v  -9.424027 122.500000 -3.840024
v  -9.424027 122.500000 -3.840024
v  -6.599421 122.500000 -6.668807
v  -6.599421 122.500000 -6.668807
v  -7.400000 120.476624 -2.499965
v  -7.400000 120.476624 -2.499965
v  -7.400000 120.476624 -2.499965
v  -7.400000 120.476624 -2.499965
v  -7.402364 120.455008 2.500000
v  -7.402364 120.455008 2.500000
v  -7.409369 120.434364 -2.499966
v  -7.409369 120.434364 -2.499966
v  -7.409369 120.434364 -2.499966
v  -7.409369 120.434364 -2.499966
v  -7.402377 120.454953 -2.500000
v  -7.402377 120.454953 -2.500000
v  -9.143918 120.753971 -3.207107
v  -9.143918 120.753971 -3.207107
v  -8.503061 120.455134 -3.500000
v  -8.503061 120.455134 -3.500000
v  -8.503061 120.455134 -3.500000
v  -8.400000 120.676150 -3.500000
v  -8.400000 120.676150 -3.500000
v  -8.400000 120.676150 -3.500000
v  -8.400000 120.676150 -3.500000
v  -8.017011 120.582661 -3.422241
v  -8.017011 120.582661 -3.422241
v  -7.695883 120.504293 -3.203418
v  -7.695883 120.504293 -3.203418
v  -8.015435 120.599430 -3.423098
v  -8.015435 120.599430 -3.423098
v  -7.689573 120.534404 -3.203771
v  -7.689573 120.534404 -3.203771
v  -8.400000 120.920014 -3.500000
v  -8.400000 120.920014 -3.500000
v  -8.400000 120.920014 -3.500000
v  -9.107107 120.920014 -3.207107
v  -9.107107 120.920014 -3.207107
v  -8.426086 120.681933 -3.500000
v  -8.426086 120.681933 -3.500000
v  -0.000000 118.500000 -7.025000
v  -0.000000 118.500000 -7.025000
v  -0.000000 118.500000 -7.025000
v  -0.724784 118.500000 -6.724784
v  -0.724784 118.500000 -6.724784
v  -1.025000 118.500000 -6.000000
v  -1.025000 118.500000 -6.000000
v  -1.025000 118.500000 -6.000000
v  1.025000 118.500000 -6.000000
v  1.025000 118.500000 -6.000000
v  1.025000 118.500000 -6.000000
v  0.724784 118.500000 -6.724784
v  0.724784 118.500000 -6.724784
v  -0.000000 117.920083 -6.000000
v  -0.000000 117.920083 -6.000000
v  -0.000000 117.920083 -6.000000
v  -0.000000 117.920083 -6.000000
v  -0.000000 118.500000 -4.975000
v  -0.000000 118.500000 -4.975000
v  -0.000000 118.500000 -4.975000
v  -0.724784 118.500000 -5.275216
v  -0.724784 118.500000 -5.275216
v  0.724784 118.500000 -5.275216
v  0.724784 118.500000 -5.275216
v  -10.300000 104.000000 9.000000
v  -10.300000 104.000000 9.000000
v  -10.300000 105.947935 8.786567
v  -10.300000 105.947935 8.786567
v  -10.300000 105.947935 -8.786567
v  -10.300000 105.947935 -8.786567
v  -10.300000 104.000000 -9.000000
v  -10.300000 104.000000 -9.000000
v  -10.300000 100.078259 -8.100504
v  -10.300000 100.078259 -8.100504
v  -10.300000 96.940254 -5.581878
v  -10.300000 96.940254 -5.581878
v  -10.300000 95.212720 -1.944577
v  -10.300000 95.212720 -1.944577
v  -10.300000 95.241927 2.072202
v  -10.300000 95.241927 2.072202
v  -10.300000 97.014882 5.675028
v  -10.300000 97.014882 5.675028
v  -10.300000 100.196436 8.156770
v  -10.300000 100.196436 8.156770
v  -10.300000 102.052065 8.786567
v  -10.300000 102.052065 8.786567
v  -10.300000 104.571723 -4.930603
v  -10.300000 104.571723 -4.930603
v  -10.300000 104.571723 -4.930603
v  -10.300000 104.262397 -5.605672
v  -10.300000 104.262397 -5.605672
v  -10.300000 103.572937 -5.881354
v  -10.300000 103.572937 -5.881354
v  -10.300000 103.572937 -5.881354
v  -10.300000 103.068942 -5.745058
v  -10.300000 103.068942 -5.745058
v  -10.300000 102.703690 -5.375721
v  -10.300000 102.703690 -5.375721
v  -10.300000 102.572950 -4.877420
v  -10.300000 102.572950 -4.877420
v  -10.300000 102.707645 -4.380095
v  -10.300000 102.707645 -4.380095
v  -10.300000 103.071934 -4.015911
v  -10.300000 103.071934 -4.015911
v  -10.300000 103.572937 -3.881354
v  -10.300000 103.572937 -3.881354
v  -10.300000 103.572937 -3.881354
v  -10.300000 104.089296 -4.024988
v  -10.300000 104.089296 -4.024988
v  -10.300000 104.457331 -4.414614
v  -10.300000 104.457331 -4.414614
v  -10.300000 104.457331 -4.414614
v  -10.300000 104.976633 -2.891239
v  -10.300000 104.976633 -2.891239
v  -10.300000 106.450000 -2.243524
v  -10.300000 106.450000 -2.243524
v  -10.300000 107.869745 -2.834870
v  -10.300000 107.869745 -2.834870
v  -10.300000 108.449987 -4.248472
v  -10.300000 108.449987 -4.248472
v  -10.300000 107.862687 -5.659293
v  -10.300000 107.862687 -5.659293
v  -10.300000 106.450000 -6.243524
v  -10.300000 106.450000 -6.243524
v  -10.300000 105.304160 -5.882743
v  -10.300000 105.304160 -5.882743
v  -10.300000 107.984166 2.960429
v  -10.300000 107.984166 2.960429
v  -10.300000 107.984166 2.960429
v  -10.300000 108.205964 3.042822
v  -10.300000 108.205964 3.042822
v  -10.300000 108.440908 3.070829
v  -10.300000 108.440908 3.070829
v  -10.300000 108.440908 3.070829
v  -10.300000 108.944903 2.934533
v  -10.300000 108.944903 2.934533
v  -10.300000 109.310155 2.565197
v  -10.300000 109.310155 2.565197
v  -10.300000 109.440895 2.066895
v  -10.300000 109.440895 2.066895
v  -10.300000 109.306200 1.569570
v  -10.300000 109.306200 1.569570
v  -10.300000 108.941911 1.205386
v  -10.300000 108.941911 1.205386
v  -10.300000 108.440908 1.070829
v  -10.300000 108.440908 1.070829
v  -10.300000 108.440908 1.070829
v  -10.300000 107.787741 1.313741
v  -10.300000 107.787741 1.313741
v  -10.300000 107.452273 1.921128
v  -10.300000 107.452273 1.921128
v  -10.300000 107.594502 2.603367
v  -10.300000 107.594502 2.603367
v  -10.300000 107.594502 2.603367
v  -10.300000 107.049844 2.335685
v  -10.300000 107.049844 2.335685
v  -10.300000 106.450000 2.243524
v  -10.300000 106.450000 2.243524
v  -10.300000 105.030255 2.834870
v  -10.300000 105.030255 2.834870
v  -10.300000 104.450013 4.248472
v  -10.300000 104.450013 4.248472
v  -10.300000 105.037313 5.659293
v  -10.300000 105.037313 5.659293
v  -10.300000 106.450000 6.243524
v  -10.300000 106.450000 6.243524
v  -10.300000 107.823528 5.697166
v  -10.300000 107.823528 5.697166
v  -10.300000 108.446247 4.364554
v  -10.300000 108.446247 4.364554
v  -10.300000 99.444111 1.970175
v  -10.300000 99.444111 1.970175
v  -10.300000 99.444111 1.970175
v  -10.300000 99.142712 2.273469
v  -10.300000 99.142712 2.273469
v  -10.300000 98.995983 2.671186
v  -10.300000 98.995983 2.671186
v  -10.300000 99.026902 3.093056
v  -10.300000 99.026902 3.093056
v  -10.300000 99.229591 3.464335
v  -10.300000 99.229591 3.464335
v  -10.300000 99.568475 3.719023
v  -10.300000 99.568475 3.719023
v  -10.300000 99.986155 3.810525
v  -10.300000 99.986155 3.810525
v  -10.300000 99.986155 3.810525
v  -10.300000 100.490149 3.674229
v  -10.300000 100.490149 3.674229
v  -10.300000 100.855402 3.304892
v  -10.300000 100.855402 3.304892
v  -10.300000 100.986141 2.806590
v  -10.300000 100.986141 2.806590
v  -10.300000 100.851447 2.309265
v  -10.300000 100.851447 2.309265
v  -10.300000 100.487158 1.945081
v  -10.300000 100.487158 1.945081
v  -10.300000 99.986155 1.810525
v  -10.300000 99.986155 1.810525
v  -10.300000 99.986155 1.810525
v  -10.300000 99.967157 1.810705
v  -10.300000 99.967157 1.810705
v  -10.300000 99.948167 1.811246
v  -10.300000 99.948167 1.811246
v  -10.300000 99.948167 1.811246
v  -10.300000 100.895728 0.880537
v  -10.300000 100.895728 0.880537
v  -10.300000 101.052230 -0.434480
v  -10.300000 101.052230 -0.434480
v  -10.300000 100.352804 -1.558995
v  -10.300000 100.352804 -1.558995
v  -10.300000 99.100000 -2.000000
v  -10.300000 99.100000 -2.000000
v  -10.300000 97.680255 -1.408654
v  -10.300000 97.680255 -1.408654
v  -10.300000 97.100013 0.004947
v  -10.300000 97.100013 0.004947
v  -10.300000 97.687313 1.415768
v  -10.300000 97.687313 1.415768
v  -10.300000 99.100000 2.000000
v  -10.300000 99.100000 2.000000
v  -10.300000 99.272700 1.992529
v  -10.300000 99.272700 1.992529
v  -10.300000 104.000000 7.500000
v  -10.300000 104.000000 7.500000
v  -10.300000 104.000000 7.500000
v  -10.300000 104.253110 7.431019
v  -10.300000 104.253110 7.431019
v  -10.300000 104.434422 7.247426
v  -10.300000 104.434422 7.247426
v  -10.300000 104.432475 6.749226
v  -10.300000 104.432475 6.749226
v  -10.300000 104.000000 6.500000
v  -10.300000 104.000000 6.500000
v  -10.300000 104.000000 6.500000
v  -10.300000 103.746890 6.568981
v  -10.300000 103.746890 6.568981
v  -10.300000 103.565578 6.752574
v  -10.300000 103.565578 6.752574
v  -10.300000 103.567525 7.250774
v  -10.300000 103.567525 7.250774
v  -10.300000 104.000000 -7.500000
v  -10.300000 104.000000 -7.500000
v  -10.300000 104.000000 -7.500000
v  -10.300000 103.746890 -7.431019
v  -10.300000 103.746890 -7.431019
v  -10.300000 103.565578 -7.247426
v  -10.300000 103.565578 -7.247426
v  -10.300000 103.567525 -6.749226
v  -10.300000 103.567525 -6.749226
v  -10.300000 104.000000 -6.500000
v  -10.300000 104.000000 -6.500000
v  -10.300000 104.000000 -6.500000
v  -10.300000 104.253110 -6.568981
v  -10.300000 104.253110 -6.568981
v  -10.300000 104.434422 -6.752574
v  -10.300000 104.434422 -6.752574
v  -10.300000 104.432475 -7.250774
v  -10.300000 104.432475 -7.250774
v  -8.800000 104.457331 -4.414614
v  -8.800000 104.457331 -4.414614
v  -8.800000 104.457331 -4.414614
v  -8.800000 104.976633 -2.891239
v  -8.800000 104.976633 -2.891239
v  -8.800000 106.450000 -2.243524
v  -8.800000 106.450000 -2.243524
v  -8.800000 107.802316 -2.770124
v  -8.800000 107.802316 -2.770124
v  -8.800000 108.442669 -4.072435
v  -8.800000 108.442669 -4.072435
v  -8.800000 107.923367 -5.595810
v  -8.800000 107.923367 -5.595810
v  -8.800000 106.450000 -6.243524
v  -8.800000 106.450000 -6.243524
v  -8.800000 105.304188 -5.882762
v  -8.800000 105.304188 -5.882762
v  -8.800000 104.571723 -4.930603
v  -8.800000 104.571723 -4.930603
v  -8.800000 104.571723 -4.930603
v  -8.800000 104.549209 -4.664920
v  -8.800000 104.549209 -4.664920
v  -7.800000 103.572937 -3.881354
v  -7.800000 103.572937 -3.881354
v  -7.800000 103.572937 -3.881354
v  -7.800000 104.073940 -4.015911
v  -7.800000 104.073940 -4.015911
v  -7.800000 104.438229 -4.380095
v  -7.800000 104.438229 -4.380095
v  -7.800000 104.572923 -4.877420
v  -7.800000 104.572923 -4.877420
v  -7.800000 104.442184 -5.375721
v  -7.800000 104.442184 -5.375721
v  -7.800000 104.076931 -5.745058
v  -7.800000 104.076931 -5.745058
v  -7.800000 103.572937 -5.881354
v  -7.800000 103.572937 -5.881354
v  -7.800000 103.572937 -5.881354
v  -8.800000 106.450000 -5.443524
v  -8.800000 106.450000 -5.443524
v  -8.800000 106.450000 -5.443524
v  -8.800000 105.987425 -5.350567
v  -8.800000 105.987425 -5.350567
v  -8.800000 105.595698 -5.086232
v  -8.800000 105.595698 -5.086232
v  -8.800000 105.250016 -4.238803
v  -8.800000 105.250016 -4.238803
v  -8.800000 105.600899 -3.395575
v  -8.800000 105.600899 -3.395575
v  -8.800000 106.450000 -3.043524
v  -8.800000 106.450000 -3.043524
v  -8.800000 106.450000 -3.043524
v  -8.800000 106.912575 -3.136482
v  -8.800000 106.912575 -3.136482
v  -8.800000 107.304302 -3.400817
v  -8.800000 107.304302 -3.400817
v  -8.800000 107.649984 -4.248245
v  -8.800000 107.649984 -4.248245
v  -8.800000 107.299101 -5.091474
v  -8.800000 107.299101 -5.091474
v  -7.800000 106.450000 -3.043524
v  -7.800000 106.450000 -3.043524
v  -7.800000 106.450000 -3.043524
v  -7.800000 107.299101 -3.395575
v  -7.800000 107.299101 -3.395575
v  -7.800000 107.649984 -4.238803
v  -7.800000 107.649984 -4.238803
v  -7.800000 107.304302 -5.086232
v  -7.800000 107.304302 -5.086232
v  -7.800000 106.912575 -5.350567
v  -7.800000 106.912575 -5.350567
v  -7.800000 106.450000 -5.443524
v  -7.800000 106.450000 -5.443524
v  -7.800000 106.450000 -5.443524
v  -7.800000 104.000000 -6.500108
v  -7.800000 104.000000 -6.500108
v  -7.800000 104.000000 -6.500108
v  -7.800000 103.734785 -6.576230
v  -7.800000 103.734785 -6.576230
v  -7.800000 103.548586 -6.785000
v  -7.800000 103.548586 -6.785000
v  -7.800000 103.548586 -6.785000
v  -7.800000 99.781184 -5.333176
v  -7.800000 99.781184 -5.333176
v  -7.800000 97.505873 -2.016350
v  -7.800000 97.505873 -2.016350
v  -7.800000 97.503600 2.009050
v  -7.800000 97.503600 2.009050
v  -7.800000 99.789243 5.339556
v  -7.800000 99.789243 5.339556
v  -7.800000 103.548586 6.785000
v  -7.800000 103.548586 6.785000
v  -7.800000 103.548586 6.785000
v  -7.800000 103.733075 6.577214
v  -7.800000 103.733075 6.577214
v  -7.800000 104.000000 6.500000
v  -7.800000 104.000000 6.500000
v  -7.800000 104.000000 6.500000
v  -7.800000 104.266925 6.577214
v  -7.800000 104.266925 6.577214
v  -7.800000 104.451414 6.785000
v  -7.800000 104.451414 6.785000
v  -7.800000 104.451414 6.785000
v  -7.800000 108.218816 5.333176
v  -7.800000 108.218816 5.333176
v  -7.800000 110.494127 2.016350
v  -7.800000 110.494127 2.016350
v  -7.800000 110.496400 -2.009050
v  -7.800000 110.496400 -2.009050
v  -7.800000 108.210757 -5.339556
v  -7.800000 108.210757 -5.339556
v  -7.800000 104.451414 -6.785000
v  -7.800000 104.451414 -6.785000
v  -7.800000 104.451414 -6.785000
v  -7.800000 104.265215 -6.576230
v  -7.800000 104.265215 -6.576230
v  -7.800000 99.100000 -1.200000
v  -7.800000 99.100000 -1.200000
v  -7.800000 99.100000 -1.200000
v  -7.800000 99.562575 -1.107043
v  -7.800000 99.562575 -1.107043
v  -7.800000 99.954302 -0.842708
v  -7.800000 99.954302 -0.842708
v  -7.800000 100.299984 0.004721
v  -7.800000 100.299984 0.004721
v  -7.800000 99.949101 0.847949
v  -7.800000 99.949101 0.847949
v  -7.800000 99.100000 1.200000
v  -7.800000 99.100000 1.200000
v  -7.800000 99.100000 1.200000
v  -7.800000 98.637425 1.107043
v  -7.800000 98.637425 1.107043
v  -7.800000 98.245698 0.842708
v  -7.800000 98.245698 0.842708
v  -7.800000 97.900016 -0.004721
v  -7.800000 97.900016 -0.004721
v  -7.800000 98.250899 -0.847949
v  -7.800000 98.250899 -0.847949
v  -7.800000 105.987425 -3.136482
v  -7.800000 105.987425 -3.136482
v  -7.800000 105.595698 -3.400817
v  -7.800000 105.595698 -3.400817
v  -7.800000 105.250016 -4.248245
v  -7.800000 105.250016 -4.248245
v  -7.800000 105.600899 -5.091474
v  -7.800000 105.600899 -5.091474
v  -7.800000 106.450000 3.043524
v  -7.800000 106.450000 3.043524
v  -7.800000 106.450000 3.043524
v  -7.800000 106.912575 3.136482
v  -7.800000 106.912575 3.136482
v  -7.800000 107.304302 3.400817
v  -7.800000 107.304302 3.400817
v  -7.800000 107.649984 4.248245
v  -7.800000 107.649984 4.248245
v  -7.800000 107.299101 5.091474
v  -7.800000 107.299101 5.091474
v  -7.800000 106.450000 5.443524
v  -7.800000 106.450000 5.443524
v  -7.800000 106.450000 5.443524
v  -7.800000 105.987425 5.350567
v  -7.800000 105.987425 5.350567
v  -7.800000 105.595698 5.086232
v  -7.800000 105.595698 5.086232
v  -7.800000 105.250016 4.238803
v  -7.800000 105.250016 4.238803
v  -7.800000 105.600899 3.395575
v  -7.800000 105.600899 3.395575
v  -7.800000 104.000000 2.500000
v  -7.800000 104.000000 2.500000
v  -7.800000 104.000000 2.500000
v  -7.800000 102.226357 1.761836
v  -7.800000 102.226357 1.761836
v  -7.800000 101.500011 -0.004106
v  -7.800000 101.500011 -0.004106
v  -7.800000 102.233792 -1.769318
v  -7.800000 102.233792 -1.769318
v  -7.800000 104.000000 -2.500000
v  -7.800000 104.000000 -2.500000
v  -7.800000 104.000000 -2.500000
v  -7.800000 105.773643 -1.761836
v  -7.800000 105.773643 -1.761836
v  -7.800000 106.499989 0.004106
v  -7.800000 106.499989 0.004106
v  -7.800000 105.766208 1.769318
v  -7.800000 105.766208 1.769318
v  -7.800000 103.068942 -4.017650
v  -7.800000 103.068942 -4.017650
v  -7.800000 102.703690 -4.386987
v  -7.800000 102.703690 -4.386987
v  -7.800000 102.572950 -4.885288
v  -7.800000 102.572950 -4.885288
v  -7.800000 102.707645 -5.382614
v  -7.800000 102.707645 -5.382614
v  -7.800000 103.071934 -5.746797
v  -7.800000 103.071934 -5.746797
v  -7.800000 108.440908 1.070829
v  -7.800000 108.440908 1.070829
v  -7.800000 108.440908 1.070829
v  -7.800000 108.944903 1.207125
v  -7.800000 108.944903 1.207125
v  -7.800000 109.310155 1.576462
v  -7.800000 109.310155 1.576462
v  -7.800000 109.440895 2.074764
v  -7.800000 109.440895 2.074764
v  -7.800000 109.306200 2.572089
v  -7.800000 109.306200 2.572089
v  -7.800000 108.941911 2.936273
v  -7.800000 108.941911 2.936273
v  -7.800000 108.440908 3.070829
v  -7.800000 108.440908 3.070829
v  -7.800000 108.440908 3.070829
v  -7.800000 107.936914 2.934533
v  -7.800000 107.936914 2.934533
v  -7.800000 107.571661 2.565197
v  -7.800000 107.571661 2.565197
v  -7.800000 107.440922 2.066895
v  -7.800000 107.440922 2.066895
v  -7.800000 107.575616 1.569570
v  -7.800000 107.575616 1.569570
v  -7.800000 107.939905 1.205386
v  -7.800000 107.939905 1.205386
v  -7.800000 99.986155 1.810525
v  -7.800000 99.986155 1.810525
v  -7.800000 99.986155 1.810525
v  -7.800000 100.490149 1.946821
v  -7.800000 100.490149 1.946821
v  -7.800000 100.855402 2.316157
v  -7.800000 100.855402 2.316157
v  -7.800000 100.986141 2.814459
v  -7.800000 100.986141 2.814459
v  -7.800000 100.851447 3.311784
v  -7.800000 100.851447 3.311784
v  -7.800000 100.487158 3.675968
v  -7.800000 100.487158 3.675968
v  -7.800000 99.986155 3.810525
v  -7.800000 99.986155 3.810525
v  -7.800000 99.986155 3.810525
v  -7.800000 99.482160 3.674229
v  -7.800000 99.482160 3.674229
v  -7.800000 99.116908 3.304892
v  -7.800000 99.116908 3.304892
v  -7.800000 98.986169 2.806590
v  -7.800000 98.986169 2.806590
v  -7.800000 99.120863 2.309265
v  -7.800000 99.120863 2.309265
v  -7.800000 99.485152 1.945081
v  -7.800000 99.485152 1.945081
v  -8.800000 99.100000 1.200000
v  -8.800000 99.100000 1.200000
v  -8.800000 99.100000 1.200000
v  -8.800000 98.250899 0.847949
v  -8.800000 98.250899 0.847949
v  -8.800000 97.900016 0.004721
v  -8.800000 97.900016 0.004721
v  -8.800000 98.245698 -0.842708
v  -8.800000 98.245698 -0.842708
v  -8.800000 98.637425 -1.107043
v  -8.800000 98.637425 -1.107043
v  -8.800000 99.100000 -1.200000
v  -8.800000 99.100000 -1.200000
v  -8.800000 99.100000 -1.200000
v  -8.800000 99.949101 -0.847949
v  -8.800000 99.949101 -0.847949
v  -8.800000 100.299984 -0.004721
v  -8.800000 100.299984 -0.004721
v  -8.800000 99.954302 0.842708
v  -8.800000 99.954302 0.842708
v  -8.800000 99.562575 1.107043
v  -8.800000 99.562575 1.107043
v  -8.800000 99.444111 1.970175
v  -8.800000 99.444111 1.970175
v  -8.800000 99.444111 1.970175
v  -8.800000 99.272700 1.992529
v  -8.800000 99.272700 1.992529
v  -8.800000 99.100000 2.000000
v  -8.800000 99.100000 2.000000
v  -8.800000 97.847168 1.558973
v  -8.800000 97.847168 1.558973
v  -8.800000 97.147760 0.434433
v  -8.800000 97.147760 0.434433
v  -8.800000 97.304288 -0.880569
v  -8.800000 97.304288 -0.880569
v  -8.800000 98.251833 -1.811246
v  -8.800000 98.251833 -1.811246
v  -8.800000 98.665547 -1.952220
v  -8.800000 98.665547 -1.952220
v  -8.800000 99.100000 -2.000000
v  -8.800000 99.100000 -2.000000
v  -8.800000 100.352832 -1.558973
v  -8.800000 100.352832 -1.558973
v  -8.800000 101.052240 -0.434433
v  -8.800000 101.052240 -0.434433
v  -8.800000 100.895712 0.880569
v  -8.800000 100.895712 0.880569
v  -8.800000 99.948167 1.811246
v  -8.800000 99.948167 1.811246
v  -8.800000 99.948167 1.811246
v  -8.800000 99.685457 1.856831
v  -8.800000 99.685457 1.856831
v  -8.800000 106.450000 5.443524
v  -8.800000 106.450000 5.443524
v  -8.800000 106.450000 5.443524
v  -8.800000 105.600899 5.091474
v  -8.800000 105.600899 5.091474
v  -8.800000 105.250016 4.248245
v  -8.800000 105.250016 4.248245
v  -8.800000 105.595698 3.400817
v  -8.800000 105.595698 3.400817
v  -8.800000 105.987425 3.136482
v  -8.800000 105.987425 3.136482
v  -8.800000 106.450000 3.043524
v  -8.800000 106.450000 3.043524
v  -8.800000 106.450000 3.043524
v  -8.800000 107.299101 3.395575
v  -8.800000 107.299101 3.395575
v  -8.800000 107.649984 4.238803
v  -8.800000 107.649984 4.238803
v  -8.800000 107.304302 5.086232
v  -8.800000 107.304302 5.086232
v  -8.800000 106.912575 5.350567
v  -8.800000 106.912575 5.350567
v  -8.800000 107.984166 2.960429
v  -8.800000 107.984166 2.960429
v  -8.800000 107.984166 2.960429
v  -8.800000 108.446247 4.364554
v  -8.800000 108.446247 4.364554
v  -8.800000 107.823528 5.697166
v  -8.800000 107.823528 5.697166
v  -8.800000 106.450000 6.243524
v  -8.800000 106.450000 6.243524
v  -8.800000 105.850156 6.151364
v  -8.800000 105.850156 6.151364
v  -8.800000 105.305498 5.883682
v  -8.800000 105.305498 5.883682
v  -8.800000 104.463670 4.476032
v  -8.800000 104.463670 4.476032
v  -8.800000 104.954074 2.916206
v  -8.800000 104.954074 2.916206
v  -8.800000 106.450000 2.243524
v  -8.800000 106.450000 2.243524
v  -8.800000 107.049844 2.335685
v  -8.800000 107.049844 2.335685
v  -8.800000 107.594502 2.603367
v  -8.800000 107.594502 2.603367
v  -8.800000 107.594502 2.603367
v  -8.800000 107.765335 2.808088
v  -8.800000 107.765335 2.808088
v  -6.600013 104.000000 -2.500000
v  -6.600013 104.000000 -2.500000
v  -6.600013 104.000000 -2.500000
v  -6.600013 104.000000 -2.500000
v  -6.600086 105.767767 -1.767767
v  -6.600086 105.767767 -1.767767
v  -6.600086 106.500000 -0.000000
v  -6.600086 106.500000 -0.000000
v  -6.600086 105.767767 1.767767
v  -6.600086 105.767767 1.767767
v  -6.600013 104.000000 2.500000
v  -6.600013 104.000000 2.500000
v  -6.600013 104.000000 2.500000
v  -6.600013 104.000000 2.500000
v  -6.600086 102.232233 1.767767
v  -6.600086 102.232233 1.767767
v  -6.600086 101.500000 0.000000
v  -6.600086 101.500000 0.000000
v  -6.600086 102.232233 -1.767767
v  -6.600086 102.232233 -1.767767
v  -6.400000 104.000000 2.299954
v  -6.400000 104.000000 2.299954
v  -6.400000 104.000000 2.299954
v  -6.400000 102.375408 1.628035
v  -6.400000 102.375408 1.628035
v  -6.400000 101.700057 0.004462
v  -6.400000 101.700057 0.004462
v  -6.400000 102.368094 -1.620672
v  -6.400000 102.368094 -1.620672
v  -6.400000 104.000000 -2.299954
v  -6.400000 104.000000 -2.299954
v  -6.400000 104.000000 -2.299954
v  -6.400000 105.631906 1.620672
v  -6.400000 105.631906 1.620672
v  -6.400000 106.299943 -0.004462
v  -6.400000 106.299943 -0.004462
v  -6.400000 105.624592 -1.628035
v  -6.400000 105.624592 -1.628035
v  -10.900000 91.375000 0.000000
v  -10.900000 91.375000 0.000000
v  -10.900000 91.375000 0.000000
v  -10.900000 91.375000 0.000000
v  -10.900000 91.187500 -0.324760
v  -10.900000 91.187500 -0.324760
v  -10.900000 90.812500 -0.324760
v  -10.900000 90.812500 -0.324760
v  -10.900000 90.625000 0.000000
v  -10.900000 90.625000 0.000000
v  -10.900000 90.625000 0.000000
v  -10.900000 90.625000 0.000000
v  -10.900000 90.812500 0.324760
v  -10.900000 90.812500 0.324760
v  -10.900000 91.187500 0.324760
v  -10.900000 91.187500 0.324760
v  -10.674677 91.000000 0.000000
v  -10.674677 91.000000 0.000000
v  -10.674677 91.000000 0.000000
v  -10.674677 91.000000 0.000000
v  -10.900000 110.875000 11.258330
v  -10.900000 110.875000 11.258330
v  -10.900000 110.875000 11.258330
v  -10.900000 110.875000 11.258330
v  -10.900000 110.687500 10.933571
v  -10.900000 110.687500 10.933571
v  -10.900000 110.312500 10.933571
v  -10.900000 110.312500 10.933571
v  -10.900000 110.125000 11.258330
v  -10.900000 110.125000 11.258330
v  -10.900000 110.125000 11.258330
v  -10.900000 110.125000 11.258330
v  -10.900000 110.312500 11.583090
v  -10.900000 110.312500 11.583090
v  -10.900000 110.687500 11.583090
v  -10.900000 110.687500 11.583090
v  -10.674677 110.500000 11.258330
v  -10.674677 110.500000 11.258330
v  -10.674677 110.500000 11.258330
v  -10.674677 110.500000 11.258330
v  -10.900000 110.125000 -11.258330
v  -10.900000 110.125000 -11.258330
v  -10.900000 110.125000 -11.258330
v  -10.900000 110.125000 -11.258330
v  -10.900000 110.312500 -10.933571
v  -10.900000 110.312500 -10.933571
v  -10.900000 110.687500 -10.933571
v  -10.900000 110.687500 -10.933571
v  -10.900000 110.875000 -11.258330
v  -10.900000 110.875000 -11.258330
v  -10.900000 110.875000 -11.258330
v  -10.900000 110.875000 -11.258330
v  -10.900000 110.687500 -11.583090
v  -10.900000 110.687500 -11.583090
v  -10.900000 110.312500 -11.583090
v  -10.900000 110.312500 -11.583090
v  -10.674677 110.500000 -11.258330
v  -10.674677 110.500000 -11.258330
v  -10.674677 110.500000 -11.258330
v  -10.674677 110.500000 -11.258330

vt  0.000276 0.065400 0.000000
vt  0.000276 0.065400 0.000000
vt  0.000276 0.065400 0.000000
vt  0.000000 0.065242 0.000000
vt  0.000000 0.065242 0.000000
vt  0.000000 0.065242 0.000000
vt  0.000177 0.069233 0.000000
vt  0.000177 0.069233 0.000000
vt  0.000398 0.073073 0.000000
vt  0.000398 0.073073 0.000000
vt  0.000398 0.073073 0.000000
vt  0.002036 0.112800 0.000000
vt  0.002036 0.112800 0.000000
vt  0.002036 0.154137 0.000000
vt  0.002036 0.154137 0.000000
vt  0.000398 0.193864 0.000000
vt  0.000398 0.193864 0.000000
vt  0.000398 0.193864 0.000000
vt  0.000177 0.197704 0.000000
vt  0.000177 0.197704 0.000000
vt  0.000000 0.201695 0.000000
vt  0.000000 0.201695 0.000000
vt  0.000000 0.201695 0.000000
vt  0.000276 0.201537 0.000000
vt  0.000276 0.201537 0.000000
vt  0.000276 0.201537 0.000000
vt  0.001046 0.192543 0.000000
vt  0.001046 0.192543 0.000000
vt  0.002242 0.188729 0.000000
vt  0.002242 0.188729 0.000000
vt  0.002242 0.188729 0.000000
vt  0.003414 0.191366 0.000000
vt  0.003414 0.191366 0.000000
vt  0.004144 0.199337 0.000000
vt  0.004144 0.199337 0.000000
vt  0.004144 0.199337 0.000000
vt  0.005100 0.198792 0.000000
vt  0.005100 0.198792 0.000000
vt  0.005100 0.198792 0.000000
vt  0.005100 0.068145 0.000000
vt  0.005100 0.068145 0.000000
vt  0.005100 0.068145 0.000000
vt  0.004144 0.067600 0.000000
vt  0.004144 0.067600 0.000000
vt  0.004144 0.067600 0.000000
vt  0.003414 0.075572 0.000000
vt  0.003414 0.075572 0.000000
vt  0.002242 0.078208 0.000000
vt  0.002242 0.078208 0.000000
vt  0.002242 0.078208 0.000000
vt  0.001046 0.074394 0.000000
vt  0.001046 0.074394 0.000000
vt  0.002087 0.054329 0.000000
vt  0.002087 0.054329 0.000000
vt  0.008098 0.045232 0.000000
vt  0.008098 0.045232 0.000000
vt  0.011770 0.043100 0.000000
vt  0.011770 0.043100 0.000000
vt  0.011770 0.043100 0.000000
vt  0.010249 0.046930 0.000000
vt  0.010249 0.046930 0.000000
vt  0.005957 0.056928 0.000000
vt  0.005957 0.056928 0.000000
vt  0.009463 0.051827 0.000000
vt  0.009463 0.051827 0.000000
vt  0.021365 0.039845 0.000000
vt  0.021365 0.039845 0.000000
vt  0.037706 0.035345 0.000000
vt  0.037706 0.035345 0.000000
vt  0.037706 0.035345 0.000000
vt  0.033869 0.030758 0.000000
vt  0.033869 0.030758 0.000000
vt  0.033869 0.030758 0.000000
vt  0.023979 0.032301 0.000000
vt  0.023979 0.032301 0.000000
vt  0.014967 0.036607 0.000000
vt  0.014967 0.036607 0.000000
vt  0.007576 0.043311 0.000000
vt  0.007576 0.043311 0.000000
vt  0.002415 0.051860 0.000000
vt  0.002415 0.051860 0.000000
vt  0.002415 0.051860 0.000000
vt  0.000465 0.058493 0.000000
vt  0.000465 0.058493 0.000000
vt  0.048240 0.077969 0.000000
vt  0.048240 0.077969 0.000000
vt  0.048240 0.077969 0.000000
vt  0.047346 0.072060 0.000000
vt  0.047346 0.072060 0.000000
vt  0.046968 0.059099 0.000000
vt  0.046968 0.059099 0.000000
vt  0.047342 0.046912 0.000000
vt  0.047342 0.046912 0.000000
vt  0.048240 0.042807 0.000000
vt  0.048240 0.042807 0.000000
vt  0.048240 0.042807 0.000000
vt  0.049112 0.048977 0.000000
vt  0.049112 0.048977 0.000000
vt  0.049468 0.061588 0.000000
vt  0.049468 0.061588 0.000000
vt  0.049116 0.073511 0.000000
vt  0.049116 0.073511 0.000000
vt  0.030186 0.072198 0.000000
vt  0.030186 0.072198 0.000000
vt  0.030186 0.072198 0.000000
vt  0.037899 0.069179 0.000000
vt  0.037899 0.069179 0.000000
vt  0.040422 0.065607 0.000000
vt  0.040422 0.065607 0.000000
vt  0.041221 0.061672 0.000000
vt  0.041221 0.061672 0.000000
vt  0.040422 0.057679 0.000000
vt  0.040422 0.057679 0.000000
vt  0.037898 0.053954 0.000000
vt  0.037898 0.053954 0.000000
vt  0.030186 0.050756 0.000000
vt  0.030186 0.050756 0.000000
vt  0.030186 0.050756 0.000000
vt  0.022830 0.054061 0.000000
vt  0.022830 0.054061 0.000000
vt  0.020546 0.057813 0.000000
vt  0.020546 0.057813 0.000000
vt  0.019832 0.061806 0.000000
vt  0.019832 0.061806 0.000000
vt  0.020547 0.065727 0.000000
vt  0.020547 0.065727 0.000000
vt  0.022831 0.069265 0.000000
vt  0.022831 0.069265 0.000000
vt  0.031169 0.051664 0.000000
vt  0.031169 0.051664 0.000000
vt  0.031169 0.051664 0.000000
vt  0.023661 0.054825 0.000000
vt  0.023661 0.054825 0.000000
vt  0.020562 0.062289 0.000000
vt  0.020562 0.062289 0.000000
vt  0.023615 0.069755 0.000000
vt  0.023615 0.069755 0.000000
vt  0.027077 0.072072 0.000000
vt  0.027077 0.072072 0.000000
vt  0.031169 0.072872 0.000000
vt  0.031169 0.072872 0.000000
vt  0.031169 0.072872 0.000000
vt  0.038686 0.069717 0.000000
vt  0.038686 0.069717 0.000000
vt  0.041795 0.062240 0.000000
vt  0.041795 0.062240 0.000000
vt  0.038732 0.054767 0.000000
vt  0.038732 0.054767 0.000000
vt  0.035263 0.052456 0.000000
vt  0.035263 0.052456 0.000000
vt  0.232916 0.068145 0.000000
vt  0.232916 0.068145 0.000000
vt  0.232916 0.068145 0.000000
vt  0.228552 0.051828 0.000000
vt  0.228552 0.051828 0.000000
vt  0.216651 0.039846 0.000000
vt  0.216651 0.039846 0.000000
vt  0.200310 0.035345 0.000000
vt  0.200310 0.035345 0.000000
vt  0.200310 0.035345 0.000000
vt  0.009463 0.215109 0.000000
vt  0.009463 0.215109 0.000000
vt  0.021365 0.227091 0.000000
vt  0.021365 0.227091 0.000000
vt  0.037706 0.231592 0.000000
vt  0.037706 0.231592 0.000000
vt  0.037706 0.231592 0.000000
vt  0.200310 0.231592 0.000000
vt  0.200310 0.231592 0.000000
vt  0.200310 0.231592 0.000000
vt  0.216650 0.227092 0.000000
vt  0.216650 0.227092 0.000000
vt  0.228552 0.215110 0.000000
vt  0.228552 0.215110 0.000000
vt  0.232916 0.198792 0.000000
vt  0.232916 0.198792 0.000000
vt  0.232916 0.198792 0.000000
vt  0.141638 0.196742 0.000000
vt  0.141638 0.196742 0.000000
vt  0.141638 0.196742 0.000000
vt  0.096378 0.196742 0.000000
vt  0.096378 0.196742 0.000000
vt  0.096378 0.196742 0.000000
vt  0.064672 0.188178 0.000000
vt  0.064672 0.188178 0.000000
vt  0.041648 0.165054 0.000000
vt  0.041648 0.165054 0.000000
vt  0.033212 0.133582 0.000000
vt  0.033212 0.133582 0.000000
vt  0.041599 0.101968 0.000000
vt  0.041599 0.101968 0.000000
vt  0.064745 0.078717 0.000000
vt  0.064745 0.078717 0.000000
vt  0.096378 0.070195 0.000000
vt  0.096378 0.070195 0.000000
vt  0.096378 0.070195 0.000000
vt  0.141638 0.070195 0.000000
vt  0.141638 0.070195 0.000000
vt  0.141638 0.070195 0.000000
vt  0.173344 0.078759 0.000000
vt  0.173344 0.078759 0.000000
vt  0.196368 0.101883 0.000000
vt  0.196368 0.101883 0.000000
vt  0.204804 0.133355 0.000000
vt  0.204804 0.133355 0.000000
vt  0.196417 0.164969 0.000000
vt  0.196417 0.164969 0.000000
vt  0.173271 0.188220 0.000000
vt  0.173271 0.188220 0.000000
vt  0.031169 0.194065 0.000000
vt  0.031169 0.194065 0.000000
vt  0.031169 0.194065 0.000000
vt  0.035263 0.194909 0.000000
vt  0.035263 0.194909 0.000000
vt  0.038732 0.197266 0.000000
vt  0.038732 0.197266 0.000000
vt  0.041795 0.204781 0.000000
vt  0.041795 0.204781 0.000000
vt  0.038686 0.212216 0.000000
vt  0.038686 0.212216 0.000000
vt  0.031169 0.215273 0.000000
vt  0.031169 0.215273 0.000000
vt  0.031169 0.215273 0.000000
vt  0.027077 0.214423 0.000000
vt  0.027077 0.214423 0.000000
vt  0.023615 0.212065 0.000000
vt  0.023615 0.212065 0.000000
vt  0.020562 0.204565 0.000000
vt  0.020562 0.204565 0.000000
vt  0.023661 0.197136 0.000000
vt  0.023661 0.197136 0.000000
vt  0.206847 0.194065 0.000000
vt  0.206847 0.194065 0.000000
vt  0.206847 0.194065 0.000000
vt  0.210938 0.194865 0.000000
vt  0.210938 0.194865 0.000000
vt  0.214400 0.197182 0.000000
vt  0.214400 0.197182 0.000000
vt  0.217454 0.204648 0.000000
vt  0.217454 0.204648 0.000000
vt  0.214355 0.212112 0.000000
vt  0.214355 0.212112 0.000000
vt  0.206847 0.215273 0.000000
vt  0.206847 0.215273 0.000000
vt  0.206847 0.215273 0.000000
vt  0.202753 0.214481 0.000000
vt  0.202753 0.214481 0.000000
vt  0.199284 0.212170 0.000000
vt  0.199284 0.212170 0.000000
vt  0.196220 0.204697 0.000000
vt  0.196220 0.204697 0.000000
vt  0.199330 0.197220 0.000000
vt  0.199330 0.197220 0.000000
vt  0.206847 0.051664 0.000000
vt  0.206847 0.051664 0.000000
vt  0.206847 0.051664 0.000000
vt  0.210938 0.052514 0.000000
vt  0.210938 0.052514 0.000000
vt  0.214400 0.054872 0.000000
vt  0.214400 0.054872 0.000000
vt  0.217454 0.062372 0.000000
vt  0.217454 0.062372 0.000000
vt  0.214355 0.069801 0.000000
vt  0.214355 0.069801 0.000000
vt  0.206847 0.072872 0.000000
vt  0.206847 0.072872 0.000000
vt  0.206847 0.072872 0.000000
vt  0.202753 0.072028 0.000000
vt  0.202753 0.072028 0.000000
vt  0.199284 0.069670 0.000000
vt  0.199284 0.069670 0.000000
vt  0.196220 0.062156 0.000000
vt  0.196220 0.062156 0.000000
vt  0.199330 0.054721 0.000000
vt  0.199330 0.054721 0.000000
vt  0.235774 0.078207 0.000000
vt  0.235774 0.078207 0.000000
vt  0.235774 0.078207 0.000000
vt  0.234604 0.075581 0.000000
vt  0.234604 0.075581 0.000000
vt  0.233872 0.067600 0.000000
vt  0.233872 0.067600 0.000000
vt  0.233872 0.067600 0.000000
vt  0.233872 0.199337 0.000000
vt  0.233872 0.199337 0.000000
vt  0.233872 0.199337 0.000000
vt  0.234602 0.191365 0.000000
vt  0.234602 0.191365 0.000000
vt  0.235774 0.188729 0.000000
vt  0.235774 0.188729 0.000000
vt  0.235774 0.188729 0.000000
vt  0.237171 0.194013 0.000000
vt  0.237171 0.194013 0.000000
vt  0.237852 0.205879 0.000000
vt  0.237852 0.205879 0.000000
vt  0.237852 0.205879 0.000000
vt  0.239216 0.211510 0.000000
vt  0.239216 0.211510 0.000000
vt  0.239216 0.211510 0.000000
vt  0.240615 0.219561 0.000000
vt  0.240615 0.219561 0.000000
vt  0.242901 0.239964 0.000000
vt  0.242901 0.239964 0.000000
vt  0.242901 0.239964 0.000000
vt  0.243486 0.241499 0.000000
vt  0.243486 0.241499 0.000000
vt  0.244044 0.243848 0.000000
vt  0.244044 0.243848 0.000000
vt  0.244044 0.243848 0.000000
vt  0.247720 0.258238 0.000000
vt  0.247720 0.258238 0.000000
vt  0.251874 0.266114 0.000000
vt  0.251874 0.266114 0.000000
vt  0.259022 0.262539 0.000000
vt  0.259022 0.262539 0.000000
vt  0.265675 0.237085 0.000000
vt  0.265675 0.237085 0.000000
vt  0.270478 0.191532 0.000000
vt  0.270478 0.191532 0.000000
vt  0.272242 0.133437 0.000000
vt  0.272242 0.133437 0.000000
vt  0.270472 0.075324 0.000000
vt  0.270472 0.075324 0.000000
vt  0.265661 0.029767 0.000000
vt  0.265661 0.029767 0.000000
vt  0.259005 0.004364 0.000000
vt  0.259005 0.004364 0.000000
vt  0.251874 0.000823 0.000000
vt  0.251874 0.000823 0.000000
vt  0.247720 0.008699 0.000000
vt  0.247720 0.008699 0.000000
vt  0.244044 0.023089 0.000000
vt  0.244044 0.023089 0.000000
vt  0.244044 0.023089 0.000000
vt  0.243486 0.025438 0.000000
vt  0.243486 0.025438 0.000000
vt  0.242901 0.026972 0.000000
vt  0.242901 0.026972 0.000000
vt  0.242901 0.026972 0.000000
vt  0.240615 0.047376 0.000000
vt  0.240615 0.047376 0.000000
vt  0.239216 0.055427 0.000000
vt  0.239216 0.055427 0.000000
vt  0.239216 0.055427 0.000000
vt  0.237852 0.061058 0.000000
vt  0.237852 0.061058 0.000000
vt  0.237852 0.061058 0.000000
vt  0.237169 0.072940 0.000000
vt  0.237169 0.072940 0.000000
vt  0.271201 0.133468 0.000000
vt  0.271201 0.133468 0.000000
vt  0.271201 0.133468 0.000000
vt  0.270889 0.137013 0.000000
vt  0.270889 0.137013 0.000000
vt  0.270275 0.136983 0.000000
vt  0.270275 0.136983 0.000000
vt  0.269971 0.133468 0.000000
vt  0.269971 0.133468 0.000000
vt  0.269971 0.133468 0.000000
vt  0.270279 0.129938 0.000000
vt  0.270279 0.129938 0.000000
vt  0.270893 0.129940 0.000000
vt  0.270893 0.129940 0.000000
vt  0.244564 0.234550 0.000000
vt  0.244564 0.234550 0.000000
vt  0.244564 0.234550 0.000000
vt  0.244351 0.237280 0.000000
vt  0.244351 0.237280 0.000000
vt  0.243932 0.236923 0.000000
vt  0.243932 0.236923 0.000000
vt  0.243724 0.233882 0.000000
vt  0.243724 0.233882 0.000000
vt  0.243724 0.233882 0.000000
vt  0.243934 0.231159 0.000000
vt  0.243934 0.231159 0.000000
vt  0.244354 0.231496 0.000000
vt  0.244354 0.231496 0.000000
vt  0.243724 0.033055 0.000000
vt  0.243724 0.033055 0.000000
vt  0.243724 0.033055 0.000000
vt  0.243934 0.029998 0.000000
vt  0.243934 0.029998 0.000000
vt  0.244354 0.029669 0.000000
vt  0.244354 0.029669 0.000000
vt  0.244564 0.032387 0.000000
vt  0.244564 0.032387 0.000000
vt  0.244564 0.032387 0.000000
vt  0.244351 0.035456 0.000000
vt  0.244351 0.035456 0.000000
vt  0.243932 0.035767 0.000000
vt  0.243932 0.035767 0.000000
vt  0.251874 0.247341 0.000000
vt  0.251874 0.247341 0.000000
vt  0.251874 0.247341 0.000000
vt  0.245591 0.231282 0.000000
vt  0.245591 0.231282 0.000000
vt  0.240985 0.198776 0.000000
vt  0.240985 0.198776 0.000000
vt  0.238572 0.156316 0.000000
vt  0.238572 0.156316 0.000000
vt  0.238575 0.110529 0.000000
vt  0.238575 0.110529 0.000000
vt  0.240992 0.068080 0.000000
vt  0.240992 0.068080 0.000000
vt  0.245605 0.035591 0.000000
vt  0.245605 0.035591 0.000000
vt  0.251874 0.019596 0.000000
vt  0.251874 0.019596 0.000000
vt  0.251874 0.019596 0.000000
vt  0.258810 0.025579 0.000000
vt  0.258810 0.025579 0.000000
vt  0.264884 0.055496 0.000000
vt  0.264884 0.055496 0.000000
vt  0.268482 0.104947 0.000000
vt  0.268482 0.104947 0.000000
vt  0.268478 0.162104 0.000000
vt  0.268478 0.162104 0.000000
vt  0.264873 0.211527 0.000000
vt  0.264873 0.211527 0.000000
vt  0.258793 0.241404 0.000000
vt  0.258793 0.241404 0.000000
vt  0.236070 0.051187 0.000000
vt  0.236070 0.051187 0.000000
vt  0.230721 0.044447 0.000000
vt  0.230721 0.044447 0.000000
vt  0.226818 0.043105 0.000000
vt  0.226818 0.043105 0.000000
vt  0.226818 0.043105 0.000000
vt  0.189776 0.042807 0.000000
vt  0.189776 0.042807 0.000000
vt  0.189776 0.042807 0.000000
vt  0.190669 0.046857 0.000000
vt  0.190669 0.046857 0.000000
vt  0.191048 0.059017 0.000000
vt  0.191048 0.059017 0.000000
vt  0.190674 0.071995 0.000000
vt  0.190674 0.071995 0.000000
vt  0.189776 0.077969 0.000000
vt  0.189776 0.077969 0.000000
vt  0.189776 0.077969 0.000000
vt  0.234516 0.041965 0.000000
vt  0.223628 0.031363 0.000000
vt  0.223628 0.031363 0.000000
vt  0.223628 0.031363 0.000000
vt  0.219790 0.031823 0.000000
vt  0.219790 0.031823 0.000000
vt  0.201664 0.033725 0.000000
vt  0.201664 0.033725 0.000000
vt  0.201664 0.033725 0.000000
vt  0.215817 0.036999 0.000000
vt  0.215817 0.036999 0.000000
vt  0.227241 0.045953 0.000000
vt  0.227241 0.045953 0.000000
vt  0.227241 0.045953 0.000000
vt  0.226418 0.043979 0.000000
vt  0.226418 0.043979 0.000000
vt  0.242668 0.027311 0.000000
vt  0.242668 0.027311 0.000000
vt  0.242390 0.027538 0.000000
vt  0.242390 0.027538 0.000000
vt  0.242390 0.027538 0.000000
vt  0.238829 0.028811 0.000000
vt  0.238829 0.028811 0.000000
vt  0.231836 0.030207 0.000000
vt  0.231836 0.030207 0.000000
vt  0.186723 0.022480 0.000000
vt  0.186723 0.022480 0.000000
vt  0.186723 0.022480 0.000000
vt  0.186308 0.025487 0.000000
vt  0.186308 0.025487 0.000000
vt  0.185872 0.026970 0.000000
vt  0.185872 0.026970 0.000000
vt  0.185872 0.026970 0.000000
vt  0.190999 0.000000 0.000000
vt  0.190999 0.000000 0.000000
vt  0.188730 0.007972 0.000000
vt  0.188730 0.007972 0.000000
vt  0.186723 0.244457 0.000000
vt  0.186723 0.244457 0.000000
vt  0.186723 0.244457 0.000000
vt  0.188730 0.258965 0.000000
vt  0.188730 0.258965 0.000000
vt  0.190999 0.266937 0.000000
vt  0.190999 0.266937 0.000000
vt  0.194897 0.263464 0.000000
vt  0.194897 0.263464 0.000000
vt  0.198541 0.237958 0.000000
vt  0.198541 0.237958 0.000000
vt  0.201179 0.192087 0.000000
vt  0.201179 0.192087 0.000000
vt  0.202149 0.133500 0.000000
vt  0.202149 0.133500 0.000000
vt  0.201181 0.074932 0.000000
vt  0.201181 0.074932 0.000000
vt  0.198549 0.029064 0.000000
vt  0.198549 0.029064 0.000000
vt  0.194906 0.003508 0.000000
vt  0.194906 0.003508 0.000000
vt  0.183573 0.215462 0.000000
vt  0.183573 0.215462 0.000000
vt  0.183573 0.215462 0.000000
vt  0.183483 0.204536 0.000000
vt  0.183483 0.204536 0.000000
vt  0.183219 0.194166 0.000000
vt  0.183219 0.194166 0.000000
vt  0.183219 0.194166 0.000000
vt  0.182327 0.154238 0.000000
vt  0.182327 0.154238 0.000000
vt  0.182327 0.112699 0.000000
vt  0.182327 0.112699 0.000000
vt  0.183219 0.072771 0.000000
vt  0.183219 0.072771 0.000000
vt  0.183219 0.072771 0.000000
vt  0.183483 0.062401 0.000000
vt  0.183483 0.062401 0.000000
vt  0.183573 0.051475 0.000000
vt  0.183573 0.051475 0.000000
vt  0.183573 0.051475 0.000000
vt  0.183573 0.030600 0.000000
vt  0.183573 0.030600 0.000000
vt  0.183573 0.030600 0.000000
vt  0.186308 0.241450 0.000000
vt  0.186308 0.241450 0.000000
vt  0.185872 0.239967 0.000000
vt  0.185872 0.239967 0.000000
vt  0.185872 0.239967 0.000000
vt  0.183573 0.236337 0.000000
vt  0.183573 0.236337 0.000000
vt  0.183573 0.236337 0.000000
vt  0.188467 0.058131 0.000000
vt  0.188467 0.058131 0.000000
vt  0.188467 0.058131 0.000000
vt  0.189679 0.050931 0.000000
vt  0.189679 0.050931 0.000000
vt  0.190999 0.047368 0.000000
vt  0.190999 0.047368 0.000000
vt  0.192649 0.048419 0.000000
vt  0.192649 0.048419 0.000000
vt  0.194245 0.055531 0.000000
vt  0.194245 0.055531 0.000000
vt  0.195671 0.068542 0.000000
vt  0.195671 0.068542 0.000000
vt  0.196806 0.086811 0.000000
vt  0.196806 0.086811 0.000000
vt  0.197536 0.108962 0.000000
vt  0.197536 0.108962 0.000000
vt  0.197792 0.133261 0.000000
vt  0.197792 0.133261 0.000000
vt  0.197543 0.157628 0.000000
vt  0.197543 0.157628 0.000000
vt  0.196814 0.179947 0.000000
vt  0.196814 0.179947 0.000000
vt  0.195673 0.198373 0.000000
vt  0.195673 0.198373 0.000000
vt  0.194239 0.211447 0.000000
vt  0.194239 0.211447 0.000000
vt  0.192640 0.218539 0.000000
vt  0.192640 0.218539 0.000000
vt  0.190999 0.219569 0.000000
vt  0.190999 0.219569 0.000000
vt  0.189679 0.216006 0.000000
vt  0.189679 0.216006 0.000000
vt  0.188467 0.208806 0.000000
vt  0.188467 0.208806 0.000000
vt  0.188467 0.208806 0.000000
vt  0.188302 0.207825 0.000000
vt  0.188302 0.207825 0.000000
vt  0.188129 0.207370 0.000000
vt  0.188129 0.207370 0.000000
vt  0.187784 0.208148 0.000000
vt  0.187784 0.208148 0.000000
vt  0.187511 0.211030 0.000000
vt  0.187511 0.211030 0.000000
vt  0.187362 0.215419 0.000000
vt  0.187362 0.215419 0.000000
vt  0.187364 0.220462 0.000000
vt  0.187364 0.220462 0.000000
vt  0.187518 0.225195 0.000000
vt  0.187518 0.225195 0.000000
vt  0.187795 0.228696 0.000000
vt  0.187795 0.228696 0.000000
vt  0.187795 0.228696 0.000000
vt  0.189321 0.238254 0.000000
vt  0.189321 0.238254 0.000000
vt  0.190999 0.243315 0.000000
vt  0.190999 0.243315 0.000000
vt  0.190999 0.243315 0.000000
vt  0.192757 0.243325 0.000000
vt  0.192757 0.243325 0.000000
vt  0.194515 0.237917 0.000000
vt  0.194515 0.237917 0.000000
vt  0.197730 0.209367 0.000000
vt  0.197730 0.209367 0.000000
vt  0.199644 0.161901 0.000000
vt  0.199644 0.161901 0.000000
vt  0.199677 0.106830 0.000000
vt  0.199677 0.106830 0.000000
vt  0.197813 0.058812 0.000000
vt  0.197813 0.058812 0.000000
vt  0.194631 0.029584 0.000000
vt  0.194631 0.029584 0.000000
vt  0.190999 0.023622 0.000000
vt  0.190999 0.023622 0.000000
vt  0.190999 0.023622 0.000000
vt  0.189321 0.028683 0.000000
vt  0.189321 0.028683 0.000000
vt  0.187795 0.038241 0.000000
vt  0.187795 0.038241 0.000000
vt  0.187795 0.038241 0.000000
vt  0.187518 0.041742 0.000000
vt  0.187518 0.041742 0.000000
vt  0.187364 0.046474 0.000000
vt  0.187364 0.046474 0.000000
vt  0.187362 0.051517 0.000000
vt  0.187362 0.051517 0.000000
vt  0.187511 0.055907 0.000000
vt  0.187511 0.055907 0.000000
vt  0.187784 0.058789 0.000000
vt  0.187784 0.058789 0.000000
vt  0.188129 0.059567 0.000000
vt  0.188129 0.059567 0.000000
vt  0.188302 0.059112 0.000000
vt  0.188302 0.059112 0.000000
vt  0.190999 0.061664 0.000000
vt  0.190999 0.061664 0.000000
vt  0.190999 0.061664 0.000000
vt  0.190709 0.064158 0.000000
vt  0.190709 0.064158 0.000000
vt  0.190689 0.068767 0.000000
vt  0.190689 0.068767 0.000000
vt  0.190689 0.068767 0.000000
vt  0.188201 0.084345 0.000000
vt  0.188201 0.084345 0.000000
vt  0.186781 0.115264 0.000000
vt  0.186781 0.115264 0.000000
vt  0.186779 0.151607 0.000000
vt  0.186779 0.151607 0.000000
vt  0.188206 0.182655 0.000000
vt  0.188206 0.182655 0.000000
vt  0.190689 0.198170 0.000000
vt  0.190689 0.198170 0.000000
vt  0.190689 0.198170 0.000000
vt  0.190709 0.202780 0.000000
vt  0.190709 0.202780 0.000000
vt  0.190999 0.205273 0.000000
vt  0.190999 0.205273 0.000000
vt  0.190999 0.205273 0.000000
vt  0.191291 0.203339 0.000000
vt  0.191291 0.203339 0.000000
vt  0.191311 0.198729 0.000000
vt  0.191311 0.198729 0.000000
vt  0.191311 0.198729 0.000000
vt  0.194031 0.186716 0.000000
vt  0.194031 0.186716 0.000000
vt  0.195775 0.154084 0.000000
vt  0.195775 0.154084 0.000000
vt  0.195777 0.112927 0.000000
vt  0.195777 0.112927 0.000000
vt  0.194025 0.080161 0.000000
vt  0.194025 0.080161 0.000000
vt  0.191311 0.068208 0.000000
vt  0.191311 0.068208 0.000000
vt  0.191311 0.068208 0.000000
vt  0.191291 0.063597 0.000000
vt  0.191291 0.063597 0.000000
vt  0.002415 0.215077 0.000000
vt  0.002415 0.215077 0.000000
vt  0.002415 0.215077 0.000000
vt  0.033869 0.236179 0.000000
vt  0.033869 0.236179 0.000000
vt  0.033869 0.236179 0.000000
vt  0.023979 0.234636 0.000000
vt  0.023979 0.234636 0.000000
vt  0.014967 0.230329 0.000000
vt  0.014967 0.230329 0.000000
vt  0.007575 0.223625 0.000000
vt  0.007575 0.223625 0.000000
vt  0.000465 0.208444 0.000000
vt  0.000465 0.208444 0.000000
vt  0.005957 0.210010 0.000000
vt  0.005957 0.210010 0.000000
vt  0.010250 0.220008 0.000000
vt  0.010250 0.220008 0.000000
vt  0.011770 0.223837 0.000000
vt  0.011770 0.223837 0.000000
vt  0.011770 0.223837 0.000000
vt  0.008097 0.221704 0.000000
vt  0.008097 0.221704 0.000000
vt  0.002086 0.212607 0.000000
vt  0.002086 0.212607 0.000000
vt  0.242390 0.239399 0.000000
vt  0.242390 0.239399 0.000000
vt  0.242390 0.239399 0.000000
vt  0.238842 0.238129 0.000000
vt  0.238842 0.238129 0.000000
vt  0.231898 0.236740 0.000000
vt  0.231898 0.236740 0.000000
vt  0.223623 0.235573 0.000000
vt  0.223623 0.235573 0.000000
vt  0.223623 0.235573 0.000000
vt  0.219884 0.235125 0.000000
vt  0.219884 0.235125 0.000000
vt  0.201664 0.233212 0.000000
vt  0.201664 0.233212 0.000000
vt  0.201664 0.233212 0.000000
vt  0.242668 0.239626 0.000000
vt  0.242668 0.239626 0.000000
vt  0.226818 0.223832 0.000000
vt  0.226818 0.223832 0.000000
vt  0.226818 0.223832 0.000000
vt  0.226422 0.222950 0.000000
vt  0.226422 0.222950 0.000000
vt  0.227241 0.220984 0.000000
vt  0.227241 0.220984 0.000000
vt  0.227241 0.220984 0.000000
vt  0.215817 0.229938 0.000000
vt  0.215817 0.229938 0.000000
vt  0.234514 0.224975 0.000000
vt  0.235941 0.216043 0.000000
vt  0.235941 0.216043 0.000000
vt  0.230940 0.222336 0.000000
vt  0.230940 0.222336 0.000000
vt  0.189776 0.188968 0.000000
vt  0.189776 0.188968 0.000000
vt  0.189776 0.188968 0.000000
vt  0.190669 0.194877 0.000000
vt  0.190669 0.194877 0.000000
vt  0.191048 0.207838 0.000000
vt  0.191048 0.207838 0.000000
vt  0.190674 0.220025 0.000000
vt  0.190674 0.220025 0.000000
vt  0.189776 0.224130 0.000000
vt  0.189776 0.224130 0.000000
vt  0.189776 0.224130 0.000000
vt  0.231665 0.211235 0.000000
vt  0.231665 0.211235 0.000000
vt  0.188904 0.217960 0.000000
vt  0.188904 0.217960 0.000000
vt  0.188547 0.205349 0.000000
vt  0.188547 0.205349 0.000000
vt  0.188899 0.193426 0.000000
vt  0.188899 0.193426 0.000000
vt  0.207829 0.216181 0.000000
vt  0.207829 0.216181 0.000000
vt  0.207829 0.216181 0.000000
vt  0.215185 0.212876 0.000000
vt  0.215185 0.212876 0.000000
vt  0.217469 0.209124 0.000000
vt  0.217469 0.209124 0.000000
vt  0.218184 0.205131 0.000000
vt  0.218184 0.205131 0.000000
vt  0.217469 0.201210 0.000000
vt  0.217469 0.201210 0.000000
vt  0.215184 0.197672 0.000000
vt  0.215184 0.197672 0.000000
vt  0.207829 0.194739 0.000000
vt  0.207829 0.194739 0.000000
vt  0.207829 0.194739 0.000000
vt  0.200117 0.197758 0.000000
vt  0.200117 0.197758 0.000000
vt  0.197594 0.201330 0.000000
vt  0.197594 0.201330 0.000000
vt  0.196794 0.205265 0.000000
vt  0.196794 0.205265 0.000000
vt  0.197594 0.209258 0.000000
vt  0.197594 0.209258 0.000000
vt  0.200118 0.212983 0.000000
vt  0.200118 0.212983 0.000000
vt  0.048240 0.188968 0.000000
vt  0.048240 0.188968 0.000000
vt  0.048240 0.188968 0.000000
vt  0.049112 0.193370 0.000000
vt  0.049112 0.193370 0.000000
vt  0.049468 0.205270 0.000000
vt  0.049468 0.205270 0.000000
vt  0.049116 0.217895 0.000000
vt  0.049116 0.217895 0.000000
vt  0.048240 0.224130 0.000000
vt  0.048240 0.224130 0.000000
vt  0.048240 0.224130 0.000000
vt  0.030186 0.216181 0.000000
vt  0.030186 0.216181 0.000000
vt  0.030186 0.216181 0.000000
vt  0.037899 0.212983 0.000000
vt  0.037899 0.212983 0.000000
vt  0.040422 0.209258 0.000000
vt  0.040422 0.209258 0.000000
vt  0.041221 0.205267 0.000000
vt  0.041221 0.205267 0.000000
vt  0.040422 0.201329 0.000000
vt  0.040422 0.201329 0.000000
vt  0.037898 0.197757 0.000000
vt  0.037898 0.197757 0.000000
vt  0.030186 0.194739 0.000000
vt  0.030186 0.194739 0.000000
vt  0.030186 0.194739 0.000000
vt  0.022830 0.197673 0.000000
vt  0.022830 0.197673 0.000000
vt  0.020546 0.201211 0.000000
vt  0.020546 0.201211 0.000000
vt  0.019832 0.205130 0.000000
vt  0.019832 0.205130 0.000000
vt  0.020547 0.209125 0.000000
vt  0.020547 0.209125 0.000000
vt  0.022831 0.212877 0.000000
vt  0.022831 0.212877 0.000000
vt  0.047346 0.220080 0.000000
vt  0.047346 0.220080 0.000000
vt  0.046968 0.207920 0.000000
vt  0.046968 0.207920 0.000000
vt  0.047342 0.194942 0.000000
vt  0.047342 0.194942 0.000000
vt  0.231804 0.056116 0.000000
vt  0.231804 0.056116 0.000000
vt  0.188904 0.073567 0.000000
vt  0.188904 0.073567 0.000000
vt  0.188547 0.061667 0.000000
vt  0.188547 0.061667 0.000000
vt  0.188899 0.049042 0.000000
vt  0.188899 0.049042 0.000000
vt  0.207829 0.072198 0.000000
vt  0.207829 0.072198 0.000000
vt  0.207829 0.072198 0.000000
vt  0.215185 0.069264 0.000000
vt  0.215185 0.069264 0.000000
vt  0.217469 0.065726 0.000000
vt  0.217469 0.065726 0.000000
vt  0.218184 0.061807 0.000000
vt  0.218184 0.061807 0.000000
vt  0.217469 0.057812 0.000000
vt  0.217469 0.057812 0.000000
vt  0.215184 0.054060 0.000000
vt  0.215184 0.054060 0.000000
vt  0.207829 0.050756 0.000000
vt  0.207829 0.050756 0.000000
vt  0.207829 0.050756 0.000000
vt  0.200117 0.053954 0.000000
vt  0.200117 0.053954 0.000000
vt  0.197594 0.057679 0.000000
vt  0.197594 0.057679 0.000000
vt  0.196794 0.061670 0.000000
vt  0.196794 0.061670 0.000000
vt  0.197594 0.065608 0.000000
vt  0.197594 0.065608 0.000000
vt  0.200118 0.069180 0.000000
vt  0.200118 0.069180 0.000000
vt  0.215619 0.038459 0.000000
vt  0.215619 0.038459 0.000000
vt  0.215619 0.038459 0.000000
vt  0.215064 0.045044 0.000000
vt  0.215064 0.045044 0.000000
vt  0.215062 0.053343 0.000000
vt  0.215062 0.053343 0.000000
vt  0.215615 0.059007 0.000000
vt  0.215615 0.059007 0.000000
vt  0.215615 0.059007 0.000000
vt  0.213339 0.058991 0.000000
vt  0.213339 0.058991 0.000000
vt  0.213339 0.058991 0.000000
vt  0.213564 0.059630 0.000000
vt  0.213564 0.059630 0.000000
vt  0.213801 0.059722 0.000000
vt  0.213801 0.059722 0.000000
vt  0.214037 0.059269 0.000000
vt  0.214037 0.059269 0.000000
vt  0.214263 0.058290 0.000000
vt  0.214263 0.058290 0.000000
vt  0.214263 0.058290 0.000000
vt  0.212372 0.066798 0.000000
vt  0.212372 0.066798 0.000000
vt  0.210500 0.104115 0.000000
vt  0.210500 0.104115 0.000000
vt  0.210500 0.104115 0.000000
vt  0.211040 0.105855 0.000000
vt  0.211040 0.105855 0.000000
vt  0.211384 0.108250 0.000000
vt  0.211384 0.108250 0.000000
vt  0.211532 0.111578 0.000000
vt  0.211532 0.111578 0.000000
vt  0.211532 0.111578 0.000000
vt  0.211532 0.155359 0.000000
vt  0.211532 0.155359 0.000000
vt  0.211532 0.155359 0.000000
vt  0.211385 0.158673 0.000000
vt  0.211385 0.158673 0.000000
vt  0.211042 0.161074 0.000000
vt  0.211042 0.161074 0.000000
vt  0.210500 0.162822 0.000000
vt  0.210500 0.162822 0.000000
vt  0.210500 0.162822 0.000000
vt  0.212372 0.200139 0.000000
vt  0.212372 0.200139 0.000000
vt  0.215619 0.228478 0.000000
vt  0.215619 0.228478 0.000000
vt  0.215619 0.228478 0.000000
vt  0.215064 0.221892 0.000000
vt  0.215064 0.221892 0.000000
vt  0.215062 0.213594 0.000000
vt  0.215062 0.213594 0.000000
vt  0.215615 0.207930 0.000000
vt  0.215615 0.207930 0.000000
vt  0.215615 0.207930 0.000000
vt  0.213150 0.182592 0.000000
vt  0.213150 0.182592 0.000000
vt  0.211858 0.150627 0.000000
vt  0.211858 0.150627 0.000000
vt  0.211857 0.116352 0.000000
vt  0.211857 0.116352 0.000000
vt  0.213150 0.084349 0.000000
vt  0.213150 0.084349 0.000000
vt  0.213339 0.207946 0.000000
vt  0.213339 0.207946 0.000000
vt  0.213339 0.207946 0.000000
vt  0.210932 0.182598 0.000000
vt  0.210932 0.182598 0.000000
vt  0.209669 0.150588 0.000000
vt  0.209669 0.150588 0.000000
vt  0.209670 0.116306 0.000000
vt  0.209670 0.116306 0.000000
vt  0.210932 0.084335 0.000000
vt  0.210932 0.084335 0.000000
vt  0.214263 0.208647 0.000000
vt  0.214263 0.208647 0.000000
vt  0.214263 0.208647 0.000000
vt  0.214037 0.207668 0.000000
vt  0.214037 0.207668 0.000000
vt  0.213801 0.207215 0.000000
vt  0.213801 0.207215 0.000000
vt  0.213564 0.207307 0.000000
vt  0.213564 0.207307 0.000000
vt  0.242416 0.024170 0.000000
vt  0.242416 0.024170 0.000000
vt  0.242416 0.024170 0.000000
vt  0.236816 0.039358 0.000000
vt  0.236816 0.039358 0.000000
vt  0.232683 0.070514 0.000000
vt  0.232683 0.070514 0.000000
vt  0.230512 0.111363 0.000000
vt  0.230512 0.111363 0.000000
vt  0.230510 0.155477 0.000000
vt  0.230510 0.155477 0.000000
vt  0.232676 0.196339 0.000000
vt  0.232676 0.196339 0.000000
vt  0.236803 0.227516 0.000000
vt  0.236803 0.227516 0.000000
vt  0.242416 0.242767 0.000000
vt  0.242416 0.242767 0.000000
vt  0.242416 0.242767 0.000000
vt  0.212770 0.163539 0.000000
vt  0.212770 0.163539 0.000000
vt  0.214994 0.163766 0.000000
vt  0.214994 0.163766 0.000000
vt  0.221248 0.161224 0.000000
vt  0.221248 0.161224 0.000000
vt  0.223167 0.155044 0.000000
vt  0.223167 0.155044 0.000000
vt  0.223167 0.155044 0.000000
vt  0.221822 0.133468 0.000000
vt  0.221822 0.133468 0.000000
vt  0.223167 0.111893 0.000000
vt  0.223167 0.111893 0.000000
vt  0.223167 0.111893 0.000000
vt  0.221353 0.105827 0.000000
vt  0.221353 0.105827 0.000000
vt  0.218645 0.103893 0.000000
vt  0.218645 0.103893 0.000000
vt  0.214994 0.103171 0.000000
vt  0.214994 0.103171 0.000000
vt  0.212772 0.103397 0.000000
vt  0.212772 0.103397 0.000000
vt  0.242416 0.244652 0.000000
vt  0.242416 0.244652 0.000000
vt  0.242416 0.244652 0.000000
vt  0.248700 0.238686 0.000000
vt  0.248700 0.238686 0.000000
vt  0.254191 0.209425 0.000000
vt  0.254191 0.209425 0.000000
vt  0.257438 0.161234 0.000000
vt  0.257438 0.161234 0.000000
vt  0.257434 0.105587 0.000000
vt  0.257434 0.105587 0.000000
vt  0.254181 0.057423 0.000000
vt  0.254181 0.057423 0.000000
vt  0.248684 0.028206 0.000000
vt  0.248684 0.028206 0.000000
vt  0.242416 0.022284 0.000000
vt  0.242416 0.022284 0.000000
vt  0.242416 0.022284 0.000000
vt  0.236710 0.037869 0.000000
vt  0.236710 0.037869 0.000000
vt  0.232520 0.069594 0.000000
vt  0.232520 0.069594 0.000000
vt  0.230323 0.111115 0.000000
vt  0.230323 0.111115 0.000000
vt  0.230325 0.155917 0.000000
vt  0.230325 0.155917 0.000000
vt  0.232527 0.197426 0.000000
vt  0.232527 0.197426 0.000000
vt  0.236723 0.229131 0.000000
vt  0.236723 0.229131 0.000000
vt  0.248587 0.030126 0.000000
vt  0.248587 0.030126 0.000000
vt  0.253971 0.058926 0.000000
vt  0.253971 0.058926 0.000000
vt  0.257151 0.106234 0.000000
vt  0.257151 0.106234 0.000000
vt  0.257147 0.160821 0.000000
vt  0.257147 0.160821 0.000000
vt  0.253960 0.208101 0.000000
vt  0.253960 0.208101 0.000000
vt  0.248572 0.236856 0.000000
vt  0.248572 0.236856 0.000000
vt  0.249039 0.022377 0.000000
vt  0.249039 0.022377 0.000000
vt  0.249039 0.022377 0.000000
vt  0.249039 0.022377 0.000000
vt  0.243051 0.037862 0.000000
vt  0.243051 0.037862 0.000000
vt  0.238631 0.069545 0.000000
vt  0.238631 0.069545 0.000000
vt  0.236311 0.111068 0.000000
vt  0.236311 0.111068 0.000000
vt  0.236311 0.155869 0.000000
vt  0.236311 0.155869 0.000000
vt  0.238631 0.197392 0.000000
vt  0.238631 0.197392 0.000000
vt  0.243051 0.229075 0.000000
vt  0.243051 0.229075 0.000000
vt  0.249039 0.244559 0.000000
vt  0.249039 0.244559 0.000000
vt  0.249039 0.244559 0.000000
vt  0.249039 0.244559 0.000000
vt  0.255631 0.028291 0.000000
vt  0.255631 0.028291 0.000000
vt  0.261418 0.057487 0.000000
vt  0.261418 0.057487 0.000000
vt  0.264844 0.105657 0.000000
vt  0.264844 0.105657 0.000000
vt  0.264844 0.161280 0.000000
vt  0.264844 0.161280 0.000000
vt  0.261418 0.209450 0.000000
vt  0.261418 0.209450 0.000000
vt  0.255631 0.238646 0.000000
vt  0.255631 0.238646 0.000000
vt  0.180452 0.154185 0.000000
vt  0.180452 0.154185 0.000000
vt  0.180452 0.154185 0.000000
vt  0.180452 0.154185 0.000000
vt  0.182772 0.159978 0.000000
vt  0.182772 0.159978 0.000000
vt  0.185371 0.161769 0.000000
vt  0.185371 0.161769 0.000000
vt  0.188504 0.162394 0.000000
vt  0.188504 0.162394 0.000000
vt  0.188504 0.162394 0.000000
vt  0.188504 0.162394 0.000000
vt  0.189482 0.162445 0.000000
vt  0.189482 0.162445 0.000000
vt  0.189482 0.162445 0.000000
vt  0.194587 0.159945 0.000000
vt  0.194587 0.159945 0.000000
vt  0.196693 0.154085 0.000000
vt  0.196693 0.154085 0.000000
vt  0.196693 0.154085 0.000000
vt  0.196693 0.154085 0.000000
vt  0.196693 0.112852 0.000000
vt  0.196693 0.112852 0.000000
vt  0.196693 0.112852 0.000000
vt  0.196693 0.112852 0.000000
vt  0.196622 0.154082 0.000000
vt  0.196622 0.154082 0.000000
vt  0.196589 0.154078 0.000000
vt  0.196589 0.154078 0.000000
vt  0.196589 0.154078 0.000000
vt  0.196589 0.154078 0.000000
vt  0.196589 0.112859 0.000000
vt  0.196589 0.112859 0.000000
vt  0.196589 0.112859 0.000000
vt  0.196589 0.112859 0.000000
vt  0.196622 0.112855 0.000000
vt  0.196622 0.112855 0.000000
vt  0.188715 0.162392 0.000000
vt  0.188715 0.162392 0.000000
vt  0.188364 0.162336 0.000000
vt  0.188364 0.162336 0.000000
vt  0.188364 0.162336 0.000000
vt  0.194181 0.159910 0.000000
vt  0.194181 0.159910 0.000000
vt  0.185357 0.161776 0.000000
vt  0.185357 0.161776 0.000000
vt  0.182714 0.159985 0.000000
vt  0.182714 0.159985 0.000000
vt  0.180353 0.154177 0.000000
vt  0.180353 0.154177 0.000000
vt  0.180353 0.154177 0.000000
vt  0.180353 0.154177 0.000000
vt  0.178855 0.153672 0.000000
vt  0.178855 0.153672 0.000000
vt  0.178855 0.153672 0.000000
vt  0.181218 0.159381 0.000000
vt  0.181218 0.159381 0.000000
vt  0.186919 0.161736 0.000000
vt  0.186919 0.161736 0.000000
vt  0.192616 0.159361 0.000000
vt  0.192616 0.159361 0.000000
vt  0.194975 0.153650 0.000000
vt  0.194975 0.153650 0.000000
vt  0.194975 0.153650 0.000000
vt  0.194975 0.113287 0.000000
vt  0.194975 0.113287 0.000000
vt  0.194975 0.113287 0.000000
vt  0.141271 0.064768 0.000000
vt  0.141271 0.064768 0.000000
vt  0.141271 0.064768 0.000000
vt  0.096744 0.064768 0.000000
vt  0.096744 0.064768 0.000000
vt  0.096744 0.064768 0.000000
vt  0.062363 0.074045 0.000000
vt  0.062363 0.074045 0.000000
vt  0.037333 0.099158 0.000000
vt  0.037333 0.099158 0.000000
vt  0.028165 0.133468 0.000000
vt  0.028165 0.133468 0.000000
vt  0.037333 0.167779 0.000000
vt  0.037333 0.167779 0.000000
vt  0.062363 0.192892 0.000000
vt  0.062363 0.192892 0.000000
vt  0.096744 0.202169 0.000000
vt  0.096744 0.202169 0.000000
vt  0.096744 0.202169 0.000000
vt  0.141271 0.202169 0.000000
vt  0.141271 0.202169 0.000000
vt  0.141271 0.202169 0.000000
vt  0.175653 0.192892 0.000000
vt  0.175653 0.192892 0.000000
vt  0.200682 0.167779 0.000000
vt  0.200682 0.167779 0.000000
vt  0.209850 0.133468 0.000000
vt  0.209850 0.133468 0.000000
vt  0.200682 0.099158 0.000000
vt  0.200682 0.099158 0.000000
vt  0.175653 0.074045 0.000000
vt  0.175653 0.074045 0.000000
vt  0.178855 0.113265 0.000000
vt  0.178855 0.113265 0.000000
vt  0.178855 0.113265 0.000000
vt  0.181218 0.107556 0.000000
vt  0.181218 0.107556 0.000000
vt  0.186919 0.105201 0.000000
vt  0.186919 0.105201 0.000000
vt  0.192616 0.107576 0.000000
vt  0.192616 0.107576 0.000000
vt  0.127307 0.084925 0.000000
vt  0.127307 0.084925 0.000000
vt  0.127307 0.084925 0.000000
vt  0.126664 0.088117 0.000000
vt  0.126664 0.088117 0.000000
vt  0.124836 0.090821 0.000000
vt  0.124836 0.090821 0.000000
vt  0.118975 0.093207 0.000000
vt  0.118975 0.093207 0.000000
vt  0.113143 0.090785 0.000000
vt  0.113143 0.090785 0.000000
vt  0.110708 0.084925 0.000000
vt  0.110708 0.084925 0.000000
vt  0.110708 0.084925 0.000000
vt  0.111351 0.081734 0.000000
vt  0.111351 0.081734 0.000000
vt  0.113179 0.079032 0.000000
vt  0.113179 0.079032 0.000000
vt  0.119040 0.076647 0.000000
vt  0.119040 0.076647 0.000000
vt  0.124872 0.079067 0.000000
vt  0.124872 0.079067 0.000000
vt  0.210588 0.133468 0.000000
vt  0.210588 0.133468 0.000000
vt  0.201346 0.098880 0.000000
vt  0.201346 0.098880 0.000000
vt  0.176114 0.073562 0.000000
vt  0.176114 0.073562 0.000000
vt  0.141453 0.064209 0.000000
vt  0.141453 0.064209 0.000000
vt  0.141453 0.064209 0.000000
vt  0.141453 0.202728 0.000000
vt  0.141453 0.202728 0.000000
vt  0.141453 0.202728 0.000000
vt  0.176114 0.193375 0.000000
vt  0.176114 0.193375 0.000000
vt  0.201346 0.168057 0.000000
vt  0.201346 0.168057 0.000000
vt  0.096563 0.202728 0.000000
vt  0.096563 0.202728 0.000000
vt  0.096563 0.202728 0.000000
vt  0.061901 0.193375 0.000000
vt  0.061901 0.193375 0.000000
vt  0.036670 0.168057 0.000000
vt  0.036670 0.168057 0.000000
vt  0.027428 0.133468 0.000000
vt  0.027428 0.133468 0.000000
vt  0.036670 0.098880 0.000000
vt  0.036670 0.098880 0.000000
vt  0.061901 0.073562 0.000000
vt  0.061901 0.073562 0.000000
vt  0.096563 0.064209 0.000000
vt  0.096563 0.064209 0.000000
vt  0.096563 0.064209 0.000000
vt  0.141453 0.070710 0.000000
vt  0.141453 0.070710 0.000000
vt  0.141453 0.070710 0.000000
vt  0.096563 0.070710 0.000000
vt  0.096563 0.070710 0.000000
vt  0.096563 0.070710 0.000000
vt  0.065115 0.079203 0.000000
vt  0.065115 0.079203 0.000000
vt  0.042277 0.102139 0.000000
vt  0.042277 0.102139 0.000000
vt  0.033909 0.133356 0.000000
vt  0.033909 0.133356 0.000000
vt  0.042228 0.164713 0.000000
vt  0.042228 0.164713 0.000000
vt  0.065187 0.187775 0.000000
vt  0.065187 0.187775 0.000000
vt  0.096563 0.196227 0.000000
vt  0.096563 0.196227 0.000000
vt  0.096563 0.196227 0.000000
vt  0.141453 0.196227 0.000000
vt  0.141453 0.196227 0.000000
vt  0.141453 0.196227 0.000000
vt  0.172901 0.187734 0.000000
vt  0.172901 0.187734 0.000000
vt  0.195739 0.164798 0.000000
vt  0.195739 0.164798 0.000000
vt  0.204107 0.133581 0.000000
vt  0.204107 0.133581 0.000000
vt  0.195787 0.102224 0.000000
vt  0.195787 0.102224 0.000000
vt  0.172829 0.079162 0.000000
vt  0.172829 0.079162 0.000000
vt  0.180353 0.112760 0.000000
vt  0.180353 0.112760 0.000000
vt  0.180353 0.112760 0.000000
vt  0.180353 0.112760 0.000000
vt  0.180384 0.154181 0.000000
vt  0.180384 0.154181 0.000000
vt  0.180452 0.112753 0.000000
vt  0.180452 0.112753 0.000000
vt  0.180452 0.112753 0.000000
vt  0.180452 0.112753 0.000000
vt  0.180384 0.112756 0.000000
vt  0.180384 0.112756 0.000000
vt  0.194587 0.106991 0.000000
vt  0.194587 0.106991 0.000000
vt  0.189482 0.104492 0.000000
vt  0.189482 0.104492 0.000000
vt  0.189482 0.104492 0.000000
vt  0.188504 0.104543 0.000000
vt  0.188504 0.104543 0.000000
vt  0.188504 0.104543 0.000000
vt  0.188504 0.104543 0.000000
vt  0.185396 0.105158 0.000000
vt  0.185396 0.105158 0.000000
vt  0.182785 0.106945 0.000000
vt  0.182785 0.106945 0.000000
vt  0.185373 0.105155 0.000000
vt  0.185373 0.105155 0.000000
vt  0.182717 0.106949 0.000000
vt  0.182717 0.106949 0.000000
vt  0.188364 0.104601 0.000000
vt  0.188364 0.104601 0.000000
vt  0.188364 0.104601 0.000000
vt  0.194181 0.107027 0.000000
vt  0.194181 0.107027 0.000000
vt  0.188715 0.104545 0.000000
vt  0.188715 0.104545 0.000000
vt  0.119008 0.074255 0.000000
vt  0.119008 0.074255 0.000000
vt  0.119008 0.074255 0.000000
vt  0.125124 0.076781 0.000000
vt  0.125124 0.076781 0.000000
vt  0.127657 0.082881 0.000000
vt  0.127657 0.082881 0.000000
vt  0.127657 0.082881 0.000000
vt  0.110358 0.082881 0.000000
vt  0.110358 0.082881 0.000000
vt  0.110358 0.082881 0.000000
vt  0.112892 0.076781 0.000000
vt  0.112892 0.076781 0.000000
vt  0.119008 0.082630 0.000000
vt  0.119008 0.082630 0.000000
vt  0.119008 0.082630 0.000000
vt  0.119008 0.082630 0.000000
vt  0.119008 0.091510 0.000000
vt  0.119008 0.091510 0.000000
vt  0.119008 0.091510 0.000000
vt  0.125124 0.088982 0.000000
vt  0.125124 0.088982 0.000000
vt  0.112892 0.088982 0.000000
vt  0.112892 0.088982 0.000000
vt  0.217724 0.219374 0.000000
vt  0.217724 0.219374 0.000000
vt  0.215921 0.215826 0.000000
vt  0.215921 0.215826 0.000000
vt  0.215921 0.051111 0.000000
vt  0.215921 0.051111 0.000000
vt  0.217724 0.047563 0.000000
vt  0.217724 0.047563 0.000000
vt  0.221566 0.053125 0.000000
vt  0.221566 0.053125 0.000000
vt  0.224862 0.076273 0.000000
vt  0.224862 0.076273 0.000000
vt  0.226768 0.113166 0.000000
vt  0.226768 0.113166 0.000000
vt  0.226735 0.155096 0.000000
vt  0.226735 0.155096 0.000000
vt  0.224781 0.191573 0.000000
vt  0.224781 0.191573 0.000000
vt  0.221446 0.214273 0.000000
vt  0.221446 0.214273 0.000000
vt  0.219596 0.218924 0.000000
vt  0.219596 0.218924 0.000000
vt  0.217188 0.086580 0.000000
vt  0.217188 0.086580 0.000000
vt  0.217188 0.086580 0.000000
vt  0.217478 0.080015 0.000000
vt  0.217478 0.080015 0.000000
vt  0.218129 0.077023 0.000000
vt  0.218129 0.077023 0.000000
vt  0.218129 0.077023 0.000000
vt  0.218610 0.078062 0.000000
vt  0.218610 0.078062 0.000000
vt  0.218962 0.081435 0.000000
vt  0.218962 0.081435 0.000000
vt  0.219089 0.086191 0.000000
vt  0.219089 0.086191 0.000000
vt  0.218958 0.091061 0.000000
vt  0.218958 0.091061 0.000000
vt  0.218607 0.094719 0.000000
vt  0.218607 0.094719 0.000000
vt  0.218129 0.096195 0.000000
vt  0.218129 0.096195 0.000000
vt  0.218129 0.096195 0.000000
vt  0.217640 0.095007 0.000000
vt  0.217640 0.095007 0.000000
vt  0.217295 0.091435 0.000000
vt  0.217295 0.091435 0.000000
vt  0.217295 0.091435 0.000000
vt  0.216812 0.106065 0.000000
vt  0.216812 0.106065 0.000000
vt  0.215467 0.112494 0.000000
vt  0.215467 0.112494 0.000000
vt  0.214205 0.107313 0.000000
vt  0.214205 0.107313 0.000000
vt  0.213698 0.094489 0.000000
vt  0.213698 0.094489 0.000000
vt  0.214211 0.081286 0.000000
vt  0.214211 0.081286 0.000000
vt  0.215467 0.075155 0.000000
vt  0.215467 0.075155 0.000000
vt  0.216510 0.077927 0.000000
vt  0.216510 0.077927 0.000000
vt  0.214104 0.160753 0.000000
vt  0.214104 0.160753 0.000000
vt  0.214104 0.160753 0.000000
vt  0.213911 0.161455 0.000000
vt  0.213911 0.161455 0.000000
vt  0.213706 0.161652 0.000000
vt  0.213706 0.161652 0.000000
vt  0.213706 0.161652 0.000000
vt  0.213271 0.160278 0.000000
vt  0.213271 0.160278 0.000000
vt  0.212958 0.156828 0.000000
vt  0.212958 0.156828 0.000000
vt  0.212846 0.152269 0.000000
vt  0.212846 0.152269 0.000000
vt  0.212961 0.147764 0.000000
vt  0.212961 0.147764 0.000000
vt  0.213273 0.144483 0.000000
vt  0.213273 0.144483 0.000000
vt  0.213706 0.143299 0.000000
vt  0.213706 0.143299 0.000000
vt  0.213706 0.143299 0.000000
vt  0.214277 0.145601 0.000000
vt  0.214277 0.145601 0.000000
vt  0.214572 0.151264 0.000000
vt  0.214572 0.151264 0.000000
vt  0.214447 0.157550 0.000000
vt  0.214447 0.157550 0.000000
vt  0.214447 0.157550 0.000000
vt  0.214929 0.155183 0.000000
vt  0.214929 0.155183 0.000000
vt  0.215467 0.154443 0.000000
vt  0.215467 0.154443 0.000000
vt  0.216762 0.160324 0.000000
vt  0.216762 0.160324 0.000000
vt  0.217302 0.173925 0.000000
vt  0.217302 0.173925 0.000000
vt  0.216756 0.187039 0.000000
vt  0.216756 0.187039 0.000000
vt  0.215467 0.191782 0.000000
vt  0.215467 0.191782 0.000000
vt  0.214245 0.186018 0.000000
vt  0.214245 0.186018 0.000000
vt  0.213702 0.173513 0.000000
vt  0.213702 0.173513 0.000000
vt  0.222216 0.153172 0.000000
vt  0.222216 0.153172 0.000000
vt  0.222216 0.153172 0.000000
vt  0.222527 0.156273 0.000000
vt  0.222527 0.156273 0.000000
vt  0.222679 0.160300 0.000000
vt  0.222679 0.160300 0.000000
vt  0.222647 0.164525 0.000000
vt  0.222647 0.164525 0.000000
vt  0.222437 0.168180 0.000000
vt  0.222437 0.168180 0.000000
vt  0.222088 0.170605 0.000000
vt  0.222088 0.170605 0.000000
vt  0.221660 0.171360 0.000000
vt  0.221660 0.171360 0.000000
vt  0.221660 0.171360 0.000000
vt  0.221149 0.169825 0.000000
vt  0.221149 0.169825 0.000000
vt  0.220781 0.166056 0.000000
vt  0.220781 0.166056 0.000000
vt  0.220651 0.161110 0.000000
vt  0.220651 0.161110 0.000000
vt  0.220785 0.156244 0.000000
vt  0.220785 0.156244 0.000000
vt  0.221152 0.152722 0.000000
vt  0.221152 0.152722 0.000000
vt  0.221660 0.151479 0.000000
vt  0.221660 0.151479 0.000000
vt  0.221660 0.151479 0.000000
vt  0.221679 0.151484 0.000000
vt  0.221679 0.151484 0.000000
vt  0.221699 0.151493 0.000000
vt  0.221699 0.151493 0.000000
vt  0.221699 0.151493 0.000000
vt  0.220741 0.142150 0.000000
vt  0.220741 0.142150 0.000000
vt  0.220585 0.129191 0.000000
vt  0.220585 0.129191 0.000000
vt  0.221288 0.118016 0.000000
vt  0.221288 0.118016 0.000000
vt  0.222571 0.113398 0.000000
vt  0.222571 0.113398 0.000000
vt  0.224066 0.119128 0.000000
vt  0.224066 0.119128 0.000000
vt  0.224689 0.133519 0.000000
vt  0.224689 0.133519 0.000000
vt  0.224058 0.147880 0.000000
vt  0.224058 0.147880 0.000000
vt  0.222571 0.153539 0.000000
vt  0.222571 0.153539 0.000000
vt  0.222393 0.153430 0.000000
vt  0.222393 0.153430 0.000000
vt  0.217724 0.205110 0.000000
vt  0.217724 0.205110 0.000000
vt  0.217724 0.205110 0.000000
vt  0.217486 0.204283 0.000000
vt  0.217486 0.204283 0.000000
vt  0.217316 0.202421 0.000000
vt  0.217316 0.202421 0.000000
vt  0.217318 0.197696 0.000000
vt  0.217318 0.197696 0.000000
vt  0.217724 0.195584 0.000000
vt  0.217724 0.195584 0.000000
vt  0.217724 0.195584 0.000000
vt  0.217964 0.196393 0.000000
vt  0.217964 0.196393 0.000000
vt  0.218136 0.198259 0.000000
vt  0.218136 0.198259 0.000000
vt  0.218134 0.203023 0.000000
vt  0.218134 0.203023 0.000000
vt  0.217724 0.061827 0.000000
vt  0.217724 0.061827 0.000000
vt  0.217724 0.061827 0.000000
vt  0.217964 0.062313 0.000000
vt  0.217964 0.062313 0.000000
vt  0.218136 0.063945 0.000000
vt  0.218136 0.063945 0.000000
vt  0.218134 0.068712 0.000000
vt  0.218134 0.068712 0.000000
vt  0.217724 0.071353 0.000000
vt  0.217724 0.071353 0.000000
vt  0.217724 0.071353 0.000000
vt  0.217486 0.070846 0.000000
vt  0.217486 0.070846 0.000000
vt  0.217316 0.069211 0.000000
vt  0.217316 0.069211 0.000000
vt  0.217318 0.064483 0.000000
vt  0.217318 0.064483 0.000000
vt  0.203054 0.091380 0.000000
vt  0.203054 0.091380 0.000000
vt  0.203054 0.091380 0.000000
vt  0.202640 0.106030 0.000000
vt  0.202640 0.106030 0.000000
vt  0.201488 0.112467 0.000000
vt  0.201488 0.112467 0.000000
vt  0.200458 0.107863 0.000000
vt  0.200458 0.107863 0.000000
vt  0.199979 0.096055 0.000000
vt  0.199979 0.096055 0.000000
vt  0.200367 0.081836 0.000000
vt  0.200367 0.081836 0.000000
vt  0.201488 0.075082 0.000000
vt  0.201488 0.075082 0.000000
vt  0.202382 0.077855 0.000000
vt  0.202382 0.077855 0.000000
vt  0.202963 0.086519 0.000000
vt  0.202963 0.086519 0.000000
vt  0.202963 0.086519 0.000000
vt  0.202981 0.089036 0.000000
vt  0.202981 0.089036 0.000000
vt  0.194175 0.096117 0.000000
vt  0.194175 0.096117 0.000000
vt  0.194175 0.096117 0.000000
vt  0.193815 0.095008 0.000000
vt  0.193815 0.095008 0.000000
vt  0.193555 0.091670 0.000000
vt  0.193555 0.091670 0.000000
vt  0.193459 0.086990 0.000000
vt  0.193459 0.086990 0.000000
vt  0.193552 0.082186 0.000000
vt  0.193552 0.082186 0.000000
vt  0.193813 0.078478 0.000000
vt  0.193813 0.078478 0.000000
vt  0.194175 0.076905 0.000000
vt  0.194175 0.076905 0.000000
vt  0.194175 0.076905 0.000000
vt  0.201488 0.082549 0.000000
vt  0.201488 0.082549 0.000000
vt  0.201488 0.082549 0.000000
vt  0.201847 0.083201 0.000000
vt  0.201847 0.083201 0.000000
vt  0.202152 0.085505 0.000000
vt  0.202152 0.085505 0.000000
vt  0.202424 0.093356 0.000000
vt  0.202424 0.093356 0.000000
vt  0.202148 0.101436 0.000000
vt  0.202148 0.101436 0.000000
vt  0.201488 0.104982 0.000000
vt  0.201488 0.104982 0.000000
vt  0.201488 0.104982 0.000000
vt  0.201133 0.104239 0.000000
vt  0.201133 0.104239 0.000000
vt  0.200834 0.101892 0.000000
vt  0.200834 0.101892 0.000000
vt  0.200573 0.094156 0.000000
vt  0.200573 0.094156 0.000000
vt  0.200838 0.086211 0.000000
vt  0.200838 0.086211 0.000000
vt  0.192151 0.104962 0.000000
vt  0.192151 0.104962 0.000000
vt  0.192151 0.104962 0.000000
vt  0.191574 0.101916 0.000000
vt  0.191574 0.101916 0.000000
vt  0.191338 0.094216 0.000000
vt  0.191338 0.094216 0.000000
vt  0.191571 0.086228 0.000000
vt  0.191571 0.086228 0.000000
vt  0.191836 0.083596 0.000000
vt  0.191836 0.083596 0.000000
vt  0.192151 0.082512 0.000000
vt  0.192151 0.082512 0.000000
vt  0.192151 0.082512 0.000000
vt  0.193868 0.071223 0.000000
vt  0.193868 0.071223 0.000000
vt  0.193868 0.071223 0.000000
vt  0.194058 0.070336 0.000000
vt  0.194058 0.070336 0.000000
vt  0.194193 0.068222 0.000000
vt  0.194193 0.068222 0.000000
vt  0.194193 0.068222 0.000000
vt  0.197020 0.080233 0.000000
vt  0.197020 0.080233 0.000000
vt  0.198833 0.112858 0.000000
vt  0.198833 0.112858 0.000000
vt  0.198835 0.154005 0.000000
vt  0.198835 0.154005 0.000000
vt  0.197014 0.186764 0.000000
vt  0.197014 0.186764 0.000000
vt  0.194193 0.198715 0.000000
vt  0.194193 0.198715 0.000000
vt  0.194193 0.198715 0.000000
vt  0.194060 0.196611 0.000000
vt  0.194060 0.196611 0.000000
vt  0.193868 0.195713 0.000000
vt  0.193868 0.195713 0.000000
vt  0.193868 0.195713 0.000000
vt  0.193677 0.196290 0.000000
vt  0.193677 0.196290 0.000000
vt  0.193545 0.198156 0.000000
vt  0.193545 0.198156 0.000000
vt  0.193545 0.198156 0.000000
vt  0.190960 0.182583 0.000000
vt  0.190960 0.182583 0.000000
vt  0.189483 0.151670 0.000000
vt  0.189483 0.151670 0.000000
vt  0.189481 0.115334 0.000000
vt  0.189481 0.115334 0.000000
vt  0.190965 0.084292 0.000000
vt  0.190965 0.084292 0.000000
vt  0.193545 0.068781 0.000000
vt  0.193545 0.068781 0.000000
vt  0.193545 0.068781 0.000000
vt  0.193678 0.070655 0.000000
vt  0.193678 0.070655 0.000000
vt  0.197554 0.121397 0.000000
vt  0.197554 0.121397 0.000000
vt  0.197554 0.121397 0.000000
vt  0.197191 0.122384 0.000000
vt  0.197191 0.122384 0.000000
vt  0.196886 0.125063 0.000000
vt  0.196886 0.125063 0.000000
vt  0.196618 0.133515 0.000000
vt  0.196618 0.133515 0.000000
vt  0.196890 0.141926 0.000000
vt  0.196890 0.141926 0.000000
vt  0.197554 0.145540 0.000000
vt  0.197554 0.145540 0.000000
vt  0.197554 0.145540 0.000000
vt  0.197921 0.144656 0.000000
vt  0.197921 0.144656 0.000000
vt  0.198234 0.142019 0.000000
vt  0.198234 0.142019 0.000000
vt  0.198513 0.133420 0.000000
vt  0.198513 0.133420 0.000000
vt  0.198230 0.124865 0.000000
vt  0.198230 0.124865 0.000000
vt  0.192469 0.103964 0.000000
vt  0.192469 0.103964 0.000000
vt  0.192741 0.101361 0.000000
vt  0.192741 0.101361 0.000000
vt  0.192982 0.093237 0.000000
vt  0.192982 0.093237 0.000000
vt  0.192737 0.085422 0.000000
vt  0.192737 0.085422 0.000000
vt  0.192151 0.161975 0.000000
vt  0.192151 0.161975 0.000000
vt  0.192151 0.161975 0.000000
vt  0.191836 0.162719 0.000000
vt  0.191836 0.162719 0.000000
vt  0.191571 0.165068 0.000000
vt  0.191571 0.165068 0.000000
vt  0.191338 0.172808 0.000000
vt  0.191338 0.172808 0.000000
vt  0.191574 0.180760 0.000000
vt  0.191574 0.180760 0.000000
vt  0.192151 0.184425 0.000000
vt  0.192151 0.184425 0.000000
vt  0.192151 0.184425 0.000000
vt  0.192469 0.183773 0.000000
vt  0.192469 0.183773 0.000000
vt  0.192741 0.181468 0.000000
vt  0.192741 0.181468 0.000000
vt  0.192982 0.173610 0.000000
vt  0.192982 0.173610 0.000000
vt  0.192737 0.165525 0.000000
vt  0.192737 0.165525 0.000000
vt  0.193868 0.157435 0.000000
vt  0.193868 0.157435 0.000000
vt  0.193868 0.157435 0.000000
vt  0.195162 0.150651 0.000000
vt  0.195162 0.150651 0.000000
vt  0.195704 0.133428 0.000000
vt  0.195704 0.133428 0.000000
vt  0.195156 0.116214 0.000000
vt  0.195156 0.116214 0.000000
vt  0.193868 0.109502 0.000000
vt  0.193868 0.109502 0.000000
vt  0.193868 0.109502 0.000000
vt  0.192617 0.116858 0.000000
vt  0.192617 0.116858 0.000000
vt  0.192117 0.133507 0.000000
vt  0.192117 0.133507 0.000000
vt  0.192622 0.150150 0.000000
vt  0.192622 0.150150 0.000000
vt  0.194541 0.094619 0.000000
vt  0.194541 0.094619 0.000000
vt  0.194809 0.090902 0.000000
vt  0.194809 0.090902 0.000000
vt  0.194905 0.086014 0.000000
vt  0.194905 0.086014 0.000000
vt  0.194806 0.081259 0.000000
vt  0.194806 0.081259 0.000000
vt  0.194539 0.077929 0.000000
vt  0.194539 0.077929 0.000000
vt  0.190813 0.143317 0.000000
vt  0.190813 0.143317 0.000000
vt  0.190813 0.143317 0.000000
vt  0.190482 0.144520 0.000000
vt  0.190482 0.144520 0.000000
vt  0.190244 0.147853 0.000000
vt  0.190244 0.147853 0.000000
vt  0.190159 0.152376 0.000000
vt  0.190159 0.152376 0.000000
vt  0.190246 0.156936 0.000000
vt  0.190246 0.156936 0.000000
vt  0.190484 0.160346 0.000000
vt  0.190484 0.160346 0.000000
vt  0.190813 0.161706 0.000000
vt  0.190813 0.161706 0.000000
vt  0.190813 0.161706 0.000000
vt  0.191147 0.160579 0.000000
vt  0.191147 0.160579 0.000000
vt  0.191391 0.157248 0.000000
vt  0.191391 0.157248 0.000000
vt  0.191479 0.152653 0.000000
vt  0.191479 0.152653 0.000000
vt  0.191388 0.148020 0.000000
vt  0.191388 0.148020 0.000000
vt  0.191145 0.144606 0.000000
vt  0.191145 0.144606 0.000000
vt  0.196861 0.151519 0.000000
vt  0.196861 0.151519 0.000000
vt  0.196861 0.151519 0.000000
vt  0.196472 0.152781 0.000000
vt  0.196472 0.152781 0.000000
vt  0.196193 0.156361 0.000000
vt  0.196193 0.156361 0.000000
vt  0.196093 0.161248 0.000000
vt  0.196093 0.161248 0.000000
vt  0.196196 0.166197 0.000000
vt  0.196196 0.166197 0.000000
vt  0.196474 0.169924 0.000000
vt  0.196474 0.169924 0.000000
vt  0.196861 0.171445 0.000000
vt  0.196861 0.171445 0.000000
vt  0.196861 0.171445 0.000000
vt  0.197254 0.170272 0.000000
vt  0.197254 0.170272 0.000000
vt  0.197541 0.166697 0.000000
vt  0.197541 0.166697 0.000000
vt  0.197644 0.161727 0.000000
vt  0.197644 0.161727 0.000000
vt  0.197538 0.156690 0.000000
vt  0.197538 0.156690 0.000000
vt  0.197251 0.152958 0.000000
vt  0.197251 0.152958 0.000000
vt  0.207575 0.145529 0.000000
vt  0.207575 0.145529 0.000000
vt  0.207575 0.145529 0.000000
vt  0.208336 0.142064 0.000000
vt  0.208336 0.142064 0.000000
vt  0.208655 0.133517 0.000000
vt  0.208655 0.133517 0.000000
vt  0.208341 0.124925 0.000000
vt  0.208341 0.124925 0.000000
vt  0.207988 0.122290 0.000000
vt  0.207988 0.122290 0.000000
vt  0.207575 0.121408 0.000000
vt  0.207575 0.121408 0.000000
vt  0.207575 0.121408 0.000000
vt  0.206826 0.125018 0.000000
vt  0.206826 0.125018 0.000000
vt  0.206521 0.133422 0.000000
vt  0.206521 0.133422 0.000000
vt  0.206822 0.141867 0.000000
vt  0.206822 0.141867 0.000000
vt  0.207165 0.144544 0.000000
vt  0.207165 0.144544 0.000000
vt  0.207270 0.153201 0.000000
vt  0.207270 0.153201 0.000000
vt  0.207270 0.153201 0.000000
vt  0.207421 0.153459 0.000000
vt  0.207421 0.153459 0.000000
vt  0.207575 0.153568 0.000000
vt  0.207575 0.153568 0.000000
vt  0.208703 0.149336 0.000000
vt  0.208703 0.149336 0.000000
vt  0.209345 0.137922 0.000000
vt  0.209345 0.137922 0.000000
vt  0.209200 0.124456 0.000000
vt  0.209200 0.124456 0.000000
vt  0.208335 0.115109 0.000000
vt  0.208335 0.115109 0.000000
vt  0.207963 0.113763 0.000000
vt  0.207963 0.113763 0.000000
vt  0.207575 0.113369 0.000000
vt  0.207575 0.113369 0.000000
vt  0.206475 0.117994 0.000000
vt  0.206475 0.117994 0.000000
vt  0.205872 0.129186 0.000000
vt  0.205872 0.129186 0.000000
vt  0.206006 0.142163 0.000000
vt  0.206006 0.142163 0.000000
vt  0.206827 0.151519 0.000000
vt  0.206827 0.151519 0.000000
vt  0.206827 0.151519 0.000000
vt  0.207057 0.152021 0.000000
vt  0.207057 0.152021 0.000000
vt  0.201488 0.184388 0.000000
vt  0.201488 0.184388 0.000000
vt  0.201488 0.184388 0.000000
vt  0.202148 0.181479 0.000000
vt  0.202148 0.181479 0.000000
vt  0.202424 0.173670 0.000000
vt  0.202424 0.173670 0.000000
vt  0.202152 0.165552 0.000000
vt  0.202152 0.165552 0.000000
vt  0.201847 0.162951 0.000000
vt  0.201847 0.162951 0.000000
vt  0.201488 0.161955 0.000000
vt  0.201488 0.161955 0.000000
vt  0.201488 0.161955 0.000000
vt  0.200838 0.164998 0.000000
vt  0.200838 0.164998 0.000000
vt  0.200573 0.172693 0.000000
vt  0.200573 0.172693 0.000000
vt  0.200834 0.180675 0.000000
vt  0.200834 0.180675 0.000000
vt  0.201133 0.183305 0.000000
vt  0.201133 0.183305 0.000000
vt  0.200322 0.160786 0.000000
vt  0.200322 0.160786 0.000000
vt  0.200322 0.160786 0.000000
vt  0.199977 0.173561 0.000000
vt  0.199977 0.173561 0.000000
vt  0.200442 0.186083 0.000000
vt  0.200442 0.186083 0.000000
vt  0.201488 0.191855 0.000000
vt  0.201488 0.191855 0.000000
vt  0.201953 0.191318 0.000000
vt  0.201953 0.191318 0.000000
vt  0.202380 0.189089 0.000000
vt  0.202380 0.189089 0.000000
vt  0.203049 0.176139 0.000000
vt  0.203049 0.176139 0.000000
vt  0.202658 0.161150 0.000000
vt  0.202658 0.161150 0.000000
vt  0.201488 0.154470 0.000000
vt  0.201488 0.154470 0.000000
vt  0.201028 0.155210 0.000000
vt  0.201028 0.155210 0.000000
vt  0.200615 0.157579 0.000000
vt  0.200615 0.157579 0.000000
vt  0.200615 0.157579 0.000000
vt  0.200486 0.159434 0.000000
vt  0.200486 0.159434 0.000000
vt  0.182384 0.109483 0.000000
vt  0.182384 0.109483 0.000000
vt  0.182384 0.109483 0.000000
vt  0.182384 0.109483 0.000000
vt  0.181329 0.116789 0.000000
vt  0.181329 0.116789 0.000000
vt  0.180901 0.133468 0.000000
vt  0.180901 0.133468 0.000000
vt  0.181329 0.150148 0.000000
vt  0.181329 0.150148 0.000000
vt  0.182384 0.157454 0.000000
vt  0.182384 0.157454 0.000000
vt  0.182384 0.157454 0.000000
vt  0.182384 0.157454 0.000000
vt  0.183478 0.150723 0.000000
vt  0.183478 0.150723 0.000000
vt  0.183942 0.133468 0.000000
vt  0.183942 0.133468 0.000000
vt  0.183478 0.116214 0.000000
vt  0.183478 0.116214 0.000000
vt  0.180469 0.155538 0.000000
vt  0.180469 0.155538 0.000000
vt  0.180469 0.155538 0.000000
vt  0.181442 0.149339 0.000000
vt  0.181442 0.149339 0.000000
vt  0.181855 0.133512 0.000000
vt  0.181855 0.133512 0.000000
vt  0.181446 0.117669 0.000000
vt  0.181446 0.117669 0.000000
vt  0.180469 0.111399 0.000000
vt  0.180469 0.111399 0.000000
vt  0.180469 0.111399 0.000000
vt  0.179522 0.148782 0.000000
vt  0.179522 0.148782 0.000000
vt  0.179142 0.133427 0.000000
vt  0.179142 0.133427 0.000000
vt  0.179526 0.118085 0.000000
vt  0.179526 0.118085 0.000000
vt  0.237735 0.133468 0.000000
vt  0.237735 0.133468 0.000000
vt  0.237735 0.133468 0.000000
vt  0.237735 0.133468 0.000000
vt  0.237977 0.129932 0.000000
vt  0.237977 0.129932 0.000000
vt  0.238464 0.129918 0.000000
vt  0.238464 0.129918 0.000000
vt  0.238709 0.133468 0.000000
vt  0.238709 0.133468 0.000000
vt  0.238709 0.133468 0.000000
vt  0.238709 0.133468 0.000000
vt  0.238464 0.137019 0.000000
vt  0.238464 0.137019 0.000000
vt  0.237977 0.137005 0.000000
vt  0.237977 0.137005 0.000000
vt  0.235778 0.133468 0.000000
vt  0.235778 0.133468 0.000000
vt  0.235778 0.133468 0.000000
vt  0.235778 0.133468 0.000000
vt  0.217002 0.234180 0.000000
vt  0.217002 0.234180 0.000000
vt  0.217002 0.234180 0.000000
vt  0.217002 0.234180 0.000000
vt  0.217167 0.231457 0.000000
vt  0.217167 0.231457 0.000000
vt  0.217498 0.231785 0.000000
vt  0.217498 0.231785 0.000000
vt  0.217665 0.234855 0.000000
vt  0.217665 0.234855 0.000000
vt  0.217665 0.234855 0.000000
vt  0.217665 0.234855 0.000000
vt  0.217498 0.237584 0.000000
vt  0.217498 0.237584 0.000000
vt  0.217167 0.237237 0.000000
vt  0.217167 0.237237 0.000000
vt  0.215312 0.234536 0.000000
vt  0.215312 0.234536 0.000000
vt  0.215312 0.234536 0.000000
vt  0.215312 0.234536 0.000000
vt  0.217665 0.032082 0.000000
vt  0.217665 0.032082 0.000000
vt  0.217665 0.032082 0.000000
vt  0.217665 0.032082 0.000000
vt  0.217498 0.035152 0.000000
vt  0.217498 0.035152 0.000000
vt  0.217167 0.035480 0.000000
vt  0.217167 0.035480 0.000000
vt  0.217002 0.032757 0.000000
vt  0.217002 0.032757 0.000000
vt  0.217002 0.032757 0.000000
vt  0.217002 0.032757 0.000000
vt  0.217167 0.029700 0.000000
vt  0.217167 0.029700 0.000000
vt  0.217498 0.029353 0.000000
vt  0.217498 0.029353 0.000000
vt  0.215312 0.032401 0.000000
vt  0.215312 0.032401 0.000000
vt  0.215312 0.032401 0.000000
vt  0.215312 0.032401 0.000000

vn  1.000000 0.000000 0.000000
vn  1.000000 0.000000 0.000000
vn  0.000000 0.942809 -0.333333
vn  1.000000 0.000000 0.000000
vn  1.000000 0.000000 0.000000
vn  0.000000 -0.950574 0.310497
vn  1.000000 0.000000 0.000000
vn  0.000000 -0.915588 0.402118
vn  1.000000 0.000000 0.000000
vn  0.000000 -0.871795 0.489871
vn  0.000000 -0.871795 0.489871
vn  1.000000 0.000000 0.000000
vn  0.000000 -0.985475 0.169823
vn  1.000000 0.000000 0.000000
vn  0.000000 -0.985475 -0.169823
vn  1.000000 0.000000 0.000000
vn  0.000000 -0.871795 -0.489871
vn  0.000000 -0.871795 -0.489871
vn  1.000000 0.000000 0.000000
vn  0.000000 -0.915588 -0.402118
vn  1.000000 0.000000 0.000000
vn  0.000000 -0.950574 -0.310497
vn  1.000000 0.000000 0.000000
vn  1.000000 0.000000 0.000000
vn  1.000000 0.000000 0.000000
vn  0.000000 0.942809 0.333333
vn  1.000000 0.000000 0.000000
vn  0.000000 0.577343 0.816502
vn  1.000000 0.000000 0.000000
vn  0.000000 0.000000 1.000000
vn  0.000000 0.000000 1.000000
vn  1.000000 0.000000 0.000000
vn  0.000000 -0.577357 0.816492
vn  1.000000 0.000000 0.000000
vn  1.000000 0.000000 0.000000
vn  0.000000 -0.942809 0.333333
vn  1.000000 0.000000 0.000000
vn  0.000000 1.000000 0.000000
vn  1.000000 0.000000 0.000000
vn  1.000000 0.000000 0.000000
vn  1.000000 0.000000 0.000000
vn  0.000000 1.000000 0.000000
vn  1.000000 0.000000 0.000000
vn  1.000000 0.000000 0.000000
vn  0.000000 -0.942809 -0.333333
vn  1.000000 0.000000 0.000000
vn  0.000000 -0.577343 -0.816502
vn  1.000000 0.000000 0.000000
vn  0.000000 -0.000000 -1.000000
vn  0.000000 -0.000000 -1.000000
vn  1.000000 0.000000 0.000000
vn  0.000000 0.577357 -0.816492
vn  0.945575 0.000000 -0.325404
vn  0.000000 0.958085 0.286484
vn  0.791659 0.000000 -0.610964
vn  0.000000 0.557157 0.830407
vn  0.714143 0.000000 -0.700000
vn  0.000000 0.000000 1.000000
vn  0.000000 0.000000 1.000000
vn  0.791683 0.000000 -0.610933
vn  0.000000 -0.557246 0.830348
vn  0.945589 0.000000 -0.325364
vn  0.000000 -0.958108 0.286407
vn  0.865855 0.000000 -0.500295
vn  0.000000 1.000000 0.000000
vn  0.500283 0.000000 -0.865862
vn  0.000000 1.000000 0.000000
vn  0.000000 0.000000 -1.000000
vn  0.000000 1.000000 0.000000
vn  0.000000 0.000000 -1.000000
vn  0.000000 0.000000 -1.000000
vn  0.000000 -1.000000 0.000000
vn  0.000000 0.000000 -1.000000
vn  0.289164 0.000000 -0.957280
vn  0.000000 -1.000000 0.000000
vn  0.553111 0.000000 -0.833107
vn  0.000000 -1.000000 0.000000
vn  0.769999 0.000000 -0.638045
vn  0.000000 -1.000000 0.000000
vn  0.921608 0.000000 -0.388122
vn  0.000000 -1.000000 0.000000
vn  0.000000 -1.000000 0.000000
vn  0.980820 0.000000 -0.194916
vn  0.000000 -0.987981 0.154574
vn  0.000000 -0.000000 -1.000000
vn  0.000000 -0.000000 -1.000000
vn  1.000000 0.000000 0.000000
vn  0.000000 0.706309 -0.707904
vn  1.000000 0.000000 0.000000
vn  0.000000 0.999997 -0.002281
vn  1.000000 0.000000 0.000000
vn  0.000000 0.709729 0.704475
vn  1.000000 0.000000 0.000000
vn  0.000000 0.000000 1.000000
vn  0.000000 0.000000 1.000000
vn  1.000000 0.000000 0.000000
vn  0.000000 -0.706309 0.707904
vn  1.000000 0.000000 0.000000
vn  0.000000 -0.999997 0.002281
vn  1.000000 0.000000 0.000000
vn  0.000000 -0.709729 -0.704475
vn  1.000000 0.000000 0.000000
vn  0.000000 -0.785353 -0.619048
vn  0.000000 0.000000 -1.000000
vn  0.000000 0.000000 -1.000000
vn  0.000000 -0.897945 -0.440107
vn  0.703242 0.000000 -0.710951
vn  0.000000 -0.973327 -0.229421
vn  0.928784 0.000000 -0.370621
vn  0.000000 -1.000000 -0.000041
vn  1.000000 0.000000 -0.000066
vn  0.000000 -0.973318 0.229461
vn  0.928758 0.000000 0.370686
vn  0.000000 -0.897923 0.440154
vn  0.703161 0.000000 0.711030
vn  0.000000 -0.785353 0.619048
vn  -0.000000 0.000000 1.000000
vn  -0.000000 0.000000 1.000000
vn  0.000000 -0.897960 0.440077
vn  -0.703291 0.000000 0.710902
vn  0.000000 -0.973338 0.229378
vn  -0.928812 0.000000 0.370552
vn  0.000000 -1.000000 0.000027
vn  -1.000000 0.000000 0.000044
vn  0.000000 -0.973324 -0.229435
vn  -0.928775 0.000000 -0.370645
vn  0.000000 -0.897934 -0.440130
vn  -0.703202 0.000000 -0.710990
vn  -0.000000 0.000000 1.000000
vn  -0.000000 0.000000 1.000000
vn  0.000000 1.000000 0.000000
vn  -0.707586 0.000000 0.706627
vn  0.000000 1.000000 0.000000
vn  -0.999992 0.000000 0.003934
vn  0.000000 1.000000 0.000000
vn  -0.711921 0.000000 -0.702259
vn  0.000000 1.000000 0.000000
vn  -0.385541 0.000000 -0.922691
vn  0.000000 1.000000 0.000000
vn  0.000000 0.000000 -1.000000
vn  0.000000 0.000000 -1.000000
vn  0.000000 1.000000 0.000000
vn  0.707586 0.000000 -0.706627
vn  0.000000 1.000000 0.000000
vn  0.999992 0.000000 -0.003934
vn  0.000000 1.000000 0.000000
vn  0.711921 0.000000 0.702259
vn  0.000000 1.000000 0.000000
vn  0.385541 0.000000 0.922691
vn  0.000000 1.000000 0.000000
vn  0.000000 1.000000 0.000000
vn  -1.000000 0.000000 0.000000
vn  -1.000000 0.000000 0.000000
vn  0.000000 1.000000 0.000000
vn  -0.865862 0.000000 -0.500283
vn  0.000000 1.000000 0.000000
vn  -0.500295 0.000000 -0.865855
vn  0.000000 1.000000 0.000000
vn  0.000000 0.000000 -1.000000
vn  -0.000000 0.000000 -1.000000
vn  0.000000 1.000000 0.000000
vn  0.865862 0.000000 0.500283
vn  0.000000 1.000000 0.000000
vn  0.500295 0.000000 0.865855
vn  0.000000 1.000000 0.000000
vn  -0.000000 0.000000 1.000000
vn  0.000000 0.000000 1.000000
vn  0.000000 1.000000 0.000000
vn  0.000000 0.000000 1.000000
vn  -0.000000 0.000000 1.000000
vn  0.000000 1.000000 0.000000
vn  -0.500283 0.000000 0.865862
vn  0.000000 1.000000 0.000000
vn  -0.865855 0.000000 0.500295
vn  0.000000 1.000000 0.000000
vn  -1.000000 0.000000 0.000000
vn  -1.000000 0.000000 -0.000000
vn  0.000000 1.000000 0.000000
vn  -0.000000 0.000000 1.000000
vn  0.000000 0.000000 1.000000
vn  0.000000 1.000000 0.000000
vn  0.000000 0.000000 1.000000
vn  0.000000 0.000000 1.000000
vn  0.000000 1.000000 0.000000
vn  0.501131 0.000000 0.865371
vn  0.000000 1.000000 0.000000
vn  0.866014 0.000000 0.500020
vn  0.000000 1.000000 0.000000
vn  0.999998 0.000000 0.001802
vn  0.000000 1.000000 0.000000
vn  0.866797 0.000000 -0.498661
vn  0.000000 1.000000 0.000000
vn  0.499980 0.000000 -0.866037
vn  0.000000 1.000000 0.000000
vn  0.000000 0.000000 -1.000000
vn  0.000000 0.000000 -1.000000
vn  0.000000 1.000000 0.000000
vn  0.000000 0.000000 -1.000000
vn  0.000000 0.000000 -1.000000
vn  0.000000 1.000000 0.000000
vn  -0.501131 0.000000 -0.865371
vn  0.000000 1.000000 0.000000
vn  -0.866014 0.000000 -0.500020
vn  0.000000 1.000000 0.000000
vn  -0.999998 0.000000 -0.001802
vn  0.000000 1.000000 0.000000
vn  -0.866797 0.000000 0.498661
vn  0.000000 1.000000 0.000000
vn  -0.499980 0.000000 0.866037
vn  0.000000 1.000000 0.000000
vn  -0.000000 0.000000 1.000000
vn  -0.000000 0.000000 1.000000
vn  0.000000 1.000000 0.000000
vn  0.385541 0.000000 0.922691
vn  0.000000 1.000000 0.000000
vn  0.711921 0.000000 0.702259
vn  0.000000 1.000000 0.000000
vn  0.999992 0.000000 -0.003934
vn  0.000000 1.000000 0.000000
vn  0.707586 0.000000 -0.706627
vn  0.000000 1.000000 0.000000
vn  0.000000 0.000000 -1.000000
vn  0.000000 0.000000 -1.000000
vn  0.000000 1.000000 0.000000
vn  -0.385541 0.000000 -0.922691
vn  0.000000 1.000000 0.000000
vn  -0.711921 0.000000 -0.702259
vn  0.000000 1.000000 0.000000
vn  -0.999992 0.000000 0.003934
vn  0.000000 1.000000 0.000000
vn  -0.707586 0.000000 0.706627
vn  0.000000 1.000000 0.000000
vn  -0.000000 0.000000 1.000000
vn  -0.000000 0.000000 1.000000
vn  0.000000 1.000000 0.000000
vn  0.385541 0.000000 0.922691
vn  0.000000 1.000000 0.000000
vn  0.711921 0.000000 0.702259
vn  0.000000 1.000000 0.000000
vn  0.999992 0.000000 -0.003934
vn  0.000000 1.000000 0.000000
vn  0.707586 0.000000 -0.706627
vn  0.000000 1.000000 0.000000
vn  0.000000 0.000000 -1.000000
vn  0.000000 0.000000 -1.000000
vn  0.000000 1.000000 0.000000
vn  -0.385541 0.000000 -0.922691
vn  0.000000 1.000000 0.000000
vn  -0.711921 0.000000 -0.702259
vn  0.000000 1.000000 0.000000
vn  -0.999992 0.000000 0.003934
vn  0.000000 1.000000 0.000000
vn  -0.707586 0.000000 0.706627
vn  0.000000 1.000000 0.000000
vn  -0.000000 0.000000 1.000000
vn  -0.000000 0.000000 1.000000
vn  0.000000 1.000000 0.000000
vn  0.385541 0.000000 0.922691
vn  0.000000 1.000000 0.000000
vn  0.711921 0.000000 0.702259
vn  0.000000 1.000000 0.000000
vn  0.999992 0.000000 -0.003934
vn  0.000000 1.000000 0.000000
vn  0.707586 0.000000 -0.706627
vn  0.000000 1.000000 0.000000
vn  0.000000 0.000000 -1.000000
vn  0.000000 0.000000 -1.000000
vn  0.000000 1.000000 0.000000
vn  -0.385541 0.000000 -0.922691
vn  0.000000 1.000000 0.000000
vn  -0.711921 0.000000 -0.702259
vn  0.000000 1.000000 0.000000
vn  -0.999992 0.000000 0.003934
vn  0.000000 1.000000 0.000000
vn  -0.707586 0.000000 0.706627
vn  -1.000000 0.000000 0.000000
vn  0.000000 0.000000 -1.000000
vn  0.000000 0.000000 -1.000000
vn  -1.000000 0.000000 0.000000
vn  0.000000 -0.576435 -0.817143
vn  -1.000000 0.000000 0.000000
vn  -1.000000 0.000000 0.000000
vn  0.000000 -0.942809 -0.333333
vn  -1.000000 0.000000 0.000000
vn  0.000000 -0.942809 0.333333
vn  -1.000000 0.000000 -0.000000
vn  -1.000000 0.000000 0.000000
vn  0.000000 -0.577343 0.816502
vn  -1.000000 0.000000 0.000000
vn  0.000000 -0.000000 1.000000
vn  0.000000 -0.000000 1.000000
vn  -1.000000 0.000000 0.000000
vn  0.000000 0.673305 0.739365
vn  -1.000000 0.000000 0.000000
vn  -1.000000 -0.000000 -0.000000
vn  0.000000 0.995636 0.093322
vn  -1.000000 0.000000 0.000000
vn  -1.000000 -0.000000 -0.000000
vn  -1.000000 -0.000000 -0.000000
vn  -1.000000 0.000000 0.000000
vn  -1.000000 -0.000000 -0.000000
vn  -1.000000 0.000000 0.000000
vn  0.000000 0.126990 0.991904
vn  -1.000000 -0.000000 -0.000000
vn  -1.000000 0.000000 0.000000
vn  0.000000 0.303769 0.952746
vn  -1.000000 0.000000 0.000000
vn  0.000000 0.470588 0.882353
vn  0.000000 0.470588 0.882353
vn  -1.000000 0.000000 0.000000
vn  0.000000 0.242536 0.970143
vn  -1.000000 0.000000 0.000000
vn  0.000000 -0.000000 1.000000
vn  -1.000000 0.000000 0.000000
vn  0.000000 -0.383803 0.923415
vn  -1.000000 0.000000 0.000000
vn  0.000000 -0.707725 0.706488
vn  -1.000000 0.000000 0.000000
vn  0.000000 -0.923979 0.382444
vn  -1.000000 0.000000 0.000000
vn  0.000000 -1.000000 -0.000204
vn  -1.000000 0.000000 0.000000
vn  0.000000 -0.923752 -0.382992
vn  -1.000000 0.000000 0.000000
vn  0.000000 -0.707073 -0.707141
vn  -1.000000 0.000000 0.000000
vn  0.000000 -0.382941 -0.923773
vn  -1.000000 0.000000 0.000000
vn  0.000000 0.000000 -1.000000
vn  -1.000000 0.000000 0.000000
vn  0.000000 0.242536 -0.970143
vn  -1.000000 0.000000 0.000000
vn  0.000000 0.470588 -0.882353
vn  0.000000 0.470588 -0.882353
vn  -1.000000 0.000000 0.000000
vn  0.000000 0.303769 -0.952746
vn  -1.000000 0.000000 0.000000
vn  -1.000000 -0.000000 0.000000
vn  0.000000 0.126990 -0.991904
vn  -1.000000 0.000000 0.000000
vn  -1.000000 -0.000000 0.000000
vn  -1.000000 0.000000 0.000000
vn  -1.000000 -0.000000 0.000000
vn  -1.000000 -0.000000 0.000000
vn  -1.000000 0.000000 0.000000
vn  0.000000 0.995636 -0.093322
vn  -1.000000 -0.000000 0.000000
vn  -1.000000 0.000000 0.000000
vn  0.000000 0.672354 -0.740230
vn  -1.000000 0.000000 0.000000
vn  0.000000 1.000000 -0.000000
vn  0.000000 1.000000 -0.000000
vn  -1.000000 0.000000 0.000000
vn  0.000000 0.495671 -0.868511
vn  -1.000000 0.000000 0.000000
vn  0.000000 -0.502692 -0.864466
vn  -1.000000 0.000000 0.000000
vn  0.000000 -1.000000 0.000000
vn  0.000000 -1.000000 0.000000
vn  -1.000000 0.000000 0.000000
vn  0.000000 -0.495671 0.868511
vn  -1.000000 0.000000 0.000000
vn  0.000000 0.502692 0.864466
vn  -1.000000 0.000000 0.000000
vn  0.000000 1.000000 -0.000000
vn  0.000000 1.000000 -0.000000
vn  -1.000000 0.000000 0.000000
vn  0.000000 0.495671 -0.868511
vn  -1.000000 0.000000 0.000000
vn  0.000000 -0.502692 -0.864466
vn  -1.000000 0.000000 0.000000
vn  0.000000 -1.000000 0.000000
vn  0.000000 -1.000000 0.000000
vn  -1.000000 0.000000 0.000000
vn  0.000000 -0.495671 0.868511
vn  -1.000000 0.000000 0.000000
vn  0.000000 0.502692 0.864466
vn  -1.000000 0.000000 0.000000
vn  0.000000 -1.000000 -0.000000
vn  0.000000 -1.000000 0.000000
vn  -1.000000 0.000000 0.000000
vn  0.000000 -0.495671 0.868511
vn  -1.000000 0.000000 0.000000
vn  0.000000 0.502692 0.864466
vn  -1.000000 0.000000 0.000000
vn  0.000000 1.000000 0.000000
vn  0.000000 1.000000 0.000000
vn  -1.000000 0.000000 0.000000
vn  0.000000 0.495671 -0.868511
vn  -1.000000 0.000000 0.000000
vn  0.000000 -0.502692 -0.864466
vn  -1.000000 0.000000 0.000000
vn  -0.707107 0.000000 -0.707107
vn  -0.707107 0.000000 -0.707107
vn  -1.000000 0.000000 0.000000
vn  -0.707107 -0.307730 -0.636633
vn  -1.000000 0.000000 0.000000
vn  -0.707107 -0.553334 -0.440251
vn  -1.000000 0.000000 0.000000
vn  -0.707107 -0.689476 -0.156915
vn  -1.000000 0.000000 0.000000
vn  -0.707107 -0.689332 0.157545
vn  -1.000000 0.000000 0.000000
vn  -0.707107 -0.552919 0.440772
vn  -1.000000 0.000000 0.000000
vn  -0.707107 -0.307007 0.636982
vn  -1.000000 0.000000 0.000000
vn  -0.707107 -0.000000 0.707107
vn  -0.707107 -0.000000 0.707107
vn  -1.000000 0.000000 0.000000
vn  -0.707107 0.307730 0.636633
vn  -1.000000 0.000000 0.000000
vn  -0.707107 0.553334 0.440251
vn  -1.000000 0.000000 0.000000
vn  -0.707107 0.689476 0.156915
vn  -1.000000 0.000000 0.000000
vn  -0.707107 0.689332 -0.157545
vn  -1.000000 0.000000 0.000000
vn  -0.707107 0.552919 -0.440772
vn  -1.000000 0.000000 0.000000
vn  -0.707107 0.307007 -0.636982
vn  0.000000 0.882977 0.469417
vn  -0.954379 0.099862 -0.281403
vn  0.000000 0.468869 0.883268
vn  -0.820709 0.152336 -0.550663
vn  0.000000 -0.000000 1.000000
vn  -0.731303 0.097425 -0.675059
vn  0.000000 -0.000000 1.000000
vn  0.000000 -0.000000 1.000000
vn  0.000000 -0.000000 1.000000
vn  -1.000000 0.000000 0.000000
vn  0.000000 0.706309 0.707904
vn  -1.000000 0.000000 0.000000
vn  0.000000 0.999997 0.002281
vn  -1.000000 0.000000 0.000000
vn  0.000000 0.709729 -0.704475
vn  -1.000000 0.000000 0.000000
vn  0.000000 0.000000 -1.000000
vn  0.000000 0.000000 -1.000000
vn  -1.000000 0.000000 0.000000
vn  -0.887236 0.209794 -0.410851
vn  -0.574376 0.372274 -0.729043
vn  -0.574376 0.372274 -0.729043
vn  0.000000 0.000000 -1.000000
vn  -0.484322 0.343525 -0.804626
vn  0.000000 0.000000 -1.000000
vn  -0.000000 0.000000 -1.000000
vn  0.000000 0.000000 -1.000000
vn  -0.000000 0.000000 -1.000000
vn  -0.426231 0.000000 -0.904614
vn  -0.426231 0.000000 -0.904614
vn  -0.771149 0.000000 -0.636655
vn  -0.771149 0.000000 -0.636655
vn  0.000000 -0.476190 0.879342
vn  -0.732799 0.048572 -0.678709
vn  0.000000 -0.238002 0.971265
vn  -0.999358 0.028747 -0.021395
vn  0.000000 0.063250 -0.997998
vn  -0.997346 0.057859 -0.044197
vn  0.000000 0.000000 -1.000000
vn  0.000000 0.000000 -1.000000
vn  -0.938929 0.250411 -0.236021
vn  0.000000 0.000000 -1.000000
vn  -0.784357 0.379955 -0.490324
vn  0.000000 0.000000 -1.000000
vn  0.000000 0.470588 -0.882353
vn  0.000000 0.470588 -0.882353
vn  1.000000 0.000000 0.000000
vn  0.000000 0.242536 -0.970143
vn  1.000000 0.000000 0.000000
vn  0.000000 0.000000 -1.000000
vn  1.000000 0.000000 0.000000
vn  0.000000 0.000000 -1.000000
vn  0.000000 0.000000 -1.000000
vn  1.000000 0.000000 0.000000
vn  0.000000 0.242536 -0.970143
vn  1.000000 0.000000 0.000000
vn  0.000000 0.470588 0.882353
vn  1.000000 0.000000 0.000000
vn  0.000000 0.470588 0.882353
vn  0.000000 0.242536 0.970143
vn  1.000000 0.000000 0.000000
vn  0.000000 -0.000000 1.000000
vn  1.000000 0.000000 0.000000
vn  0.000000 -0.382941 0.923773
vn  1.000000 0.000000 0.000000
vn  0.000000 -0.707073 0.707141
vn  1.000000 0.000000 0.000000
vn  0.000000 -0.923752 0.382992
vn  1.000000 0.000000 0.000000
vn  0.000000 -1.000000 0.000204
vn  1.000000 0.000000 0.000000
vn  0.000000 -0.923979 -0.382444
vn  1.000000 0.000000 0.000000
vn  0.000000 -0.707725 -0.706488
vn  1.000000 0.000000 0.000000
vn  0.000000 -0.383803 -0.923415
vn  1.000000 0.000000 0.000000
vn  1.000000 0.000000 0.000000
vn  0.000000 -1.000000 0.000000
vn  0.000000 -1.000000 0.000000
vn  1.000000 0.000000 0.000000
vn  0.000000 -0.967418 -0.253185
vn  1.000000 0.000000 0.000000
vn  0.000000 -0.871795 -0.489871
vn  0.000000 -0.871795 -0.489871
vn  1.000000 0.000000 0.000000
vn  0.000000 -0.985475 -0.169823
vn  1.000000 0.000000 0.000000
vn  0.000000 -0.985475 0.169823
vn  1.000000 0.000000 0.000000
vn  0.000000 -0.871795 0.489871
vn  0.000000 -0.871795 0.489871
vn  1.000000 0.000000 0.000000
vn  0.000000 -0.967418 0.253185
vn  1.000000 0.000000 0.000000
vn  0.000000 -1.000000 0.000000
vn  0.000000 -1.000000 0.000000
vn  1.000000 0.000000 0.000000
vn  0.000000 -1.000000 0.000000
vn  0.000000 0.000000 -1.000000
vn  1.000000 0.000000 0.000000
vn  0.000000 0.242536 0.970143
vn  1.000000 0.000000 0.000000
vn  0.000000 0.000000 1.000000
vn  0.000000 -0.000000 1.000000
vn  1.000000 0.000000 0.000000
vn  0.000000 -1.000000 0.000000
vn  0.000000 0.000000 1.000000
vn  1.000000 0.000000 0.000000
vn  0.000000 0.422618 -0.906308
vn  0.000000 0.422618 -0.906308
vn  1.000000 0.000000 0.000000
vn  0.000000 0.216440 -0.976296
vn  1.000000 0.000000 0.000000
vn  0.000000 0.000000 -1.000000
vn  1.000000 0.000000 0.000000
vn  0.000000 -0.259772 -0.965670
vn  1.000000 0.000000 0.000000
vn  0.000000 -0.500445 -0.865768
vn  1.000000 0.000000 0.000000
vn  0.000000 -0.706775 -0.707438
vn  1.000000 0.000000 0.000000
vn  0.000000 -0.865625 -0.500692
vn  1.000000 0.000000 0.000000
vn  0.000000 -0.965517 -0.260341
vn  1.000000 0.000000 0.000000
vn  0.000000 -0.999998 -0.002199
vn  1.000000 0.000000 0.000000
vn  0.000000 -0.966511 0.256626
vn  1.000000 0.000000 0.000000
vn  0.000000 -0.866768 0.498712
vn  1.000000 0.000000 0.000000
vn  0.000000 -0.707025 0.707189
vn  1.000000 0.000000 0.000000
vn  0.000000 -0.499530 0.866296
vn  1.000000 0.000000 0.000000
vn  0.000000 -0.258494 0.966013
vn  1.000000 0.000000 0.000000
vn  0.000000 -0.000000 1.000000
vn  1.000000 0.000000 0.000000
vn  0.000000 0.216440 0.976296
vn  1.000000 0.000000 0.000000
vn  0.000000 0.422618 0.906308
vn  0.000000 0.422618 0.906308
vn  1.000000 0.000000 0.000000
vn  0.000000 0.216440 0.976296
vn  1.000000 0.000000 0.000000
vn  0.000000 0.000000 1.000000
vn  1.000000 0.000000 0.000000
vn  0.000000 -0.436813 0.899552
vn  1.000000 0.000000 0.000000
vn  0.000000 -0.784990 0.619509
vn  1.000000 0.000000 0.000000
vn  0.000000 -0.976292 0.216456
vn  1.000000 0.000000 0.000000
vn  0.000000 -0.973265 -0.229687
vn  1.000000 0.000000 0.000000
vn  0.000000 -0.776066 -0.630652
vn  1.000000 0.000000 0.000000
vn  0.000000 -0.422618 -0.906308
vn  0.000000 -0.422618 -0.906308
vn  1.000000 0.000000 0.000000
vn  0.000000 -0.216440 -0.976296
vn  1.000000 0.000000 0.000000
vn  0.000000 0.000000 -1.000000
vn  0.000000 0.000000 -1.000000
vn  1.000000 0.000000 0.000000
vn  0.000000 0.216440 -0.976296
vn  1.000000 0.000000 0.000000
vn  0.000000 0.422618 -0.906308
vn  1.000000 0.000000 0.000000
vn  0.000000 0.776073 -0.630643
vn  1.000000 0.000000 0.000000
vn  0.000000 0.973127 -0.230268
vn  1.000000 0.000000 0.000000
vn  0.000000 0.976473 0.215641
vn  1.000000 0.000000 0.000000
vn  0.000000 0.784895 0.619629
vn  1.000000 0.000000 0.000000
vn  0.000000 0.435889 0.900001
vn  1.000000 0.000000 0.000000
vn  0.000000 -0.000000 1.000000
vn  0.000000 -0.000000 1.000000
vn  1.000000 0.000000 0.000000
vn  0.000000 -0.216440 0.976296
vn  1.000000 0.000000 0.000000
vn  0.000000 -0.422618 0.906308
vn  0.000000 -0.422618 0.906308
vn  1.000000 0.000000 0.000000
vn  0.000000 -0.776054 0.630666
vn  1.000000 0.000000 0.000000
vn  0.000000 -0.973258 0.229715
vn  1.000000 0.000000 0.000000
vn  0.000000 -0.976300 -0.216424
vn  1.000000 0.000000 0.000000
vn  0.000000 -0.785008 -0.619486
vn  1.000000 0.000000 0.000000
vn  0.000000 -0.436830 -0.899544
vn  1.000000 0.000000 0.000000
vn  0.000000 0.000000 -1.000000
vn  1.000000 0.000000 0.000000
vn  0.000000 0.216440 -0.976296
vn  1.000000 0.000000 0.000000
vn  0.000000 -0.000000 1.000000
vn  0.000000 -0.000000 1.000000
vn  1.000000 0.000000 0.000000
vn  0.000000 -0.844223 0.535993
vn  1.000000 0.000000 0.000000
vn  0.000000 -0.902829 -0.430000
vn  0.000000 -0.066384 0.997794
vn  1.000000 0.000000 0.000000
vn  0.000000 -0.620378 0.784303
vn  1.000000 0.000000 0.000000
vn  0.000000 -0.955047 0.296453
vn  1.000000 0.000000 0.000000
vn  0.000000 -0.955381 -0.295378
vn  1.000000 0.000000 0.000000
vn  0.000000 -0.619190 -0.785241
vn  1.000000 0.000000 0.000000
vn  0.000000 -0.902829 0.430000
vn  0.000000 -0.066384 -0.997794
vn  1.000000 0.000000 0.000000
vn  0.000000 -0.844337 -0.535813
vn  1.000000 0.000000 0.000000
vn  0.000000 0.000000 -1.000000
vn  0.000000 0.000000 -1.000000
vn  1.000000 0.000000 0.000000
vn  0.000000 0.844223 -0.535993
vn  1.000000 0.000000 0.000000
vn  0.000000 0.066384 -0.997794
vn  0.000000 0.902829 0.430000
vn  1.000000 0.000000 0.000000
vn  0.000000 0.620378 -0.784303
vn  1.000000 0.000000 0.000000
vn  0.000000 0.955047 -0.296453
vn  1.000000 0.000000 0.000000
vn  0.000000 0.955381 0.295378
vn  1.000000 0.000000 0.000000
vn  0.000000 0.619190 0.785241
vn  1.000000 0.000000 0.000000
vn  0.000000 0.902829 -0.430000
vn  0.000000 0.066384 0.997794
vn  1.000000 0.000000 0.000000
vn  0.000000 0.844337 0.535813
vn  0.000000 -1.000000 0.000000
vn  0.000000 -1.000000 0.000000
vn  0.921608 0.000000 0.388122
vn  0.000000 -1.000000 0.000000
vn  -0.000000 0.000000 1.000000
vn  0.000000 0.000000 1.000000
vn  0.000000 -1.000000 0.000000
vn  0.289175 0.000000 0.957276
vn  0.000000 -1.000000 0.000000
vn  0.553124 0.000000 0.833099
vn  0.000000 -1.000000 0.000000
vn  0.770006 0.000000 0.638037
vn  0.000000 -0.987981 -0.154574
vn  0.980820 0.000000 0.194916
vn  0.945578 0.000000 0.325395
vn  0.000000 -0.958090 -0.286466
vn  0.791665 0.000000 0.610955
vn  0.000000 -0.557182 -0.830390
vn  0.714143 0.000000 0.700000
vn  0.000000 -0.000000 -1.000000
vn  0.000000 -0.000000 -1.000000
vn  0.791683 0.000000 0.610932
vn  0.000000 0.557248 -0.830346
vn  0.945590 0.000000 0.325362
vn  0.000000 0.958109 -0.286403
vn  0.000000 0.000000 1.000000
vn  0.000000 -0.000000 1.000000
vn  -0.997346 0.057859 0.044197
vn  0.000000 0.000000 1.000000
vn  -0.939189 0.249970 0.235456
vn  0.000000 0.000000 1.000000
vn  -0.785823 0.379463 0.488355
vn  0.000000 0.000000 1.000000
vn  -0.574228 0.372321 0.729136
vn  -0.574228 0.372321 0.729136
vn  0.000000 0.000000 1.000000
vn  -0.486749 0.344621 0.802691
vn  0.000000 0.000000 1.000000
vn  -0.000000 0.000000 1.000000
vn  -0.000000 0.000000 1.000000
vn  0.000000 0.063250 0.997998
vn  -0.999358 0.028747 0.021395
vn  -0.731303 0.097425 0.675059
vn  0.000000 0.000000 -1.000000
vn  0.000000 0.000000 -1.000000
vn  -0.732999 0.048273 0.678514
vn  0.000000 -0.239403 -0.970920
vn  -0.771149 0.000000 0.636655
vn  0.000000 -0.476190 -0.879342
vn  -0.771149 0.000000 0.636655
vn  -0.426231 0.000000 0.904614
vn  -0.426231 0.000000 0.904614
vn  -0.887195 0.209831 0.410922
vn  -0.951145 0.103032 0.291046
vn  0.000000 0.873611 -0.486625
vn  -0.826137 0.152592 0.542414
vn  0.000000 0.487781 -0.872966
vn  0.000000 -0.000000 1.000000
vn  0.000000 -0.000000 1.000000
vn  -1.000000 0.000000 0.000000
vn  0.000000 0.706309 0.707904
vn  -1.000000 0.000000 0.000000
vn  0.000000 0.999997 0.002281
vn  -1.000000 0.000000 0.000000
vn  0.000000 0.709729 -0.704475
vn  -1.000000 0.000000 0.000000
vn  0.000000 0.000000 -1.000000
vn  0.000000 0.000000 -1.000000
vn  -1.000000 0.000000 0.000000
vn  0.000000 -0.934630 -0.355623
vn  -0.932303 0.000000 0.361678
vn  0.000000 -0.706309 -0.707904
vn  -1.000000 0.000000 0.000000
vn  0.000000 -0.999997 -0.002281
vn  -1.000000 0.000000 0.000000
vn  0.000000 -0.709729 0.704475
vn  -1.000000 0.000000 0.000000
vn  0.000000 -0.785353 -0.619048
vn  0.000000 0.000000 -1.000000
vn  0.000000 0.000000 -1.000000
vn  0.000000 -0.897960 -0.440077
vn  0.703291 0.000000 -0.710902
vn  0.000000 -0.973338 -0.229378
vn  0.928812 0.000000 -0.370552
vn  0.000000 -1.000000 -0.000027
vn  1.000000 0.000000 -0.000044
vn  0.000000 -0.973324 0.229435
vn  0.928775 0.000000 0.370645
vn  0.000000 -0.897934 0.440130
vn  0.703202 0.000000 0.710990
vn  0.000000 -0.785353 0.619048
vn  -0.000000 0.000000 1.000000
vn  -0.000000 0.000000 1.000000
vn  0.000000 -0.897945 0.440107
vn  -0.703242 0.000000 0.710951
vn  0.000000 -0.973327 0.229421
vn  -0.928784 0.000000 0.370621
vn  0.000000 -1.000000 0.000041
vn  -1.000000 0.000000 0.000066
vn  0.000000 -0.973318 -0.229461
vn  -0.928758 0.000000 -0.370686
vn  0.000000 -0.897923 -0.440154
vn  -0.703161 0.000000 -0.711030
vn  0.000000 0.000000 1.000000
vn  0.000000 0.000000 1.000000
vn  1.000000 0.000000 0.000000
vn  0.000000 -0.706309 0.707904
vn  1.000000 0.000000 0.000000
vn  0.000000 -0.999997 0.002281
vn  1.000000 0.000000 0.000000
vn  0.000000 -0.709729 -0.704475
vn  1.000000 0.000000 0.000000
vn  0.000000 -0.000000 -1.000000
vn  0.000000 -0.000000 -1.000000
vn  1.000000 0.000000 0.000000
vn  0.000000 -0.785353 -0.619048
vn  0.000000 0.000000 -1.000000
vn  0.000000 0.000000 -1.000000
vn  0.000000 -0.897945 -0.440107
vn  0.703242 0.000000 -0.710951
vn  0.000000 -0.973327 -0.229421
vn  0.928784 0.000000 -0.370621
vn  0.000000 -1.000000 -0.000041
vn  1.000000 0.000000 -0.000066
vn  0.000000 -0.973318 0.229461
vn  0.928758 0.000000 0.370686
vn  0.000000 -0.897923 0.440154
vn  0.703161 0.000000 0.711030
vn  0.000000 -0.785353 0.619048
vn  -0.000000 0.000000 1.000000
vn  -0.000000 0.000000 1.000000
vn  0.000000 -0.897960 0.440077
vn  -0.703291 0.000000 0.710902
vn  0.000000 -0.973338 0.229378
vn  -0.928812 0.000000 0.370552
vn  0.000000 -1.000000 0.000027
vn  -1.000000 0.000000 0.000044
vn  0.000000 -0.973324 -0.229435
vn  -0.928775 0.000000 -0.370645
vn  0.000000 -0.897934 -0.440130
vn  -0.703202 0.000000 -0.710990
vn  0.000000 0.706309 -0.707904
vn  1.000000 0.000000 0.000000
vn  0.000000 0.999997 -0.002281
vn  1.000000 0.000000 0.000000
vn  0.000000 0.709729 0.704475
vn  1.000000 0.000000 0.000000
vn  -0.936940 0.000000 -0.349491
vn  0.000000 -0.943178 0.332289
vn  0.000000 -0.706309 -0.707904
vn  -1.000000 0.000000 0.000000
vn  0.000000 -0.999997 -0.002281
vn  -1.000000 0.000000 0.000000
vn  0.000000 -0.709729 0.704475
vn  -1.000000 0.000000 0.000000
vn  0.000000 -0.785353 -0.619048
vn  0.000000 0.000000 -1.000000
vn  0.000000 0.000000 -1.000000
vn  0.000000 -0.897960 -0.440077
vn  0.703291 0.000000 -0.710902
vn  0.000000 -0.973338 -0.229378
vn  0.928812 0.000000 -0.370552
vn  0.000000 -1.000000 -0.000027
vn  1.000000 0.000000 -0.000044
vn  0.000000 -0.973324 0.229435
vn  0.928775 0.000000 0.370645
vn  0.000000 -0.897934 0.440130
vn  0.703202 0.000000 0.710990
vn  0.000000 -0.785353 0.619048
vn  -0.000000 0.000000 1.000000
vn  -0.000000 0.000000 1.000000
vn  0.000000 -0.897945 0.440107
vn  -0.703242 0.000000 0.710951
vn  0.000000 -0.973327 0.229421
vn  -0.928784 0.000000 0.370621
vn  0.000000 -1.000000 0.000041
vn  -1.000000 0.000000 0.000066
vn  0.000000 -0.973318 -0.229461
vn  -0.928758 0.000000 -0.370686
vn  0.000000 -0.897923 -0.440154
vn  -0.703161 0.000000 -0.711030
vn  0.000000 -0.422618 0.906308
vn  -1.000000 0.000000 0.000000
vn  0.000000 -0.422618 0.906308
vn  0.000000 -0.929045 0.369967
vn  -1.000000 0.000000 0.000000
vn  0.000000 -0.930858 -0.365381
vn  -1.000000 0.000000 0.000000
vn  0.000000 -0.427056 -0.904225
vn  -1.000000 0.000000 0.000000
vn  0.000000 -0.512174 0.858881
vn  0.000000 -0.427056 -0.904225
vn  0.000000 -0.512174 0.858881
vn  -1.000000 0.000000 0.000000
vn  0.000000 -0.218832 -0.975763
vn  -1.000000 0.000000 0.000000
vn  0.000000 0.000000 -1.000000
vn  -1.000000 0.000000 0.000000
vn  0.000000 0.216440 -0.976296
vn  -1.000000 0.000000 0.000000
vn  0.000000 0.422618 -0.906308
vn  0.000000 0.422618 -0.906308
vn  -1.000000 0.000000 0.000000
vn  -1.000000 0.000000 0.000000
vn  0.000000 -0.753867 0.657027
vn  -1.000000 0.000000 0.000000
vn  0.000000 -0.955551 0.294825
vn  -0.412370 0.192291 0.890491
vn  -1.000000 0.000000 0.000000
vn  -0.672230 0.313466 0.670706
vn  -1.000000 0.000000 0.000000
vn  -0.836514 0.390073 0.384820
vn  -1.000000 0.000000 0.000000
vn  -0.906308 0.422618 0.000000
vn  -0.906308 0.422618 -0.000034
vn  -1.000000 0.000000 0.000000
vn  -0.906308 0.422618 0.000000
vn  -0.906308 0.422618 0.000000
vn  -1.000000 0.000000 0.000000
vn  -0.837122 0.390356 -0.383208
vn  -1.000000 0.000000 0.000000
vn  -0.672983 0.313817 -0.669786
vn  -1.000000 0.000000 0.000000
vn  0.000000 -0.955551 -0.294825
vn  -0.412370 0.192291 -0.890491
vn  -1.000000 0.000000 0.000000
vn  0.000000 -0.753867 -0.657027
vn  -1.000000 0.000000 0.000000
vn  0.000000 -0.422618 -0.906308
vn  0.000000 -0.422618 -0.906308
vn  -1.000000 0.000000 0.000000
vn  0.000000 -0.929056 -0.369940
vn  -1.000000 0.000000 0.000000
vn  0.000000 -0.930847 0.365408
vn  -1.000000 0.000000 0.000000
vn  0.000000 -0.512174 -0.858881
vn  0.000000 -0.427056 0.904225
vn  -1.000000 0.000000 0.000000
vn  0.000000 -0.814025 -0.580830
vn  -1.000000 0.000000 0.000000
vn  0.000000 -0.978661 -0.205480
vn  -1.000000 0.000000 0.000000
vn  0.000000 -0.978767 0.204975
vn  -1.000000 0.000000 0.000000
vn  0.000000 -0.814055 0.580788
vn  0.000000 -0.512174 -0.858881
vn  0.000000 -0.427056 0.904225
vn  -1.000000 0.000000 0.000000
vn  0.000000 -0.814055 -0.580788
vn  -1.000000 0.000000 0.000000
vn  0.000000 -0.978767 -0.204975
vn  -1.000000 0.000000 0.000000
vn  0.000000 -0.978661 0.205480
vn  -1.000000 0.000000 0.000000
vn  0.000000 -0.814025 0.580830
vn  -1.000000 0.000000 0.000000
vn  0.000000 0.422618 0.906308
vn  0.000000 0.422618 0.906308
vn  -1.000000 0.000000 0.000000
vn  0.000000 0.216440 0.976296
vn  -1.000000 0.000000 0.000000
vn  0.000000 -0.000000 1.000000
vn  -1.000000 0.000000 0.000000
vn  0.000000 -0.218832 0.975763
vn  -1.000000 0.000000 0.000000
vn  0.000000 -0.000000 1.000000
vn  -1.000000 0.000000 0.000000
vn  0.000000 -0.000000 1.000000
vn  0.000000 -0.434164 0.900834
vn  -1.000000 0.000000 0.000000
vn  0.000000 -0.781905 0.623397
vn  -1.000000 0.000000 0.000000
vn  0.000000 -0.974847 0.222876
vn  -1.000000 0.000000 0.000000
vn  0.000000 -0.975067 -0.221910
vn  -1.000000 0.000000 0.000000
vn  0.000000 -0.782541 -0.622599
vn  -1.000000 0.000000 0.000000
vn  0.000000 -0.435213 -0.900327
vn  -1.000000 0.000000 0.000000
vn  0.000000 0.000000 -1.000000
vn  -1.000000 0.000000 0.000000
vn  0.000000 0.000000 -1.000000
vn  0.000000 -0.953299 -0.302029
vn  -0.208033 0.097007 -0.973299
vn  0.000000 -0.952561 -0.304348
vn  0.000000 0.000000 -1.000000
vn  0.000000 -0.960237 -0.279187
vn  0.637632 -0.297333 -0.710646
vn  0.000000 -0.976085 -0.217391
vn  0.906308 -0.422618 -0.000000
vn  0.906308 -0.422618 0.000000
vn  0.000000 -1.000000 0.000000
vn  0.906308 -0.422618 0.000000
vn  0.000000 -0.976085 0.217391
vn  0.906308 -0.422618 0.000000
vn  0.906308 -0.422618 0.000000
vn  0.000000 -0.960567 0.278048
vn  0.649405 -0.302823 0.697547
vn  0.000000 -0.954795 0.297265
vn  0.359755 -0.167757 0.917842
vn  0.000000 -0.952562 0.304346
vn  0.000000 0.000000 1.000000
vn  0.000000 -0.953298 0.302032
vn  -0.207846 0.096920 0.973348
vn  -1.000000 0.000000 0.000000
vn  0.000000 0.000000 -1.000000
vn  0.000000 0.000000 -1.000000
vn  -1.000000 0.000000 0.000000
vn  0.000000 0.435205 -0.900331
vn  -1.000000 0.000000 0.000000
vn  0.000000 0.782539 -0.622601
vn  -1.000000 0.000000 0.000000
vn  0.000000 0.975067 -0.221909
vn  -1.000000 0.000000 0.000000
vn  0.000000 0.974854 0.222844
vn  -1.000000 0.000000 0.000000
vn  0.000000 0.781924 0.623374
vn  -1.000000 0.000000 0.000000
vn  0.000000 0.434167 0.900832
vn  -1.000000 0.000000 0.000000
vn  0.000000 -0.000000 1.000000
vn  0.000000 -0.000000 1.000000
vn  -1.000000 0.000000 0.000000
vn  0.000000 -0.435205 0.900331
vn  -1.000000 0.000000 0.000000
vn  0.000000 -0.782539 0.622601
vn  -1.000000 0.000000 0.000000
vn  0.000000 -0.975067 0.221909
vn  -1.000000 0.000000 0.000000
vn  0.000000 -0.974854 -0.222844
vn  -1.000000 0.000000 0.000000
vn  0.000000 -0.781924 -0.623374
vn  -1.000000 0.000000 0.000000
vn  0.000000 -0.434167 -0.900832
vn  -1.000000 0.000000 0.000000
vn  0.000000 0.435213 0.900327
vn  -1.000000 0.000000 0.000000
vn  0.000000 0.782541 0.622599
vn  -1.000000 0.000000 0.000000
vn  0.000000 0.975067 0.221910
vn  -1.000000 0.000000 0.000000
vn  0.000000 0.974847 -0.222876
vn  -1.000000 0.000000 0.000000
vn  0.000000 0.781905 -0.623397
vn  -1.000000 0.000000 0.000000
vn  0.000000 0.434164 -0.900834
vn  0.000000 -0.000000 1.000000
vn  -0.707107 -0.000000 0.707107
vn  -0.707107 -0.000000 0.707107
vn  0.000000 -0.000000 1.000000
vn  0.000000 -0.433884 0.900969
vn  -0.707107 -0.306802 0.637081
vn  0.000000 -0.781831 0.623490
vn  -0.707107 -0.552838 0.440874
vn  0.000000 -0.974928 0.222521
vn  -0.707107 -0.689378 0.157346
vn  0.000000 -0.974928 -0.222521
vn  -0.707107 -0.689378 -0.157346
vn  0.000000 -0.781831 -0.623490
vn  -0.707107 -0.552838 -0.440874
vn  0.000000 -0.433884 -0.900969
vn  -0.707107 -0.306802 -0.637081
vn  0.000000 0.000000 -1.000000
vn  -0.707107 0.000000 -0.707107
vn  -0.707107 0.000000 -0.707107
vn  0.000000 0.000000 -1.000000
vn  -0.707107 0.306802 0.637081
vn  0.000000 0.433884 0.900969
vn  -0.707107 0.552838 0.440874
vn  0.000000 0.781831 0.623490
vn  -0.707107 0.689378 0.157346
vn  0.000000 0.974928 0.222521
vn  -0.707107 0.689378 -0.157346
vn  0.000000 0.974928 -0.222521
vn  -0.707107 0.552838 -0.440874
vn  0.000000 0.781831 -0.623490
vn  -0.707107 0.306802 -0.637081
vn  0.000000 0.433884 -0.900969
vn  -0.906308 0.422618 0.000000
vn  -0.906311 0.422610 0.000000
vn  -0.906332 0.422566 -0.000278
vn  -0.906308 0.422618 0.000000
vn  -0.645681 0.301086 -0.701743
vn  -0.645654 0.301091 -0.701765
vn  -0.353226 0.164712 -0.920924
vn  -0.353237 0.164716 -0.920919
vn  0.000000 0.000000 -1.000000
vn  0.000000 0.000000 -1.000000
vn  0.000000 0.000000 -1.000000
vn  -0.001892 0.000419 -0.999998
vn  0.000000 0.000000 -1.000000
vn  -0.000000 0.000000 -1.000000
vn  0.000000 0.000000 -1.000000
vn  0.640856 -0.298836 -0.707107
vn  0.640856 -0.298836 -0.707107
vn  0.906308 -0.422618 -0.000000
vn  0.906308 -0.422618 0.000000
vn  0.906308 -0.422618 0.000000
vn  0.906308 -0.422618 -0.000000
vn  0.906308 -0.422618 0.000000
vn  0.906308 -0.422618 0.000000
vn  0.906308 -0.422618 0.000000
vn  0.906308 -0.422618 0.000000
vn  0.976296 -0.216440 0.000000
vn  0.976296 -0.216440 -0.000000
vn  1.000000 0.000000 0.000000
vn  1.000000 0.000000 -0.000000
vn  1.000000 0.000000 -0.000000
vn  1.000000 0.000000 0.000000
vn  1.000000 0.000000 0.000000
vn  1.000000 0.000000 0.000000
vn  1.000000 0.000000 0.000000
vn  1.000000 0.000000 0.000000
vn  0.976296 -0.216440 0.000000
vn  0.976296 -0.216440 0.000000
vn  -0.000000 0.000000 -1.000000
vn  0.000000 0.000000 -1.000000
vn  -0.000000 0.000000 -1.000000
vn  0.000000 0.000000 -1.000000
vn  0.000000 0.000000 -1.000000
vn  0.707107 0.000000 -0.707107
vn  0.707107 0.000000 -0.707107
vn  -0.386600 0.000000 -0.922248
vn  -0.386617 0.000042 -0.922240
vn  -0.710752 0.000000 -0.703442
vn  -0.710729 -0.000005 -0.703466
vn  -1.000000 0.000000 0.000000
vn  -1.000000 0.000000 0.000000
vn  -1.000000 0.000009 0.000000
vn  -1.000000 0.000081 -0.000272
vn  -1.000000 0.000000 0.000000
vn  0.000000 1.000000 0.000000
vn  -1.000000 0.000000 0.000000
vn  -0.707119 0.000000 -0.707094
vn  0.000000 1.000000 0.000000
vn  0.000000 0.000000 -1.000000
vn  0.000000 1.000000 0.000000
vn  0.707094 0.000000 -0.707119
vn  0.000000 1.000000 0.000000
vn  1.000000 0.000000 -0.000000
vn  1.000000 0.000000 0.000000
vn  0.000000 1.000000 0.000000
vn  1.000000 0.000000 0.000000
vn  0.000000 1.000000 0.000000
vn  1.000000 0.000000 0.000000
vn  0.000000 1.000000 0.000000
vn  0.000000 0.000000 -1.000000
vn  0.000000 0.000000 -1.000000
vn  0.000000 1.000000 0.000000
vn  0.000000 0.000000 -1.000000
vn  0.000000 0.000000 -1.000000
vn  0.000000 1.000000 0.000000
vn  0.500418 0.000000 -0.865784
vn  0.000000 1.000000 0.000000
vn  0.865784 0.000000 -0.500418
vn  0.000000 1.000000 0.000000
vn  1.000000 0.000000 0.000000
vn  0.000000 1.000000 0.000000
vn  0.865784 0.000000 0.500418
vn  0.000000 1.000000 0.000000
vn  0.500418 0.000000 0.865784
vn  0.000000 1.000000 0.000000
vn  0.000000 0.000000 1.000000
vn  0.000000 0.000000 1.000000
vn  0.000000 1.000000 0.000000
vn  -0.000000 0.000000 1.000000
vn  0.000000 0.000000 1.000000
vn  0.000000 1.000000 0.000000
vn  -0.500418 0.000000 0.865784
vn  0.000000 1.000000 0.000000
vn  -0.865784 0.000000 0.500418
vn  0.000000 1.000000 0.000000
vn  -1.000000 0.000000 -0.000000
vn  0.000000 1.000000 0.000000
vn  -0.865784 0.000000 -0.500418
vn  0.000000 1.000000 0.000000
vn  -0.500418 0.000000 -0.865784
vn  0.000000 1.000000 0.000000
vn  -1.000000 0.000000 0.000000
vn  -1.000000 0.000000 -0.000035
vn  0.000000 1.000000 0.000000
vn  -0.707094 0.000000 0.707119
vn  0.000000 1.000000 0.000000
vn  0.000000 0.000000 1.000000
vn  0.000000 1.000000 0.000000
vn  0.707119 0.000000 0.707094
vn  0.000000 1.000000 0.000000
vn  1.000000 0.000000 0.000000
vn  1.000000 0.000000 0.000000
vn  0.000000 1.000000 0.000000
vn  0.922691 0.000000 -0.385541
vn  0.000000 1.000000 0.000000
vn  0.702259 0.000000 -0.711921
vn  0.000000 1.000000 0.000000
vn  -0.003934 0.000000 -0.999992
vn  0.000000 1.000000 0.000000
vn  -0.706627 0.000000 -0.707586
vn  0.000000 1.000000 0.000000
vn  -1.000000 0.000000 0.000000
vn  -1.000000 0.000000 -0.000000
vn  0.000000 1.000000 0.000000
vn  -0.922691 0.000000 0.385541
vn  0.000000 1.000000 0.000000
vn  -0.702259 0.000000 0.711921
vn  0.000000 1.000000 0.000000
vn  0.003934 0.000000 0.999992
vn  0.000000 1.000000 0.000000
vn  0.706627 0.000000 0.707586
vn  -1.000000 0.000000 -0.000000
vn  0.000000 -1.000000 0.000000
vn  -0.865784 0.000000 -0.500418
vn  0.000000 -1.000000 0.000000
vn  -0.500418 0.000000 -0.865784
vn  0.000000 -1.000000 0.000000
vn  0.000000 0.000000 -1.000000
vn  0.000000 -1.000000 0.000000
vn  0.000000 0.000000 -1.000000
vn  -0.000000 0.000000 1.000000
vn  0.000000 -1.000000 0.000000
vn  0.000000 0.000000 1.000000
vn  -0.500418 0.000000 0.865784
vn  0.000000 -1.000000 0.000000
vn  -0.865784 0.000000 0.500418
vn  0.000000 -1.000000 0.000000
vn  0.000000 -1.000000 0.000000
vn  0.000000 0.000000 1.000000
vn  0.000000 0.000000 1.000000
vn  0.000000 -1.000000 0.000000
vn  0.500418 0.000000 0.865784
vn  0.000000 -1.000000 0.000000
vn  0.865784 0.000000 0.500418
vn  0.000000 -1.000000 0.000000
vn  1.000000 0.000000 0.000000
vn  0.000000 -1.000000 0.000000
vn  0.865784 0.000000 -0.500418
vn  0.000000 -1.000000 0.000000
vn  0.500418 0.000000 -0.865784
vn  0.000000 -1.000000 0.000000
vn  0.000000 0.000000 -1.000000
vn  0.000000 0.000000 -1.000000
vn  0.000000 -1.000000 0.000000
vn  0.000000 0.000000 -1.000000
vn  0.000000 0.000000 -1.000000
vn  0.000000 -1.000000 0.000000
vn  0.000000 0.000000 -1.000000
vn  0.000000 0.000000 -1.000000
vn  0.000000 -1.000000 0.000000
vn  0.501131 0.000000 -0.865371
vn  0.000000 -1.000000 0.000000
vn  0.866014 0.000000 -0.500020
vn  0.000000 -1.000000 0.000000
vn  0.999998 0.000000 -0.001802
vn  0.000000 -1.000000 0.000000
vn  0.866797 0.000000 0.498661
vn  0.000000 -1.000000 0.000000
vn  0.499980 0.000000 0.866037
vn  0.000000 -1.000000 0.000000
vn  0.000000 0.000000 1.000000
vn  0.000000 0.000000 1.000000
vn  0.000000 -1.000000 0.000000
vn  -0.000000 0.000000 1.000000
vn  0.000000 0.000000 1.000000
vn  0.000000 -1.000000 0.000000
vn  -0.501131 0.000000 0.865371
vn  0.000000 -1.000000 0.000000
vn  -0.866014 0.000000 0.500020
vn  0.000000 -1.000000 0.000000
vn  -0.999998 0.000000 0.001802
vn  0.000000 -1.000000 0.000000
vn  -0.866797 0.000000 -0.498661
vn  0.000000 -1.000000 0.000000
vn  -0.499980 0.000000 -0.866037
vn  -1.000000 0.000000 0.000000
vn  -1.000000 0.000009 0.000000
vn  -1.000000 0.000062 0.000278
vn  -1.000000 0.000000 -0.000035
vn  -0.976356 0.216167 0.000000
vn  -0.976354 0.216180 -0.000279
vn  -0.906311 0.422610 0.000000
vn  -0.906308 0.422618 0.000000
vn  -0.906308 0.422618 -0.000034
vn  -0.906342 0.422545 0.000272
vn  -0.976233 0.216722 0.000000
vn  -0.976236 0.216709 0.000279
vn  0.640856 -0.298836 0.707107
vn  0.640856 -0.298836 0.707107
vn  0.000000 0.000000 1.000000
vn  0.000000 0.000000 1.000000
vn  -0.000000 0.000000 1.000000
vn  0.000000 0.000000 1.000000
vn  -0.001892 0.000419 0.999998
vn  0.000000 0.000000 1.000000
vn  0.000000 0.000000 1.000000
vn  -0.350393 0.163391 0.922241
vn  -0.350426 0.163360 0.922234
vn  -0.644182 0.300387 0.703418
vn  -0.644159 0.300382 0.703441
vn  -0.384611 -0.000065 0.923079
vn  -0.384565 0.000000 0.923098
vn  -0.710402 -0.000027 0.703796
vn  -0.710427 0.000000 0.703771
vn  0.000000 0.000000 1.000000
vn  0.000000 0.000000 1.000000
vn  -0.000000 0.000000 1.000000
vn  0.707107 0.000000 0.707107
vn  0.707107 0.000000 0.707107
vn  0.000000 0.000000 1.000000
vn  -0.000000 0.000000 1.000000
vn  -0.000000 0.000000 1.000000
vn  0.000000 0.870356 0.492424
vn  -0.000000 0.870356 0.492424
vn  0.707107 0.000000 0.707107
vn  0.348196 0.870356 0.348196
vn  1.000000 0.000000 0.000000
vn  0.492424 0.870356 0.000000
vn  1.000000 0.000000 0.000000
vn  -1.000000 0.000000 0.000000
vn  -0.492424 0.870356 0.000000
vn  -1.000000 0.000000 -0.000000
vn  -0.707107 0.000000 0.707107
vn  -0.348196 0.870356 0.348196
vn  0.000000 0.870356 0.492424
vn  0.000000 0.870356 -0.492424
vn  0.000000 0.870356 -0.492424
vn  -0.000000 0.870356 0.492424
vn  0.000000 0.870356 -0.492424
vn  0.000000 0.870356 -0.492424
vn  0.000000 0.000000 -1.000000
vn  0.348196 0.870356 -0.348196
vn  0.707107 0.000000 -0.707107
vn  -0.348196 0.870356 -0.348196
vn  -0.707107 0.000000 -0.707107
vn  0.000000 -0.000000 1.000000
vn  -1.000000 0.000000 0.000000
vn  0.000000 0.216440 0.976296
vn  -1.000000 0.000000 0.000000
vn  0.000000 0.216440 -0.976296
vn  -1.000000 0.000000 0.000000
vn  0.000000 0.000000 -1.000000
vn  -1.000000 0.000000 0.000000
vn  0.000000 -0.435698 -0.900093
vn  -1.000000 0.000000 0.000000
vn  0.000000 -0.784398 -0.620258
vn  -1.000000 0.000000 0.000000
vn  0.000000 -0.976379 -0.216067
vn  -1.000000 0.000000 0.000000
vn  0.000000 -0.973121 0.230296
vn  -1.000000 0.000000 0.000000
vn  0.000000 -0.776096 0.630615
vn  -1.000000 0.000000 0.000000
vn  0.000000 -0.422618 0.906308
vn  -1.000000 0.000000 0.000000
vn  0.000000 -0.216440 0.976296
vn  -1.000000 0.000000 0.000000
vn  -1.000000 0.000000 0.000000
vn  0.000000 0.939138 0.343539
vn  0.000000 -0.998787 0.049249
vn  -1.000000 0.000000 0.000000
vn  0.000000 -0.689463 0.724321
vn  -1.000000 0.000000 0.000000
vn  0.000000 -0.000000 1.000000
vn  0.000000 -0.000000 1.000000
vn  -1.000000 0.000000 0.000000
vn  0.000000 0.503996 0.863706
vn  -1.000000 0.000000 0.000000
vn  0.000000 0.869252 0.494370
vn  -1.000000 0.000000 0.000000
vn  0.000000 0.999992 -0.003934
vn  -1.000000 0.000000 0.000000
vn  0.000000 0.865296 -0.501262
vn  -1.000000 0.000000 0.000000
vn  0.000000 0.501004 -0.865445
vn  -1.000000 0.000000 0.000000
vn  0.000000 0.000000 -1.000000
vn  0.000000 0.000000 -1.000000
vn  -1.000000 0.000000 0.000000
vn  0.000000 -0.516362 -0.856370
vn  -1.000000 0.000000 0.000000
vn  0.000000 0.996334 0.085545
vn  0.000000 -0.884394 -0.466740
vn  -1.000000 0.000000 0.000000
vn  0.000000 0.736731 -0.676186
vn  -1.000000 0.000000 0.000000
vn  0.000000 0.000000 -1.000000
vn  -1.000000 0.000000 0.000000
vn  0.000000 -0.709878 -0.704324
vn  -1.000000 0.000000 0.000000
vn  0.000000 -0.999997 0.002474
vn  -1.000000 0.000000 0.000000
vn  0.000000 -0.706336 0.707876
vn  -1.000000 0.000000 0.000000
vn  0.000000 -0.000000 1.000000
vn  -1.000000 0.000000 0.000000
vn  0.000000 0.572921 0.819611
vn  -1.000000 0.000000 0.000000
vn  0.000000 0.456742 -0.889599
vn  0.000000 -0.767083 0.641548
vn  -1.000000 0.000000 0.000000
vn  0.000000 0.234948 -0.972008
vn  -1.000000 0.000000 0.000000
vn  0.000000 0.000000 -1.000000
vn  0.000000 0.000000 -1.000000
vn  -1.000000 0.000000 0.000000
vn  0.000000 -0.503996 -0.863706
vn  -1.000000 0.000000 0.000000
vn  0.000000 -0.869252 -0.494370
vn  -1.000000 0.000000 0.000000
vn  0.000000 -0.999992 0.003934
vn  -1.000000 0.000000 0.000000
vn  0.000000 -0.865296 0.501262
vn  -1.000000 0.000000 0.000000
vn  0.000000 -0.501004 0.865445
vn  -1.000000 0.000000 0.000000
vn  0.000000 -0.000000 1.000000
vn  0.000000 -0.000000 1.000000
vn  -1.000000 0.000000 0.000000
vn  0.000000 0.653054 0.757311
vn  -1.000000 0.000000 0.000000
vn  0.000000 0.988764 0.149487
vn  -1.000000 0.000000 0.000000
vn  0.000000 0.846406 -0.532538
vn  0.000000 -0.572251 0.820079
vn  -1.000000 0.000000 0.000000
vn  0.000000 -0.299935 0.953960
vn  -1.000000 0.000000 0.000000
vn  0.000000 -0.000000 1.000000
vn  -1.000000 0.000000 0.000000
vn  0.000000 0.709878 0.704324
vn  -1.000000 0.000000 0.000000
vn  0.000000 0.999997 -0.002474
vn  -1.000000 0.000000 0.000000
vn  0.000000 0.706336 -0.707876
vn  -1.000000 0.000000 0.000000
vn  0.000000 0.000000 -1.000000
vn  -1.000000 0.000000 0.000000
vn  0.000000 -0.686900 -0.726752
vn  -1.000000 0.000000 0.000000
vn  0.000000 -0.998158 -0.060662
vn  -1.000000 0.000000 0.000000
vn  0.000000 0.542044 0.840350
vn  0.000000 -0.172055 -0.985087
vn  -1.000000 0.000000 0.000000
vn  0.000000 0.843408 0.537274
vn  -1.000000 0.000000 0.000000
vn  0.000000 0.990273 0.139139
vn  -1.000000 0.000000 0.000000
vn  0.000000 0.959258 -0.282533
vn  -1.000000 0.000000 0.000000
vn  0.000000 0.756756 -0.653697
vn  -1.000000 0.000000 0.000000
vn  0.000000 0.417531 -0.908662
vn  -1.000000 0.000000 0.000000
vn  0.000000 0.000000 -1.000000
vn  0.000000 0.000000 -1.000000
vn  -1.000000 0.000000 0.000000
vn  0.000000 -0.503996 -0.863706
vn  -1.000000 0.000000 0.000000
vn  0.000000 -0.869252 -0.494370
vn  -1.000000 0.000000 0.000000
vn  0.000000 -0.999992 0.003934
vn  -1.000000 0.000000 0.000000
vn  0.000000 -0.865296 0.501262
vn  -1.000000 0.000000 0.000000
vn  0.000000 -0.501004 0.865445
vn  -1.000000 0.000000 0.000000
vn  0.000000 -0.000000 1.000000
vn  0.000000 -0.000000 1.000000
vn  -1.000000 0.000000 0.000000
vn  0.000000 0.018998 0.999820
vn  -1.000000 0.000000 0.000000
vn  0.000000 0.037988 0.999278
vn  0.000000 -0.424083 -0.905623
vn  -1.000000 0.000000 0.000000
vn  0.000000 -0.897866 -0.440269
vn  -1.000000 0.000000 0.000000
vn  0.000000 -0.976118 0.217241
vn  -1.000000 0.000000 0.000000
vn  0.000000 -0.626403 0.779499
vn  -1.000000 0.000000 0.000000
vn  0.000000 0.000000 1.000000
vn  -1.000000 0.000000 0.000000
vn  0.000000 0.709878 0.704324
vn  -1.000000 0.000000 0.000000
vn  0.000000 0.999997 -0.002474
vn  -1.000000 0.000000 0.000000
vn  0.000000 0.706336 -0.707876
vn  -1.000000 0.000000 0.000000
vn  0.000000 0.000000 -1.000000
vn  -1.000000 0.000000 0.000000
vn  0.000000 -0.086350 -0.996265
vn  -1.000000 0.000000 0.000000
vn  0.000000 0.000000 -1.000000
vn  0.000000 0.000000 -1.000000
vn  -1.000000 0.000000 0.000000
vn  0.000000 -0.506064 -0.862496
vn  -1.000000 0.000000 0.000000
vn  0.000000 -0.869132 -0.494581
vn  -1.000000 0.000000 0.000000
vn  0.000000 -0.865264 0.501316
vn  -1.000000 0.000000 0.000000
vn  0.000000 -0.000000 1.000000
vn  0.000000 -0.000000 1.000000
vn  -1.000000 0.000000 0.000000
vn  0.000000 0.506064 0.862496
vn  -1.000000 0.000000 0.000000
vn  0.000000 0.869132 0.494581
vn  -1.000000 0.000000 0.000000
vn  0.000000 0.865264 -0.501316
vn  -1.000000 0.000000 0.000000
vn  0.000000 -0.000000 1.000000
vn  0.000000 -0.000000 1.000000
vn  -1.000000 0.000000 0.000000
vn  0.000000 0.506064 0.862496
vn  -1.000000 0.000000 0.000000
vn  0.000000 0.869132 0.494581
vn  -1.000000 0.000000 0.000000
vn  0.000000 0.865264 -0.501316
vn  -1.000000 0.000000 0.000000
vn  0.000000 0.000000 -1.000000
vn  0.000000 0.000000 -1.000000
vn  -1.000000 0.000000 0.000000
vn  0.000000 -0.506064 -0.862496
vn  -1.000000 0.000000 0.000000
vn  0.000000 -0.869132 -0.494581
vn  -1.000000 0.000000 0.000000
vn  0.000000 -0.865264 0.501316
vn  0.000000 0.996334 0.085545
vn  0.000000 -0.884394 -0.466740
vn  -1.000000 0.000000 0.000000
vn  0.000000 0.736731 -0.676186
vn  -1.000000 0.000000 0.000000
vn  0.000000 0.000000 -1.000000
vn  -1.000000 0.000000 0.000000
vn  0.000000 -0.676186 -0.736731
vn  -1.000000 0.000000 0.000000
vn  0.000000 -0.996334 -0.085545
vn  -1.000000 0.000000 0.000000
vn  0.000000 -0.736731 0.676186
vn  -1.000000 0.000000 0.000000
vn  0.000000 0.000000 1.000000
vn  -1.000000 0.000000 0.000000
vn  0.000000 0.572907 0.819620
vn  -1.000000 0.000000 0.000000
vn  0.000000 0.939138 0.343539
vn  0.000000 -0.998787 0.049249
vn  -1.000000 0.000000 0.000000
vn  0.000000 -0.976296 -0.216440
vn  -1.000000 0.000000 0.000000
vn  0.000000 0.000000 -1.000000
vn  1.000000 0.000000 0.000000
vn  0.000000 0.000000 -1.000000
vn  0.000000 -0.501004 -0.865445
vn  1.000000 0.000000 0.000000
vn  0.000000 -0.865296 -0.501262
vn  1.000000 0.000000 0.000000
vn  0.000000 -0.999992 -0.003934
vn  1.000000 0.000000 0.000000
vn  0.000000 -0.869252 0.494370
vn  1.000000 0.000000 0.000000
vn  0.000000 -0.503996 0.863706
vn  1.000000 0.000000 0.000000
vn  0.000000 -0.000000 1.000000
vn  1.000000 0.000000 0.000000
vn  0.000000 -0.000000 1.000000
vn  -1.000000 0.000000 0.000000
vn  0.000000 -0.000000 1.000000
vn  0.000000 -0.000000 1.000000
vn  -1.000000 0.000000 0.000000
vn  0.000000 0.385541 0.922691
vn  -1.000000 0.000000 0.000000
vn  0.000000 0.711921 0.702259
vn  -1.000000 0.000000 0.000000
vn  0.000000 0.999992 -0.003934
vn  -1.000000 0.000000 0.000000
vn  0.000000 0.707586 -0.706627
vn  -1.000000 0.000000 0.000000
vn  0.000000 0.000000 -1.000000
vn  0.000000 0.000000 -1.000000
vn  -1.000000 0.000000 0.000000
vn  0.000000 -0.385541 -0.922691
vn  -1.000000 0.000000 0.000000
vn  0.000000 -0.711921 -0.702259
vn  -1.000000 0.000000 0.000000
vn  0.000000 -0.999992 0.003934
vn  -1.000000 0.000000 0.000000
vn  0.000000 -0.707586 0.706627
vn  0.000000 0.000000 -1.000000
vn  1.000000 0.000000 0.000000
vn  0.000000 0.000000 -1.000000
vn  0.000000 -0.707586 -0.706627
vn  1.000000 0.000000 0.000000
vn  0.000000 -0.999992 -0.003934
vn  1.000000 0.000000 0.000000
vn  0.000000 -0.711921 0.702259
vn  1.000000 0.000000 0.000000
vn  0.000000 -0.385541 0.922691
vn  1.000000 0.000000 0.000000
vn  0.000000 -0.000000 1.000000
vn  1.000000 0.000000 0.000000
vn  0.000000 -0.000000 1.000000
vn  1.000000 0.000000 0.000000
vn  0.000000 0.000000 -1.000000
vn  0.000000 0.000000 -1.000000
vn  1.000000 0.000000 0.000000
vn  0.000000 0.530516 -0.847675
vn  1.000000 0.000000 0.000000
vn  0.000000 0.902829 -0.430000
vn  0.000000 0.066384 0.997794
vn  1.000000 0.000000 0.000000
vn  0.000000 0.620378 0.784303
vn  1.000000 0.000000 0.000000
vn  0.000000 0.955047 0.296453
vn  1.000000 0.000000 0.000000
vn  0.000000 0.955381 -0.295378
vn  1.000000 0.000000 0.000000
vn  0.000000 0.619190 -0.785241
vn  1.000000 0.000000 0.000000
vn  0.000000 0.066384 -0.997794
vn  0.000000 0.902829 0.430000
vn  1.000000 0.000000 0.000000
vn  0.000000 0.533854 0.845577
vn  1.000000 0.000000 0.000000
vn  0.000000 -0.000000 1.000000
vn  0.000000 -0.000000 1.000000
vn  1.000000 0.000000 0.000000
vn  0.000000 -0.533854 0.845577
vn  1.000000 0.000000 0.000000
vn  0.000000 -0.902829 0.430000
vn  0.000000 -0.066384 -0.997794
vn  1.000000 0.000000 0.000000
vn  0.000000 -0.620378 -0.784303
vn  1.000000 0.000000 0.000000
vn  0.000000 -0.955047 -0.296453
vn  1.000000 0.000000 0.000000
vn  0.000000 -0.955381 0.295378
vn  1.000000 0.000000 0.000000
vn  0.000000 -0.619190 0.785241
vn  1.000000 0.000000 0.000000
vn  0.000000 -0.902829 -0.430000
vn  0.000000 -0.066384 0.997794
vn  1.000000 0.000000 0.000000
vn  0.000000 -0.530516 -0.847675
vn  1.000000 0.000000 0.000000
vn  0.000000 -0.000000 1.000000
vn  0.000000 -0.000000 1.000000
vn  1.000000 0.000000 0.000000
vn  0.000000 -0.385541 0.922691
vn  1.000000 0.000000 0.000000
vn  0.000000 -0.711921 0.702259
vn  1.000000 0.000000 0.000000
vn  0.000000 -0.999992 -0.003934
vn  1.000000 0.000000 0.000000
vn  0.000000 -0.707586 -0.706627
vn  1.000000 0.000000 0.000000
vn  0.000000 0.000000 -1.000000
vn  0.000000 0.000000 -1.000000
vn  1.000000 0.000000 0.000000
vn  0.000000 0.385541 -0.922691
vn  1.000000 0.000000 0.000000
vn  0.000000 0.711921 -0.702259
vn  1.000000 0.000000 0.000000
vn  0.000000 0.999992 0.003934
vn  1.000000 0.000000 0.000000
vn  0.000000 0.707586 0.706627
vn  1.000000 0.000000 0.000000
vn  0.000000 0.385541 -0.922691
vn  1.000000 0.000000 0.000000
vn  0.000000 0.711921 -0.702259
vn  1.000000 0.000000 0.000000
vn  0.000000 0.999992 0.003934
vn  1.000000 0.000000 0.000000
vn  0.000000 0.707586 0.706627
vn  1.000000 0.000000 0.000000
vn  0.000000 -0.000000 1.000000
vn  0.000000 -0.000000 1.000000
vn  1.000000 0.000000 0.000000
vn  0.000000 -0.385541 0.922691
vn  1.000000 0.000000 0.000000
vn  0.000000 -0.711921 0.702259
vn  1.000000 0.000000 0.000000
vn  0.000000 -0.999992 -0.003934
vn  1.000000 0.000000 0.000000
vn  0.000000 -0.707586 -0.706627
vn  1.000000 0.000000 0.000000
vn  0.000000 0.000000 -1.000000
vn  0.000000 0.000000 -1.000000
vn  1.000000 0.000000 0.000000
vn  0.000000 0.385541 -0.922691
vn  1.000000 0.000000 0.000000
vn  0.000000 0.711921 -0.702259
vn  1.000000 0.000000 0.000000
vn  0.000000 0.999992 0.003934
vn  1.000000 0.000000 0.000000
vn  0.000000 0.707586 0.706627
vn  1.000000 0.000000 0.000000
vn  0.000000 0.000000 1.000000
vn  0.000000 0.000000 1.000000
vn  1.000000 0.000000 0.000000
vn  0.000000 -0.709467 0.704738
vn  1.000000 0.000000 0.000000
vn  0.000000 -0.999999 -0.001643
vn  1.000000 0.000000 0.000000
vn  0.000000 -0.706484 -0.707729
vn  1.000000 0.000000 0.000000
vn  0.000000 0.000000 -1.000000
vn  0.000000 -0.000000 -1.000000
vn  1.000000 0.000000 0.000000
vn  0.000000 0.709467 -0.704738
vn  1.000000 0.000000 0.000000
vn  0.000000 0.999999 0.001643
vn  1.000000 0.000000 0.000000
vn  0.000000 0.706484 0.707729
vn  1.000000 0.000000 0.000000
vn  0.000000 0.503996 -0.863706
vn  1.000000 0.000000 0.000000
vn  0.000000 0.869252 -0.494370
vn  1.000000 0.000000 0.000000
vn  0.000000 0.999992 0.003934
vn  1.000000 0.000000 0.000000
vn  0.000000 0.865296 0.501262
vn  1.000000 0.000000 0.000000
vn  0.000000 0.501004 0.865445
vn  1.000000 0.000000 0.000000
vn  0.000000 -0.000000 1.000000
vn  0.000000 -0.000000 1.000000
vn  1.000000 0.000000 0.000000
vn  0.000000 -0.503996 0.863706
vn  1.000000 0.000000 0.000000
vn  0.000000 -0.869252 0.494370
vn  1.000000 0.000000 0.000000
vn  0.000000 -0.999992 -0.003934
vn  1.000000 0.000000 0.000000
vn  0.000000 -0.865296 -0.501262
vn  1.000000 0.000000 0.000000
vn  0.000000 -0.501004 -0.865445
vn  1.000000 0.000000 0.000000
vn  0.000000 0.000000 -1.000000
vn  0.000000 0.000000 -1.000000
vn  1.000000 0.000000 0.000000
vn  0.000000 0.503996 -0.863706
vn  1.000000 0.000000 0.000000
vn  0.000000 0.869252 -0.494370
vn  1.000000 0.000000 0.000000
vn  0.000000 0.999992 0.003934
vn  1.000000 0.000000 0.000000
vn  0.000000 0.865296 0.501262
vn  1.000000 0.000000 0.000000
vn  0.000000 0.501004 0.865445
vn  1.000000 0.000000 0.000000
vn  0.000000 -0.000000 1.000000
vn  0.000000 -0.000000 1.000000
vn  1.000000 0.000000 0.000000
vn  0.000000 -0.503996 0.863706
vn  1.000000 0.000000 0.000000
vn  0.000000 -0.869252 0.494370
vn  1.000000 0.000000 0.000000
vn  0.000000 -0.999992 -0.003934
vn  1.000000 0.000000 0.000000
vn  0.000000 -0.865296 -0.501262
vn  1.000000 0.000000 0.000000
vn  0.000000 -0.501004 -0.865445
vn  1.000000 0.000000 0.000000
vn  0.000000 0.000000 -1.000000
vn  0.000000 0.000000 -1.000000
vn  1.000000 0.000000 0.000000
vn  0.000000 0.503996 -0.863706
vn  1.000000 0.000000 0.000000
vn  0.000000 0.869252 -0.494370
vn  1.000000 0.000000 0.000000
vn  0.000000 0.999992 0.003934
vn  1.000000 0.000000 0.000000
vn  0.000000 0.865296 0.501262
vn  1.000000 0.000000 0.000000
vn  0.000000 0.501004 0.865445
vn  0.000000 0.000000 -1.000000
vn  0.000000 0.000000 -1.000000
vn  -1.000000 0.000000 0.000000
vn  0.000000 0.707586 -0.706627
vn  -1.000000 0.000000 0.000000
vn  0.000000 0.999992 -0.003934
vn  -1.000000 0.000000 0.000000
vn  0.000000 0.711921 0.702259
vn  -1.000000 0.000000 0.000000
vn  0.000000 0.385541 0.922691
vn  -1.000000 0.000000 0.000000
vn  0.000000 -0.000000 1.000000
vn  0.000000 -0.000000 1.000000
vn  -1.000000 0.000000 0.000000
vn  0.000000 -0.707586 0.706627
vn  -1.000000 0.000000 0.000000
vn  0.000000 -0.999992 0.003934
vn  -1.000000 0.000000 0.000000
vn  0.000000 -0.711921 -0.702259
vn  -1.000000 0.000000 0.000000
vn  0.000000 -0.385541 -0.922691
vn  -1.000000 0.000000 0.000000
vn  -1.000000 0.000000 0.000000
vn  0.000000 0.542044 0.840350
vn  0.000000 -0.172055 -0.985087
vn  -1.000000 0.000000 0.000000
vn  0.000000 -0.086350 -0.996265
vn  -1.000000 0.000000 0.000000
vn  0.000000 0.000000 -1.000000
vn  -1.000000 0.000000 0.000000
vn  0.000000 0.626417 -0.779488
vn  -1.000000 0.000000 0.000000
vn  0.000000 0.976123 -0.217217
vn  -1.000000 0.000000 0.000000
vn  0.000000 0.897858 0.440285
vn  -1.000000 0.000000 0.000000
vn  0.000000 0.424083 0.905623
vn  -1.000000 0.000000 0.000000
vn  0.000000 0.217229 0.976121
vn  -1.000000 0.000000 0.000000
vn  0.000000 0.000000 1.000000
vn  -1.000000 0.000000 0.000000
vn  0.000000 -0.626417 0.779488
vn  -1.000000 0.000000 0.000000
vn  0.000000 -0.976123 0.217217
vn  -1.000000 0.000000 0.000000
vn  0.000000 -0.897858 -0.440285
vn  -1.000000 0.000000 0.000000
vn  0.000000 0.037988 0.999278
vn  0.000000 -0.424083 -0.905623
vn  -1.000000 0.000000 0.000000
vn  0.000000 0.300706 0.953717
vn  0.000000 0.000000 -1.000000
vn  0.000000 0.000000 -1.000000
vn  -1.000000 0.000000 0.000000
vn  0.000000 0.707586 -0.706627
vn  -1.000000 0.000000 0.000000
vn  0.000000 0.999992 -0.003934
vn  -1.000000 0.000000 0.000000
vn  0.000000 0.711921 0.702259
vn  -1.000000 0.000000 0.000000
vn  0.000000 0.385541 0.922691
vn  -1.000000 0.000000 0.000000
vn  0.000000 -0.000000 1.000000
vn  0.000000 -0.000000 1.000000
vn  -1.000000 0.000000 0.000000
vn  0.000000 -0.707586 0.706627
vn  -1.000000 0.000000 0.000000
vn  0.000000 -0.999992 0.003934
vn  -1.000000 0.000000 0.000000
vn  0.000000 -0.711921 -0.702259
vn  -1.000000 0.000000 0.000000
vn  0.000000 -0.385541 -0.922691
vn  -1.000000 0.000000 0.000000
vn  -1.000000 0.000000 0.000000
vn  0.000000 0.456742 -0.889599
vn  0.000000 -0.767083 0.641548
vn  -1.000000 0.000000 0.000000
vn  0.000000 -0.998158 -0.060662
vn  -1.000000 0.000000 0.000000
vn  0.000000 -0.686900 -0.726752
vn  -1.000000 0.000000 0.000000
vn  0.000000 0.000000 -1.000000
vn  -1.000000 0.000000 0.000000
vn  0.000000 0.299935 -0.953960
vn  -1.000000 0.000000 0.000000
vn  0.000000 0.572251 -0.820079
vn  -1.000000 0.000000 0.000000
vn  0.000000 0.993201 -0.116409
vn  -1.000000 0.000000 0.000000
vn  0.000000 0.747904 0.663807
vn  -1.000000 0.000000 0.000000
vn  0.000000 -0.000000 1.000000
vn  -1.000000 0.000000 0.000000
vn  0.000000 -0.299935 0.953960
vn  -1.000000 0.000000 0.000000
vn  0.000000 0.846406 -0.532538
vn  0.000000 -0.572251 0.820079
vn  -1.000000 0.000000 0.000000
vn  0.000000 0.675590 -0.737277
vn  0.000000 0.000000 -1.000000
vn  0.000000 0.000000 -1.000000
vn  0.707095 0.000000 -0.707119
vn  0.707095 0.000000 -0.707119
vn  0.000000 0.707107 -0.707107
vn  0.707095 0.500009 -0.500009
vn  0.000000 1.000000 -0.000000
vn  0.707095 0.707119 -0.000000
vn  0.000000 0.707107 0.707107
vn  0.707095 0.500009 0.500009
vn  0.000000 -0.000000 1.000000
vn  0.000000 -0.000000 1.000000
vn  0.707095 -0.000000 0.707119
vn  0.707095 0.000000 0.707119
vn  0.000000 -0.707107 0.707107
vn  0.707095 -0.500009 0.500009
vn  0.000000 -1.000000 0.000000
vn  0.707095 -0.707119 -0.000000
vn  0.000000 -0.707107 -0.707107
vn  0.707095 -0.500009 -0.500009
vn  0.707095 -0.000000 0.707119
vn  1.000000 0.000000 0.000000
vn  0.707095 0.000000 0.707119
vn  0.707095 -0.499479 0.500538
vn  1.000000 0.000000 0.000000
vn  0.707095 -0.707118 0.001372
vn  1.000000 0.000000 0.000000
vn  0.707095 -0.501735 -0.498276
vn  1.000000 0.000000 0.000000
vn  0.707095 0.000000 -0.707119
vn  1.000000 0.000000 0.000000
vn  0.707095 0.000000 -0.707119
vn  1.000000 0.000000 0.000000
vn  0.707095 0.501735 0.498276
vn  1.000000 0.000000 0.000000
vn  0.707095 0.707118 -0.001372
vn  1.000000 0.000000 0.000000
vn  0.707095 0.499479 -0.500538
vn  0.000000 -1.000000 -0.000000
vn  0.000000 -1.000000 0.000000
vn  -0.857167 -0.515038 -0.000000
vn  -0.857167 -0.515038 -0.000000
vn  0.000000 -0.500000 0.866025
vn  -0.857167 -0.257519 0.446036
vn  0.000000 0.500000 0.866025
vn  -0.857167 0.257519 0.446036
vn  0.000000 1.000000 0.000000
vn  0.000000 1.000000 0.000000
vn  -0.857167 0.515038 0.000000
vn  -0.857167 0.515038 0.000000
vn  0.000000 0.500000 -0.866025
vn  -0.857167 0.257519 -0.446036
vn  0.000000 -0.500000 -0.866025
vn  -0.857167 -0.257519 -0.446036
vn  -0.857167 0.515038 0.000000
vn  -0.857167 -0.515038 -0.000000
vn  -0.857167 -0.515038 -0.000000
vn  -0.857167 0.515038 0.000000
vn  0.000000 -1.000000 -0.000000
vn  0.000000 -1.000000 0.000000
vn  -0.857167 -0.515038 -0.000000
vn  -0.857167 -0.515038 -0.000000
vn  0.000000 -0.500000 0.866025
vn  -0.857167 -0.257519 0.446036
vn  0.000000 0.500000 0.866025
vn  -0.857167 0.257519 0.446036
vn  0.000000 1.000000 0.000000
vn  0.000000 1.000000 0.000000
vn  -0.857167 0.515038 0.000000
vn  -0.857167 0.515038 0.000000
vn  0.000000 0.500000 -0.866025
vn  -0.857167 0.257519 -0.446036
vn  0.000000 -0.500000 -0.866025
vn  -0.857167 -0.257519 -0.446036
vn  -0.857167 0.515038 0.000000
vn  -0.857167 -0.515038 -0.000000
vn  -0.857167 -0.515038 -0.000000
vn  -0.857167 0.515038 0.000000
vn  0.000000 1.000000 0.000000
vn  0.000000 1.000000 0.000000
vn  -0.857167 0.515038 0.000000
vn  -0.857167 0.515038 0.000000
vn  0.000000 0.500000 -0.866025
vn  -0.857167 0.257519 -0.446036
vn  0.000000 -0.500000 -0.866025
vn  -0.857167 -0.257519 -0.446036
vn  0.000000 -1.000000 -0.000000
vn  0.000000 -1.000000 0.000000
vn  -0.857167 -0.515038 0.000000
vn  -0.857167 -0.515038 -0.000000
vn  0.000000 -0.500000 0.866025
vn  -0.857167 -0.257519 0.446036
vn  0.000000 0.500000 0.866025
vn  -0.857167 0.257519 0.446036
vn  -0.857167 -0.515038 0.000000
vn  -0.857167 0.515038 0.000000
vn  -0.857167 0.515038 0.000000
vn  -0.857167 -0.515038 -0.000000


g 0
g 1
usemtl MTL0
f 51/51/51  4/4/4  1/1/1
f 83/83/83  2/2/2  5/5/5
f 88/88/88  52/52/52  3/3/3
f 83/83/83  53/53/53  2/2/2
f 90/90/90  3/3/3  54/54/54
f 90/90/90  88/88/88  3/3/3
f 51/51/51  7/7/7  4/4/4
f 515/515/515  6/6/6  8/8/8
f 515/515/515  84/84/84  6/6/6
f 51/51/51  9/9/9  7/7/7
f 515/515/515  8/8/8  11/11/11
f 48/48/48  12/12/12  9/9/9
f 512/512/512  10/10/10  13/13/13
f 51/51/51  48/48/48  9/9/9
f 515/515/515  11/11/11  513/513/513
f 37/37/37  14/14/14  12/12/12
f 510/510/510  13/13/13  15/15/15
f 48/48/48  37/37/37  12/12/12
f 512/512/512  13/13/13  510/510/510
f 27/27/27  16/16/16  14/14/14
f 508/508/508  15/15/15  18/18/18
f 29/29/29  27/27/27  14/14/14
f 32/32/32  29/29/29  14/14/14
f 37/37/37  32/32/32  14/14/14
f 510/510/510  15/15/15  508/508/508
f 24/24/24  19/19/19  16/16/16
f 505/505/505  17/17/17  20/20/20
f 27/27/27  24/24/24  16/16/16
f 508/508/508  18/18/18  506/506/506
f 24/24/24  21/21/21  19/19/19
f 505/505/505  20/20/20  22/22/22
f 689/689/689  23/23/23  25/25/25
f 505/505/505  22/22/22  503/503/503
f 678/678/678  503/503/503  22/22/22
f 689/689/689  679/679/679  23/23/23
f 811/811/811  26/26/26  28/28/28
f 809/809/809  690/690/690  26/26/26
f 811/811/811  809/809/809  26/26/26
f 811/811/811  28/28/28  31/31/31
f 769/769/769  30/30/30  33/33/33
f 811/811/811  31/31/31  770/770/770
f 37/37/37  34/34/34  32/32/32
f 794/794/794  33/33/33  36/36/36
f 772/772/772  769/769/769  33/33/33
f 794/794/794  772/772/772  33/33/33
f 162/162/162  35/35/35  39/39/39
f 680/680/680  35/35/35  162/162/162
f 799/799/799  36/36/36  681/681/681
f 797/797/797  794/794/794  36/36/36
f 799/799/799  797/797/797  36/36/36
f 43/43/43  40/40/40  37/37/37
f 65/65/65  38/38/38  42/42/42
f 46/46/46  43/43/43  37/37/37
f 48/48/48  46/46/46  37/37/37
f 161/161/161  38/38/38  65/65/65
f 62/62/62  41/41/41  44/44/44
f 64/64/64  41/41/41  62/62/62
f 127/127/127  45/45/45  47/47/47
f 121/121/121  63/63/63  45/45/45
f 123/123/123  121/121/121  45/45/45
f 125/125/125  123/123/123  45/45/45
f 127/127/127  125/125/125  45/45/45
f 101/101/101  47/47/47  50/50/50
f 103/103/103  47/47/47  101/101/101
f 127/127/127  47/47/47  103/103/103
f 85/85/85  49/49/49  52/52/52
f 101/101/101  50/50/50  86/86/86
f 88/88/88  85/85/85  52/52/52
f 80/80/80  55/55/55  53/53/53
f 92/92/92  54/54/54  56/56/56
f 83/83/83  80/80/80  53/53/53
f 92/92/92  90/90/90  54/54/54
f 78/78/78  57/57/57  55/55/55
f 92/92/92  56/56/56  58/58/58
f 80/80/80  78/78/78  55/55/55
f 64/64/64  60/60/60  57/57/57
f 95/95/95  59/59/59  61/61/61
f 66/66/66  64/64/64  57/57/57
f 76/76/76  66/66/66  57/57/57
f 78/78/78  76/76/76  57/57/57
f 94/94/94  92/92/92  58/58/58
f 64/64/64  62/62/62  60/60/60
f 116/116/116  61/61/61  63/63/63
f 97/97/97  95/95/95  61/61/61
f 116/116/116  97/97/97  61/61/61
f 119/119/119  116/116/116  63/63/63
f 121/121/121  119/119/119  63/63/63
f 135/135/135  65/65/65  67/67/67
f 161/161/161  65/65/65  135/135/135
f 71/71/71  68/68/68  66/66/66
f 133/133/133  67/67/67  69/69/69
f 74/74/74  71/71/71  66/66/66
f 76/76/76  74/74/74  66/66/66
f 135/135/135  67/67/67  133/133/133
f 521/521/521  70/70/70  73/73/73
f 133/133/133  69/69/69  131/131/131
f 150/150/150  131/131/131  69/69/69
f 150/150/150  69/69/69  148/148/148
f 158/158/158  148/148/148  69/69/69
f 448/448/448  159/159/159  70/70/70
f 521/521/521  448/448/448  70/70/70
f 518/518/518  72/72/72  75/75/75
f 520/520/520  72/72/72  518/518/518
f 518/518/518  75/75/75  77/77/77
f 518/518/518  77/77/77  79/79/79
f 518/518/518  79/79/79  82/82/82
f 517/517/517  81/81/81  84/84/84
f 517/517/517  84/84/84  515/515/515
f 102/102/102  87/87/87  89/89/89
f 102/102/102  89/89/89  91/91/91
f 100/100/100  91/91/91  93/93/93
f 102/102/102  91/91/91  100/100/100
f 98/98/98  93/93/93  96/96/96
f 100/100/100  93/93/93  98/98/98
f 112/112/112  99/99/99  97/97/97
f 114/114/114  112/112/112  97/97/97
f 116/116/116  114/114/114  97/97/97
f 106/106/106  101/101/101  99/99/99
f 108/108/108  106/106/106  99/99/99
f 110/110/110  108/108/108  99/99/99
f 112/112/112  110/110/110  99/99/99
f 106/106/106  103/103/103  101/101/101
f 141/141/141  105/105/105  107/107/107
f 138/138/138  128/128/128  104/104/104
f 140/140/140  138/138/138  104/104/104
f 143/143/143  107/107/107  109/109/109
f 143/143/143  141/141/141  107/107/107
f 145/145/145  109/109/109  111/111/111
f 145/145/145  143/143/143  109/109/109
f 145/145/145  111/111/111  113/113/113
f 147/147/147  113/113/113  115/115/115
f 147/147/147  145/145/145  113/113/113
f 149/149/149  115/115/115  118/118/118
f 149/149/149  147/147/147  115/115/115
f 129/129/129  117/117/117  120/120/120
f 149/149/149  118/118/118  130/130/130
f 132/132/132  120/120/120  122/122/122
f 132/132/132  129/129/129  120/120/120
f 134/134/134  122/122/122  124/124/124
f 134/134/134  132/132/132  122/122/122
f 134/134/134  124/124/124  126/126/126
f 136/136/136  126/126/126  128/128/128
f 136/136/136  134/134/134  126/126/126
f 138/138/138  136/136/136  128/128/128
f 228/228/228  135/135/135  137/137/137
f 228/228/228  161/161/161  135/135/135
f 230/230/230  137/137/137  139/139/139
f 230/230/230  228/228/228  137/137/137
f 230/230/230  139/139/139  142/142/142
f 188/188/188  142/142/142  144/144/144
f 210/210/210  142/142/142  188/188/188
f 230/230/230  142/142/142  210/210/210
f 190/190/190  144/144/144  146/146/146
f 190/190/190  188/188/188  144/144/144
f 158/158/158  146/146/146  148/148/148
f 192/192/192  146/146/146  158/158/158
f 192/192/192  190/190/190  146/146/146
f 173/173/173  154/154/154  151/151/151
f 282/282/282  153/153/153  155/155/155
f 175/175/175  173/173/173  151/151/151
f 281/281/281  176/176/176  152/152/152
f 261/261/261  156/156/156  154/154/154
f 453/453/453  155/155/155  157/157/157
f 239/239/239  154/154/154  173/173/173
f 261/261/261  154/154/154  239/239/239
f 813/813/813  282/282/282  155/155/155
f 813/813/813  155/155/155  453/453/453
f 254/254/254  158/158/158  156/156/156
f 451/451/451  157/157/157  160/160/160
f 257/257/257  254/254/254  156/156/156
f 259/259/259  257/257/257  156/156/156
f 261/261/261  259/259/259  156/156/156
f 453/453/453  157/157/157  451/451/451
f 194/194/194  192/192/192  158/158/158
f 197/197/197  194/194/194  158/158/158
f 200/200/200  197/197/197  158/158/158
f 272/272/272  200/200/200  158/158/158
f 274/274/274  158/158/158  254/254/254
f 274/274/274  272/272/272  158/158/158
f 451/451/451  160/160/160  449/449/449
f 228/228/228  163/163/163  161/161/161
f 682/682/682  162/162/162  164/164/164
f 682/682/682  680/680/680  162/162/162
f 221/221/221  165/165/165  163/163/163
f 673/673/673  164/164/164  166/166/166
f 224/224/224  221/221/221  163/163/163
f 226/226/226  224/224/224  163/163/163
f 228/228/228  226/226/226  163/163/163
f 675/675/675  164/164/164  673/673/673
f 684/684/684  164/164/164  675/675/675
f 684/684/684  682/682/682  164/164/164
f 248/248/248  168/168/168  165/165/165
f 671/671/671  167/167/167  169/169/169
f 181/181/181  178/178/178  165/165/165
f 208/208/208  165/165/165  178/178/178
f 184/184/184  181/181/181  165/165/165
f 217/217/217  184/184/184  165/165/165
f 250/250/250  165/165/165  208/208/208
f 219/219/219  217/217/217  165/165/165
f 221/221/221  219/219/219  165/165/165
f 250/250/250  248/248/248  165/165/165
f 673/673/673  166/166/166  670/670/670
f 241/241/241  171/171/171  168/168/168
f 705/705/705  170/170/170  172/172/172
f 243/243/243  241/241/241  168/168/168
f 246/246/246  243/243/243  168/168/168
f 248/248/248  246/246/246  168/168/168
f 529/529/529  169/169/169  525/525/525
f 703/703/703  525/525/525  169/169/169
f 671/671/671  169/169/169  529/529/529
f 239/239/239  173/173/173  171/171/171
f 715/715/715  172/172/172  174/174/174
f 241/241/241  239/239/239  171/171/171
f 717/717/717  705/705/705  172/172/172
f 717/717/717  172/172/172  715/715/715
f 736/736/736  174/174/174  177/177/177
f 736/736/736  715/715/715  174/174/174
f 284/284/284  176/176/176  281/281/281
f 736/736/736  177/177/177  286/286/286
f 1228/1228/1228  180/180/180  183/183/183
f 1230/1230/1230  209/209/209  179/179/179
f 1230/1230/1230  179/179/179  1227/1227/1227
f 1224/1224/1224  182/182/182  185/185/185
f 1228/1228/1228  183/183/183  1225/1225/1225
f 217/217/217  186/186/186  184/184/184
f 1222/1222/1222  185/185/185  187/187/187
f 1224/1224/1224  185/185/185  1222/1222/1222
f 213/213/213  188/188/188  186/186/186
f 1220/1220/1220  187/187/187  189/189/189
f 215/215/215  213/213/213  186/186/186
f 217/217/217  215/215/215  186/186/186
f 1222/1222/1222  187/187/187  1220/1220/1220
f 1218/1218/1218  189/189/189  191/191/191
f 213/213/213  210/210/210  188/188/188
f 1220/1220/1220  189/189/189  1218/1218/1218
f 1216/1216/1216  191/191/191  193/193/193
f 1218/1218/1218  191/191/191  1216/1216/1216
f 1214/1214/1214  193/193/193  196/196/196
f 1216/1216/1216  193/193/193  1214/1214/1214
f 1211/1211/1211  195/195/195  199/199/199
f 1214/1214/1214  196/196/196  1212/1212/1212
f 1208/1208/1208  198/198/198  201/201/201
f 1211/1211/1211  199/199/199  1209/1209/1209
f 272/272/272  202/202/202  200/200/200
f 1238/1238/1238  201/201/201  203/203/203
f 1238/1238/1238  1208/1208/1208  201/201/201
f 268/268/268  204/204/204  202/202/202
f 1236/1236/1236  203/203/203  205/205/205
f 270/270/270  268/268/268  202/202/202
f 272/272/272  270/270/270  202/202/202
f 1238/1238/1238  203/203/203  1236/1236/1236
f 252/252/252  206/206/206  204/204/204
f 1234/1234/1234  205/205/205  207/207/207
f 252/252/252  204/204/204  232/232/232
f 265/265/265  232/232/232  204/204/204
f 268/268/268  265/265/265  204/204/204
f 1236/1236/1236  205/205/205  1234/1234/1234
f 250/250/250  208/208/208  206/206/206
f 1232/1232/1232  207/207/207  209/209/209
f 252/252/252  250/250/250  206/206/206
f 1234/1234/1234  207/207/207  1232/1232/1232
f 1232/1232/1232  209/209/209  1230/1230/1230
f 796/796/796  212/212/212  214/214/214
f 798/798/798  231/231/231  211/211/211
f 798/798/798  211/211/211  795/795/795
f 793/793/793  214/214/214  216/216/216
f 796/796/796  214/214/214  793/793/793
f 791/791/791  216/216/216  218/218/218
f 793/793/793  216/216/216  791/791/791
f 787/787/787  218/218/218  220/220/220
f 789/789/789  218/218/218  787/787/787
f 791/791/791  218/218/218  789/789/789
f 785/785/785  220/220/220  223/223/223
f 787/787/787  220/220/220  785/785/785
f 782/782/782  222/222/222  225/225/225
f 785/785/785  223/223/223  783/783/783
f 806/806/806  225/225/225  227/227/227
f 806/806/806  782/782/782  225/225/225
f 804/804/804  227/227/227  229/229/229
f 806/806/806  227/227/227  804/804/804
f 800/800/800  229/229/229  231/231/231
f 802/802/802  229/229/229  800/800/800
f 804/804/804  229/229/229  802/802/802
f 800/800/800  231/231/231  798/798/798
f 263/263/263  235/235/235  232/232/232
f 758/758/758  234/234/234  236/236/236
f 760/760/760  253/253/253  233/233/233
f 265/265/265  263/263/263  232/232/232
f 760/760/760  233/233/233  757/757/757
f 263/263/263  237/237/237  235/235/235
f 755/755/755  236/236/236  238/238/238
f 758/758/758  236/236/236  755/755/755
f 261/261/261  239/239/239  237/237/237
f 753/753/753  238/238/238  240/240/240
f 263/263/263  261/261/261  237/237/237
f 755/755/755  238/238/238  753/753/753
f 749/749/749  240/240/240  242/242/242
f 751/751/751  240/240/240  749/749/749
f 753/753/753  240/240/240  751/751/751
f 747/747/747  242/242/242  245/245/245
f 749/749/749  242/242/242  747/747/747
f 744/744/744  244/244/244  247/247/247
f 747/747/747  245/245/245  745/745/745
f 768/768/768  247/247/247  249/249/249
f 768/768/768  744/744/744  247/247/247
f 766/766/766  249/249/249  251/251/251
f 768/768/768  249/249/249  766/766/766
f 762/762/762  251/251/251  253/253/253
f 764/764/764  251/251/251  762/762/762
f 766/766/766  251/251/251  764/764/764
f 762/762/762  253/253/253  760/760/760
f 836/836/836  256/256/256  258/258/258
f 838/838/838  275/275/275  255/255/255
f 838/838/838  255/255/255  835/835/835
f 833/833/833  258/258/258  260/260/260
f 836/836/836  258/258/258  833/833/833
f 831/831/831  260/260/260  262/262/262
f 833/833/833  260/260/260  831/831/831
f 827/827/827  262/262/262  264/264/264
f 829/829/829  262/262/262  827/827/827
f 831/831/831  262/262/262  829/829/829
f 825/825/825  264/264/264  267/267/267
f 827/827/827  264/264/264  825/825/825
f 822/822/822  266/266/266  269/269/269
f 825/825/825  267/267/267  823/823/823
f 846/846/846  269/269/269  271/271/271
f 846/846/846  822/822/822  269/269/269
f 844/844/844  271/271/271  273/273/273
f 846/846/846  271/271/271  844/844/844
f 840/840/840  273/273/273  275/275/275
f 842/842/842  273/273/273  840/840/840
f 844/844/844  273/273/273  842/842/842
f 840/840/840  275/275/275  838/838/838
f 287/287/287  279/279/279  276/276/276
f 439/439/439  278/278/278  280/280/280
f 289/289/289  287/287/287  276/276/276
f 348/348/348  289/289/289  276/276/276
f 436/436/436  349/349/349  277/277/277
f 438/438/438  436/436/436  277/277/277
f 284/284/284  281/281/281  279/279/279
f 821/821/821  280/280/280  283/283/283
f 287/287/287  284/284/284  279/279/279
f 815/815/815  439/439/439  280/280/280
f 821/821/821  815/815/815  280/280/280
f 826/826/826  283/283/283  814/814/814
f 824/824/824  821/821/821  283/283/283
f 826/826/826  824/824/824  283/283/283
f 754/754/754  285/285/285  288/288/288
f 748/748/748  735/735/735  285/285/285
f 750/750/750  748/748/748  285/285/285
f 752/752/752  750/750/750  285/285/285
f 754/754/754  752/752/752  285/285/285
f 741/741/741  288/288/288  291/291/291
f 756/756/756  288/288/288  741/741/741
f 756/756/756  754/754/754  288/288/288
f 348/348/348  292/292/292  289/289/289
f 723/723/723  290/290/290  293/293/293
f 741/741/741  291/291/291  724/724/724
f 345/345/345  294/294/294  292/292/292
f 726/726/726  293/293/293  296/296/296
f 348/348/348  345/345/345  292/292/292
f 726/726/726  723/723/723  293/293/293
f 399/399/399  297/297/297  294/294/294
f 718/718/718  295/295/295  298/298/298
f 401/401/401  294/294/294  345/345/345
f 401/401/401  399/399/399  294/294/294
f 719/719/719  295/295/295  718/718/718
f 728/728/728  296/296/296  720/720/720
f 728/728/728  726/726/726  296/296/296
f 397/397/397  300/300/300  297/297/297
f 707/707/707  298/298/298  301/301/301
f 399/399/399  397/397/397  297/297/297
f 695/695/695  298/298/298  693/693/693
f 707/707/707  693/693/693  298/298/298
f 718/718/718  298/298/298  695/695/695
f 397/397/397  302/302/302  300/300/300
f 707/707/707  301/301/301  304/304/304
f 371/371/371  305/305/305  302/302/302
f 523/523/523  303/303/303  306/306/306
f 374/374/374  371/371/371  302/302/302
f 397/397/397  374/374/374  302/302/302
f 526/526/526  303/303/303  523/523/523
f 706/706/706  303/303/303  526/526/526
f 369/369/369  307/307/307  305/305/305
f 523/523/523  306/306/306  309/309/309
f 371/371/371  369/369/369  305/305/305
f 395/395/395  310/310/310  307/307/307
f 478/478/478  308/308/308  311/311/311
f 367/367/367  364/364/364  307/307/307
f 395/395/395  307/307/307  364/364/364
f 369/369/369  367/367/367  307/307/307
f 523/523/523  309/309/309  480/480/480
f 392/392/392  312/312/312  310/310/310
f 481/481/481  311/311/311  313/313/313
f 395/395/395  392/392/392  310/310/310
f 481/481/481  478/478/478  311/311/311
f 420/420/420  314/314/314  312/312/312
f 483/483/483  313/313/313  315/315/315
f 420/420/420  312/312/312  392/392/392
f 483/483/483  481/481/481  313/313/313
f 418/418/418  316/316/316  314/314/314
f 487/487/487  315/315/315  317/317/317
f 420/420/420  418/418/418  314/314/314
f 485/485/485  483/483/483  315/315/315
f 487/487/487  485/485/485  315/315/315
f 355/355/355  318/318/318  316/316/316
f 489/489/489  317/317/317  319/319/319
f 357/357/357  355/355/355  316/316/316
f 416/416/416  357/357/357  316/316/316
f 418/418/418  416/416/416  316/316/316
f 489/489/489  487/487/487  317/317/317
f 350/350/350  320/320/320  318/318/318
f 491/491/491  319/319/319  321/321/321
f 353/353/353  350/350/350  318/318/318
f 355/355/355  353/353/353  318/318/318
f 491/491/491  489/489/489  319/319/319
f 362/362/362  322/322/322  320/320/320
f 493/493/493  321/321/321  323/323/323
f 362/362/362  320/320/320  350/350/350
f 493/493/493  491/491/491  321/321/321
f 414/414/414  324/324/324  322/322/322
f 495/495/495  323/323/323  325/325/325
f 360/360/360  357/357/357  322/322/322
f 414/414/414  322/322/322  357/357/357
f 362/362/362  360/360/360  322/322/322
f 495/495/495  493/493/493  323/323/323
f 412/412/412  326/326/326  324/324/324
f 497/497/497  325/325/325  327/327/327
f 414/414/414  412/412/412  324/324/324
f 497/497/497  495/495/495  325/325/325
f 407/407/407  328/328/328  326/326/326
f 497/497/497  327/327/327  329/329/329
f 410/410/410  407/407/407  326/326/326
f 412/412/412  410/410/410  326/326/326
f 405/405/405  330/330/330  328/328/328
f 474/474/474  329/329/329  331/331/331
f 407/407/407  405/405/405  328/328/328
f 497/497/497  329/329/329  474/474/474
f 383/383/383  332/332/332  330/330/330
f 476/476/476  331/331/331  334/334/334
f 385/385/385  383/383/383  330/330/330
f 405/405/405  385/385/385  330/330/330
f 476/476/476  474/474/474  331/331/331
f 378/378/378  335/335/335  332/332/332
f 466/466/466  333/333/333  336/336/336
f 381/381/381  378/378/378  332/332/332
f 383/383/383  381/381/381  332/332/332
f 476/476/476  334/334/334  467/467/467
f 403/403/403  337/337/337  335/335/335
f 469/469/469  336/336/336  339/339/339
f 403/403/403  335/335/335  378/378/378
f 469/469/469  466/466/466  336/336/336
f 403/403/403  340/340/340  337/337/337
f 441/441/441  338/338/338  341/341/341
f 457/457/457  338/338/338  441/441/441
f 469/469/469  339/339/339  458/458/458
f 401/401/401  342/342/342  340/340/340
f 441/441/441  341/341/341  343/343/343
f 403/403/403  401/401/401  340/340/340
f 401/401/401  345/345/345  342/342/342
f 423/423/423  343/343/343  347/347/347
f 441/441/441  343/343/343  423/423/423
f 436/436/436  346/346/346  349/349/349
f 434/434/434  422/422/422  346/346/346
f 436/436/436  434/434/434  346/346/346
f 1888/1888/1888  352/352/352  354/354/354
f 1885/1885/1885  363/363/363  351/351/351
f 1887/1887/1887  1885/1885/1885  351/351/351
f 1893/1893/1893  354/354/354  356/356/356
f 1891/1891/1891  1888/1888/1888  354/354/354
f 1893/1893/1893  1891/1891/1891  354/354/354
f 1893/1893/1893  356/356/356  359/359/359
f 1879/1879/1879  358/358/358  361/361/361
f 416/416/416  414/414/414  357/357/357
f 1893/1893/1893  359/359/359  1880/1880/1880
f 1885/1885/1885  361/361/361  363/363/363
f 1883/1883/1883  1879/1879/1879  361/361/361
f 1885/1885/1885  1883/1883/1883  361/361/361
f 1908/1908/1908  366/366/366  368/368/368
f 395/395/395  364/364/364  376/376/376
f 1905/1905/1905  377/377/377  365/365/365
f 1907/1907/1907  1905/1905/1905  365/365/365
f 1913/1913/1913  368/368/368  370/370/370
f 1911/1911/1911  1908/1908/1908  368/368/368
f 1913/1913/1913  1911/1911/1911  368/368/368
f 1913/1913/1913  370/370/370  373/373/373
f 1899/1899/1899  372/372/372  375/375/375
f 1913/1913/1913  373/373/373  1900/1900/1900
f 395/395/395  376/376/376  374/374/374
f 1905/1905/1905  375/375/375  377/377/377
f 397/397/397  395/395/395  374/374/374
f 1903/1903/1903  1899/1899/1899  375/375/375
f 1905/1905/1905  1903/1903/1903  375/375/375
f 1928/1928/1928  380/380/380  382/382/382
f 403/403/403  378/378/378  390/390/390
f 1925/1925/1925  391/391/391  379/379/379
f 1927/1927/1927  1925/1925/1925  379/379/379
f 1933/1933/1933  382/382/382  384/384/384
f 1931/1931/1931  1928/1928/1928  382/382/382
f 1933/1933/1933  1931/1931/1931  382/382/382
f 1933/1933/1933  384/384/384  387/387/387
f 405/405/405  388/388/388  385/385/385
f 1919/1919/1919  386/386/386  389/389/389
f 1933/1933/1933  387/387/387  1920/1920/1920
f 403/403/403  390/390/390  388/388/388
f 1925/1925/1925  389/389/389  391/391/391
f 405/405/405  403/403/403  388/388/388
f 1923/1923/1923  1919/1919/1919  389/389/389
f 1925/1925/1925  1923/1923/1923  389/389/389
f 1030/1030/1030  393/393/393  396/396/396
f 1043/1043/1043  421/421/421  394/394/394
f 1043/1043/1043  394/394/394  1031/1031/1031
f 1026/1026/1026  396/396/396  398/398/398
f 1028/1028/1028  396/396/396  1026/1026/1026
f 1030/1030/1030  396/396/396  1028/1028/1028
f 1024/1024/1024  398/398/398  400/400/400
f 1026/1026/1026  398/398/398  1024/1024/1024
f 1022/1022/1022  400/400/400  402/402/402
f 1024/1024/1024  400/400/400  1022/1022/1022
f 1022/1022/1022  402/402/402  404/404/404
f 1020/1020/1020  404/404/404  406/406/406
f 1022/1022/1022  404/404/404  1020/1020/1020
f 1018/1018/1018  406/406/406  408/408/408
f 1020/1020/1020  406/406/406  1018/1018/1018
f 1015/1015/1015  409/409/409  411/411/411
f 1018/1018/1018  408/408/408  1014/1014/1014
f 1035/1035/1035  411/411/411  413/413/413
f 1033/1033/1033  1015/1015/1015  411/411/411
f 1035/1035/1035  1033/1033/1033  411/411/411
f 1037/1037/1037  413/413/413  415/415/415
f 1037/1037/1037  1035/1035/1035  413/413/413
f 1039/1039/1039  415/415/415  417/417/417
f 1039/1039/1039  1037/1037/1037  415/415/415
f 1039/1039/1039  417/417/417  419/419/419
f 1041/1041/1041  419/419/419  421/421/421
f 1041/1041/1041  1039/1039/1039  419/419/419
f 1043/1043/1043  1041/1041/1041  421/421/421
f 432/432/432  424/424/424  422/422/422
f 441/441/441  423/423/423  425/425/425
f 434/434/434  432/432/432  422/422/422
f 429/429/429  426/426/426  424/424/424
f 441/441/441  425/425/425  427/427/427
f 432/432/432  429/429/429  424/424/424
f 819/819/819  428/428/428  430/430/430
f 442/442/442  441/441/441  427/427/427
f 450/450/450  442/442/442  427/427/427
f 455/455/455  450/450/450  427/427/427
f 819/819/819  456/456/456  428/428/428
f 820/820/820  431/431/431  433/433/433
f 820/820/820  433/433/433  435/435/435
f 818/818/818  435/435/435  437/437/437
f 820/820/820  435/435/435  818/818/818
f 816/816/816  437/437/437  440/440/440
f 818/818/818  437/437/437  816/816/816
f 464/464/464  441/441/441  442/442/442
f 459/459/459  457/457/457  441/441/441
f 462/462/462  459/459/459  441/441/441
f 464/464/464  462/462/462  441/441/441
f 450/450/450  445/445/445  442/442/442
f 461/461/461  444/444/444  446/446/446
f 465/465/465  444/444/444  461/461/461
f 450/450/450  447/447/447  445/445/445
f 461/461/461  446/446/446  448/448/448
f 521/521/521  461/461/461  448/448/448
f 455/455/455  452/452/452  450/450/450
f 819/819/819  454/454/454  456/456/456
f 832/832/832  814/814/814  454/454/454
f 834/834/834  454/454/454  819/819/819
f 834/834/834  832/832/832  454/454/454
f 469/469/469  458/458/458  460/460/460
f 465/465/465  461/461/461  463/463/463
f 471/471/471  469/469/469  460/460/460
f 521/521/521  473/473/473  461/461/461
f 479/479/479  468/468/468  470/470/470
f 607/607/607  477/477/477  468/468/468
f 636/636/636  468/468/468  479/479/479
f 610/610/610  607/607/607  468/468/468
f 612/612/612  610/610/610  468/468/468
f 614/614/614  612/612/612  468/468/468
f 634/634/634  614/614/614  468/468/468
f 636/636/636  634/634/634  468/468/468
f 522/522/522  470/470/470  472/472/472
f 522/522/522  479/479/479  470/470/470
f 524/524/524  472/472/472  519/519/519
f 524/524/524  522/522/522  472/472/472
f 602/602/602  475/475/475  477/477/477
f 600/600/600  498/498/498  475/475/475
f 602/602/602  600/600/600  475/475/475
f 605/605/605  602/602/602  477/477/477
f 607/607/607  605/605/605  477/477/477
f 578/578/578  479/479/479  482/482/482
f 578/578/578  576/576/576  479/479/479
f 636/636/636  479/479/479  576/576/576
f 583/583/583  482/482/482  484/484/484
f 580/580/580  578/578/578  482/482/482
f 583/583/583  580/580/580  482/482/482
f 585/585/585  484/484/484  486/486/486
f 585/585/585  583/583/583  484/484/484
f 592/592/592  486/486/486  488/488/488
f 588/588/588  585/585/585  486/486/486
f 590/590/590  588/588/588  486/486/486
f 592/592/592  590/590/590  486/486/486
f 594/594/594  488/488/488  490/490/490
f 594/594/594  592/592/592  488/488/488
f 494/494/494  490/490/490  492/492/492
f 496/496/496  490/490/490  494/494/494
f 596/596/596  490/490/490  496/496/496
f 596/596/596  594/594/594  490/490/490
f 598/598/598  496/496/496  498/498/498
f 598/598/598  596/596/596  496/496/496
f 600/600/600  598/598/598  498/498/498
f 514/514/514  502/502/502  499/499/499
f 667/667/667  501/501/501  503/503/503
f 516/516/516  514/514/514  499/499/499
f 524/524/524  516/516/516  499/499/499
f 527/527/527  524/524/524  499/499/499
f 666/666/666  528/528/528  500/500/500
f 511/511/511  504/504/504  502/502/502
f 514/514/514  511/511/511  502/502/502
f 678/678/678  667/667/667  503/503/503
f 509/509/509  507/507/507  504/504/504
f 511/511/511  509/509/509  504/504/504
f 524/524/524  519/519/519  516/516/516
f 694/694/694  691/691/691  525/525/525
f 706/706/706  526/526/526  692/692/692
f 696/696/696  694/694/694  525/525/525
f 698/698/698  696/696/696  525/525/525
f 701/701/701  698/698/698  525/525/525
f 703/703/703  701/701/701  525/525/525
f 669/669/669  528/528/528  666/666/666
f 629/629/629  533/533/533  530/530/530
f 867/867/867  532/532/532  534/534/534
f 629/629/629  530/530/530  622/622/622
f 864/864/864  623/623/623  531/531/531
f 866/866/866  864/864/864  531/531/531
f 624/624/624  535/535/535  533/533/533
f 1303/1303/1303  534/534/534  536/536/536
f 627/627/627  624/624/624  533/533/533
f 629/629/629  627/627/627  533/533/533
f 1303/1303/1303  867/867/867  534/534/534
f 664/664/664  537/537/537  535/535/535
f 1305/1305/1305  536/536/536  538/538/538
f 664/664/664  535/535/535  624/624/624
f 1305/1305/1305  1303/1303/1303  536/536/536
f 659/659/659  539/539/539  537/537/537
f 1307/1307/1307  538/538/538  540/540/540
f 661/661/661  659/659/659  537/537/537
f 664/664/664  661/661/661  537/537/537
f 1307/1307/1307  1305/1305/1305  538/538/538
f 657/657/657  541/541/541  539/539/539
f 1307/1307/1307  540/540/540  542/542/542
f 659/659/659  657/657/657  539/539/539
f 657/657/657  543/543/543  541/541/541
f 1309/1309/1309  542/542/542  544/544/544
f 1309/1309/1309  1307/1307/1307  542/542/542
f 551/551/551  545/545/545  543/543/543
f 1309/1309/1309  544/544/544  546/546/546
f 657/657/657  551/551/551  543/543/543
f 549/549/549  547/547/547  545/545/545
f 1311/1311/1311  546/546/546  548/548/548
f 551/551/551  549/549/549  545/545/545
f 1311/1311/1311  1309/1309/1309  546/546/546
f 1313/1313/1313  548/548/548  550/550/550
f 1313/1313/1313  1311/1311/1311  548/548/548
f 1313/1313/1313  550/550/550  552/552/552
f 655/655/655  553/553/553  551/551/551
f 1315/1315/1315  552/552/552  554/554/554
f 657/657/657  655/655/655  551/551/551
f 1315/1315/1315  1313/1313/1313  552/552/552
f 653/653/653  555/555/555  553/553/553
f 1315/1315/1315  554/554/554  556/556/556
f 655/655/655  653/653/653  553/553/553
f 653/653/653  557/557/557  555/555/555
f 1317/1317/1317  556/556/556  558/558/558
f 1317/1317/1317  1315/1315/1315  556/556/556
f 645/645/645  559/559/559  557/557/557
f 1319/1319/1319  558/558/558  560/560/560
f 648/648/648  645/645/645  557/557/557
f 650/650/650  648/648/648  557/557/557
f 653/653/653  650/650/650  557/557/557
f 1319/1319/1319  1317/1317/1317  558/558/558
f 643/643/643  561/561/561  559/559/559
f 1299/1299/1299  560/560/560  562/562/562
f 645/645/645  643/643/643  559/559/559
f 1319/1319/1319  560/560/560  1299/1299/1299
f 638/638/638  563/563/563  561/561/561
f 1301/1301/1301  562/562/562  565/565/565
f 640/640/640  638/638/638  561/561/561
f 643/643/643  640/640/640  561/561/561
f 1301/1301/1301  1299/1299/1299  562/562/562
f 638/638/638  566/566/566  563/563/563
f 922/922/922  564/564/564  567/567/567
f 1301/1301/1301  565/565/565  923/923/923
f 638/638/638  568/568/568  566/566/566
f 925/925/925  567/567/567  569/569/569
f 925/925/925  922/922/922  567/567/567
f 636/636/636  570/570/570  568/568/568
f 927/927/927  569/569/569  571/571/571
f 638/638/638  636/636/636  568/568/568
f 927/927/927  925/925/925  569/569/569
f 636/636/636  572/572/572  570/570/570
f 902/902/902  571/571/571  573/573/573
f 912/912/912  571/571/571  902/902/902
f 929/929/929  571/571/571  912/912/912
f 929/929/929  927/927/927  571/571/571
f 636/636/636  574/574/574  572/572/572
f 899/899/899  573/573/573  575/575/575
f 902/902/902  573/573/573  899/899/899
f 636/636/636  576/576/576  574/574/574
f 899/899/899  575/575/575  577/577/577
f 897/897/897  577/577/577  579/579/579
f 899/899/899  577/577/577  897/897/897
f 897/897/897  579/579/579  581/581/581
f 895/895/895  582/582/582  584/584/584
f 897/897/897  581/581/581  894/894/894
f 944/944/944  584/584/584  586/586/586
f 944/944/944  895/895/895  584/584/584
f 948/948/948  587/587/587  589/589/589
f 946/946/946  944/944/944  586/586/586
f 948/948/948  589/589/589  591/591/591
f 1012/1012/1012  591/591/591  593/593/593
f 1012/1012/1012  948/948/948  591/591/591
f 1010/1010/1010  593/593/593  595/595/595
f 1012/1012/1012  593/593/593  1010/1010/1010
f 1008/1008/1008  595/595/595  597/597/597
f 1010/1010/1010  595/595/595  1008/1008/1008
f 1006/1006/1006  597/597/597  599/599/599
f 1008/1008/1008  597/597/597  1006/1006/1006
f 1004/1004/1004  599/599/599  601/601/601
f 1006/1006/1006  599/599/599  1004/1004/1004
f 1002/1002/1002  601/601/601  604/604/604
f 1004/1004/1004  601/601/601  1002/1002/1002
f 931/931/931  603/603/603  606/606/606
f 1002/1002/1002  604/604/604  933/933/933
f 931/931/931  606/606/606  609/609/609
f 847/847/847  608/608/608  611/611/611
f 931/931/931  609/609/609  849/849/849
f 850/850/850  611/611/611  613/613/613
f 850/850/850  847/847/847  611/611/611
f 850/850/850  613/613/613  615/615/615
f 632/632/632  616/616/616  614/614/614
f 852/852/852  615/615/615  617/617/617
f 634/634/634  632/632/632  614/614/614
f 852/852/852  850/850/850  615/615/615
f 632/632/632  618/618/618  616/616/616
f 852/852/852  617/617/617  619/619/619
f 632/632/632  620/620/620  618/618/618
f 857/857/857  619/619/619  621/621/621
f 857/857/857  852/852/852  619/619/619
f 632/632/632  622/622/622  620/620/620
f 862/862/862  621/621/621  623/623/623
f 860/860/860  857/857/857  621/621/621
f 862/862/862  860/860/860  621/621/621
f 632/632/632  629/629/629  622/622/622
f 864/864/864  862/862/862  623/623/623
f 1476/1476/1476  625/625/625  628/628/628
f 1479/1479/1479  665/665/665  626/626/626
f 1479/1479/1479  626/626/626  1477/1477/1477
f 1492/1492/1492  628/628/628  630/630/630
f 1492/1492/1492  1476/1476/1476  628/628/628
f 1606/1606/1606  631/631/631  633/633/633
f 1605/1605/1605  1492/1492/1492  630/630/630
f 1603/1603/1603  633/633/633  635/635/635
f 1606/1606/1606  633/633/633  1603/1603/1603
f 1601/1601/1601  635/635/635  637/637/637
f 1603/1603/1603  635/635/635  1601/1601/1601
f 1599/1599/1599  637/637/637  639/639/639
f 1601/1601/1601  637/637/637  1599/1599/1599
f 1597/1597/1597  639/639/639  642/642/642
f 1599/1599/1599  639/639/639  1597/1597/1597
f 1594/1594/1594  641/641/641  644/644/644
f 1597/1597/1597  642/642/642  1595/1595/1595
f 1461/1461/1461  644/644/644  647/647/647
f 1463/1463/1463  644/644/644  1461/1461/1461
f 1594/1594/1594  644/644/644  1463/1463/1463
f 1458/1458/1458  646/646/646  649/649/649
f 1461/1461/1461  647/647/647  1459/1459/1459
f 1474/1474/1474  649/649/649  652/652/652
f 1474/1474/1474  1458/1458/1458  649/649/649
f 1584/1584/1584  651/651/651  654/654/654
f 1585/1585/1585  1474/1474/1474  652/652/652
f 1582/1582/1582  654/654/654  656/656/656
f 1584/1584/1584  654/654/654  1582/1582/1582
f 1580/1580/1580  656/656/656  658/658/658
f 1582/1582/1582  656/656/656  1580/1580/1580
f 1578/1578/1578  658/658/658  660/660/660
f 1580/1580/1580  658/658/658  1578/1578/1578
f 1576/1576/1576  660/660/660  663/663/663
f 1578/1578/1578  660/660/660  1576/1576/1576
f 1573/1573/1573  662/662/662  665/665/665
f 1576/1576/1576  663/663/663  1574/1574/1574
f 1481/1481/1481  665/665/665  1479/1479/1479
f 1573/1573/1573  665/665/665  1481/1481/1481
f 672/672/672  669/669/669  666/666/666
f 674/674/674  672/672/672  666/666/666
f 676/676/676  674/674/674  666/666/666
f 687/687/687  677/677/677  668/668/668
f 689/689/689  668/668/668  679/679/679
f 689/689/689  687/687/687  668/668/668
f 684/684/684  675/675/675  677/677/677
f 687/687/687  684/684/684  677/677/677
f 805/805/805  681/681/681  683/683/683
f 801/801/801  799/799/799  681/681/681
f 803/803/803  801/801/801  681/681/681
f 805/805/805  803/803/803  681/681/681
f 776/776/776  683/683/683  685/685/685
f 781/781/781  683/683/683  776/776/776
f 805/805/805  683/683/683  781/781/781
f 779/779/779  686/686/686  688/688/688
f 778/778/778  776/776/776  685/685/685
f 807/807/807  688/688/688  690/690/690
f 807/807/807  779/779/779  688/688/688
f 809/809/809  807/807/807  690/690/690
f 718/718/718  695/695/695  697/697/697
f 718/718/718  697/697/697  699/699/699
f 711/711/711  699/699/699  702/702/702
f 711/711/711  708/708/708  699/699/699
f 721/721/721  699/699/699  708/708/708
f 721/721/721  718/718/718  699/699/699
f 716/716/716  702/702/702  704/704/704
f 713/713/713  711/711/711  702/702/702
f 716/716/716  713/713/713  702/702/702
f 733/733/733  710/710/710  712/712/712
f 730/730/730  722/722/722  709/709/709
f 732/732/732  730/730/730  709/709/709
f 733/733/733  712/712/712  714/714/714
f 737/737/737  733/733/733  714/714/714
f 743/743/743  714/714/714  735/735/735
f 743/743/743  737/737/737  714/714/714
f 721/721/721  719/719/719  718/718/718
f 730/730/730  720/720/720  722/722/722
f 730/730/730  728/728/728  720/720/720
f 742/742/742  725/725/725  727/727/727
f 742/742/742  727/727/727  729/729/729
f 740/740/740  729/729/729  731/731/731
f 742/742/742  729/729/729  740/740/740
f 738/738/738  731/731/731  734/734/734
f 740/740/740  731/731/731  738/738/738
f 746/746/746  743/743/743  735/735/735
f 748/748/748  746/746/746  735/735/735
f 765/765/765  739/739/739  737/737/737
f 767/767/767  737/737/737  743/743/743
f 767/767/767  765/765/765  737/737/737
f 759/759/759  741/741/741  739/739/739
f 761/761/761  759/759/759  739/739/739
f 763/763/763  761/761/761  739/739/739
f 765/765/765  763/763/763  739/739/739
f 759/759/759  756/756/756  741/741/741
f 812/812/812  771/771/771  773/773/773
f 790/790/790  774/774/774  772/772/772
f 812/812/812  773/773/773  775/775/775
f 792/792/792  790/790/790  772/772/772
f 794/794/794  792/792/792  772/772/772
f 784/784/784  776/776/776  774/774/774
f 810/810/810  775/775/775  777/777/777
f 786/786/786  784/784/784  774/774/774
f 788/788/788  786/786/786  774/774/774
f 790/790/790  788/788/788  774/774/774
f 812/812/812  775/775/775  810/810/810
f 808/808/808  777/777/777  780/780/780
f 784/784/784  781/781/781  776/776/776
f 810/810/810  777/777/777  808/808/808
f 828/828/828  826/826/826  814/814/814
f 830/830/830  828/828/828  814/814/814
f 832/832/832  830/830/830  814/814/814
f 843/843/843  817/817/817  815/815/815
f 845/845/845  815/815/815  821/821/821
f 845/845/845  843/843/843  815/815/815
f 837/837/837  819/819/819  817/817/817
f 839/839/839  837/837/837  817/817/817
f 841/841/841  839/839/839  817/817/817
f 843/843/843  841/841/841  817/817/817
f 837/837/837  834/834/834  819/819/819
f 869/869/869  848/848/848  851/851/851
f 934/934/934  849/849/849  870/870/870
f 934/934/934  931/931/931  849/849/849
f 869/869/869  851/851/851  853/853/853
f 857/857/857  854/854/854  852/852/852
f 869/869/869  853/853/853  855/855/855
f 920/920/920  856/856/856  858/858/858
f 909/909/909  869/869/869  855/855/855
f 920/920/920  910/910/910  856/856/856
f 1377/1377/1377  859/859/859  861/861/861
f 1373/1373/1373  921/921/921  859/859/859
f 1375/1375/1375  1373/1373/1373  859/859/859
f 1377/1377/1377  1375/1375/1375  859/859/859
f 1353/1353/1353  861/861/861  863/863/863
f 1377/1377/1377  861/861/861  1353/1353/1353
f 1353/1353/1353  863/863/863  865/865/865
f 1355/1355/1355  865/865/865  868/868/868
f 1355/1355/1355  1353/1353/1353  865/865/865
f 1357/1357/1357  868/868/868  1304/1304/1304
f 1357/1357/1357  1355/1355/1355  868/868/868
f 909/909/909  871/871/871  869/869/869
f 936/936/936  870/870/870  872/872/872
f 936/936/936  934/934/934  870/870/870
f 909/909/909  874/874/874  871/871/871
f 1262/1262/1262  873/873/873  875/875/875
f 969/969/969  936/936/936  872/872/872
f 1260/1260/1260  970/970/970  873/873/873
f 1262/1262/1262  1260/1260/1260  873/873/873
f 909/909/909  876/876/876  874/874/874
f 1262/1262/1262  875/875/875  877/877/877
f 907/907/907  878/878/878  876/876/876
f 1262/1262/1262  877/877/877  880/880/880
f 909/909/909  907/907/907  876/876/876
f 905/905/905  881/881/881  878/878/878
f 1048/1048/1048  879/879/879  883/883/883
f 907/907/907  905/905/905  878/878/878
f 1246/1246/1246  879/879/879  1048/1048/1048
f 1262/1262/1262  880/880/880  1247/1247/1247
f 903/903/903  884/884/884  881/881/881
f 1045/1045/1045  882/882/882  885/885/885
f 905/905/905  903/903/903  881/881/881
f 903/903/903  886/886/886  884/884/884
f 1045/1045/1045  885/885/885  887/887/887
f 903/903/903  888/888/888  886/886/886
f 1049/1049/1049  887/887/887  890/890/890
f 1049/1049/1049  1045/1045/1045  887/887/887
f 903/903/903  891/891/891  888/888/888
f 949/949/949  889/889/889  892/892/892
f 1051/1051/1051  890/890/890  950/950/950
f 1051/1051/1051  1049/1049/1049  890/890/890
f 896/896/896  893/893/893  891/891/891
f 944/944/944  892/892/892  895/895/895
f 898/898/898  896/896/896  891/891/891
f 900/900/900  898/898/898  891/891/891
f 903/903/903  900/900/900  891/891/891
f 944/944/944  942/942/942  892/892/892
f 951/951/951  892/892/892  942/942/942
f 951/951/951  949/949/949  892/892/892
f 911/911/911  901/901/901  904/904/904
f 914/914/914  904/904/904  906/906/906
f 914/914/914  911/911/911  904/904/904
f 916/916/916  906/906/906  908/908/908
f 916/916/916  914/914/914  906/906/906
f 918/918/918  908/908/908  910/910/910
f 918/918/918  916/916/916  908/908/908
f 920/920/920  918/918/918  910/910/910
f 1369/1369/1369  913/913/913  915/915/915
f 1366/1366/1366  930/930/930  913/913/913
f 1369/1369/1369  1366/1366/1366  913/913/913
f 919/919/919  915/915/915  917/917/917
f 921/921/921  915/915/915  919/919/919
f 1373/1373/1373  915/915/915  921/921/921
f 1371/1371/1371  1369/1369/1369  915/915/915
f 1373/1373/1373  1371/1371/1371  915/915/915
f 1401/1401/1401  924/924/924  926/926/926
f 1399/1399/1399  1302/1302/1302  924/924/924
f 1401/1401/1401  1399/1399/1399  924/924/924
f 1401/1401/1401  926/926/926  928/928/928
f 1403/1403/1403  928/928/928  930/930/930
f 1403/1403/1403  1401/1401/1401  928/928/928
f 1403/1403/1403  930/930/930  1366/1366/1366
f 986/986/986  932/932/932  935/935/935
f 986/986/986  984/984/984  932/932/932
f 1001/1001/1001  932/932/932  984/984/984
f 989/989/989  935/935/935  937/937/937
f 989/989/989  986/986/986  935/935/935
f 963/963/963  938/938/938  936/936/936
f 991/991/991  937/937/937  939/939/939
f 965/965/965  963/963/963  936/936/936
f 967/967/967  965/965/965  936/936/936
f 969/969/969  967/967/967  936/936/936
f 991/991/991  989/989/989  937/937/937
f 955/955/955  940/940/940  938/938/938
f 995/995/995  939/939/939  941/941/941
f 958/958/958  955/955/955  938/938/938
f 960/960/960  958/958/958  938/938/938
f 963/963/963  960/960/960  938/938/938
f 993/993/993  991/991/991  939/939/939
f 995/995/995  993/993/993  939/939/939
f 953/953/953  942/942/942  940/940/940
f 997/997/997  941/941/941  943/943/943
f 955/955/955  953/953/953  940/940/940
f 997/997/997  995/995/995  941/941/941
f 999/999/999  943/943/943  945/945/945
f 953/953/953  951/951/951  942/942/942
f 999/999/999  997/997/997  943/943/943
f 999/999/999  945/945/945  947/947/947
f 999/999/999  947/947/947  971/971/971
f 1011/1011/1011  971/971/971  947/947/947
f 1051/1051/1051  950/950/950  952/952/952
f 1057/1057/1057  952/952/952  954/954/954
f 1057/1057/1057  1051/1051/1051  952/952/952
f 1060/1060/1060  954/954/954  956/956/956
f 1060/1060/1060  1057/1057/1057  954/954/954
f 1066/1066/1066  957/957/957  959/959/959
f 1062/1062/1062  1060/1060/1060  956/956/956
f 1066/1066/1066  1063/1063/1063  957/957/957
f 1066/1066/1066  959/959/959  961/961/961
f 1068/1068/1068  962/962/962  964/964/964
f 1251/1251/1251  964/964/964  966/966/966
f 1251/1251/1251  1068/1068/1068  964/964/964
f 1251/1251/1251  966/966/966  968/968/968
f 1253/1253/1253  968/968/968  970/970/970
f 1253/1253/1253  1251/1251/1251  968/968/968
f 1256/1256/1256  1253/1253/1253  970/970/970
f 1260/1260/1260  1256/1256/1256  970/970/970
f 1011/1011/1011  974/974/974  971/971/971
f 1032/1032/1032  973/973/973  975/975/975
f 1027/1027/1027  1000/1000/1000  972/972/972
f 1029/1029/1029  1027/1027/1027  972/972/972
f 1009/1009/1009  976/976/976  974/974/974
f 1042/1042/1042  975/975/975  977/977/977
f 1011/1011/1011  1009/1009/1009  974/974/974
f 1044/1044/1044  1032/1032/1032  975/975/975
f 1044/1044/1044  975/975/975  1042/1042/1042
f 1007/1007/1007  978/978/978  976/976/976
f 1040/1040/1040  977/977/977  979/979/979
f 1009/1009/1009  1007/1007/1007  976/976/976
f 1042/1042/1042  977/977/977  1040/1040/1040
f 1007/1007/1007  980/980/980  978/978/978
f 1038/1038/1038  979/979/979  981/981/981
f 1040/1040/1040  979/979/979  1038/1038/1038
f 1005/1005/1005  982/982/982  980/980/980
f 1038/1038/1038  981/981/981  983/983/983
f 1007/1007/1007  1005/1005/1005  980/980/980
f 1003/1003/1003  984/984/984  982/982/982
f 1036/1036/1036  983/983/983  985/985/985
f 1005/1005/1005  1003/1003/1003  982/982/982
f 1038/1038/1038  983/983/983  1036/1036/1036
f 1034/1034/1034  985/985/985  988/988/988
f 1003/1003/1003  1001/1001/1001  984/984/984
f 1036/1036/1036  985/985/985  1034/1034/1034
f 1013/1013/1013  987/987/987  990/990/990
f 1034/1034/1034  988/988/988  1016/1016/1016
f 1019/1019/1019  990/990/990  992/992/992
f 1017/1017/1017  1013/1013/1013  990/990/990
f 1019/1019/1019  1017/1017/1017  990/990/990
f 1021/1021/1021  992/992/992  994/994/994
f 1021/1021/1021  1019/1019/1019  992/992/992
f 1023/1023/1023  994/994/994  996/996/996
f 1023/1023/1023  1021/1021/1021  994/994/994
f 1023/1023/1023  996/996/996  998/998/998
f 1025/1025/1025  998/998/998  1000/1000/1000
f 1025/1025/1025  1023/1023/1023  998/998/998
f 1027/1027/1027  1025/1025/1025  1000/1000/1000
f 1244/1244/1244  1047/1047/1047  1050/1050/1050
f 1245/1245/1245  1046/1046/1046  1243/1243/1243
f 1092/1092/1092  1050/1050/1050  1052/1052/1052
f 1096/1096/1096  1050/1050/1050  1092/1092/1092
f 1244/1244/1244  1050/1050/1050  1096/1096/1096
f 1057/1057/1057  1053/1053/1053  1051/1051/1051
f 1090/1090/1090  1052/1052/1052  1056/1056/1056
f 1092/1092/1092  1052/1052/1052  1090/1090/1090
f 1083/1083/1083  1054/1054/1054  1059/1059/1059
f 1085/1085/1085  1054/1054/1054  1083/1083/1083
f 1100/1100/1100  1055/1055/1055  1086/1086/1086
f 1100/1100/1100  1089/1089/1089  1055/1055/1055
f 1082/1082/1082  1058/1058/1058  1061/1061/1061
f 1087/1087/1087  1061/1061/1061  1065/1065/1065
f 1084/1084/1084  1082/1082/1082  1061/1061/1061
f 1087/1087/1087  1084/1084/1084  1061/1061/1061
f 1080/1080/1080  1064/1064/1064  1067/1067/1067
f 1080/1080/1080  1070/1070/1070  1064/1064/1064
f 1087/1087/1087  1065/1065/1065  1071/1071/1071
f 1252/1252/1252  1081/1081/1081  1069/1069/1069
f 1076/1076/1076  1072/1072/1072  1070/1070/1070
f 1087/1087/1087  1071/1071/1071  1073/1073/1073
f 1080/1080/1080  1076/1076/1076  1070/1070/1070
f 1107/1107/1107  1075/1075/1075  1077/1077/1077
f 1104/1104/1104  1088/1088/1088  1074/1074/1074
f 1106/1106/1106  1104/1104/1104  1074/1074/1074
f 1252/1252/1252  1079/1079/1079  1081/1081/1081
f 1109/1109/1109  1107/1107/1107  1077/1077/1077
f 1271/1271/1271  1111/1111/1111  1078/1078/1078
f 1272/1272/1272  1079/1079/1079  1252/1252/1252
f 1102/1102/1102  1086/1086/1086  1088/1088/1088
f 1102/1102/1102  1100/1100/1100  1086/1086/1086
f 1104/1104/1104  1102/1102/1102  1088/1088/1088
f 1100/1100/1100  1091/1091/1091  1089/1089/1089
f 1097/1097/1097  1093/1093/1093  1091/1091/1091
f 1100/1100/1100  1097/1097/1097  1091/1091/1091
f 1145/1145/1145  1094/1094/1094  1099/1099/1099
f 1239/1239/1239  1094/1094/1094  1145/1145/1145
f 1249/1249/1249  1095/1095/1095  1240/1240/1240
f 1249/1249/1249  1243/1243/1243  1095/1095/1095
f 1134/1134/1134  1098/1098/1098  1101/1101/1101
f 1144/1144/1144  1098/1098/1098  1134/1134/1134
f 1134/1134/1134  1101/1101/1101  1103/1103/1103
f 1134/1134/1134  1103/1103/1103  1105/1105/1105
f 1136/1136/1136  1105/1105/1105  1108/1108/1108
f 1136/1136/1136  1134/1134/1134  1105/1105/1105
f 1140/1140/1140  1108/1108/1108  1110/1110/1110
f 1140/1140/1140  1136/1136/1136  1108/1108/1108
f 1151/1151/1151  1140/1140/1140  1110/1110/1110
f 1271/1271/1271  1152/1152/1152  1111/1111/1111
f 1169/1169/1169  1115/1115/1115  1112/1112/1112
f 1183/1183/1183  1114/1114/1114  1117/1117/1117
f 1131/1131/1131  1128/1128/1128  1112/1112/1112
f 1156/1156/1156  1112/1112/1112  1128/1128/1128
f 1142/1142/1142  1131/1131/1131  1112/1112/1112
f 1179/1179/1179  1143/1143/1143  1113/1113/1113
f 1156/1156/1156  1153/1153/1153  1112/1112/1112
f 1173/1173/1173  1112/1112/1112  1153/1153/1153
f 1171/1171/1171  1169/1169/1169  1112/1112/1112
f 1173/1173/1173  1171/1171/1171  1112/1112/1112
f 1181/1181/1181  1179/1179/1179  1113/1113/1113
f 1126/1126/1126  1118/1118/1118  1115/1115/1115
f 1205/1205/1205  1116/1116/1116  1119/1119/1119
f 1128/1128/1128  1126/1126/1126  1115/1115/1115
f 1164/1164/1164  1128/1128/1128  1115/1115/1115
f 1167/1167/1167  1164/1164/1164  1115/1115/1115
f 1169/1169/1169  1167/1167/1167  1115/1115/1115
f 1206/1206/1206  1183/1183/1183  1117/1117/1117
f 1124/1124/1124  1120/1120/1120  1118/1118/1118
f 1203/1203/1203  1119/1119/1119  1121/1121/1121
f 1126/1126/1126  1124/1124/1124  1118/1118/1118
f 1205/1205/1205  1119/1119/1119  1203/1203/1203
f 1124/1124/1124  1122/1122/1122  1120/1120/1120
f 1201/1201/1201  1121/1121/1121  1123/1123/1123
f 1203/1203/1203  1121/1121/1121  1201/1201/1201
f 1199/1199/1199  1123/1123/1123  1125/1125/1125
f 1201/1201/1201  1123/1123/1123  1199/1199/1199
f 1197/1197/1197  1125/1125/1125  1127/1127/1127
f 1199/1199/1199  1125/1125/1125  1197/1197/1197
f 1195/1195/1195  1127/1127/1127  1130/1130/1130
f 1197/1197/1197  1127/1127/1127  1195/1195/1195
f 1192/1192/1192  1129/1129/1129  1133/1133/1133
f 1158/1158/1158  1156/1156/1156  1128/1128/1128
f 1160/1160/1160  1158/1158/1158  1128/1128/1128
f 1162/1162/1162  1160/1160/1160  1128/1128/1128
f 1164/1164/1164  1162/1162/1162  1128/1128/1128
f 1195/1195/1195  1130/1130/1130  1193/1193/1193
f 1142/1142/1142  1134/1134/1134  1131/1131/1131
f 1184/1184/1184  1132/1132/1132  1135/1135/1135
f 1192/1192/1192  1133/1133/1133  1186/1186/1186
f 1187/1187/1187  1135/1135/1135  1137/1137/1137
f 1144/1144/1144  1134/1134/1134  1142/1142/1142
f 1187/1187/1187  1184/1184/1184  1135/1135/1135
f 1140/1140/1140  1138/1138/1138  1136/1136/1136
f 1189/1189/1189  1137/1137/1137  1139/1139/1139
f 1189/1189/1189  1187/1187/1187  1137/1137/1137
f 1175/1175/1175  1139/1139/1139  1141/1141/1141
f 1189/1189/1189  1139/1139/1139  1175/1175/1175
f 1147/1147/1147  1142/1142/1142  1140/1140/1140
f 1177/1177/1177  1141/1141/1141  1143/1143/1143
f 1149/1149/1149  1147/1147/1147  1140/1140/1140
f 1151/1151/1151  1149/1149/1149  1140/1140/1140
f 1177/1177/1177  1175/1175/1175  1141/1141/1141
f 1147/1147/1147  1144/1144/1144  1142/1142/1142
f 1179/1179/1179  1177/1177/1177  1143/1143/1143
f 1242/1242/1242  1146/1146/1146  1148/1148/1148
f 1265/1265/1265  1148/1148/1148  1150/1150/1150
f 1267/1267/1267  1242/1242/1242  1148/1148/1148
f 1267/1267/1267  1148/1148/1148  1265/1265/1265
f 1268/1268/1268  1150/1150/1150  1152/1152/1152
f 1268/1268/1268  1265/1265/1265  1150/1150/1150
f 1271/1271/1271  1268/1268/1268  1152/1152/1152
f 1282/1282/1282  1155/1155/1155  1157/1157/1157
f 1278/1278/1278  1174/1174/1174  1154/1154/1154
f 1280/1280/1280  1278/1278/1278  1154/1154/1154
f 1296/1296/1296  1157/1157/1157  1159/1159/1159
f 1296/1296/1296  1282/1282/1282  1157/1157/1157
f 1294/1294/1294  1159/1159/1159  1161/1161/1161
f 1296/1296/1296  1159/1159/1159  1294/1294/1294
f 1294/1294/1294  1161/1161/1161  1163/1163/1163
f 1298/1298/1298  1163/1163/1163  1166/1166/1166
f 1298/1298/1298  1294/1294/1294  1163/1163/1163
f 1283/1283/1283  1165/1165/1165  1168/1168/1168
f 1298/1298/1298  1166/1166/1166  1285/1285/1285
f 1286/1286/1286  1168/1168/1168  1170/1170/1170
f 1286/1286/1286  1283/1283/1283  1168/1168/1168
f 1275/1275/1275  1170/1170/1170  1172/1172/1172
f 1286/1286/1286  1170/1170/1170  1275/1275/1275
f 1275/1275/1275  1172/1172/1172  1174/1174/1174
f 1278/1278/1278  1275/1275/1275  1174/1174/1174
f 1233/1233/1233  1176/1176/1176  1178/1178/1178
f 1233/1233/1233  1190/1190/1190  1176/1176/1176
f 1235/1235/1235  1178/1178/1178  1180/1180/1180
f 1235/1235/1235  1233/1233/1233  1178/1178/1178
f 1237/1237/1237  1180/1180/1180  1182/1182/1182
f 1237/1237/1237  1235/1235/1235  1180/1180/1180
f 1207/1207/1207  1182/1182/1182  1204/1204/1204
f 1237/1237/1237  1182/1182/1182  1207/1207/1207
f 1226/1226/1226  1185/1185/1185  1188/1188/1188
f 1223/1223/1223  1191/1191/1191  1185/1185/1185
f 1226/1226/1226  1223/1223/1223  1185/1185/1185
f 1231/1231/1231  1188/1188/1188  1190/1190/1190
f 1229/1229/1229  1226/1226/1226  1188/1188/1188
f 1231/1231/1231  1229/1229/1229  1188/1188/1188
f 1233/1233/1233  1231/1231/1231  1190/1190/1190
f 1221/1221/1221  1194/1194/1194  1191/1191/1191
f 1223/1223/1223  1221/1221/1221  1191/1191/1191
f 1219/1219/1219  1196/1196/1196  1194/1194/1194
f 1221/1221/1221  1219/1219/1219  1194/1194/1194
f 1217/1217/1217  1198/1198/1198  1196/1196/1196
f 1219/1219/1219  1217/1217/1217  1196/1196/1196
f 1217/1217/1217  1200/1200/1200  1198/1198/1198
f 1215/1215/1215  1202/1202/1202  1200/1200/1200
f 1217/1217/1217  1215/1215/1215  1200/1200/1200
f 1210/1210/1210  1204/1204/1204  1202/1202/1202
f 1213/1213/1213  1210/1210/1210  1202/1202/1202
f 1215/1215/1215  1213/1213/1213  1202/1202/1202
f 1210/1210/1210  1207/1207/1207  1204/1204/1204
f 1266/1266/1266  1250/1250/1250  1241/1241/1241
f 1249/1249/1249  1245/1245/1245  1243/1243/1243
f 1266/1266/1266  1248/1248/1248  1250/1250/1250
f 1266/1266/1266  1263/1263/1263  1248/1248/1248
f 1272/1272/1272  1252/1252/1252  1255/1255/1255
f 1273/1273/1273  1254/1254/1254  1259/1259/1259
f 1274/1274/1274  1272/1272/1272  1255/1255/1255
f 1264/1264/1264  1257/1257/1257  1261/1261/1261
f 1268/1268/1268  1258/1258/1258  1265/1265/1265
f 1273/1273/1273  1259/1259/1259  1269/1269/1269
f 1266/1266/1266  1261/1261/1261  1263/1263/1263
f 1266/1266/1266  1264/1264/1264  1261/1261/1261
f 1274/1274/1274  1270/1270/1270  1272/1272/1272
f 1288/1288/1288  1276/1276/1276  1279/1279/1279
f 1290/1290/1290  1287/1287/1287  1277/1277/1277
f 1288/1288/1288  1279/1279/1279  1281/1281/1281
f 1295/1295/1295  1288/1288/1288  1281/1281/1281
f 1290/1290/1290  1284/1284/1284  1287/1287/1287
f 1297/1297/1297  1284/1284/1284  1290/1290/1290
f 1295/1295/1295  1292/1292/1292  1288/1288/1288
f 1297/1297/1297  1290/1290/1290  1293/1293/1293
f 1457/1457/1457  1300/1300/1300  1302/1302/1302
f 1473/1473/1473  1320/1320/1320  1300/1300/1300
f 1473/1473/1473  1300/1300/1300  1457/1457/1457
f 1397/1397/1397  1395/1395/1395  1302/1302/1302
f 1462/1462/1462  1302/1302/1302  1395/1395/1395
f 1399/1399/1399  1397/1397/1397  1302/1302/1302
f 1460/1460/1460  1457/1457/1457  1302/1302/1302
f 1462/1462/1462  1460/1460/1460  1302/1302/1302
f 1359/1359/1359  1304/1304/1304  1306/1306/1306
f 1359/1359/1359  1357/1357/1357  1304/1304/1304
f 1475/1475/1475  1306/1306/1306  1308/1308/1308
f 1491/1491/1491  1359/1359/1359  1306/1306/1306
f 1491/1491/1491  1306/1306/1306  1475/1475/1475
f 1445/1445/1445  1308/1308/1308  1310/1310/1310
f 1331/1331/1331  1329/1329/1329  1308/1308/1308
f 1480/1480/1480  1308/1308/1308  1329/1329/1329
f 1333/1333/1333  1331/1331/1331  1308/1308/1308
f 1441/1441/1441  1333/1333/1333  1308/1308/1308
f 1443/1443/1443  1441/1441/1441  1308/1308/1308
f 1445/1445/1445  1443/1443/1443  1308/1308/1308
f 1478/1478/1478  1475/1475/1475  1308/1308/1308
f 1480/1480/1480  1478/1478/1478  1308/1308/1308
f 1314/1314/1314  1310/1310/1310  1312/1312/1312
f 1316/1316/1316  1310/1310/1310  1314/1314/1314
f 1449/1449/1449  1310/1310/1310  1316/1316/1316
f 1447/1447/1447  1445/1445/1445  1310/1310/1310
f 1449/1449/1449  1447/1447/1447  1310/1310/1310
f 1449/1449/1449  1316/1316/1316  1318/1318/1318
f 1421/1421/1421  1318/1318/1318  1320/1320/1320
f 1414/1414/1414  1412/1412/1412  1318/1318/1318
f 1451/1451/1451  1318/1318/1318  1412/1412/1412
f 1416/1416/1416  1414/1414/1414  1318/1318/1318
f 1418/1418/1418  1416/1416/1416  1318/1318/1318
f 1421/1421/1421  1418/1418/1418  1318/1318/1318
f 1451/1451/1451  1449/1449/1449  1318/1318/1318
f 1441/1441/1441  1320/1320/1320  1333/1333/1333
f 1473/1473/1473  1333/1333/1333  1320/1320/1320
f 1423/1423/1423  1421/1421/1421  1320/1320/1320
f 1425/1425/1425  1423/1423/1423  1320/1320/1320
f 1441/1441/1441  1425/1425/1425  1320/1320/1320
f 1489/1489/1489  1324/1324/1324  1321/1321/1321
f 1511/1511/1511  1323/1323/1323  1325/1325/1325
f 1491/1491/1491  1321/1321/1321  1359/1359/1359
f 1508/1508/1508  1360/1360/1360  1322/1322/1322
f 1491/1491/1491  1489/1489/1489  1321/1321/1321
f 1510/1510/1510  1508/1508/1508  1322/1322/1322
f 1484/1484/1484  1326/1326/1326  1324/1324/1324
f 1526/1526/1526  1325/1325/1325  1327/1327/1327
f 1487/1487/1487  1484/1484/1484  1324/1324/1324
f 1489/1489/1489  1487/1487/1487  1324/1324/1324
f 1524/1524/1524  1511/1511/1511  1325/1325/1325
f 1526/1526/1526  1524/1524/1524  1325/1325/1325
f 1482/1482/1482  1329/1329/1329  1326/1326/1326
f 1530/1530/1530  1328/1328/1328  1330/1330/1330
f 1484/1484/1484  1482/1482/1482  1326/1326/1326
f 1528/1528/1528  1526/1526/1526  1327/1327/1327
f 1686/1686/1686  1330/1330/1330  1332/1332/1332
f 1482/1482/1482  1480/1480/1480  1329/1329/1329
f 1688/1688/1688  1530/1530/1530  1330/1330/1330
f 1688/1688/1688  1330/1330/1330  1686/1686/1686
f 1684/1684/1684  1332/1332/1332  1334/1334/1334
f 1686/1686/1686  1332/1332/1332  1684/1684/1684
f 1473/1473/1473  1335/1335/1335  1333/1333/1333
f 1682/1682/1682  1334/1334/1334  1336/1336/1336
f 1684/1684/1684  1334/1334/1334  1682/1682/1682
f 1473/1473/1473  1337/1337/1337  1335/1335/1335
f 1680/1680/1680  1336/1336/1336  1338/1338/1338
f 1682/1682/1682  1336/1336/1336  1680/1680/1680
f 1471/1471/1471  1339/1339/1339  1337/1337/1337
f 1680/1680/1680  1338/1338/1338  1341/1341/1341
f 1473/1473/1473  1471/1471/1471  1337/1337/1337
f 1466/1466/1466  1342/1342/1342  1339/1339/1339
f 1515/1515/1515  1340/1340/1340  1343/1343/1343
f 1469/1469/1469  1466/1466/1466  1339/1339/1339
f 1471/1471/1471  1469/1469/1469  1339/1339/1339
f 1680/1680/1680  1341/1341/1341  1517/1517/1517
f 1395/1395/1395  1344/1344/1344  1342/1342/1342
f 1520/1520/1520  1343/1343/1343  1346/1346/1346
f 1464/1464/1464  1395/1395/1395  1342/1342/1342
f 1466/1466/1466  1464/1464/1464  1342/1342/1342
f 1518/1518/1518  1515/1515/1515  1343/1343/1343
f 1520/1520/1520  1518/1518/1518  1343/1343/1343
f 1393/1393/1393  1347/1347/1347  1344/1344/1344
f 1493/1493/1493  1345/1345/1345  1348/1348/1348
f 1395/1395/1395  1393/1393/1393  1344/1344/1344
f 1520/1520/1520  1346/1346/1346  1494/1494/1494
f 1391/1391/1391  1349/1349/1349  1347/1347/1347
f 1496/1496/1496  1348/1348/1348  1350/1350/1350
f 1393/1393/1393  1391/1391/1391  1347/1347/1347
f 1496/1496/1496  1493/1493/1493  1348/1348/1348
f 1382/1382/1382  1351/1351/1351  1349/1349/1349
f 1498/1498/1498  1350/1350/1350  1352/1352/1352
f 1384/1384/1384  1382/1382/1382  1349/1349/1349
f 1389/1389/1389  1384/1384/1384  1349/1349/1349
f 1391/1391/1391  1389/1389/1389  1349/1349/1349
f 1498/1498/1498  1496/1496/1496  1350/1350/1350
f 1379/1379/1379  1353/1353/1353  1351/1351/1351
f 1502/1502/1502  1352/1352/1352  1354/1354/1354
f 1382/1382/1382  1379/1379/1379  1351/1351/1351
f 1500/1500/1500  1498/1498/1498  1352/1352/1352
f 1502/1502/1502  1500/1500/1500  1352/1352/1352
f 1504/1504/1504  1354/1354/1354  1356/1356/1356
f 1379/1379/1379  1377/1377/1377  1353/1353/1353
f 1504/1504/1504  1502/1502/1502  1354/1354/1354
f 1504/1504/1504  1356/1356/1356  1358/1358/1358
f 1506/1506/1506  1358/1358/1358  1360/1360/1360
f 1506/1506/1506  1504/1504/1504  1358/1358/1358
f 1508/1508/1508  1506/1506/1506  1360/1360/1360
f 1403/1403/1403  1364/1364/1364  1361/1361/1361
f 1816/1816/1816  1362/1362/1362  1365/1365/1365
f 1819/1819/1819  1404/1404/1404  1363/1363/1363
f 1819/1819/1819  1363/1363/1363  1817/1817/1817
f 1403/1403/1403  1366/1366/1366  1364/1364/1364
f 1706/1706/1706  1365/1365/1365  1367/1367/1367
f 1816/1816/1816  1365/1365/1365  1706/1706/1706
f 1704/1704/1704  1368/1368/1368  1370/1370/1370
f 1706/1706/1706  1367/1367/1367  1703/1703/1703
f 1699/1699/1699  1370/1370/1370  1372/1372/1372
f 1701/1701/1701  1370/1370/1370  1699/1699/1699
f 1704/1704/1704  1370/1370/1370  1701/1701/1701
f 1697/1697/1697  1372/1372/1372  1374/1374/1374
f 1699/1699/1699  1372/1372/1372  1697/1697/1697
f 1695/1695/1695  1374/1374/1374  1376/1376/1376
f 1697/1697/1697  1374/1374/1374  1695/1695/1695
f 1693/1693/1693  1376/1376/1376  1378/1378/1378
f 1695/1695/1695  1376/1376/1376  1693/1693/1693
f 1693/1693/1693  1378/1378/1378  1381/1381/1381
f 1690/1690/1690  1380/1380/1380  1383/1383/1383
f 1693/1693/1693  1381/1381/1381  1691/1691/1691
f 1712/1712/1712  1383/1383/1383  1385/1385/1385
f 1714/1714/1714  1690/1690/1690  1383/1383/1383
f 1714/1714/1714  1383/1383/1383  1712/1712/1712
f 1389/1389/1389  1386/1386/1386  1384/1384/1384
f 1710/1710/1710  1385/1385/1385  1387/1387/1387
f 1712/1712/1712  1385/1385/1385  1710/1710/1710
f 1838/1838/1838  1388/1388/1388  1390/1390/1390
f 1710/1710/1710  1387/1387/1387  1708/1708/1708
f 1837/1837/1837  1708/1708/1708  1387/1387/1387
f 1835/1835/1835  1390/1390/1390  1392/1392/1392
f 1838/1838/1838  1390/1390/1390  1835/1835/1835
f 1833/1833/1833  1392/1392/1392  1394/1394/1394
f 1835/1835/1835  1392/1392/1392  1833/1833/1833
f 1831/1831/1831  1394/1394/1394  1396/1396/1396
f 1833/1833/1833  1394/1394/1394  1831/1831/1831
f 1829/1829/1829  1396/1396/1396  1398/1398/1398
f 1464/1464/1464  1462/1462/1462  1395/1395/1395
f 1831/1831/1831  1396/1396/1396  1829/1829/1829
f 1827/1827/1827  1398/1398/1398  1400/1400/1400
f 1829/1829/1829  1398/1398/1398  1827/1827/1827
f 1823/1823/1823  1400/1400/1400  1402/1402/1402
f 1825/1825/1825  1400/1400/1400  1823/1823/1823
f 1827/1827/1827  1400/1400/1400  1825/1825/1825
f 1821/1821/1821  1402/1402/1402  1404/1404/1404
f 1823/1823/1823  1402/1402/1402  1821/1821/1821
f 1821/1821/1821  1404/1404/1404  1819/1819/1819
f 1455/1455/1455  1408/1408/1408  1405/1405/1405
f 1764/1764/1764  1406/1406/1406  1409/1409/1409
f 1767/1767/1767  1456/1456/1456  1407/1407/1407
f 1767/1767/1767  1407/1407/1407  1765/1765/1765
f 1453/1453/1453  1410/1410/1410  1408/1408/1408
f 1738/1738/1738  1409/1409/1409  1411/1411/1411
f 1455/1455/1455  1453/1453/1453  1408/1408/1408
f 1740/1740/1740  1409/1409/1409  1738/1738/1738
f 1764/1764/1764  1409/1409/1409  1740/1740/1740
f 1451/1451/1451  1412/1412/1412  1410/1410/1410
f 1736/1736/1736  1411/1411/1411  1413/1413/1413
f 1453/1453/1453  1451/1451/1451  1410/1410/1410
f 1738/1738/1738  1411/1411/1411  1736/1736/1736
f 1734/1734/1734  1413/1413/1413  1415/1415/1415
f 1736/1736/1736  1413/1413/1413  1734/1734/1734
f 1732/1732/1732  1415/1415/1415  1417/1417/1417
f 1734/1734/1734  1415/1415/1415  1732/1732/1732
f 1732/1732/1732  1417/1417/1417  1419/1419/1419
f 1730/1730/1730  1420/1420/1420  1422/1422/1422
f 1732/1732/1732  1419/1419/1419  1729/1729/1729
f 1725/1725/1725  1422/1422/1422  1424/1424/1424
f 1727/1727/1727  1422/1422/1422  1725/1725/1725
f 1730/1730/1730  1422/1422/1422  1727/1727/1727
f 1723/1723/1723  1424/1424/1424  1426/1426/1426
f 1725/1725/1725  1424/1424/1424  1723/1723/1723
f 1439/1439/1439  1427/1427/1427  1425/1425/1425
f 1721/1721/1721  1426/1426/1426  1428/1428/1428
f 1441/1441/1441  1439/1439/1439  1425/1425/1425
f 1723/1723/1723  1426/1426/1426  1721/1721/1721
f 1439/1439/1439  1429/1429/1429  1427/1427/1427
f 1719/1719/1719  1428/1428/1428  1430/1430/1430
f 1721/1721/1721  1428/1428/1428  1719/1719/1719
f 1439/1439/1439  1431/1431/1431  1429/1429/1429
f 1719/1719/1719  1430/1430/1430  1433/1433/1433
f 1439/1439/1439  1434/1434/1434  1431/1431/1431
f 1716/1716/1716  1432/1432/1432  1435/1435/1435
f 1719/1719/1719  1433/1433/1433  1717/1717/1717
f 1439/1439/1439  1436/1436/1436  1434/1434/1434
f 1716/1716/1716  1435/1435/1435  1437/1437/1437
f 1790/1790/1790  1438/1438/1438  1440/1440/1440
f 1789/1789/1789  1716/1716/1716  1437/1437/1437
f 1785/1785/1785  1440/1440/1440  1442/1442/1442
f 1787/1787/1787  1440/1440/1440  1785/1785/1785
f 1790/1790/1790  1440/1440/1440  1787/1787/1787
f 1783/1783/1783  1442/1442/1442  1444/1444/1444
f 1785/1785/1785  1442/1442/1442  1783/1783/1783
f 1783/1783/1783  1444/1444/1444  1446/1446/1446
f 1781/1781/1781  1446/1446/1446  1448/1448/1448
f 1783/1783/1783  1446/1446/1446  1781/1781/1781
f 1775/1775/1775  1448/1448/1448  1450/1450/1450
f 1777/1777/1777  1448/1448/1448  1775/1775/1775
f 1779/1779/1779  1448/1448/1448  1777/1777/1777
f 1781/1781/1781  1448/1448/1448  1779/1779/1779
f 1773/1773/1773  1450/1450/1450  1452/1452/1452
f 1775/1775/1775  1450/1450/1450  1773/1773/1773
f 1771/1771/1771  1452/1452/1452  1454/1454/1454
f 1773/1773/1773  1452/1452/1452  1771/1771/1771
f 1769/1769/1769  1454/1454/1454  1456/1456/1456
f 1771/1771/1771  1454/1454/1454  1769/1769/1769
f 1769/1769/1769  1456/1456/1456  1767/1767/1767
f 1594/1594/1594  1463/1463/1463  1465/1465/1465
f 1592/1592/1592  1465/1465/1465  1468/1468/1468
f 1594/1594/1594  1465/1465/1465  1592/1592/1592
f 1589/1589/1589  1467/1467/1467  1470/1470/1470
f 1592/1592/1592  1468/1468/1468  1590/1590/1590
f 1587/1587/1587  1470/1470/1470  1472/1472/1472
f 1589/1589/1589  1470/1470/1470  1587/1587/1587
f 1585/1585/1585  1472/1472/1472  1474/1474/1474
f 1587/1587/1587  1472/1472/1472  1585/1585/1585
f 1573/1573/1573  1481/1481/1481  1483/1483/1483
f 1571/1571/1571  1483/1483/1483  1486/1486/1486
f 1573/1573/1573  1483/1483/1483  1571/1571/1571
f 1568/1568/1568  1485/1485/1485  1488/1488/1488
f 1571/1571/1571  1486/1486/1486  1569/1569/1569
f 1608/1608/1608  1488/1488/1488  1490/1490/1490
f 1608/1608/1608  1568/1568/1568  1488/1488/1488
f 1605/1605/1605  1490/1490/1490  1492/1492/1492
f 1608/1608/1608  1490/1490/1490  1605/1605/1605
f 1514/1514/1514  1495/1495/1495  1497/1497/1497
f 1520/1520/1520  1494/1494/1494  1513/1513/1513
f 1540/1540/1540  1497/1497/1497  1499/1499/1499
f 1514/1514/1514  1497/1497/1497  1512/1512/1512
f 1538/1538/1538  1512/1512/1512  1497/1497/1497
f 1540/1540/1540  1538/1538/1538  1497/1497/1497
f 1542/1542/1542  1499/1499/1499  1501/1501/1501
f 1542/1542/1542  1540/1540/1540  1499/1499/1499
f 1505/1505/1505  1501/1501/1501  1503/1503/1503
f 1549/1549/1549  1501/1501/1501  1505/1505/1505
f 1545/1545/1545  1542/1542/1542  1501/1501/1501
f 1547/1547/1547  1545/1545/1545  1501/1501/1501
f 1549/1549/1549  1547/1547/1547  1501/1501/1501
f 1551/1551/1551  1505/1505/1505  1507/1507/1507
f 1551/1551/1551  1549/1549/1549  1505/1505/1505
f 1531/1531/1531  1507/1507/1507  1509/1509/1509
f 1551/1551/1551  1507/1507/1507  1531/1531/1531
f 1538/1538/1538  1509/1509/1509  1512/1512/1512
f 1534/1534/1534  1531/1531/1531  1509/1509/1509
f 1536/1536/1536  1534/1534/1534  1509/1509/1509
f 1538/1538/1538  1536/1536/1536  1509/1509/1509
f 1522/1522/1522  1513/1513/1513  1511/1511/1511
f 1524/1524/1524  1522/1522/1522  1511/1511/1511
f 1522/1522/1522  1520/1520/1520  1513/1513/1513
f 1670/1670/1670  1516/1516/1516  1519/1519/1519
f 1670/1670/1670  1668/1668/1668  1516/1516/1516
f 1679/1679/1679  1516/1516/1516  1668/1668/1668
f 1670/1670/1670  1519/1519/1519  1521/1521/1521
f 1670/1670/1670  1521/1521/1521  1523/1523/1523
f 1604/1604/1604  1523/1523/1523  1525/1525/1525
f 1604/1604/1604  1565/1565/1565  1523/1523/1523
f 1637/1637/1637  1523/1523/1523  1565/1565/1565
f 1637/1637/1637  1635/1635/1635  1523/1523/1523
f 1670/1670/1670  1523/1523/1523  1635/1635/1635
f 1607/1607/1607  1525/1525/1525  1527/1527/1527
f 1607/1607/1607  1604/1604/1604  1525/1525/1525
f 1567/1567/1567  1527/1527/1527  1529/1529/1529
f 1607/1607/1607  1527/1527/1527  1567/1567/1567
f 1570/1570/1570  1567/1567/1567  1529/1529/1529
f 1572/1572/1572  1570/1570/1570  1529/1529/1529
f 1687/1687/1687  1572/1572/1572  1529/1529/1529
f 1566/1566/1566  1533/1533/1533  1535/1535/1535
f 1562/1562/1562  1552/1552/1552  1532/1532/1532
f 1564/1564/1564  1562/1562/1562  1532/1532/1532
f 1638/1638/1638  1535/1535/1535  1537/1537/1537
f 1638/1638/1638  1566/1566/1566  1535/1535/1535
f 1636/1636/1636  1537/1537/1537  1539/1539/1539
f 1638/1638/1638  1537/1537/1537  1636/1636/1636
f 1634/1634/1634  1539/1539/1539  1541/1541/1541
f 1636/1636/1636  1539/1539/1539  1634/1634/1634
f 1632/1632/1632  1541/1541/1541  1544/1544/1544
f 1634/1634/1634  1541/1541/1541  1632/1632/1632
f 1553/1553/1553  1543/1543/1543  1546/1546/1546
f 1632/1632/1632  1544/1544/1544  1555/1555/1555
f 1556/1556/1556  1546/1546/1546  1548/1548/1548
f 1556/1556/1556  1553/1553/1553  1546/1546/1546
f 1558/1558/1558  1548/1548/1548  1550/1550/1550
f 1558/1558/1558  1556/1556/1556  1548/1548/1548
f 1560/1560/1560  1550/1550/1550  1552/1552/1552
f 1560/1560/1560  1558/1558/1558  1550/1550/1550
f 1562/1562/1562  1560/1560/1560  1552/1552/1552
f 1675/1675/1675  1554/1554/1554  1557/1557/1557
f 1673/1673/1673  1631/1631/1631  1554/1554/1554
f 1675/1675/1675  1673/1673/1673  1554/1554/1554
f 1644/1644/1644  1557/1557/1557  1559/1559/1559
f 1644/1644/1644  1642/1642/1642  1557/1557/1557
f 1675/1675/1675  1557/1557/1557  1642/1642/1642
f 1602/1602/1602  1559/1559/1559  1561/1561/1561
f 1713/1713/1713  1559/1559/1559  1602/1602/1602
f 1709/1709/1709  1644/1644/1644  1559/1559/1559
f 1711/1711/1711  1709/1709/1709  1559/1559/1559
f 1713/1713/1713  1711/1711/1711  1559/1559/1559
f 1602/1602/1602  1561/1561/1561  1563/1563/1563
f 1602/1602/1602  1563/1563/1563  1565/1565/1565
f 1604/1604/1604  1602/1602/1602  1565/1565/1565
f 1614/1614/1614  1575/1575/1575  1572/1572/1572
f 1685/1685/1685  1614/1614/1614  1572/1572/1572
f 1687/1687/1687  1685/1685/1685  1572/1572/1572
f 1627/1627/1627  1577/1577/1577  1575/1575/1575
f 1612/1612/1612  1609/1609/1609  1575/1575/1575
f 1629/1629/1629  1575/1575/1575  1609/1609/1609
f 1614/1614/1614  1612/1612/1612  1575/1575/1575
f 1629/1629/1629  1627/1627/1627  1575/1575/1575
f 1627/1627/1627  1579/1579/1579  1577/1577/1577
f 1731/1731/1731  1581/1581/1581  1579/1579/1579
f 1625/1625/1625  1623/1623/1623  1579/1579/1579
f 1735/1735/1735  1579/1579/1579  1623/1623/1623
f 1627/1627/1627  1625/1625/1625  1579/1579/1579
f 1733/1733/1733  1731/1731/1731  1579/1579/1579
f 1735/1735/1735  1733/1733/1733  1579/1579/1579
f 1664/1664/1664  1583/1583/1583  1581/1581/1581
f 1724/1724/1724  1664/1664/1664  1581/1581/1581
f 1726/1726/1726  1724/1724/1724  1581/1581/1581
f 1728/1728/1728  1726/1726/1726  1581/1581/1581
f 1731/1731/1731  1728/1728/1728  1581/1581/1581
f 1661/1661/1661  1586/1586/1586  1583/1583/1583
f 1664/1664/1664  1661/1661/1661  1583/1583/1583
f 1661/1661/1661  1588/1588/1588  1586/1586/1586
f 1677/1677/1677  1591/1591/1591  1588/1588/1588
f 1677/1677/1677  1588/1588/1588  1661/1661/1661
f 1677/1677/1677  1593/1593/1593  1591/1591/1591
f 1648/1648/1648  1596/1596/1596  1593/1593/1593
f 1650/1650/1650  1648/1648/1648  1593/1593/1593
f 1653/1653/1653  1650/1650/1650  1593/1593/1593
f 1655/1655/1655  1653/1653/1653  1593/1593/1593
f 1657/1657/1657  1655/1655/1655  1593/1593/1593
f 1677/1677/1677  1657/1657/1657  1593/1593/1593
f 1698/1698/1698  1598/1598/1598  1596/1596/1596
f 1648/1648/1648  1646/1646/1646  1596/1596/1596
f 1705/1705/1705  1596/1596/1596  1646/1646/1646
f 1700/1700/1700  1698/1698/1698  1596/1596/1596
f 1702/1702/1702  1700/1700/1700  1596/1596/1596
f 1705/1705/1705  1702/1702/1702  1596/1596/1596
f 1696/1696/1696  1600/1600/1600  1598/1598/1598
f 1698/1698/1698  1696/1696/1696  1598/1598/1598
f 1689/1689/1689  1602/1602/1602  1600/1600/1600
f 1692/1692/1692  1689/1689/1689  1600/1600/1600
f 1694/1694/1694  1692/1692/1692  1600/1600/1600
f 1696/1696/1696  1694/1694/1694  1600/1600/1600
f 1713/1713/1713  1602/1602/1602  1689/1689/1689
f 1753/1753/1753  1611/1611/1611  1613/1613/1613
f 1750/1750/1750  1630/1630/1630  1610/1610/1610
f 1752/1752/1752  1750/1750/1750  1610/1610/1610
f 1755/1755/1755  1613/1613/1613  1615/1615/1615
f 1755/1755/1755  1753/1753/1753  1613/1613/1613
f 1685/1685/1685  1616/1616/1616  1614/1614/1614
f 1757/1757/1757  1615/1615/1615  1617/1617/1617
f 1757/1757/1757  1755/1755/1755  1615/1615/1615
f 1715/1715/1715  1618/1618/1618  1616/1616/1616
f 1759/1759/1759  1617/1617/1617  1619/1619/1619
f 1718/1718/1718  1616/1616/1616  1685/1685/1685
f 1718/1718/1718  1715/1715/1715  1616/1616/1616
f 1759/1759/1759  1757/1757/1757  1617/1617/1617
f 1737/1737/1737  1620/1620/1620  1618/1618/1618
f 1761/1761/1761  1619/1619/1619  1622/1622/1622
f 1739/1739/1739  1618/1618/1618  1715/1715/1715
f 1739/1739/1739  1737/1737/1737  1618/1618/1618
f 1761/1761/1761  1759/1759/1759  1619/1619/1619
f 1735/1735/1735  1623/1623/1623  1620/1620/1620
f 1741/1741/1741  1621/1621/1621  1624/1624/1624
f 1737/1737/1737  1735/1735/1735  1620/1620/1620
f 1761/1761/1761  1622/1622/1622  1742/1742/1742
f 1744/1744/1744  1624/1624/1624  1626/1626/1626
f 1744/1744/1744  1741/1741/1741  1624/1624/1624
f 1746/1746/1746  1626/1626/1626  1628/1628/1628
f 1746/1746/1746  1744/1744/1744  1626/1626/1626
f 1748/1748/1748  1628/1628/1628  1630/1630/1630
f 1748/1748/1748  1746/1746/1746  1628/1628/1628
f 1750/1750/1750  1748/1748/1748  1630/1630/1630
f 1673/1673/1673  1633/1633/1633  1631/1631/1631
f 1670/1670/1670  1635/1635/1635  1633/1633/1633
f 1673/1673/1673  1670/1670/1670  1633/1633/1633
f 1675/1675/1675  1642/1642/1642  1639/1639/1639
f 1805/1805/1805  1641/1641/1641  1643/1643/1643
f 1677/1677/1677  1639/1639/1639  1659/1659/1659
f 1802/1802/1802  1660/1660/1660  1640/1640/1640
f 1677/1677/1677  1675/1675/1675  1639/1639/1639
f 1804/1804/1804  1802/1802/1802  1640/1640/1640
f 1807/1807/1807  1643/1643/1643  1645/1645/1645
f 1807/1807/1807  1805/1805/1805  1643/1643/1643
f 1707/1707/1707  1646/1646/1646  1644/1644/1644
f 1809/1809/1809  1645/1645/1645  1647/1647/1647
f 1709/1709/1709  1707/1707/1707  1644/1644/1644
f 1809/1809/1809  1807/1807/1807  1645/1645/1645
f 1811/1811/1811  1647/1647/1647  1649/1649/1649
f 1707/1707/1707  1705/1705/1705  1646/1646/1646
f 1811/1811/1811  1809/1809/1809  1647/1647/1647
f 1813/1813/1813  1649/1649/1649  1652/1652/1652
f 1813/1813/1813  1811/1811/1811  1649/1649/1649
f 1793/1793/1793  1651/1651/1651  1654/1654/1654
f 1813/1813/1813  1652/1652/1652  1794/1794/1794
f 1796/1796/1796  1654/1654/1654  1656/1656/1656
f 1796/1796/1796  1793/1793/1793  1654/1654/1654
f 1798/1798/1798  1656/1656/1656  1658/1658/1658
f 1798/1798/1798  1796/1796/1796  1656/1656/1656
f 1677/1677/1677  1659/1659/1659  1657/1657/1657
f 1800/1800/1800  1658/1658/1658  1660/1660/1660
f 1800/1800/1800  1798/1798/1798  1658/1658/1658
f 1802/1802/1802  1800/1800/1800  1660/1660/1660
f 1852/1852/1852  1663/1663/1663  1665/1665/1665
f 1849/1849/1849  1678/1678/1678  1662/1662/1662
f 1851/1851/1851  1849/1849/1849  1662/1662/1662
f 1722/1722/1722  1666/1666/1666  1664/1664/1664
f 1857/1857/1857  1665/1665/1665  1667/1667/1667
f 1724/1724/1724  1722/1722/1722  1664/1664/1664
f 1855/1855/1855  1852/1852/1852  1665/1665/1665
f 1857/1857/1857  1855/1855/1855  1665/1665/1665
f 1683/1683/1683  1668/1668/1668  1666/1666/1666
f 1859/1859/1859  1667/1667/1667  1669/1669/1669
f 1720/1720/1720  1683/1683/1683  1666/1666/1666
f 1722/1722/1722  1720/1720/1720  1666/1666/1666
f 1859/1859/1859  1857/1857/1857  1667/1667/1667
f 1859/1859/1859  1669/1669/1669  1672/1672/1672
f 1681/1681/1681  1679/1679/1679  1668/1668/1668
f 1683/1683/1683  1681/1681/1681  1668/1668/1668
f 1841/1841/1841  1671/1671/1671  1674/1674/1674
f 1859/1859/1859  1672/1672/1672  1842/1842/1842
f 1847/1847/1847  1674/1674/1674  1676/1676/1676
f 1845/1845/1845  1841/1841/1841  1674/1674/1674
f 1847/1847/1847  1845/1845/1845  1674/1674/1674
f 1849/1849/1849  1676/1676/1676  1678/1678/1678
f 1849/1849/1849  1847/1847/1847  1676/1676/1676
f 1718/1718/1718  1685/1685/1685  1683/1683/1683
f 1720/1720/1720  1718/1718/1718  1683/1683/1683
f 1840/1840/1840  1706/1706/1706  1708/1708/1708
f 1840/1840/1840  1816/1816/1816  1706/1706/1706
f 1840/1840/1840  1708/1708/1708  1837/1837/1837
f 1792/1792/1792  1740/1740/1740  1716/1716/1716
f 1792/1792/1792  1716/1716/1716  1789/1789/1789
f 1792/1792/1792  1764/1764/1764  1740/1740/1740
f 1768/1768/1768  1743/1743/1743  1745/1745/1745
f 1763/1763/1763  1762/1762/1762  1743/1743/1743
f 1766/1766/1766  1763/1763/1763  1743/1743/1743
f 1768/1768/1768  1766/1766/1766  1743/1743/1743
f 1770/1770/1770  1745/1745/1745  1747/1747/1747
f 1770/1770/1770  1768/1768/1768  1745/1745/1745
f 1774/1774/1774  1747/1747/1747  1749/1749/1749
f 1774/1774/1774  1770/1770/1770  1747/1747/1747
f 1776/1776/1776  1749/1749/1749  1751/1751/1751
f 1776/1776/1776  1774/1774/1774  1749/1749/1749
f 1778/1778/1778  1751/1751/1751  1754/1754/1754
f 1778/1778/1778  1776/1776/1776  1751/1751/1751
f 1780/1780/1780  1754/1754/1754  1756/1756/1756
f 1780/1780/1780  1778/1778/1778  1754/1754/1754
f 1782/1782/1782  1756/1756/1756  1758/1758/1758
f 1782/1782/1782  1780/1780/1780  1756/1756/1756
f 1786/1786/1786  1758/1758/1758  1760/1760/1760
f 1786/1786/1786  1782/1782/1782  1758/1758/1758
f 1788/1788/1788  1760/1760/1760  1762/1762/1762
f 1788/1788/1788  1786/1786/1786  1760/1760/1760
f 1791/1791/1791  1762/1762/1762  1763/1763/1763
f 1791/1791/1791  1788/1788/1788  1762/1762/1762
f 1774/1774/1774  1772/1772/1772  1770/1770/1770
f 1786/1786/1786  1784/1784/1784  1782/1782/1782
f 1822/1822/1822  1795/1795/1795  1797/1797/1797
f 1820/1820/1820  1814/1814/1814  1795/1795/1795
f 1822/1822/1822  1820/1820/1820  1795/1795/1795
f 1826/1826/1826  1797/1797/1797  1799/1799/1799
f 1824/1824/1824  1822/1822/1822  1797/1797/1797
f 1826/1826/1826  1824/1824/1824  1797/1797/1797
f 1830/1830/1830  1799/1799/1799  1801/1801/1801
f 1830/1830/1830  1826/1826/1826  1799/1799/1799
f 1830/1830/1830  1801/1801/1801  1803/1803/1803
f 1830/1830/1830  1803/1803/1803  1806/1806/1806
f 1832/1832/1832  1806/1806/1806  1808/1808/1808
f 1832/1832/1832  1830/1830/1830  1806/1806/1806
f 1836/1836/1836  1808/1808/1808  1810/1810/1810
f 1834/1834/1834  1832/1832/1832  1808/1808/1808
f 1836/1836/1836  1834/1834/1834  1808/1808/1808
f 1820/1820/1820  1810/1810/1810  1812/1812/1812
f 1839/1839/1839  1810/1810/1810  1820/1820/1820
f 1839/1839/1839  1836/1836/1836  1810/1810/1810
f 1820/1820/1820  1812/1812/1812  1814/1814/1814
f 1820/1820/1820  1818/1818/1818  1815/1815/1815
f 1839/1839/1839  1820/1820/1820  1815/1815/1815
f 1830/1830/1830  1828/1828/1828  1826/1826/1826
f 1872/1872/1872  1844/1844/1844  1846/1846/1846
f 1868/1868/1868  1860/1860/1860  1843/1843/1843
f 1870/1870/1870  1868/1868/1868  1843/1843/1843
f 1876/1876/1876  1846/1846/1846  1848/1848/1848
f 1878/1878/1878  1872/1872/1872  1846/1846/1846
f 1878/1878/1878  1846/1846/1846  1876/1876/1876
f 1874/1874/1874  1848/1848/1848  1850/1850/1850
f 1876/1876/1876  1848/1848/1848  1874/1874/1874
f 1874/1874/1874  1850/1850/1850  1854/1854/1854
f 1861/1861/1861  1853/1853/1853  1856/1856/1856
f 1874/1874/1874  1854/1854/1854  1863/1863/1863
f 1866/1866/1866  1856/1856/1856  1858/1858/1858
f 1864/1864/1864  1861/1861/1861  1856/1856/1856
f 1866/1866/1866  1864/1864/1864  1856/1856/1856
f 1868/1868/1868  1858/1858/1858  1860/1860/1860
f 1868/1868/1868  1866/1866/1866  1858/1858/1858
f 1873/1873/1873  1862/1862/1862  1865/1865/1865
f 1873/1873/1873  1865/1865/1865  1867/1867/1867
f 1875/1875/1875  1867/1867/1867  1869/1869/1869
f 1875/1875/1875  1873/1873/1873  1867/1867/1867
f 1877/1877/1877  1869/1869/1869  1871/1871/1871
f 1877/1877/1877  1875/1875/1875  1869/1869/1869
f 1897/1897/1897  1882/1882/1882  1884/1884/1884
f 1895/1895/1895  1894/1894/1894  1881/1881/1881
f 1897/1897/1897  1884/1884/1884  1886/1886/1886
f 1897/1897/1897  1886/1886/1886  1890/1890/1890
f 1895/1895/1895  1889/1889/1889  1892/1892/1892
f 1895/1895/1895  1892/1892/1892  1894/1894/1894
f 1917/1917/1917  1902/1902/1902  1904/1904/1904
f 1915/1915/1915  1914/1914/1914  1901/1901/1901
f 1917/1917/1917  1904/1904/1904  1906/1906/1906
f 1917/1917/1917  1906/1906/1906  1910/1910/1910
f 1915/1915/1915  1909/1909/1909  1912/1912/1912
f 1915/1915/1915  1912/1912/1912  1914/1914/1914
f 1937/1937/1937  1922/1922/1922  1924/1924/1924
f 1935/1935/1935  1934/1934/1934  1921/1921/1921
f 1937/1937/1937  1924/1924/1924  1926/1926/1926
f 1937/1937/1937  1926/1926/1926  1930/1930/1930
f 1935/1935/1935  1929/1929/1929  1932/1932/1932
f 1935/1935/1935  1932/1932/1932  1934/1934/1934

v  -8.900000 120.600000 -8.700000
v  -8.900000 120.600000 -8.700000
v  -8.900000 120.600000 -8.700000
v  -8.900000 119.548907 -10.519269
v  -8.900000 119.548907 -10.519269
v  -8.900000 117.450154 -10.518730
v  -8.900000 117.450154 -10.518730
v  -8.900000 116.400000 -8.700000
v  -8.900000 116.400000 -8.700000
v  -8.900000 116.400000 -8.700000
v  -8.900000 117.451093 -6.880731
v  -8.900000 117.451093 -6.880731
v  -8.900000 119.549846 -6.881270
v  -8.900000 119.549846 -6.881270
v  -13.600000 116.400000 -8.700000
v  -13.600000 116.400000 -8.700000
v  -13.600000 116.400000 -8.700000
v  -13.600000 116.400000 -8.700000
v  -13.600000 117.450000 -6.881347
v  -13.600000 117.450000 -6.881347
v  -13.600000 119.550000 -6.881347
v  -13.600000 119.550000 -6.881347
v  -13.600000 120.600000 -8.700000
v  -13.600000 120.600000 -8.700000
v  -13.600000 120.600000 -8.700000
v  -13.600000 120.600000 -8.700000
v  -13.714805 116.422836 -8.700000
v  -13.714805 116.422836 -8.700000
v  -13.812132 116.487868 -8.700000
v  -13.812132 116.487868 -8.700000
v  -13.812132 116.487868 -8.700000
v  -13.812132 116.487868 -8.700000
v  -13.812132 117.493934 -6.957443
v  -13.812132 117.493934 -6.957443
v  -13.812132 119.506066 -6.957443
v  -13.812132 119.506066 -6.957443
v  -13.812132 120.512132 -8.700000
v  -13.812132 120.512132 -8.700000
v  -13.812132 120.512132 -8.700000
v  -13.812132 120.512132 -8.700000
v  -13.714805 120.577164 -8.700000
v  -13.714805 120.577164 -8.700000
v  -13.812132 119.506066 -10.442557
v  -13.812132 119.506066 -10.442557
v  -13.812132 117.493934 -10.442557
v  -13.812132 117.493934 -10.442557
v  -13.600000 117.450000 -10.518653
v  -13.600000 117.450000 -10.518653
v  -13.600000 119.550000 -10.518653
v  -13.600000 119.550000 -10.518653
v  -13.900000 120.300000 -8.700000
v  -13.900000 120.300000 -8.700000
v  -13.900000 120.300000 -8.700000
v  -13.900000 119.400211 -10.258711
v  -13.900000 119.400211 -10.258711
v  -13.900000 117.600908 -10.259354
v  -13.900000 117.600908 -10.259354
v  -13.900000 116.700000 -8.700000
v  -13.900000 116.700000 -8.700000
v  -13.900000 116.700000 -8.700000
v  -13.877164 116.585195 -8.700000
v  -13.877164 116.585195 -8.700000
v  -13.877164 120.414805 -8.700000
v  -13.877164 120.414805 -8.700000
v  -13.900000 119.399092 -7.140646
v  -13.900000 119.399092 -7.140646
v  -13.900000 117.599789 -7.141289
v  -13.900000 117.599789 -7.141289

vt  0.000000 0.017247 0.000000
vt  0.000000 0.017247 0.000000
vt  0.000000 0.017247 0.000000
vt  0.000645 0.001542 0.000000
vt  0.000645 0.001542 0.000000
vt  0.001968 0.000000 0.000000
vt  0.001968 0.000000 0.000000
vt  0.002648 0.014680 0.000000
vt  0.002648 0.014680 0.000000
vt  0.002648 0.014680 0.000000
vt  0.001968 0.030717 0.000000
vt  0.001968 0.030717 0.000000
vt  0.000645 0.031729 0.000000
vt  0.000645 0.031729 0.000000
vt  0.042647 0.014965 0.000000
vt  0.042647 0.014965 0.000000
vt  0.042647 0.014965 0.000000
vt  0.042647 0.014965 0.000000
vt  0.041616 0.030932 0.000000
vt  0.041616 0.030932 0.000000
vt  0.039609 0.031938 0.000000
vt  0.039609 0.031938 0.000000
vt  0.038631 0.017504 0.000000
vt  0.038631 0.017504 0.000000
vt  0.038631 0.017504 0.000000
vt  0.038631 0.017504 0.000000
vt  0.043597 0.014988 0.000000
vt  0.043597 0.014988 0.000000
vt  0.044356 0.015036 0.000000
vt  0.044356 0.015036 0.000000
vt  0.044356 0.015036 0.000000
vt  0.044356 0.015036 0.000000
vt  0.043355 0.030324 0.000000
vt  0.043355 0.030324 0.000000
vt  0.041402 0.031298 0.000000
vt  0.041402 0.031298 0.000000
vt  0.040450 0.017467 0.000000
vt  0.040450 0.017467 0.000000
vt  0.040450 0.017467 0.000000
vt  0.040450 0.017467 0.000000
vt  0.039592 0.017499 0.000000
vt  0.039592 0.017499 0.000000
vt  0.041402 0.002481 0.000000
vt  0.041402 0.002481 0.000000
vt  0.043355 0.001025 0.000000
vt  0.043355 0.001025 0.000000
vt  0.041616 0.000336 0.000000
vt  0.041616 0.000336 0.000000
vt  0.039609 0.001867 0.000000
vt  0.039609 0.001867 0.000000
vt  0.041370 0.017349 0.000000
vt  0.041370 0.017349 0.000000
vt  0.041370 0.017349 0.000000
vt  0.042229 0.003931 0.000000
vt  0.042229 0.003931 0.000000
vt  0.043986 0.002647 0.000000
vt  0.043986 0.002647 0.000000
vt  0.044886 0.015175 0.000000
vt  0.044886 0.015175 0.000000
vt  0.044886 0.015175 0.000000
vt  0.044809 0.015102 0.000000
vt  0.044809 0.015102 0.000000
vt  0.041074 0.017414 0.000000
vt  0.041074 0.017414 0.000000
vt  0.042230 0.029733 0.000000
vt  0.042230 0.029733 0.000000
vt  0.043987 0.028834 0.000000
vt  0.043987 0.028834 0.000000

vn  1.000000 0.000000 0.000000
vn  0.000000 1.000000 0.000000
vn  0.000000 1.000000 0.000000
vn  1.000000 0.000000 0.000000
vn  0.000000 0.499452 -0.866342
vn  1.000000 0.000000 0.000000
vn  0.000000 -0.499898 -0.866084
vn  1.000000 0.000000 0.000000
vn  0.000000 -1.000000 0.000000
vn  0.000000 -1.000000 -0.000000
vn  1.000000 0.000000 0.000000
vn  0.000000 -0.499452 0.866342
vn  1.000000 0.000000 0.000000
vn  0.000000 0.499898 0.866084
vn  0.000000 -1.000000 0.000000
vn  0.000000 -1.000000 0.000000
vn  0.000000 -1.000000 -0.000000
vn  0.000000 -1.000000 0.000000
vn  0.000000 -0.500000 0.866025
vn  0.000000 -0.500000 0.866025
vn  0.000000 0.500000 0.866025
vn  0.000000 0.500000 0.866025
vn  0.000000 1.000000 -0.000000
vn  0.000000 1.000000 0.000000
vn  0.000000 1.000000 0.000000
vn  0.000000 1.000000 -0.000000
vn  -0.382683 -0.923880 0.000000
vn  -0.382683 -0.923880 -0.000000
vn  -0.707107 -0.707107 0.000000
vn  -0.707107 -0.707107 -0.000000
vn  -0.707107 -0.707107 -0.000000
vn  -0.707107 -0.707107 0.000000
vn  -0.707107 -0.353553 0.612372
vn  -0.707107 -0.353553 0.612372
vn  -0.707107 0.353553 0.612372
vn  -0.707107 0.353553 0.612372
vn  -0.707107 0.707107 0.000000
vn  -0.707107 0.707107 0.000000
vn  -0.707107 0.707107 0.000000
vn  -0.707107 0.707107 0.000000
vn  -0.382683 0.923880 0.000000
vn  -0.382683 0.923880 0.000000
vn  -0.707107 0.353553 -0.612372
vn  -0.707107 0.353553 -0.612372
vn  -0.707107 -0.353553 -0.612372
vn  -0.707107 -0.353553 -0.612372
vn  0.000000 -0.500000 -0.866025
vn  0.000000 -0.500000 -0.866025
vn  0.000000 0.500000 -0.866025
vn  0.000000 0.500000 -0.866025
vn  -1.000000 -0.000000 -0.000000
vn  -1.000000 0.000000 0.000000
vn  -1.000000 -0.000000 -0.000000
vn  -1.000000 -0.000000 0.000000
vn  -1.000000 0.000000 0.000000
vn  -1.000000 0.000000 0.000000
vn  -1.000000 0.000000 0.000000
vn  -1.000000 0.000000 0.000000
vn  -1.000000 0.000000 0.000000
vn  -1.000000 0.000000 0.000000
vn  -0.923880 -0.382683 -0.000000
vn  -0.923880 -0.382683 0.000000
vn  -0.923880 0.382683 0.000000
vn  -0.923880 0.382683 0.000000
vn  -1.000000 0.000000 0.000000
vn  -1.000000 -0.000000 -0.000000
vn  -1.000000 0.000000 0.000000
vn  -1.000000 0.000000 -0.000000


g 2
g 3
usemtl DEFAULT_MTL
f 1951/1951/1951  1942/1942/1942  1939/1939/1939
f 1964/1964/1964  1941/1941/1941  1943/1943/1943
f 1959/1959/1959  1952/1952/1952  1940/1940/1940
f 1961/1961/1961  1959/1959/1959  1940/1940/1940
f 1949/1949/1949  1944/1944/1944  1942/1942/1942
f 1988/1988/1988  1943/1943/1943  1945/1945/1945
f 1951/1951/1951  1949/1949/1949  1942/1942/1942
f 1988/1988/1988  1964/1964/1964  1943/1943/1943
f 1949/1949/1949  1946/1946/1946  1944/1944/1944
f 1986/1986/1986  1945/1945/1945  1948/1948/1948
f 1988/1988/1988  1945/1945/1945  1986/1986/1986
f 1953/1953/1953  1947/1947/1947  1950/1950/1950
f 1986/1986/1986  1948/1948/1948  1956/1956/1956
f 1957/1957/1957  1950/1950/1950  1952/1952/1952
f 1957/1957/1957  1953/1953/1953  1950/1950/1950
f 1959/1959/1959  1957/1957/1957  1952/1952/1952
f 1965/1965/1965  1954/1954/1954  1958/1958/1958
f 1983/1983/1983  1955/1955/1955  1966/1966/1966
f 1985/1985/1985  1955/1955/1955  1983/1983/1983
f 1971/1971/1971  1958/1958/1958  1960/1960/1960
f 1967/1967/1967  1965/1965/1965  1958/1958/1958
f 1971/1971/1971  1967/1967/1967  1958/1958/1958
f 1973/1973/1973  1960/1960/1960  1962/1962/1962
f 1973/1973/1973  1971/1971/1971  1960/1960/1960
f 1979/1979/1979  1973/1973/1973  1962/1962/1962
f 1987/1987/1987  1980/1980/1980  1963/1963/1963
f 1983/1983/1983  1966/1966/1966  1968/1968/1968
f 2000/2000/2000  1970/1970/1970  1972/1972/1972
f 1994/1994/1994  1984/1984/1984  1969/1969/1969
f 1999/1999/1999  1994/1994/1994  1969/1969/1969
f 2004/2004/2004  1972/1972/1972  1974/1974/1974
f 2000/2000/2000  1972/1972/1972  1998/1998/1998
f 2006/2006/2006  1998/1998/1998  1972/1972/1972
f 2006/2006/2006  1972/1972/1972  2004/2004/2004
f 1979/1979/1979  1975/1975/1975  1973/1973/1973
f 2004/2004/2004  1974/1974/1974  1978/1978/1978
f 1987/1987/1987  1976/1976/1976  1980/1980/1980
f 1987/1987/1987  1981/1981/1981  1976/1976/1976
f 2001/2001/2001  1977/1977/1977  1982/1982/1982
f 2004/2004/2004  1978/1978/1978  2002/2002/2002
f 1985/1985/1985  1983/1983/1983  1981/1981/1981
f 1994/1994/1994  1982/1982/1982  1984/1984/1984
f 1987/1987/1987  1985/1985/1985  1981/1981/1981
f 1992/1992/1992  1989/1989/1989  1982/1982/1982
f 2001/2001/2001  1982/1982/1982  1989/1989/1989
f 1994/1994/1994  1992/1992/1992  1982/1982/1982
f 2003/2003/2003  1990/1990/1990  1993/1993/1993
f 2004/2004/2004  2002/2002/2002  1991/1991/1991
f 2003/2003/2003  1993/1993/1993  1995/1995/1995
f 1999/1999/1999  1996/1996/1996  1994/1994/1994
f 2005/2005/2005  1995/1995/1995  1997/1997/1997
f 2005/2005/2005  2003/2003/2003  1995/1995/1995

v  -8.900000 120.600000 8.700000
v  -8.900000 120.600000 8.700000
v  -8.900000 120.600000 8.700000
v  -8.900000 119.548907 6.880731
v  -8.900000 119.548907 6.880731
v  -8.900000 117.450154 6.881270
v  -8.900000 117.450154 6.881270
v  -8.900000 116.400000 8.700000
v  -8.900000 116.400000 8.700000
v  -8.900000 116.400000 8.700000
v  -8.900000 117.451093 10.519269
v  -8.900000 117.451093 10.519269
v  -8.900000 119.549846 10.518730
v  -8.900000 119.549846 10.518730
v  -13.600000 116.400000 8.700000
v  -13.600000 116.400000 8.700000
v  -13.600000 116.400000 8.700000
v  -13.600000 116.400000 8.700000
v  -13.600000 117.450000 10.518653
v  -13.600000 117.450000 10.518653
v  -13.600000 119.550000 10.518653
v  -13.600000 119.550000 10.518653
v  -13.600000 120.600000 8.700000
v  -13.600000 120.600000 8.700000
v  -13.600000 120.600000 8.700000
v  -13.600000 120.600000 8.700000
v  -13.714805 116.422836 8.700000
v  -13.714805 116.422836 8.700000
v  -13.812132 116.487868 8.700000
v  -13.812132 116.487868 8.700000
v  -13.812132 116.487868 8.700000
v  -13.812132 116.487868 8.700000
v  -13.812132 117.493934 10.442557
v  -13.812132 117.493934 10.442557
v  -13.812132 119.506066 10.442557
v  -13.812132 119.506066 10.442557
v  -13.812132 120.512132 8.700000
v  -13.812132 120.512132 8.700000
v  -13.812132 120.512132 8.700000
v  -13.812132 120.512132 8.700000
v  -13.714805 120.577164 8.700000
v  -13.714805 120.577164 8.700000
v  -13.812132 119.506066 6.957443
v  -13.812132 119.506066 6.957443
v  -13.812132 117.493934 6.957443
v  -13.812132 117.493934 6.957443
v  -13.600000 117.450000 6.881347
v  -13.600000 117.450000 6.881347
v  -13.600000 119.550000 6.881347
v  -13.600000 119.550000 6.881347
v  -13.900000 120.300000 8.700000
v  -13.900000 120.300000 8.700000
v  -13.900000 120.300000 8.700000
v  -13.900000 119.400211 7.141289
v  -13.900000 119.400211 7.141289
v  -13.900000 117.600908 7.140646
v  -13.900000 117.600908 7.140646
v  -13.900000 116.700000 8.700000
v  -13.900000 116.700000 8.700000
v  -13.900000 116.700000 8.700000
v  -13.877164 116.585195 8.700000
v  -13.877164 116.585195 8.700000
v  -13.877164 120.414805 8.700000
v  -13.877164 120.414805 8.700000
v  -13.900000 119.399092 10.259354
v  -13.900000 119.399092 10.259354
v  -13.900000 117.599789 10.258711
v  -13.900000 117.599789 10.258711

vt  0.000000 0.014691 0.000000
vt  0.000000 0.014691 0.000000
vt  0.000000 0.014691 0.000000
vt  0.000645 0.000205 0.000000
vt  0.000645 0.000205 0.000000
vt  0.001968 0.001226 0.000000
vt  0.001968 0.001226 0.000000
vt  0.002648 0.017258 0.000000
vt  0.002648 0.017258 0.000000
vt  0.002648 0.017258 0.000000
vt  0.001968 0.031941 0.000000
vt  0.001968 0.031941 0.000000
vt  0.000645 0.030390 0.000000
vt  0.000645 0.030390 0.000000
vt  0.042647 0.016972 0.000000
vt  0.042647 0.016972 0.000000
vt  0.042647 0.016972 0.000000
vt  0.042647 0.016972 0.000000
vt  0.041616 0.031601 0.000000
vt  0.041616 0.031601 0.000000
vt  0.039609 0.030071 0.000000
vt  0.039609 0.030071 0.000000
vt  0.038631 0.014433 0.000000
vt  0.038631 0.014433 0.000000
vt  0.038631 0.014433 0.000000
vt  0.038631 0.014433 0.000000
vt  0.043597 0.016949 0.000000
vt  0.043597 0.016949 0.000000
vt  0.044356 0.016902 0.000000
vt  0.044356 0.016902 0.000000
vt  0.044356 0.016902 0.000000
vt  0.044356 0.016902 0.000000
vt  0.043355 0.030912 0.000000
vt  0.043355 0.030912 0.000000
vt  0.041402 0.029457 0.000000
vt  0.041402 0.029457 0.000000
vt  0.040450 0.014470 0.000000
vt  0.040450 0.014470 0.000000
vt  0.040450 0.014470 0.000000
vt  0.040450 0.014470 0.000000
vt  0.039592 0.014439 0.000000
vt  0.039592 0.014439 0.000000
vt  0.041402 0.000640 0.000000
vt  0.041402 0.000640 0.000000
vt  0.043355 0.001613 0.000000
vt  0.043355 0.001613 0.000000
vt  0.041616 0.001006 0.000000
vt  0.041616 0.001006 0.000000
vt  0.039609 0.000000 0.000000
vt  0.039609 0.000000 0.000000
vt  0.041370 0.014589 0.000000
vt  0.041370 0.014589 0.000000
vt  0.041370 0.014589 0.000000
vt  0.042229 0.002209 0.000000
vt  0.042229 0.002209 0.000000
vt  0.043986 0.003097 0.000000
vt  0.043986 0.003097 0.000000
vt  0.044886 0.016763 0.000000
vt  0.044886 0.016763 0.000000
vt  0.044886 0.016763 0.000000
vt  0.044809 0.016836 0.000000
vt  0.044809 0.016836 0.000000
vt  0.041074 0.014523 0.000000
vt  0.041074 0.014523 0.000000
vt  0.042230 0.028013 0.000000
vt  0.042230 0.028013 0.000000
vt  0.043987 0.029286 0.000000
vt  0.043987 0.029286 0.000000

vn  1.000000 0.000000 0.000000
vn  0.000000 1.000000 0.000000
vn  0.000000 1.000000 0.000000
vn  1.000000 0.000000 0.000000
vn  0.000000 0.499452 -0.866342
vn  1.000000 0.000000 0.000000
vn  0.000000 -0.499898 -0.866084
vn  1.000000 0.000000 0.000000
vn  0.000000 -1.000000 0.000000
vn  0.000000 -1.000000 -0.000000
vn  1.000000 0.000000 0.000000
vn  0.000000 -0.499452 0.866342
vn  1.000000 0.000000 0.000000
vn  0.000000 0.499898 0.866084
vn  0.000000 -1.000000 0.000000
vn  0.000000 -1.000000 0.000000
vn  0.000000 -1.000000 -0.000000
vn  0.000000 -1.000000 0.000000
vn  0.000000 -0.500000 0.866025
vn  0.000000 -0.500000 0.866025
vn  0.000000 0.500000 0.866025
vn  0.000000 0.500000 0.866025
vn  0.000000 1.000000 -0.000000
vn  0.000000 1.000000 0.000000
vn  0.000000 1.000000 0.000000
vn  0.000000 1.000000 -0.000000
vn  -0.382683 -0.923880 0.000000
vn  -0.382683 -0.923880 -0.000000
vn  -0.707107 -0.707107 0.000000
vn  -0.707107 -0.707107 -0.000000
vn  -0.707107 -0.707107 -0.000000
vn  -0.707107 -0.707107 0.000000
vn  -0.707107 -0.353553 0.612372
vn  -0.707107 -0.353553 0.612372
vn  -0.707107 0.353553 0.612372
vn  -0.707107 0.353553 0.612372
vn  -0.707107 0.707107 0.000000
vn  -0.707107 0.707107 0.000000
vn  -0.707107 0.707107 0.000000
vn  -0.707107 0.707107 0.000000
vn  -0.382683 0.923880 0.000000
vn  -0.382683 0.923880 0.000000
vn  -0.707107 0.353553 -0.612372
vn  -0.707107 0.353553 -0.612372
vn  -0.707107 -0.353553 -0.612372
vn  -0.707107 -0.353553 -0.612372
vn  0.000000 -0.500000 -0.866025
vn  0.000000 -0.500000 -0.866025
vn  0.000000 0.500000 -0.866025
vn  0.000000 0.500000 -0.866025
vn  -1.000000 -0.000000 -0.000000
vn  -1.000000 0.000000 0.000000
vn  -1.000000 -0.000000 -0.000000
vn  -1.000000 -0.000000 0.000000
vn  -1.000000 0.000000 0.000000
vn  -1.000000 0.000000 0.000000
vn  -1.000000 0.000000 0.000000
vn  -1.000000 0.000000 0.000000
vn  -1.000000 0.000000 0.000000
vn  -1.000000 0.000000 0.000000
vn  -0.923880 -0.382683 -0.000000
vn  -0.923880 -0.382683 0.000000
vn  -0.923880 0.382683 0.000000
vn  -0.923880 0.382683 0.000000
vn  -1.000000 0.000000 0.000000
vn  -1.000000 -0.000000 -0.000000
vn  -1.000000 0.000000 0.000000
vn  -1.000000 0.000000 -0.000000


g 4
f 2019/2019/2019  2010/2010/2010  2007/2007/2007
f 2032/2032/2032  2009/2009/2009  2011/2011/2011
f 2027/2027/2027  2020/2020/2020  2008/2008/2008
f 2029/2029/2029  2027/2027/2027  2008/2008/2008
f 2017/2017/2017  2012/2012/2012  2010/2010/2010
f 2056/2056/2056  2011/2011/2011  2013/2013/2013
f 2019/2019/2019  2017/2017/2017  2010/2010/2010
f 2056/2056/2056  2032/2032/2032  2011/2011/2011
f 2017/2017/2017  2014/2014/2014  2012/2012/2012
f 2054/2054/2054  2013/2013/2013  2016/2016/2016
f 2056/2056/2056  2013/2013/2013  2054/2054/2054
f 2021/2021/2021  2015/2015/2015  2018/2018/2018
f 2054/2054/2054  2016/2016/2016  2024/2024/2024
f 2025/2025/2025  2018/2018/2018  2020/2020/2020
f 2025/2025/2025  2021/2021/2021  2018/2018/2018
f 2027/2027/2027  2025/2025/2025  2020/2020/2020
f 2033/2033/2033  2022/2022/2022  2026/2026/2026
f 2051/2051/2051  2023/2023/2023  2034/2034/2034
f 2053/2053/2053  2023/2023/2023  2051/2051/2051
f 2039/2039/2039  2026/2026/2026  2028/2028/2028
f 2035/2035/2035  2033/2033/2033  2026/2026/2026
f 2039/2039/2039  2035/2035/2035  2026/2026/2026
f 2041/2041/2041  2028/2028/2028  2030/2030/2030
f 2041/2041/2041  2039/2039/2039  2028/2028/2028
f 2047/2047/2047  2041/2041/2041  2030/2030/2030
f 2055/2055/2055  2048/2048/2048  2031/2031/2031
f 2051/2051/2051  2034/2034/2034  2036/2036/2036
f 2068/2068/2068  2038/2038/2038  2040/2040/2040
f 2062/2062/2062  2052/2052/2052  2037/2037/2037
f 2067/2067/2067  2062/2062/2062  2037/2037/2037
f 2072/2072/2072  2040/2040/2040  2042/2042/2042
f 2068/2068/2068  2040/2040/2040  2066/2066/2066
f 2074/2074/2074  2066/2066/2066  2040/2040/2040
f 2074/2074/2074  2040/2040/2040  2072/2072/2072
f 2047/2047/2047  2043/2043/2043  2041/2041/2041
f 2072/2072/2072  2042/2042/2042  2046/2046/2046
f 2055/2055/2055  2044/2044/2044  2048/2048/2048
f 2055/2055/2055  2049/2049/2049  2044/2044/2044
f 2069/2069/2069  2045/2045/2045  2050/2050/2050
f 2072/2072/2072  2046/2046/2046  2070/2070/2070
f 2053/2053/2053  2051/2051/2051  2049/2049/2049
f 2062/2062/2062  2050/2050/2050  2052/2052/2052
f 2055/2055/2055  2053/2053/2053  2049/2049/2049
f 2060/2060/2060  2057/2057/2057  2050/2050/2050
f 2069/2069/2069  2050/2050/2050  2057/2057/2057
f 2062/2062/2062  2060/2060/2060  2050/2050/2050
f 2071/2071/2071  2058/2058/2058  2061/2061/2061
f 2072/2072/2072  2070/2070/2070  2059/2059/2059
f 2071/2071/2071  2061/2061/2061  2063/2063/2063
f 2067/2067/2067  2064/2064/2064  2062/2062/2062
f 2073/2073/2073  2063/2063/2063  2065/2065/2065
f 2073/2073/2073  2071/2071/2071  2063/2063/2063

v  8.900000 116.400000 8.700000
v  8.900000 116.400000 8.700000
v  8.900000 116.400000 8.700000
v  8.900000 117.451093 6.880731
v  8.900000 117.451093 6.880731
v  8.900000 119.549846 6.881270
v  8.900000 119.549846 6.881270
v  8.900000 120.600000 8.700000
v  8.900000 120.600000 8.700000
v  8.900000 120.600000 8.700000
v  8.900000 119.548907 10.519269
v  8.900000 119.548907 10.519269
v  8.900000 117.450154 10.518730
v  8.900000 117.450154 10.518730
v  13.600000 120.600000 8.700000
v  13.600000 120.600000 8.700000
v  13.600000 120.600000 8.700000
v  13.600000 120.600000 8.700000
v  13.600000 119.550000 10.518653
v  13.600000 119.550000 10.518653
v  13.600000 117.450000 10.518653
v  13.600000 117.450000 10.518653
v  13.600000 116.400000 8.700000
v  13.600000 116.400000 8.700000
v  13.600000 116.400000 8.700000
v  13.600000 116.400000 8.700000
v  13.714805 120.577164 8.700000
v  13.714805 120.577164 8.700000
v  13.812132 120.512132 8.700000
v  13.812132 120.512132 8.700000
v  13.812132 120.512132 8.700000
v  13.812132 120.512132 8.700000
v  13.812132 119.506066 10.442557
v  13.812132 119.506066 10.442557
v  13.812132 117.493934 10.442557
v  13.812132 117.493934 10.442557
v  13.812132 116.487868 8.700000
v  13.812132 116.487868 8.700000
v  13.812132 116.487868 8.700000
v  13.812132 116.487868 8.700000
v  13.714805 116.422836 8.700000
v  13.714805 116.422836 8.700000
v  13.812132 117.493934 6.957443
v  13.812132 117.493934 6.957443
v  13.812132 119.506066 6.957443
v  13.812132 119.506066 6.957443
v  13.600000 119.550000 6.881347
v  13.600000 119.550000 6.881347
v  13.600000 117.450000 6.881347
v  13.600000 117.450000 6.881347
v  13.900000 116.700000 8.700000
v  13.900000 116.700000 8.700000
v  13.900000 116.700000 8.700000
v  13.900000 117.599789 7.141289
v  13.900000 117.599789 7.141289
v  13.900000 119.399092 7.140646
v  13.900000 119.399092 7.140646
v  13.900000 120.300000 8.700000
v  13.900000 120.300000 8.700000
v  13.900000 120.300000 8.700000
v  13.877164 120.414805 8.700000
v  13.877164 120.414805 8.700000
v  13.877164 116.585195 8.700000
v  13.877164 116.585195 8.700000
v  13.900000 117.600908 10.259354
v  13.900000 117.600908 10.259354
v  13.900000 119.400211 10.258711
v  13.900000 119.400211 10.258711

vt  0.042238 0.017258 0.000000
vt  0.042238 0.017258 0.000000
vt  0.042238 0.017258 0.000000
vt  0.042919 0.001221 0.000000
vt  0.042919 0.001221 0.000000
vt  0.044241 0.000209 0.000000
vt  0.044241 0.000209 0.000000
vt  0.044886 0.014691 0.000000
vt  0.044886 0.014691 0.000000
vt  0.044886 0.014691 0.000000
vt  0.044241 0.030395 0.000000
vt  0.044241 0.030395 0.000000
vt  0.042918 0.031938 0.000000
vt  0.042918 0.031938 0.000000
vt  0.006255 0.014433 0.000000
vt  0.006255 0.014433 0.000000
vt  0.006255 0.014433 0.000000
vt  0.006255 0.014433 0.000000
vt  0.005277 0.030071 0.000000
vt  0.005277 0.030071 0.000000
vt  0.003270 0.031601 0.000000
vt  0.003270 0.031601 0.000000
vt  0.002239 0.016972 0.000000
vt  0.002239 0.016972 0.000000
vt  0.002239 0.016972 0.000000
vt  0.002239 0.016972 0.000000
vt  0.005294 0.014439 0.000000
vt  0.005294 0.014439 0.000000
vt  0.004436 0.014470 0.000000
vt  0.004436 0.014470 0.000000
vt  0.004436 0.014470 0.000000
vt  0.004436 0.014470 0.000000
vt  0.003484 0.029457 0.000000
vt  0.003484 0.029457 0.000000
vt  0.001531 0.030912 0.000000
vt  0.001531 0.030912 0.000000
vt  0.000530 0.016902 0.000000
vt  0.000530 0.016902 0.000000
vt  0.000530 0.016902 0.000000
vt  0.000530 0.016902 0.000000
vt  0.001289 0.016949 0.000000
vt  0.001289 0.016949 0.000000
vt  0.001531 0.001613 0.000000
vt  0.001531 0.001613 0.000000
vt  0.003484 0.000640 0.000000
vt  0.003484 0.000640 0.000000
vt  0.005277 0.000000 0.000000
vt  0.005277 0.000000 0.000000
vt  0.003270 0.001006 0.000000
vt  0.003270 0.001006 0.000000
vt  0.000000 0.016763 0.000000
vt  0.000000 0.016763 0.000000
vt  0.000000 0.016763 0.000000
vt  0.000899 0.003103 0.000000
vt  0.000899 0.003103 0.000000
vt  0.002656 0.002205 0.000000
vt  0.002656 0.002205 0.000000
vt  0.003516 0.014589 0.000000
vt  0.003516 0.014589 0.000000
vt  0.003516 0.014589 0.000000
vt  0.003812 0.014523 0.000000
vt  0.003812 0.014523 0.000000
vt  0.000077 0.016836 0.000000
vt  0.000077 0.016836 0.000000
vt  0.000900 0.029291 0.000000
vt  0.000900 0.029291 0.000000
vt  0.002657 0.028007 0.000000
vt  0.002657 0.028007 0.000000

vn  -1.000000 0.000000 0.000000
vn  0.000000 -1.000000 0.000000
vn  0.000000 -1.000000 0.000000
vn  -1.000000 0.000000 0.000000
vn  0.000000 -0.499452 -0.866342
vn  -1.000000 0.000000 0.000000
vn  0.000000 0.499898 -0.866084
vn  -1.000000 0.000000 0.000000
vn  0.000000 1.000000 0.000000
vn  0.000000 1.000000 -0.000000
vn  -1.000000 0.000000 0.000000
vn  0.000000 0.499452 0.866342
vn  -1.000000 0.000000 0.000000
vn  0.000000 -0.499898 0.866084
vn  0.000000 1.000000 0.000000
vn  0.000000 1.000000 0.000000
vn  0.000000 1.000000 -0.000000
vn  0.000000 1.000000 0.000000
vn  0.000000 0.500000 0.866025
vn  0.000000 0.500000 0.866025
vn  0.000000 -0.500000 0.866025
vn  0.000000 -0.500000 0.866025
vn  0.000000 -1.000000 -0.000000
vn  0.000000 -1.000000 0.000000
vn  0.000000 -1.000000 0.000000
vn  0.000000 -1.000000 -0.000000
vn  0.382683 0.923880 0.000000
vn  0.382683 0.923880 -0.000000
vn  0.707107 0.707107 0.000000
vn  0.707107 0.707107 -0.000000
vn  0.707107 0.707107 -0.000000
vn  0.707107 0.707107 0.000000
vn  0.707107 0.353553 0.612372
vn  0.707107 0.353553 0.612372
vn  0.707107 -0.353553 0.612372
vn  0.707107 -0.353553 0.612372
vn  0.707107 -0.707107 0.000000
vn  0.707107 -0.707107 0.000000
vn  0.707107 -0.707107 0.000000
vn  0.707107 -0.707107 0.000000
vn  0.382683 -0.923880 0.000000
vn  0.382683 -0.923880 0.000000
vn  0.707107 -0.353553 -0.612372
vn  0.707107 -0.353553 -0.612372
vn  0.707107 0.353553 -0.612372
vn  0.707107 0.353553 -0.612372
vn  0.000000 0.500000 -0.866025
vn  0.000000 0.500000 -0.866025
vn  0.000000 -0.500000 -0.866025
vn  0.000000 -0.500000 -0.866025
vn  1.000000 0.000000 -0.000000
vn  1.000000 0.000000 0.000000
vn  1.000000 0.000000 -0.000000
vn  1.000000 0.000000 0.000000
vn  1.000000 0.000000 0.000000
vn  1.000000 -0.000000 0.000000
vn  1.000000 0.000000 0.000000
vn  1.000000 -0.000000 0.000000
vn  1.000000 0.000000 0.000000
vn  1.000000 -0.000000 0.000000
vn  0.923880 0.382683 -0.000000
vn  0.923880 0.382683 0.000000
vn  0.923880 -0.382683 0.000000
vn  0.923880 -0.382683 0.000000
vn  1.000000 0.000000 0.000000
vn  1.000000 0.000000 -0.000000
vn  1.000000 0.000000 0.000000
vn  1.000000 -0.000000 -0.000000


g 5
f 2087/2087/2087  2078/2078/2078  2075/2075/2075
f 2100/2100/2100  2077/2077/2077  2079/2079/2079
f 2095/2095/2095  2088/2088/2088  2076/2076/2076
f 2097/2097/2097  2095/2095/2095  2076/2076/2076
f 2085/2085/2085  2080/2080/2080  2078/2078/2078
f 2124/2124/2124  2079/2079/2079  2081/2081/2081
f 2087/2087/2087  2085/2085/2085  2078/2078/2078
f 2124/2124/2124  2100/2100/2100  2079/2079/2079
f 2085/2085/2085  2082/2082/2082  2080/2080/2080
f 2122/2122/2122  2081/2081/2081  2084/2084/2084
f 2124/2124/2124  2081/2081/2081  2122/2122/2122
f 2089/2089/2089  2083/2083/2083  2086/2086/2086
f 2122/2122/2122  2084/2084/2084  2092/2092/2092
f 2093/2093/2093  2086/2086/2086  2088/2088/2088
f 2093/2093/2093  2089/2089/2089  2086/2086/2086
f 2095/2095/2095  2093/2093/2093  2088/2088/2088
f 2101/2101/2101  2090/2090/2090  2094/2094/2094
f 2119/2119/2119  2091/2091/2091  2102/2102/2102
f 2121/2121/2121  2091/2091/2091  2119/2119/2119
f 2107/2107/2107  2094/2094/2094  2096/2096/2096
f 2103/2103/2103  2101/2101/2101  2094/2094/2094
f 2107/2107/2107  2103/2103/2103  2094/2094/2094
f 2109/2109/2109  2096/2096/2096  2098/2098/2098
f 2109/2109/2109  2107/2107/2107  2096/2096/2096
f 2115/2115/2115  2109/2109/2109  2098/2098/2098
f 2123/2123/2123  2116/2116/2116  2099/2099/2099
f 2119/2119/2119  2102/2102/2102  2104/2104/2104
f 2136/2136/2136  2106/2106/2106  2108/2108/2108
f 2130/2130/2130  2120/2120/2120  2105/2105/2105
f 2135/2135/2135  2130/2130/2130  2105/2105/2105
f 2140/2140/2140  2108/2108/2108  2110/2110/2110
f 2136/2136/2136  2108/2108/2108  2134/2134/2134
f 2142/2142/2142  2134/2134/2134  2108/2108/2108
f 2142/2142/2142  2108/2108/2108  2140/2140/2140
f 2115/2115/2115  2111/2111/2111  2109/2109/2109
f 2140/2140/2140  2110/2110/2110  2114/2114/2114
f 2123/2123/2123  2112/2112/2112  2116/2116/2116
f 2123/2123/2123  2117/2117/2117  2112/2112/2112
f 2137/2137/2137  2113/2113/2113  2118/2118/2118
f 2140/2140/2140  2114/2114/2114  2138/2138/2138
f 2121/2121/2121  2119/2119/2119  2117/2117/2117
f 2130/2130/2130  2118/2118/2118  2120/2120/2120
f 2123/2123/2123  2121/2121/2121  2117/2117/2117
f 2128/2128/2128  2125/2125/2125  2118/2118/2118
f 2137/2137/2137  2118/2118/2118  2125/2125/2125
f 2130/2130/2130  2128/2128/2128  2118/2118/2118
f 2139/2139/2139  2126/2126/2126  2129/2129/2129
f 2140/2140/2140  2138/2138/2138  2127/2127/2127
f 2139/2139/2139  2129/2129/2129  2131/2131/2131
f 2135/2135/2135  2132/2132/2132  2130/2130/2130
f 2141/2141/2141  2131/2131/2131  2133/2133/2133
f 2141/2141/2141  2139/2139/2139  2131/2131/2131

v  8.900000 116.400000 -8.700000
v  8.900000 116.400000 -8.700000
v  8.900000 116.400000 -8.700000
v  8.900000 117.451093 -10.519269
v  8.900000 117.451093 -10.519269
v  8.900000 119.549846 -10.518730
v  8.900000 119.549846 -10.518730
v  8.900000 120.600000 -8.700000
v  8.900000 120.600000 -8.700000
v  8.900000 120.600000 -8.700000
v  8.900000 119.548907 -6.880731
v  8.900000 119.548907 -6.880731
v  8.900000 117.450154 -6.881270
v  8.900000 117.450154 -6.881270
v  13.600000 120.600000 -8.700000
v  13.600000 120.600000 -8.700000
v  13.600000 120.600000 -8.700000
v  13.600000 120.600000 -8.700000
v  13.600000 119.550000 -6.881347
v  13.600000 119.550000 -6.881347
v  13.600000 117.450000 -6.881347
v  13.600000 117.450000 -6.881347
v  13.600000 116.400000 -8.700000
v  13.600000 116.400000 -8.700000
v  13.600000 116.400000 -8.700000
v  13.600000 116.400000 -8.700000
v  13.714805 120.577164 -8.700000
v  13.714805 120.577164 -8.700000
v  13.812132 120.512132 -8.700000
v  13.812132 120.512132 -8.700000
v  13.812132 120.512132 -8.700000
v  13.812132 120.512132 -8.700000
v  13.812132 119.506066 -6.957443
v  13.812132 119.506066 -6.957443
v  13.812132 117.493934 -6.957443
v  13.812132 117.493934 -6.957443
v  13.812132 116.487868 -8.700000
v  13.812132 116.487868 -8.700000
v  13.812132 116.487868 -8.700000
v  13.812132 116.487868 -8.700000
v  13.714805 116.422836 -8.700000
v  13.714805 116.422836 -8.700000
v  13.812132 117.493934 -10.442557
v  13.812132 117.493934 -10.442557
v  13.812132 119.506066 -10.442557
v  13.812132 119.506066 -10.442557
v  13.600000 119.550000 -10.518653
v  13.600000 119.550000 -10.518653
v  13.600000 117.450000 -10.518653
v  13.600000 117.450000 -10.518653
v  13.900000 116.700000 -8.700000
v  13.900000 116.700000 -8.700000
v  13.900000 116.700000 -8.700000
v  13.900000 117.599789 -10.258711
v  13.900000 117.599789 -10.258711
v  13.900000 119.399092 -10.259354
v  13.900000 119.399092 -10.259354
v  13.900000 120.300000 -8.700000
v  13.900000 120.300000 -8.700000
v  13.900000 120.300000 -8.700000
v  13.877164 120.414805 -8.700000
v  13.877164 120.414805 -8.700000
v  13.877164 116.585195 -8.700000
v  13.877164 116.585195 -8.700000
v  13.900000 117.600908 -7.140646
v  13.900000 117.600908 -7.140646
v  13.900000 119.400211 -7.141289
v  13.900000 119.400211 -7.141289

vt  0.042238 0.014683 0.000000
vt  0.042238 0.014683 0.000000
vt  0.042238 0.014683 0.000000
vt  0.042919 0.000000 0.000000
vt  0.042919 0.000000 0.000000
vt  0.044241 0.001551 0.000000
vt  0.044241 0.001551 0.000000
vt  0.044886 0.017251 0.000000
vt  0.044886 0.017251 0.000000
vt  0.044886 0.017251 0.000000
vt  0.044241 0.031737 0.000000
vt  0.044241 0.031737 0.000000
vt  0.042918 0.030716 0.000000
vt  0.042918 0.030716 0.000000
vt  0.006255 0.017508 0.000000
vt  0.006255 0.017508 0.000000
vt  0.006255 0.017508 0.000000
vt  0.006255 0.017508 0.000000
vt  0.005277 0.031941 0.000000
vt  0.005277 0.031941 0.000000
vt  0.003270 0.030936 0.000000
vt  0.003270 0.030936 0.000000
vt  0.002239 0.014969 0.000000
vt  0.002239 0.014969 0.000000
vt  0.002239 0.014969 0.000000
vt  0.002239 0.014969 0.000000
vt  0.005294 0.017502 0.000000
vt  0.005294 0.017502 0.000000
vt  0.004436 0.017471 0.000000
vt  0.004436 0.017471 0.000000
vt  0.004436 0.017471 0.000000
vt  0.004436 0.017471 0.000000
vt  0.003484 0.031302 0.000000
vt  0.003484 0.031302 0.000000
vt  0.001531 0.030328 0.000000
vt  0.001531 0.030328 0.000000
vt  0.000530 0.015040 0.000000
vt  0.000530 0.015040 0.000000
vt  0.000530 0.015040 0.000000
vt  0.000530 0.015040 0.000000
vt  0.001289 0.014992 0.000000
vt  0.001289 0.014992 0.000000
vt  0.001531 0.001029 0.000000
vt  0.001531 0.001029 0.000000
vt  0.003484 0.002485 0.000000
vt  0.003484 0.002485 0.000000
vt  0.005277 0.001871 0.000000
vt  0.005277 0.001871 0.000000
vt  0.003270 0.000340 0.000000
vt  0.003270 0.000340 0.000000
vt  0.000000 0.015179 0.000000
vt  0.000000 0.015179 0.000000
vt  0.000000 0.015179 0.000000
vt  0.000899 0.002655 0.000000
vt  0.000899 0.002655 0.000000
vt  0.002656 0.003928 0.000000
vt  0.002656 0.003928 0.000000
vt  0.003516 0.017353 0.000000
vt  0.003516 0.017353 0.000000
vt  0.003516 0.017353 0.000000
vt  0.003812 0.017418 0.000000
vt  0.003812 0.017418 0.000000
vt  0.000077 0.015105 0.000000
vt  0.000077 0.015105 0.000000
vt  0.000900 0.028844 0.000000
vt  0.000900 0.028844 0.000000
vt  0.002657 0.029732 0.000000
vt  0.002657 0.029732 0.000000

vn  -1.000000 0.000000 0.000000
vn  0.000000 -1.000000 0.000000
vn  0.000000 -1.000000 0.000000
vn  -1.000000 0.000000 0.000000
vn  0.000000 -0.499452 -0.866342
vn  -1.000000 0.000000 0.000000
vn  0.000000 0.499898 -0.866084
vn  -1.000000 0.000000 0.000000
vn  0.000000 1.000000 0.000000
vn  0.000000 1.000000 -0.000000
vn  -1.000000 0.000000 0.000000
vn  0.000000 0.499452 0.866342
vn  -1.000000 0.000000 0.000000
vn  0.000000 -0.499898 0.866084
vn  0.000000 1.000000 0.000000
vn  0.000000 1.000000 0.000000
vn  0.000000 1.000000 -0.000000
vn  0.000000 1.000000 0.000000
vn  0.000000 0.500000 0.866025
vn  0.000000 0.500000 0.866025
vn  0.000000 -0.500000 0.866025
vn  0.000000 -0.500000 0.866025
vn  0.000000 -1.000000 -0.000000
vn  0.000000 -1.000000 0.000000
vn  0.000000 -1.000000 0.000000
vn  0.000000 -1.000000 -0.000000
vn  0.382683 0.923880 0.000000
vn  0.382683 0.923880 -0.000000
vn  0.707107 0.707107 0.000000
vn  0.707107 0.707107 -0.000000
vn  0.707107 0.707107 -0.000000
vn  0.707107 0.707107 0.000000
vn  0.707107 0.353553 0.612372
vn  0.707107 0.353553 0.612372
vn  0.707107 -0.353553 0.612372
vn  0.707107 -0.353553 0.612372
vn  0.707107 -0.707107 0.000000
vn  0.707107 -0.707107 0.000000
vn  0.707107 -0.707107 0.000000
vn  0.707107 -0.707107 0.000000
vn  0.382683 -0.923880 0.000000
vn  0.382683 -0.923880 0.000000
vn  0.707107 -0.353553 -0.612372
vn  0.707107 -0.353553 -0.612372
vn  0.707107 0.353553 -0.612372
vn  0.707107 0.353553 -0.612372
vn  0.000000 0.500000 -0.866025
vn  0.000000 0.500000 -0.866025
vn  0.000000 -0.500000 -0.866025
vn  0.000000 -0.500000 -0.866025
vn  1.000000 0.000000 -0.000000
vn  1.000000 0.000000 0.000000
vn  1.000000 0.000000 -0.000000
vn  1.000000 0.000000 0.000000
vn  1.000000 0.000000 0.000000
vn  1.000000 -0.000000 0.000000
vn  1.000000 0.000000 0.000000
vn  1.000000 -0.000000 0.000000
vn  1.000000 0.000000 0.000000
vn  1.000000 -0.000000 0.000000
vn  0.923880 0.382683 -0.000000
vn  0.923880 0.382683 0.000000
vn  0.923880 -0.382683 0.000000
vn  0.923880 -0.382683 0.000000
vn  1.000000 0.000000 0.000000
vn  1.000000 0.000000 -0.000000
vn  1.000000 0.000000 0.000000
vn  1.000000 -0.000000 -0.000000


g 6
f 2155/2155/2155  2146/2146/2146  2143/2143/2143
f 2168/2168/2168  2145/2145/2145  2147/2147/2147
f 2163/2163/2163  2156/2156/2156  2144/2144/2144
f 2165/2165/2165  2163/2163/2163  2144/2144/2144
f 2153/2153/2153  2148/2148/2148  2146/2146/2146
f 2192/2192/2192  2147/2147/2147  2149/2149/2149
f 2155/2155/2155  2153/2153/2153  2146/2146/2146
f 2192/2192/2192  2168/2168/2168  2147/2147/2147
f 2153/2153/2153  2150/2150/2150  2148/2148/2148
f 2190/2190/2190  2149/2149/2149  2152/2152/2152
f 2192/2192/2192  2149/2149/2149  2190/2190/2190
f 2157/2157/2157  2151/2151/2151  2154/2154/2154
f 2190/2190/2190  2152/2152/2152  2160/2160/2160
f 2161/2161/2161  2154/2154/2154  2156/2156/2156
f 2161/2161/2161  2157/2157/2157  2154/2154/2154
f 2163/2163/2163  2161/2161/2161  2156/2156/2156
f 2169/2169/2169  2158/2158/2158  2162/2162/2162
f 2187/2187/2187  2159/2159/2159  2170/2170/2170
f 2189/2189/2189  2159/2159/2159  2187/2187/2187
f 2175/2175/2175  2162/2162/2162  2164/2164/2164
f 2171/2171/2171  2169/2169/2169  2162/2162/2162
f 2175/2175/2175  2171/2171/2171  2162/2162/2162
f 2177/2177/2177  2164/2164/2164  2166/2166/2166
f 2177/2177/2177  2175/2175/2175  2164/2164/2164
f 2183/2183/2183  2177/2177/2177  2166/2166/2166
f 2191/2191/2191  2184/2184/2184  2167/2167/2167
f 2187/2187/2187  2170/2170/2170  2172/2172/2172
f 2204/2204/2204  2174/2174/2174  2176/2176/2176
f 2198/2198/2198  2188/2188/2188  2173/2173/2173
f 2203/2203/2203  2198/2198/2198  2173/2173/2173
f 2208/2208/2208  2176/2176/2176  2178/2178/2178
f 2204/2204/2204  2176/2176/2176  2202/2202/2202
f 2210/2210/2210  2202/2202/2202  2176/2176/2176
f 2210/2210/2210  2176/2176/2176  2208/2208/2208
f 2183/2183/2183  2179/2179/2179  2177/2177/2177
f 2208/2208/2208  2178/2178/2178  2182/2182/2182
f 2191/2191/2191  2180/2180/2180  2184/2184/2184
f 2191/2191/2191  2185/2185/2185  2180/2180/2180
f 2205/2205/2205  2181/2181/2181  2186/2186/2186
f 2208/2208/2208  2182/2182/2182  2206/2206/2206
f 2189/2189/2189  2187/2187/2187  2185/2185/2185
f 2198/2198/2198  2186/2186/2186  2188/2188/2188
f 2191/2191/2191  2189/2189/2189  2185/2185/2185
f 2196/2196/2196  2193/2193/2193  2186/2186/2186
f 2205/2205/2205  2186/2186/2186  2193/2193/2193
f 2198/2198/2198  2196/2196/2196  2186/2186/2186
f 2207/2207/2207  2194/2194/2194  2197/2197/2197
f 2208/2208/2208  2206/2206/2206  2195/2195/2195
f 2207/2207/2207  2197/2197/2197  2199/2199/2199
f 2203/2203/2203  2200/2200/2200  2198/2198/2198
f 2209/2209/2209  2199/2199/2199  2201/2201/2201
f 2209/2209/2209  2207/2207/2207  2199/2199/2199

v  12.250000 121.500000 8.360259
v  12.250000 121.500000 8.360259
v  12.250000 121.500000 8.360259
v  12.134589 121.500000 8.944016
v  12.134589 121.500000 8.944016
v  11.788815 121.500000 9.451444
v  11.788815 121.500000 9.451444
v  10.750000 121.500000 9.875000
v  10.750000 121.500000 9.875000
v  10.750000 121.500000 9.875000
v  -10.750000 121.500000 9.875000
v  -10.750000 121.500000 9.875000
v  -10.750000 121.500000 9.875000
v  -11.321526 121.500000 9.761161
v  -11.321526 121.500000 9.761161
v  -11.822802 121.500000 9.417378
v  -11.822802 121.500000 9.417378
v  -12.250000 121.500000 8.360259
v  -12.250000 121.500000 8.360259
v  -12.250000 121.500000 8.360259
v  -12.250000 121.500000 -9.060027
v  -12.250000 121.500000 -9.060027
v  -12.250000 121.500000 -9.060027
v  -12.800000 121.500000 -9.060027
v  -12.800000 121.500000 -9.060027
v  -12.800000 121.500000 -9.060027
v  -12.800000 121.500000 -10.078743
v  -12.800000 121.500000 -10.078743
v  -12.800000 121.500000 -10.078743
v  -12.250000 121.500000 -10.078743
v  -12.250000 121.500000 -10.078743
v  -12.250000 121.500000 -10.078743
v  -12.250000 121.500000 -11.236897
v  -12.250000 121.500000 -11.236897
v  -12.250000 121.500000 -11.236897
v  -13.463596 121.500000 -9.816534
v  -13.463596 121.500000 -9.816534
v  -13.900000 121.500000 -8.000000
v  -13.900000 121.500000 -8.000000
v  -13.900000 121.500000 -8.000000
v  -13.900000 121.500000 7.974440
v  -13.900000 121.500000 7.974440
v  -13.900000 121.500000 7.974440
v  -13.361524 121.500000 9.994247
v  -13.361524 121.500000 9.994247
v  -12.666242 121.500000 10.882183
v  -12.666242 121.500000 10.882183
v  -11.771508 121.500000 11.534399
v  -11.771508 121.500000 11.534399
v  -9.900000 121.500000 12.000000
v  -9.900000 121.500000 12.000000
v  -9.900000 121.500000 12.000000
v  9.900000 121.500000 12.000000
v  9.900000 121.500000 12.000000
v  9.900000 121.500000 12.000000
v  11.894997 121.500000 11.465122
v  11.894997 121.500000 11.465122
v  12.778446 121.500000 10.769702
v  12.778446 121.500000 10.769702
v  13.430923 121.500000 9.869972
v  13.430923 121.500000 9.869972
v  13.900000 121.500000 7.974440
v  13.900000 121.500000 7.974440
v  13.900000 121.500000 7.974440
v  13.900000 121.500000 -8.000000
v  13.900000 121.500000 -8.000000
v  13.900000 121.500000 -8.000000
v  13.463596 121.500000 -9.816534
v  13.463596 121.500000 -9.816534
v  12.250000 121.500000 -11.236897
v  12.250000 121.500000 -11.236897
v  12.250000 121.500000 -11.236897
v  12.250000 121.500000 -10.078743
v  12.250000 121.500000 -10.078743
v  12.250000 121.500000 -10.078743
v  12.800000 121.500000 -10.078743
v  12.800000 121.500000 -10.078743
v  12.800000 121.500000 -10.078743
v  12.800000 121.500000 -9.060027
v  12.800000 121.500000 -9.060027
v  12.800000 121.500000 -9.060027
v  12.250000 121.500000 -9.060027
v  12.250000 121.500000 -9.060027
v  12.250000 121.500000 -9.060027
v  12.250000 151.467076 -3.235017
v  12.250000 151.467076 -3.235017
v  12.250000 151.467076 -3.235017
v  12.250000 152.484685 4.005645
v  12.250000 152.484685 4.005645
v  12.250000 152.484685 4.005645
v  12.250000 152.484685 4.005645
v  12.250000 130.400000 -5.000000
v  12.250000 130.400000 -5.000000
v  12.250000 130.400000 -5.000000
v  12.250000 130.726820 -4.217729
v  12.250000 130.726820 -4.217729
v  12.250000 131.504419 -3.900156
v  12.250000 131.504419 -3.900156
v  12.250000 132.278132 -4.222593
v  12.250000 132.278132 -4.222593
v  12.250000 132.600000 -5.000000
v  12.250000 132.600000 -5.000000
v  12.250000 132.600000 -5.000000
v  12.250000 132.273180 -5.782271
v  12.250000 132.273180 -5.782271
v  12.250000 131.495581 -6.099844
v  12.250000 131.495581 -6.099844
v  12.250000 130.721868 -5.777407
v  12.250000 130.721868 -5.777407
v  11.811454 152.599916 5.059732
v  11.811454 152.599916 5.059732
v  10.750000 152.583060 5.506561
v  10.750000 152.583060 5.506561
v  10.750000 152.583060 5.506561
v  8.177729 169.627028 3.111187
v  8.177729 169.627028 3.111187
v  8.177729 169.627028 3.111187
v  8.177729 169.627028 3.111187
v  8.177729 169.627028 3.111187
v  9.661252 169.637825 1.594929
v  9.661252 169.637825 1.594929
v  9.661252 169.637825 1.594929
v  9.661252 169.637825 1.594929
v  9.226738 169.721134 2.654304
v  9.226738 169.721134 2.654304
v  -8.177729 169.627028 3.111187
v  -8.177729 169.627028 3.111187
v  -8.177729 169.627028 3.111187
v  -8.177729 169.627028 3.111187
v  -8.177729 169.627028 3.111187
v  -10.750000 152.583060 5.506561
v  -10.750000 152.583060 5.506561
v  -10.750000 152.583060 5.506561
v  -8.177729 170.903671 1.417026
v  -8.177729 170.903671 1.417026
v  -8.177729 170.903671 1.417026
v  -8.177729 170.903671 1.417026
v  -8.177729 170.616222 2.528508
v  -8.177729 170.616222 2.528508
v  8.177729 170.616222 2.528508
v  8.177729 170.616222 2.528508
v  8.177729 170.903671 1.417026
v  8.177729 170.903671 1.417026
v  8.177729 170.903671 1.417026
v  8.177729 170.903671 1.417026
v  8.177729 170.411525 -2.084774
v  8.177729 170.411525 -2.084774
v  8.177729 170.411525 -2.084774
v  7.812912 170.401920 -2.153115
v  7.812912 170.401920 -2.153115
v  7.431381 170.398636 -2.176486
v  7.431381 170.398636 -2.176486
v  7.431381 170.398636 -2.176486
v  -7.431381 170.398636 -2.176486
v  -7.431381 170.398636 -2.176486
v  -7.431381 170.398636 -2.176486
v  -7.812816 170.401918 -2.153127
v  -7.812816 170.401918 -2.153127
v  -8.177729 170.411525 -2.084774
v  -8.177729 170.411525 -2.084774
v  -8.177729 170.411525 -2.084774
v  9.156868 170.543557 1.467636
v  9.156868 170.543557 1.467636
v  9.156868 170.543557 1.467636
v  9.661252 169.072918 -2.424595
v  9.661252 169.072918 -2.424595
v  9.661252 169.072918 -2.424595
v  9.423763 169.744139 -2.055996
v  9.423763 169.744139 -2.055996
v  9.396852 169.785505 -2.040572
v  9.396852 169.785505 -2.040572
v  9.396852 169.785505 -2.040572
v  8.923010 170.229035 -1.958779
v  8.923010 170.229035 -1.958779
v  8.667298 170.161704 2.833107
v  9.025688 170.497177 2.231525
v  9.767418 168.712791 0.117210
v  9.767418 168.712791 0.117210
v  9.767418 168.712791 0.117210
v  9.736952 168.851111 -0.363336
v  9.736952 168.851111 -0.363336
v  9.706473 168.988965 -0.847824
v  9.706473 168.988965 -0.847824
v  9.706473 168.988965 -0.847824
v  12.250000 151.319883 -4.282345
v  12.250000 151.319883 -4.282345
v  12.250000 151.319883 -4.282345
v  12.250000 150.548109 -9.773805
v  12.250000 150.548109 -9.773805
v  12.250000 150.548109 -9.773805
v  12.097816 151.597825 -9.621368
v  12.097816 151.597825 -9.621368
v  12.097816 151.597825 -9.621368
v  11.605538 155.027480 -8.885816
v  11.605538 155.027480 -8.885816
v  10.922306 159.867528 -7.295495
v  10.922306 159.867528 -7.295495
v  10.257255 164.671645 -5.086689
v  10.257255 164.671645 -5.086689
v  9.782602 168.167762 -3.030875
v  9.782602 168.167762 -3.030875
v  9.782602 168.167762 -3.030875
v  12.800000 149.323728 -3.651642
v  12.800000 149.323728 -3.651642
v  12.800000 149.323728 -3.651642
v  10.427345 167.014715 -0.212862
v  10.427345 167.014715 -0.212862
v  10.427345 167.014715 -0.212862
v  10.198791 167.901729 -0.040444
v  10.198791 167.901729 -0.040444
v  12.800000 149.514537 -4.633269
v  12.800000 149.514537 -4.633269
v  12.800000 149.514537 -4.633269
v  10.179524 168.141107 -1.012631
v  10.179524 168.141107 -1.012631
v  10.427345 167.205524 -1.194489
v  10.427345 167.205524 -1.194489
v  10.427345 167.205524 -1.194489
v  12.250000 137.500000 -11.236897
v  12.250000 137.500000 -11.236897
v  12.250000 137.500000 -11.236897
v  12.250000 143.346451 -10.947652
v  12.250000 143.346451 -10.947652
v  12.250000 143.346451 -10.947652
v  12.250000 149.135819 -10.082851
v  12.250000 149.135819 -10.082851
v  12.250000 149.135819 -10.082851
v  12.250000 149.843331 -9.934576
v  12.250000 149.843331 -9.934576
v  13.900000 137.500001 -8.000000
v  13.900000 137.500001 -8.000000
v  13.900000 137.500001 -8.000000
v  13.463706 137.500000 -9.816590
v  13.463706 137.500000 -9.816590
v  13.900000 148.499973 4.917274
v  13.900000 148.499973 4.917274
v  13.900000 148.499973 4.917274
v  13.900000 148.499973 4.917274
v  13.900000 148.499973 -6.909020
v  13.900000 148.499973 -6.909020
v  13.900000 148.499973 -6.909020
v  13.900000 148.499973 -6.909020
v  13.900000 143.026984 -7.726560
v  13.900000 143.026984 -7.726560
v  13.900000 143.026984 -7.726560
v  13.900000 133.600017 -5.000000
v  13.900000 133.600017 -5.000000
v  13.900000 132.984859 -3.515141
v  13.900000 132.984859 -3.515141
v  13.900000 131.500000 -2.899983
v  13.900000 131.500000 -2.899983
v  13.900000 131.500000 -2.899983
v  13.900000 130.015141 -3.515141
v  13.900000 130.015141 -3.515141
v  13.900000 129.399983 -5.000000
v  13.900000 129.399983 -5.000000
v  13.900000 130.015141 -6.484859
v  13.900000 130.015141 -6.484859
v  13.900000 131.500000 -7.100017
v  13.900000 131.500000 -7.100017
v  13.900000 131.500000 -7.100017
v  13.900000 132.984859 -6.484859
v  13.900000 132.984859 -6.484859
v  9.899992 148.950038 8.891874
v  9.899992 148.950038 8.891874
v  9.899992 148.950038 8.891874
v  11.866836 148.891875 8.378195
v  11.866836 148.891875 8.378195
v  13.334312 148.730727 6.954983
v  13.334312 148.730727 6.954983
v  13.755770 148.619760 5.974955
v  13.755770 148.619760 5.974955
v  -9.899992 148.950038 8.891874
v  -9.899992 148.950038 8.891874
v  -9.899992 148.950038 8.891874
v  -9.261525 159.029682 7.750572
v  -9.261525 159.029682 7.750572
v  -9.261525 159.029682 7.750572
v  -7.355849 168.950038 6.627305
v  -7.355849 168.950038 6.627305
v  -7.355849 168.950038 6.627305
v  -7.355849 168.950038 6.627305
v  -7.355849 168.950038 6.627305
v  7.355849 168.950038 6.627305
v  7.355849 168.950038 6.627305
v  7.355849 168.950038 6.627305
v  7.355849 168.950038 6.627305
v  7.355849 168.950038 6.627305
v  9.261525 159.029682 7.750571
v  9.261525 159.029682 7.750571
v  9.261525 159.029682 7.750571
v  -13.900000 148.499973 4.917275
v  -13.900000 148.499973 4.917275
v  -13.900000 148.499973 4.917275
v  -13.900000 148.499973 4.917275
v  -13.383038 148.721288 6.871619
v  -13.383038 148.721288 6.871619
v  -11.950733 148.886393 8.329777
v  -11.950733 148.886393 8.329777
v  -10.964442 148.933811 8.748560
v  -10.964442 148.933811 8.748560
v  -13.900000 137.500000 -8.000000
v  -13.900000 137.500000 -8.000000
v  -13.900000 137.500000 -8.000000
v  -13.900000 143.026984 -7.726560
v  -13.900000 143.026984 -7.726560
v  -13.900000 143.026984 -7.726560
v  -13.900000 148.499973 -6.909020
v  -13.900000 148.499973 -6.909020
v  -13.900000 148.499973 -6.909020
v  -13.900000 148.499973 -6.909020
v  -13.900000 133.600017 -5.000000
v  -13.900000 133.600017 -5.000000
v  -13.900000 132.984859 -6.484859
v  -13.900000 132.984859 -6.484859
v  -13.900000 131.500000 -7.100017
v  -13.900000 131.500000 -7.100017
v  -13.900000 131.500000 -7.100017
v  -13.900000 130.015141 -6.484859
v  -13.900000 130.015141 -6.484859
v  -13.900000 129.399983 -5.000000
v  -13.900000 129.399983 -5.000000
v  -13.900000 130.015141 -3.515141
v  -13.900000 130.015141 -3.515141
v  -13.900000 131.500000 -2.899983
v  -13.900000 131.500000 -2.899983
v  -13.900000 131.500000 -2.899983
v  -13.900000 132.984859 -3.515141
v  -13.900000 132.984859 -3.515141
v  -12.250000 137.500000 -11.236897
v  -12.250000 137.500000 -11.236897
v  -12.250000 137.500000 -11.236897
v  -13.463706 137.500000 -9.816590
v  -13.463706 137.500000 -9.816590
v  -12.250000 151.319883 -4.282345
v  -12.250000 151.319883 -4.282345
v  -12.250000 151.319883 -4.282345
v  -12.250000 150.548109 -9.773806
v  -12.250000 150.548109 -9.773806
v  -12.250000 150.548109 -9.773806
v  -12.250000 149.843329 -9.934578
v  -12.250000 149.843329 -9.934578
v  -12.250000 149.135770 -10.082861
v  -12.250000 149.135770 -10.082861
v  -12.250000 149.135770 -10.082861
v  -12.250000 143.346454 -10.947651
v  -12.250000 143.346454 -10.947651
v  -12.250000 143.346454 -10.947651
v  -12.800000 149.514537 -4.633269
v  -12.800000 149.514537 -4.633269
v  -12.800000 149.514537 -4.633269
v  -10.427345 167.205524 -1.194489
v  -10.427345 167.205524 -1.194489
v  -10.427345 167.205524 -1.194489
v  -10.179524 168.141107 -1.012631
v  -10.179524 168.141107 -1.012631
v  -9.706473 168.988965 -0.847824
v  -9.706473 168.988965 -0.847824
v  -9.706473 168.988965 -0.847824
v  -12.800000 149.323728 -3.651642
v  -12.800000 149.323728 -3.651642
v  -12.800000 149.323728 -3.651642
v  -12.250000 151.467076 -3.235017
v  -12.250000 151.467076 -3.235017
v  -12.250000 151.467076 -3.235017
v  -9.767418 168.712791 0.117210
v  -9.767418 168.712791 0.117210
v  -9.767418 168.712791 0.117210
v  -10.198791 167.901729 -0.040444
v  -10.198791 167.901729 -0.040444
v  -10.427345 167.014715 -0.212862
v  -10.427345 167.014715 -0.212862
v  -10.427345 167.014715 -0.212862
v  -12.250000 152.484685 4.005645
v  -12.250000 152.484685 4.005645
v  -12.250000 152.484685 4.005645
v  -12.250000 152.484685 4.005645
v  -12.250000 132.600000 -5.000000
v  -12.250000 132.600000 -5.000000
v  -12.250000 132.600000 -5.000000
v  -12.250000 132.273180 -4.217729
v  -12.250000 132.273180 -4.217729
v  -12.250000 131.495581 -3.900156
v  -12.250000 131.495581 -3.900156
v  -12.250000 130.721868 -4.222593
v  -12.250000 130.721868 -4.222593
v  -12.250000 130.400000 -5.000000
v  -12.250000 130.400000 -5.000000
v  -12.250000 130.400000 -5.000000
v  -12.250000 130.726820 -5.782271
v  -12.250000 130.726820 -5.782271
v  -12.250000 131.504419 -6.099844
v  -12.250000 131.504419 -6.099844
v  -12.250000 132.278132 -5.777407
v  -12.250000 132.278132 -5.777407
v  -11.811454 152.599918 5.059732
v  -11.811454 152.599918 5.059732
v  -9.661252 169.637825 1.594929
v  -9.661252 169.637825 1.594929
v  -9.661252 169.637825 1.594929
v  -9.661252 169.637825 1.594929
v  -9.226738 169.721134 2.654304
v  -9.226738 169.721134 2.654304
v  -9.661252 169.072918 -2.424595
v  -9.661252 169.072918 -2.424595
v  -9.661252 169.072918 -2.424595
v  -9.784943 168.150352 -3.042204
v  -9.784943 168.150352 -3.042204
v  -9.784943 168.150352 -3.042204
v  -10.257292 164.671378 -5.086830
v  -10.257292 164.671378 -5.086830
v  -10.922364 159.867116 -7.295657
v  -10.922364 159.867116 -7.295657
v  -11.605596 155.027077 -8.885922
v  -11.605596 155.027077 -8.885922
v  -12.095328 151.615034 -9.618558
v  -12.095328 151.615034 -9.618558
v  -12.095328 151.615034 -9.618558
v  -9.736952 168.851111 -0.363336
v  -9.736952 168.851111 -0.363336
v  -9.156868 170.543557 1.467636
v  -9.156868 170.543557 1.467636
v  -9.156868 170.543557 1.467636
v  -8.927190 170.226617 -1.958723
v  -8.927190 170.226617 -1.958723
v  -9.396904 169.785468 -2.040321
v  -9.396904 169.785468 -2.040321
v  -9.396904 169.785468 -2.040321
v  -9.429190 169.735456 -2.059184
v  -9.429190 169.735456 -2.059184
v  -8.667298 170.161704 2.833107
v  -9.025688 170.497177 2.231525
v  -11.694204 157.412843 -7.923389
v  -10.909029 162.915134 -5.730584
v  -9.111075 170.793400 -1.404461
v  -9.111075 170.793400 -1.404461
v  -9.111075 170.793400 -1.404461
v  -9.152079 170.788920 -1.381768
v  -9.152079 170.788920 -1.381768
v  -10.546811 170.352101 -0.181999
v  -10.546811 170.352101 -0.181999
v  -10.564926 170.340743 -0.157864
v  -10.564926 170.340743 -0.157864
v  -10.564926 170.340743 -0.157864
v  -11.749044 165.373241 -3.006973
v  -12.661035 160.100195 -5.399917
v  -13.248784 154.572518 -7.301284
v  -13.467710 148.855283 -8.682492
v  -13.467710 148.855283 -8.682492
v  -13.467710 148.855283 -8.682492
v  -13.456374 148.859642 -8.704249
v  -13.456374 148.859642 -8.704249
v  -7.393730 170.556620 -2.072546
v  -7.393730 170.556620 -2.072546
v  -7.355947 170.714282 -1.968105
v  -7.355947 170.714282 -1.968105
v  -7.355947 170.714282 -1.968105
v  -7.355947 170.714282 -1.968105
v  -7.355947 170.714282 -1.968105
v  -11.228433 169.501461 1.363105
v  -11.228433 169.501461 1.363105
v  -11.228433 169.501461 1.363105
v  -11.228433 169.501461 1.363105
v  -12.361809 164.490323 -1.478810
v  -12.361809 164.490323 -1.478810
v  -13.200431 159.310860 -3.792891
v  -13.200431 159.310860 -3.792891
v  -13.723485 153.938944 -5.611350
v  -13.723485 153.938944 -5.611350
v  7.393733 170.556610 -2.072553
v  7.393733 170.556610 -2.072553
v  7.355947 170.714282 -1.968105
v  7.355947 170.714282 -1.968105
v  7.355947 170.714282 -1.968105
v  7.355947 170.714282 -1.968105
v  7.355947 170.714282 -1.968105
v  9.112717 170.793227 -1.403562
v  9.112717 170.793227 -1.403562
v  9.112717 170.793227 -1.403562
v  10.909416 162.922184 -5.726260
v  11.696369 157.407865 -7.923969
v  13.469194 148.854707 -8.679619
v  13.469194 148.854707 -8.679619
v  13.469194 148.854707 -8.679619
v  13.249704 154.572075 -7.299601
v  12.662003 160.099654 -5.398290
v  11.750074 165.372614 -3.005415
v  10.565976 170.340077 -0.156454
v  10.565976 170.340077 -0.156454
v  10.565976 170.340077 -0.156454
v  10.546836 170.352085 -0.181966
v  10.546836 170.352085 -0.181966
v  9.152097 170.788917 -1.381758
v  9.152097 170.788917 -1.381758
v  13.723385 153.940475 -5.610913
v  13.723385 153.940475 -5.610913
v  13.200174 159.312833 -3.792118
v  13.200174 159.312833 -3.792118
v  12.361530 164.491758 -1.478082
v  12.361530 164.491758 -1.478082
v  11.228432 169.501462 1.363105
v  11.228432 169.501462 1.363105
v  11.228432 169.501462 1.363105
v  11.228432 169.501462 1.363105
v  13.135515 143.259109 -10.067005
v  13.704081 143.149024 -8.957064
v  13.229548 159.084406 3.775964
v  13.229548 159.084406 3.775964
v  13.229548 159.084406 3.775964
v  11.228432 169.501462 2.652703
v  11.228432 169.501462 2.652703
v  11.228432 169.501462 2.652703
v  11.228432 169.501462 2.652703
v  11.229453 159.217616 7.199457
v  12.679351 159.237612 5.747155
v  8.367541 169.192742 6.460142
v  8.367541 169.192742 6.460142
v  9.308293 169.387228 6.029209
v  9.308293 169.387228 6.029209
v  10.692155 169.580620 4.576590
v  10.692155 169.580620 4.576590
v  8.517867 170.385133 5.983758
v  9.402180 171.369683 4.544093
v  9.797426 171.668374 2.652703
v  9.797426 171.668374 2.652703
v  9.797426 171.668374 2.652703
v  7.355827 172.500000 2.652703
v  7.355827 172.500000 2.652703
v  7.355827 172.500000 2.652703
v  7.355827 172.500000 2.652703
v  7.355827 170.754489 5.956833
v  7.355827 170.754489 5.956833
v  7.355827 172.036803 4.521130
v  7.355827 172.036803 4.521130
v  7.355827 172.500000 1.363105
v  7.355827 172.500000 1.363105
v  7.355827 172.500000 1.363105
v  7.355827 172.500000 1.363105
v  9.606400 171.806799 1.363105
v  9.606400 171.806799 1.363105
v  9.606400 171.806799 1.363105
v  9.804522 171.662893 1.363105
v  9.804522 171.662893 1.363105
v  -7.355827 172.500000 2.652703
v  -7.355827 172.500000 2.652703
v  -7.355827 172.500000 2.652703
v  -7.355827 172.500000 2.652703
v  -7.355827 172.500000 1.363105
v  -7.355827 172.500000 1.363105
v  -7.355827 172.500000 1.363105
v  -7.355827 172.500000 1.363105
v  -7.355827 170.754489 5.956833
v  -7.355827 170.754489 5.956833
v  -7.355827 172.036803 4.521130
v  -7.355827 172.036803 4.521130
v  -8.517867 170.385133 5.983758
v  -9.402180 171.369683 4.544092
v  -9.797426 171.668374 2.652703
v  -9.797426 171.668374 2.652703
v  -9.797426 171.668374 2.652703
v  -11.228433 169.501461 2.652703
v  -11.228433 169.501461 2.652703
v  -11.228433 169.501461 2.652703
v  -11.228433 169.501461 2.652703
v  -9.231259 169.372645 6.076346
v  -9.231259 169.372645 6.076346
v  -10.646005 169.577685 4.656071
v  -10.646005 169.577685 4.656071
v  -11.065503 169.576931 3.691314
v  -11.065503 169.576931 3.691314
v  -9.804594 171.662837 1.363105
v  -9.804594 171.662837 1.363105
v  -9.606502 171.806730 1.363105
v  -9.606502 171.806730 1.363105
v  -9.606502 171.806730 1.363105
v  -13.229548 159.084406 3.775964
v  -13.229548 159.084406 3.775964
v  -13.229548 159.084406 3.775964
v  -11.229453 159.217615 7.199457
v  -12.679351 159.237611 5.747155
v  -8.261072 171.499065 -1.124090
v  -9.044696 171.881319 0.053752
v  -7.355827 171.458958 -1.328469
v  -7.355827 171.458958 -1.328469
v  -7.355827 172.025417 -0.526720
v  -7.355827 172.025417 -0.526720
v  -7.355827 172.379540 0.388853
v  -7.355827 172.379540 0.388853
v  7.355827 171.458942 -1.328486
v  7.355827 171.458942 -1.328486
v  7.355827 172.025402 -0.526748
v  7.355827 172.025402 -0.526748
v  7.355827 172.379535 0.388830
v  7.355827 172.379535 0.388830
v  8.261026 171.499086 -1.124083
v  9.044612 171.881364 0.053760
v  -13.135515 143.259109 -10.067005
v  -13.704081 143.149024 -8.957064
v  -12.899979 130.400000 -5.000000
v  -12.899979 130.400000 -5.000000
v  -12.899979 130.400000 -5.000000
v  -12.899979 130.722183 -5.777817
v  -12.899979 130.722183 -5.777817
v  -12.900003 131.500000 -6.100000
v  -12.900003 131.500000 -6.100000
v  -12.900003 131.500000 -6.100000
v  -12.899979 132.277817 -5.777817
v  -12.899979 132.277817 -5.777817
v  -12.900003 132.600000 -5.000000
v  -12.900003 132.600000 -5.000000
v  -12.900003 132.600000 -5.000000
v  -12.899979 132.277817 -4.222183
v  -12.899979 132.277817 -4.222183
v  -12.900003 131.500000 -3.900000
v  -12.900003 131.500000 -3.900000
v  -12.900003 131.500000 -3.900000
v  -12.899979 130.722183 -4.222183
v  -12.899979 130.722183 -4.222183
v  12.900003 131.500000 -6.100000
v  12.900003 131.500000 -6.100000
v  12.900003 131.500000 -6.100000
v  12.899979 132.277817 -5.777817
v  12.899979 132.277817 -5.777817
v  12.900003 132.600000 -5.000000
v  12.900003 132.600000 -5.000000
v  12.900003 132.600000 -5.000000
v  12.899979 132.277817 -4.222183
v  12.899979 132.277817 -4.222183
v  12.900003 131.500000 -3.900000
v  12.900003 131.500000 -3.900000
v  12.900003 131.500000 -3.900000
v  12.899979 130.722183 -4.222183
v  12.899979 130.722183 -4.222183
v  12.900003 130.400000 -5.000000
v  12.900003 130.400000 -5.000000
v  12.900003 130.400000 -5.000000
v  12.899979 130.722183 -5.777817
v  12.899979 130.722183 -5.777817

vt  0.013425 0.160115 0.000000
vt  0.013425 0.160115 0.000000
vt  0.013425 0.160115 0.000000
vt  0.014365 0.164878 0.000000
vt  0.014365 0.164878 0.000000
vt  0.017184 0.169032 0.000000
vt  0.017184 0.169032 0.000000
vt  0.025660 0.172543 0.000000
vt  0.025660 0.172543 0.000000
vt  0.025660 0.172543 0.000000
vt  0.202156 0.172543 0.000000
vt  0.202156 0.172543 0.000000
vt  0.202156 0.172543 0.000000
vt  0.206821 0.171582 0.000000
vt  0.206821 0.171582 0.000000
vt  0.210910 0.168752 0.000000
vt  0.210910 0.168752 0.000000
vt  0.214392 0.160115 0.000000
vt  0.214392 0.160115 0.000000
vt  0.214392 0.160115 0.000000
vt  0.214392 0.017704 0.000000
vt  0.214392 0.017704 0.000000
vt  0.214392 0.017704 0.000000
vt  0.218871 0.017738 0.000000
vt  0.218871 0.017738 0.000000
vt  0.218871 0.017738 0.000000
vt  0.218871 0.009450 0.000000
vt  0.218871 0.009450 0.000000
vt  0.218871 0.009450 0.000000
vt  0.214392 0.009412 0.000000
vt  0.214392 0.009412 0.000000
vt  0.214392 0.009412 0.000000
vt  0.214392 0.000000 0.000000
vt  0.214392 0.000000 0.000000
vt  0.214392 0.000000 0.000000
vt  0.224269 0.011629 0.000000
vt  0.224269 0.011629 0.000000
vt  0.227816 0.026436 0.000000
vt  0.227816 0.026436 0.000000
vt  0.227816 0.026436 0.000000
vt  0.227816 0.156876 0.000000
vt  0.227816 0.156876 0.000000
vt  0.227816 0.156876 0.000000
vt  0.223439 0.173343 0.000000
vt  0.223439 0.173343 0.000000
vt  0.217782 0.180608 0.000000
vt  0.217782 0.180608 0.000000
vt  0.210491 0.185971 0.000000
vt  0.210491 0.185971 0.000000
vt  0.195210 0.189883 0.000000
vt  0.195210 0.189883 0.000000
vt  0.195210 0.189883 0.000000
vt  0.032606 0.189883 0.000000
vt  0.032606 0.189883 0.000000
vt  0.032606 0.189883 0.000000
vt  0.016318 0.185399 0.000000
vt  0.016318 0.185399 0.000000
vt  0.009121 0.179686 0.000000
vt  0.009121 0.179686 0.000000
vt  0.003812 0.172328 0.000000
vt  0.003812 0.172328 0.000000
vt  0.000000 0.156876 0.000000
vt  0.000000 0.156876 0.000000
vt  0.000000 0.156876 0.000000
vt  0.000000 0.026436 0.000000
vt  0.000000 0.026436 0.000000
vt  0.000000 0.026436 0.000000
vt  0.003547 0.011629 0.000000
vt  0.003547 0.011629 0.000000
vt  0.013425 0.000000 0.000000
vt  0.013425 0.000000 0.000000
vt  0.013425 0.000000 0.000000
vt  0.013425 0.009412 0.000000
vt  0.013425 0.009412 0.000000
vt  0.013425 0.009412 0.000000
vt  0.008945 0.009450 0.000000
vt  0.008945 0.009450 0.000000
vt  0.008945 0.009450 0.000000
vt  0.008945 0.017738 0.000000
vt  0.008945 0.017738 0.000000
vt  0.008945 0.017738 0.000000
vt  0.013425 0.017704 0.000000
vt  0.013425 0.017704 0.000000
vt  0.013425 0.017704 0.000000
vt  0.033208 0.070475 0.000000
vt  0.033208 0.070475 0.000000
vt  0.033208 0.070475 0.000000
vt  0.033744 0.117939 0.000000
vt  0.033744 0.117939 0.000000
vt  0.033744 0.117939 0.000000
vt  0.033744 0.117939 0.000000
vt  0.020241 0.053603 0.000000
vt  0.020241 0.053603 0.000000
vt  0.020241 0.053603 0.000000
vt  0.020474 0.059648 0.000000
vt  0.020474 0.059648 0.000000
vt  0.021023 0.062238 0.000000
vt  0.021023 0.062238 0.000000
vt  0.021564 0.059984 0.000000
vt  0.021564 0.059984 0.000000
vt  0.021786 0.054230 0.000000
vt  0.021786 0.054230 0.000000
vt  0.021786 0.054230 0.000000
vt  0.021560 0.048259 0.000000
vt  0.021560 0.048259 0.000000
vt  0.021017 0.045604 0.000000
vt  0.021017 0.045604 0.000000
vt  0.020471 0.047785 0.000000
vt  0.020471 0.047785 0.000000
vt  0.036661 0.124806 0.000000
vt  0.036661 0.124806 0.000000
vt  0.043571 0.127744 0.000000
vt  0.043571 0.127744 0.000000
vt  0.043571 0.127744 0.000000
vt  0.065735 0.110078 0.000000
vt  0.065735 0.110078 0.000000
vt  0.065735 0.110078 0.000000
vt  0.065735 0.110078 0.000000
vt  0.065735 0.110078 0.000000
vt  0.057017 0.101146 0.000000
vt  0.057017 0.101146 0.000000
vt  0.057017 0.101146 0.000000
vt  0.057017 0.101146 0.000000
vt  0.059597 0.107375 0.000000
vt  0.059597 0.107375 0.000000
vt  0.162081 0.110078 0.000000
vt  0.162081 0.110078 0.000000
vt  0.162081 0.110078 0.000000
vt  0.162081 0.110078 0.000000
vt  0.162081 0.110078 0.000000
vt  0.184245 0.127744 0.000000
vt  0.184245 0.127744 0.000000
vt  0.184245 0.127744 0.000000
vt  0.161722 0.100042 0.000000
vt  0.161722 0.100042 0.000000
vt  0.161722 0.100042 0.000000
vt  0.161722 0.100042 0.000000
vt  0.161802 0.106562 0.000000
vt  0.161802 0.106562 0.000000
vt  0.066014 0.106562 0.000000
vt  0.066014 0.106562 0.000000
vt  0.066095 0.100042 0.000000
vt  0.066095 0.100042 0.000000
vt  0.066095 0.100042 0.000000
vt  0.066095 0.100042 0.000000
vt  0.065957 0.079541 0.000000
vt  0.065957 0.079541 0.000000
vt  0.065957 0.079541 0.000000
vt  0.068090 0.079138 0.000000
vt  0.068090 0.079138 0.000000
vt  0.070324 0.079000 0.000000
vt  0.070324 0.079000 0.000000
vt  0.070324 0.079000 0.000000
vt  0.157492 0.079000 0.000000
vt  0.157492 0.079000 0.000000
vt  0.157492 0.079000 0.000000
vt  0.159725 0.079138 0.000000
vt  0.159725 0.079138 0.000000
vt  0.161859 0.079541 0.000000
vt  0.161859 0.079541 0.000000
vt  0.161859 0.079541 0.000000
vt  0.060267 0.100353 0.000000
vt  0.060267 0.100353 0.000000
vt  0.060267 0.100353 0.000000
vt  0.056828 0.077444 0.000000
vt  0.056828 0.077444 0.000000
vt  0.056828 0.077444 0.000000
vt  0.058448 0.079667 0.000000
vt  0.058448 0.079667 0.000000
vt  0.058619 0.079760 0.000000
vt  0.058619 0.079760 0.000000
vt  0.058619 0.079760 0.000000
vt  0.061538 0.080269 0.000000
vt  0.061538 0.080269 0.000000
vt  0.063016 0.108386 0.000000
vt  0.061020 0.104829 0.000000
vt  0.056079 0.092453 0.000000
vt  0.056079 0.092453 0.000000
vt  0.056079 0.092453 0.000000
vt  0.056306 0.089612 0.000000
vt  0.056306 0.089612 0.000000
vt  0.056533 0.086751 0.000000
vt  0.056533 0.086751 0.000000
vt  0.056533 0.086751 0.000000
vt  0.033130 0.063560 0.000000
vt  0.033130 0.063560 0.000000
vt  0.033130 0.063560 0.000000
vt  0.032718 0.027142 0.000000
vt  0.032718 0.027142 0.000000
vt  0.032718 0.027142 0.000000
vt  0.034275 0.028579 0.000000
vt  0.034275 0.028579 0.000000
vt  0.034275 0.028579 0.000000
vt  0.039186 0.034664 0.000000
vt  0.039186 0.034664 0.000000
vt  0.045693 0.046263 0.000000
vt  0.045693 0.046263 0.000000
vt  0.051699 0.060939 0.000000
vt  0.051699 0.060939 0.000000
vt  0.055802 0.073769 0.000000
vt  0.055802 0.073769 0.000000
vt  0.055802 0.073769 0.000000
vt  0.028397 0.067399 0.000000
vt  0.028397 0.067399 0.000000
vt  0.028397 0.067399 0.000000
vt  0.051555 0.090488 0.000000
vt  0.051555 0.090488 0.000000
vt  0.051555 0.090488 0.000000
vt  0.053240 0.091519 0.000000
vt  0.053240 0.091519 0.000000
vt  0.028506 0.060894 0.000000
vt  0.028506 0.060894 0.000000
vt  0.028506 0.060894 0.000000
vt  0.053440 0.085748 0.000000
vt  0.053440 0.085748 0.000000
vt  0.051626 0.084630 0.000000
vt  0.051626 0.084630 0.000000
vt  0.051626 0.084630 0.000000
vt  0.025052 0.010538 0.000000
vt  0.025052 0.010538 0.000000
vt  0.025052 0.010538 0.000000
vt  0.028658 0.015812 0.000000
vt  0.028658 0.015812 0.000000
vt  0.028658 0.015812 0.000000
vt  0.031952 0.024480 0.000000
vt  0.031952 0.024480 0.000000
vt  0.031952 0.024480 0.000000
vt  0.032337 0.025776 0.000000
vt  0.032337 0.025776 0.000000
vt  0.013159 0.033938 0.000000
vt  0.013159 0.033938 0.000000
vt  0.013159 0.033938 0.000000
vt  0.016301 0.020825 0.000000
vt  0.016301 0.020825 0.000000
vt  0.020577 0.124717 0.000000
vt  0.020577 0.124717 0.000000
vt  0.020577 0.124717 0.000000
vt  0.020577 0.124717 0.000000
vt  0.020577 0.045470 0.000000
vt  0.020577 0.045470 0.000000
vt  0.020577 0.045470 0.000000
vt  0.020577 0.045470 0.000000
vt  0.017028 0.038043 0.000000
vt  0.017028 0.038043 0.000000
vt  0.017028 0.038043 0.000000
vt  0.010239 0.054553 0.000000
vt  0.010239 0.054553 0.000000
vt  0.009763 0.065476 0.000000
vt  0.009763 0.065476 0.000000
vt  0.008596 0.069832 0.000000
vt  0.008596 0.069832 0.000000
vt  0.008596 0.069832 0.000000
vt  0.007402 0.064883 0.000000
vt  0.007402 0.064883 0.000000
vt  0.006900 0.053360 0.000000
vt  0.006900 0.053360 0.000000
vt  0.007402 0.042205 0.000000
vt  0.007402 0.042205 0.000000
vt  0.008596 0.038118 0.000000
vt  0.008596 0.038118 0.000000
vt  0.008596 0.038118 0.000000
vt  0.009763 0.043298 0.000000
vt  0.009763 0.043298 0.000000
vt  0.047540 0.151255 0.000000
vt  0.047540 0.151255 0.000000
vt  0.047540 0.151255 0.000000
vt  0.034375 0.147794 0.000000
vt  0.034375 0.147794 0.000000
vt  0.024493 0.138302 0.000000
vt  0.024493 0.138302 0.000000
vt  0.021614 0.131770 0.000000
vt  0.021614 0.131770 0.000000
vt  0.180276 0.151255 0.000000
vt  0.180276 0.151255 0.000000
vt  0.180276 0.151255 0.000000
vt  0.172080 0.140376 0.000000
vt  0.172080 0.140376 0.000000
vt  0.172080 0.140376 0.000000
vt  0.157419 0.130929 0.000000
vt  0.157419 0.130929 0.000000
vt  0.157419 0.130929 0.000000
vt  0.157419 0.130929 0.000000
vt  0.157419 0.130929 0.000000
vt  0.070397 0.130929 0.000000
vt  0.070397 0.130929 0.000000
vt  0.070397 0.130929 0.000000
vt  0.070397 0.130929 0.000000
vt  0.070397 0.130929 0.000000
vt  0.055736 0.140376 0.000000
vt  0.055736 0.140376 0.000000
vt  0.055736 0.140376 0.000000
vt  0.207239 0.124717 0.000000
vt  0.207239 0.124717 0.000000
vt  0.207239 0.124717 0.000000
vt  0.207239 0.124717 0.000000
vt  0.203654 0.137746 0.000000
vt  0.203654 0.137746 0.000000
vt  0.194004 0.147470 0.000000
vt  0.194004 0.147470 0.000000
vt  0.187395 0.150276 0.000000
vt  0.187395 0.150276 0.000000
vt  0.214657 0.033938 0.000000
vt  0.214657 0.033938 0.000000
vt  0.214657 0.033938 0.000000
vt  0.210788 0.038043 0.000000
vt  0.210788 0.038043 0.000000
vt  0.210788 0.038043 0.000000
vt  0.207239 0.045470 0.000000
vt  0.207239 0.045470 0.000000
vt  0.207239 0.045470 0.000000
vt  0.207239 0.045470 0.000000
vt  0.217577 0.054553 0.000000
vt  0.217577 0.054553 0.000000
vt  0.218053 0.043298 0.000000
vt  0.218053 0.043298 0.000000
vt  0.219220 0.038118 0.000000
vt  0.219220 0.038118 0.000000
vt  0.219220 0.038118 0.000000
vt  0.220414 0.042205 0.000000
vt  0.220414 0.042205 0.000000
vt  0.220917 0.053360 0.000000
vt  0.220917 0.053360 0.000000
vt  0.220414 0.064883 0.000000
vt  0.220414 0.064883 0.000000
vt  0.219220 0.069832 0.000000
vt  0.219220 0.069832 0.000000
vt  0.219220 0.069832 0.000000
vt  0.218053 0.065476 0.000000
vt  0.218053 0.065476 0.000000
vt  0.202764 0.010538 0.000000
vt  0.202764 0.010538 0.000000
vt  0.202764 0.010538 0.000000
vt  0.211515 0.020825 0.000000
vt  0.211515 0.020825 0.000000
vt  0.194686 0.063560 0.000000
vt  0.194686 0.063560 0.000000
vt  0.194686 0.063560 0.000000
vt  0.195099 0.027142 0.000000
vt  0.195099 0.027142 0.000000
vt  0.195099 0.027142 0.000000
vt  0.195479 0.025776 0.000000
vt  0.195479 0.025776 0.000000
vt  0.195864 0.024480 0.000000
vt  0.195864 0.024480 0.000000
vt  0.195864 0.024480 0.000000
vt  0.199158 0.015812 0.000000
vt  0.199158 0.015812 0.000000
vt  0.199158 0.015812 0.000000
vt  0.199310 0.060894 0.000000
vt  0.199310 0.060894 0.000000
vt  0.199310 0.060894 0.000000
vt  0.176190 0.084630 0.000000
vt  0.176190 0.084630 0.000000
vt  0.176190 0.084630 0.000000
vt  0.174376 0.085748 0.000000
vt  0.174376 0.085748 0.000000
vt  0.171284 0.086751 0.000000
vt  0.171284 0.086751 0.000000
vt  0.171284 0.086751 0.000000
vt  0.199419 0.067399 0.000000
vt  0.199419 0.067399 0.000000
vt  0.199419 0.067399 0.000000
vt  0.194608 0.070475 0.000000
vt  0.194608 0.070475 0.000000
vt  0.194608 0.070475 0.000000
vt  0.171737 0.092453 0.000000
vt  0.171737 0.092453 0.000000
vt  0.171737 0.092453 0.000000
vt  0.174576 0.091519 0.000000
vt  0.174576 0.091519 0.000000
vt  0.176261 0.090488 0.000000
vt  0.176261 0.090488 0.000000
vt  0.176261 0.090488 0.000000
vt  0.194072 0.117939 0.000000
vt  0.194072 0.117939 0.000000
vt  0.194072 0.117939 0.000000
vt  0.194072 0.117939 0.000000
vt  0.206030 0.054230 0.000000
vt  0.206030 0.054230 0.000000
vt  0.206030 0.054230 0.000000
vt  0.206256 0.060020 0.000000
vt  0.206256 0.060020 0.000000
vt  0.206799 0.062236 0.000000
vt  0.206799 0.062236 0.000000
vt  0.207346 0.059610 0.000000
vt  0.207346 0.059610 0.000000
vt  0.207575 0.053603 0.000000
vt  0.207575 0.053603 0.000000
vt  0.207575 0.053603 0.000000
vt  0.207342 0.047749 0.000000
vt  0.207342 0.047749 0.000000
vt  0.206793 0.045607 0.000000
vt  0.206793 0.045607 0.000000
vt  0.206253 0.048297 0.000000
vt  0.206253 0.048297 0.000000
vt  0.191155 0.124806 0.000000
vt  0.191155 0.124806 0.000000
vt  0.170799 0.101146 0.000000
vt  0.170799 0.101146 0.000000
vt  0.170799 0.101146 0.000000
vt  0.170799 0.101146 0.000000
vt  0.168219 0.107375 0.000000
vt  0.168219 0.107375 0.000000
vt  0.170989 0.077444 0.000000
vt  0.170989 0.077444 0.000000
vt  0.170989 0.077444 0.000000
vt  0.172034 0.073700 0.000000
vt  0.172034 0.073700 0.000000
vt  0.172034 0.073700 0.000000
vt  0.176117 0.060939 0.000000
vt  0.176117 0.060939 0.000000
vt  0.182124 0.046262 0.000000
vt  0.182124 0.046262 0.000000
vt  0.188630 0.034663 0.000000
vt  0.188630 0.034663 0.000000
vt  0.193516 0.028604 0.000000
vt  0.193516 0.028604 0.000000
vt  0.193516 0.028604 0.000000
vt  0.171510 0.089612 0.000000
vt  0.171510 0.089612 0.000000
vt  0.167549 0.100353 0.000000
vt  0.167549 0.100353 0.000000
vt  0.167549 0.100353 0.000000
vt  0.166303 0.080270 0.000000
vt  0.166303 0.080270 0.000000
vt  0.169197 0.079762 0.000000
vt  0.169197 0.079762 0.000000
vt  0.169197 0.079762 0.000000
vt  0.169403 0.079647 0.000000
vt  0.169403 0.079647 0.000000
vt  0.164800 0.108386 0.000000
vt  0.166796 0.104829 0.000000
vt  0.188062 0.041605 0.000000
vt  0.180770 0.056678 0.000000
vt  0.167203 0.083549 0.000000
vt  0.167203 0.083549 0.000000
vt  0.167203 0.083549 0.000000
vt  0.167444 0.083681 0.000000
vt  0.167444 0.083681 0.000000
vt  0.175741 0.090694 0.000000
vt  0.175741 0.090694 0.000000
vt  0.175851 0.090835 0.000000
vt  0.175851 0.090835 0.000000
vt  0.175851 0.090835 0.000000
vt  0.184835 0.073625 0.000000
vt  0.192826 0.058149 0.000000
vt  0.199412 0.044732 0.000000
vt  0.204138 0.033734 0.000000
vt  0.204138 0.033734 0.000000
vt  0.204138 0.033734 0.000000
vt  0.204059 0.033590 0.000000
vt  0.204059 0.033590 0.000000
vt  0.157232 0.079620 0.000000
vt  0.157232 0.079620 0.000000
vt  0.156971 0.080242 0.000000
vt  0.156971 0.080242 0.000000
vt  0.156971 0.080242 0.000000
vt  0.156971 0.080242 0.000000
vt  0.156971 0.080242 0.000000
vt  0.180055 0.099784 0.000000
vt  0.180055 0.099784 0.000000
vt  0.180055 0.099784 0.000000
vt  0.180055 0.099784 0.000000
vt  0.188919 0.082795 0.000000
vt  0.188919 0.082795 0.000000
vt  0.196579 0.068037 0.000000
vt  0.196579 0.068037 0.000000
vt  0.202822 0.055468 0.000000
vt  0.202822 0.055468 0.000000
vt  0.070585 0.079620 0.000000
vt  0.070585 0.079620 0.000000
vt  0.070845 0.080242 0.000000
vt  0.070845 0.080242 0.000000
vt  0.070845 0.080242 0.000000
vt  0.070845 0.080242 0.000000
vt  0.070845 0.080242 0.000000
vt  0.060603 0.083554 0.000000
vt  0.060603 0.083554 0.000000
vt  0.060603 0.083554 0.000000
vt  0.047047 0.056706 0.000000
vt  0.039738 0.041600 0.000000
vt  0.023668 0.033753 0.000000
vt  0.023668 0.033753 0.000000
vt  0.023668 0.033753 0.000000
vt  0.028398 0.044742 0.000000
vt  0.034984 0.058159 0.000000
vt  0.042975 0.073634 0.000000
vt  0.051959 0.090843 0.000000
vt  0.051959 0.090843 0.000000
vt  0.051959 0.090843 0.000000
vt  0.052075 0.090694 0.000000
vt  0.052075 0.090694 0.000000
vt  0.060372 0.083681 0.000000
vt  0.060372 0.083681 0.000000
vt  0.024996 0.055471 0.000000
vt  0.024996 0.055471 0.000000
vt  0.031240 0.068043 0.000000
vt  0.031240 0.068043 0.000000
vt  0.038899 0.082800 0.000000
vt  0.038899 0.082800 0.000000
vt  0.047761 0.099784 0.000000
vt  0.047761 0.099784 0.000000
vt  0.047761 0.099784 0.000000
vt  0.047761 0.099784 0.000000
vt  0.022473 0.021896 0.000000
vt  0.018466 0.029553 0.000000
vt  0.030938 0.115409 0.000000
vt  0.030938 0.115409 0.000000
vt  0.030938 0.115409 0.000000
vt  0.047761 0.107374 0.000000
vt  0.047761 0.107374 0.000000
vt  0.047761 0.107374 0.000000
vt  0.047761 0.107374 0.000000
vt  0.043496 0.136835 0.000000
vt  0.034450 0.127722 0.000000
vt  0.064493 0.129877 0.000000
vt  0.064493 0.129877 0.000000
vt  0.059011 0.127285 0.000000
vt  0.059011 0.127285 0.000000
vt  0.050941 0.118688 0.000000
vt  0.050941 0.118688 0.000000
vt  0.063958 0.126821 0.000000
vt  0.059098 0.118230 0.000000
vt  0.056898 0.107186 0.000000
vt  0.056898 0.107186 0.000000
vt  0.056898 0.107186 0.000000
vt  0.071291 0.107123 0.000000
vt  0.071291 0.107123 0.000000
vt  0.071291 0.107123 0.000000
vt  0.071291 0.107123 0.000000
vt  0.070856 0.126599 0.000000
vt  0.070856 0.126599 0.000000
vt  0.071177 0.118010 0.000000
vt  0.071177 0.118010 0.000000
vt  0.071291 0.099655 0.000000
vt  0.071291 0.099655 0.000000
vt  0.071291 0.099655 0.000000
vt  0.071291 0.099655 0.000000
vt  0.058052 0.099681 0.000000
vt  0.058052 0.099681 0.000000
vt  0.058052 0.099681 0.000000
vt  0.056855 0.099687 0.000000
vt  0.056855 0.099687 0.000000
vt  0.156525 0.107123 0.000000
vt  0.156525 0.107123 0.000000
vt  0.156525 0.107123 0.000000
vt  0.156525 0.107123 0.000000
vt  0.156525 0.099655 0.000000
vt  0.156525 0.099655 0.000000
vt  0.156525 0.099655 0.000000
vt  0.156525 0.099655 0.000000
vt  0.156960 0.126599 0.000000
vt  0.156960 0.126599 0.000000
vt  0.156639 0.118010 0.000000
vt  0.156639 0.118010 0.000000
vt  0.163858 0.126821 0.000000
vt  0.168718 0.118230 0.000000
vt  0.170918 0.107186 0.000000
vt  0.170918 0.107186 0.000000
vt  0.170918 0.107186 0.000000
vt  0.180055 0.107374 0.000000
vt  0.180055 0.107374 0.000000
vt  0.180055 0.107374 0.000000
vt  0.180055 0.107374 0.000000
vt  0.168357 0.127567 0.000000
vt  0.168357 0.127567 0.000000
vt  0.176605 0.119156 0.000000
vt  0.176605 0.119156 0.000000
vt  0.179069 0.113478 0.000000
vt  0.179069 0.113478 0.000000
vt  0.170961 0.099687 0.000000
vt  0.170961 0.099687 0.000000
vt  0.169764 0.099681 0.000000
vt  0.169764 0.099681 0.000000
vt  0.169764 0.099681 0.000000
vt  0.196878 0.115409 0.000000
vt  0.196878 0.115409 0.000000
vt  0.196878 0.115409 0.000000
vt  0.184320 0.136835 0.000000
vt  0.193366 0.127722 0.000000
vt  0.162041 0.085213 0.000000
vt  0.166481 0.092072 0.000000
vt  0.156783 0.084019 0.000000
vt  0.156783 0.084019 0.000000
vt  0.156642 0.088701 0.000000
vt  0.156642 0.088701 0.000000
vt  0.156554 0.094014 0.000000
vt  0.156554 0.094014 0.000000
vt  0.071033 0.084019 0.000000
vt  0.071033 0.084019 0.000000
vt  0.071174 0.088701 0.000000
vt  0.071174 0.088701 0.000000
vt  0.071262 0.094013 0.000000
vt  0.071262 0.094013 0.000000
vt  0.065776 0.085213 0.000000
vt  0.061335 0.092072 0.000000
vt  0.205343 0.021896 0.000000
vt  0.209350 0.029553 0.000000
vt  0.212513 0.053621 0.000000
vt  0.212513 0.053621 0.000000
vt  0.212513 0.053621 0.000000
vt  0.212272 0.047803 0.000000
vt  0.212272 0.047803 0.000000
vt  0.211694 0.045626 0.000000
vt  0.211694 0.045626 0.000000
vt  0.211694 0.045626 0.000000
vt  0.211123 0.048314 0.000000
vt  0.211123 0.048314 0.000000
vt  0.210888 0.054247 0.000000
vt  0.210888 0.054247 0.000000
vt  0.210888 0.054247 0.000000
vt  0.211123 0.060002 0.000000
vt  0.211123 0.060002 0.000000
vt  0.211694 0.062252 0.000000
vt  0.211694 0.062252 0.000000
vt  0.211694 0.062252 0.000000
vt  0.212272 0.059628 0.000000
vt  0.212272 0.059628 0.000000
vt  0.016122 0.045626 0.000000
vt  0.016122 0.045626 0.000000
vt  0.016122 0.045626 0.000000
vt  0.016694 0.048314 0.000000
vt  0.016694 0.048314 0.000000
vt  0.016928 0.054247 0.000000
vt  0.016928 0.054247 0.000000
vt  0.016928 0.054247 0.000000
vt  0.016694 0.060002 0.000000
vt  0.016694 0.060002 0.000000
vt  0.016122 0.062252 0.000000
vt  0.016122 0.062252 0.000000
vt  0.016122 0.062252 0.000000
vt  0.015544 0.059628 0.000000
vt  0.015544 0.059628 0.000000
vt  0.015302 0.053621 0.000000
vt  0.015302 0.053621 0.000000
vt  0.015302 0.053621 0.000000
vt  0.015544 0.047803 0.000000
vt  0.015544 0.047803 0.000000

vn  0.000000 -1.000000 0.000000
vn  -1.000000 0.000000 0.000000
vn  -1.000000 -0.000000 -0.000000
vn  0.000000 -1.000000 0.000000
vn  -0.922872 -0.053596 -0.381358
vn  0.000000 -1.000000 0.000000
vn  -0.693021 -0.100332 -0.713902
vn  0.000000 -1.000000 0.000000
vn  0.000000 -0.139173 -0.990268
vn  0.000000 -0.139173 -0.990268
vn  0.000000 -1.000000 0.000000
vn  0.000000 -0.139173 -0.990268
vn  0.000000 -0.139173 -0.990268
vn  0.000000 -1.000000 0.000000
vn  0.380753 -0.128690 -0.915678
vn  0.000000 -1.000000 0.000000
vn  0.715730 -0.097195 -0.691581
vn  0.000000 -1.000000 0.000000
vn  1.000000 0.000000 0.000000
vn  1.000000 0.000000 0.000000
vn  0.000000 -1.000000 0.000000
vn  0.000000 0.190809 -0.981627
vn  1.000000 0.000000 0.000000
vn  0.000000 -1.000000 0.000000
vn  1.000000 0.000000 0.000000
vn  0.000000 0.190809 -0.981627
vn  0.000000 -1.000000 0.000000
vn  0.000000 -0.190809 0.981627
vn  1.000000 0.000000 0.000000
vn  0.000000 -1.000000 0.000000
vn  1.000000 0.000000 0.000000
vn  0.000000 -0.190809 0.981627
vn  0.000000 -1.000000 0.000000
vn  -0.587500 0.000000 -0.809224
vn  1.000000 0.000000 0.000000
vn  0.000000 -1.000000 0.000000
vn  -0.890926 0.000000 -0.454148
vn  0.000000 -1.000000 0.000000
vn  -1.000000 0.000000 0.000000
vn  -1.000000 0.000000 0.000000
vn  0.000000 -1.000000 0.000000
vn  -1.000000 0.000000 0.000000
vn  -1.000000 0.000000 0.000000
vn  0.000000 -1.000000 0.000000
vn  -0.865182 0.056419 0.498275
vn  0.000000 -1.000000 0.000000
vn  -0.691560 0.081268 0.717732
vn  0.000000 -1.000000 0.000000
vn  -0.467517 0.099457 0.878371
vn  0.000000 -1.000000 0.000000
vn  0.000000 0.112510 0.993651
vn  -0.000000 0.112510 0.993651
vn  0.000000 -1.000000 0.000000
vn  0.000000 0.112510 0.993651
vn  0.000000 0.112510 0.993651
vn  0.000000 -1.000000 0.000000
vn  0.498456 0.097536 0.861411
vn  0.000000 -1.000000 0.000000
vn  0.719612 0.078124 0.689968
vn  0.000000 -1.000000 0.000000
vn  0.882390 0.052938 0.467531
vn  0.000000 -1.000000 0.000000
vn  1.000000 0.000000 0.000000
vn  1.000000 0.000000 0.000000
vn  0.000000 -1.000000 0.000000
vn  1.000000 0.000000 -0.000000
vn  1.000000 0.000000 0.000000
vn  0.000000 -1.000000 0.000000
vn  0.890926 0.000000 -0.454148
vn  0.000000 -1.000000 0.000000
vn  -1.000000 0.000000 0.000000
vn  0.587500 0.000000 -0.809224
vn  0.000000 -1.000000 0.000000
vn  0.000000 -0.190809 0.981627
vn  -1.000000 0.000000 0.000000
vn  0.000000 -1.000000 0.000000
vn  -1.000000 0.000000 0.000000
vn  0.000000 -0.190809 0.981627
vn  0.000000 -1.000000 0.000000
vn  0.000000 0.190809 -0.981627
vn  -1.000000 0.000000 0.000000
vn  0.000000 -1.000000 0.000000
vn  -1.000000 0.000000 0.000000
vn  0.000000 0.190809 -0.981627
vn  -1.000000 0.000000 0.000000
vn  -0.989016 -0.146371 0.020571
vn  0.000000 0.190809 -0.981627
vn  -1.000000 0.000000 0.000000
vn  -1.000000 -0.000000 -0.000000
vn  -0.989016 -0.146371 0.020571
vn  -0.989016 -0.146371 0.020571
vn  -1.000000 0.000000 0.000000
vn  0.000000 1.000000 0.000000
vn  0.000000 1.000000 0.000000
vn  -1.000000 0.000000 0.000000
vn  0.000000 0.703216 -0.710977
vn  -1.000000 0.000000 0.000000
vn  0.000000 -0.004017 -0.999992
vn  -1.000000 0.000000 0.000000
vn  0.000000 -0.707685 -0.706528
vn  -1.000000 0.000000 0.000000
vn  0.000000 -1.000000 -0.000000
vn  0.000000 -1.000000 0.000000
vn  -1.000000 0.000000 0.000000
vn  0.000000 -0.703216 0.710977
vn  -1.000000 0.000000 0.000000
vn  0.000000 0.004017 0.999992
vn  -1.000000 0.000000 0.000000
vn  0.000000 0.707685 0.706528
vn  -0.707636 -0.098337 -0.699701
vn  -0.699863 -0.201914 -0.685144
vn  0.000000 -0.139173 -0.990268
vn  -0.000000 -0.139173 -0.990268
vn  0.000000 -0.139173 -0.990268
vn  -0.000000 -0.139173 -0.990268
vn  0.000000 -0.139173 -0.990268
vn  0.000000 -0.139173 -0.990268
vn  0.000000 -0.139173 -0.990268
vn  -0.000000 -0.139173 -0.990268
vn  -0.989016 -0.146371 0.020571
vn  -0.989016 -0.146371 0.020571
vn  -0.989016 -0.146371 0.020571
vn  -0.989016 -0.146371 0.020571
vn  -0.699340 -0.201910 -0.685679
vn  -0.699340 -0.201910 -0.685679
vn  0.000000 -0.139173 -0.990268
vn  0.000000 -0.139173 -0.990268
vn  0.000000 -0.139173 -0.990268
vn  0.000000 -0.139173 -0.990268
vn  0.000000 -0.139173 -0.990268
vn  0.000000 -0.139173 -0.990268
vn  0.000000 -0.139173 -0.990268
vn  0.000000 -0.139173 -0.990268
vn  0.000000 -0.990268 0.139173
vn  0.000000 -0.990268 0.139173
vn  -0.000000 -0.990268 0.139173
vn  -0.000000 -0.990268 0.139173
vn  0.000000 -0.798636 -0.601815
vn  -0.000000 -0.798636 -0.601815
vn  0.000000 -0.798636 -0.601815
vn  -0.000000 -0.798636 -0.601815
vn  0.000000 -0.990268 0.139173
vn  0.000000 -0.990268 0.139173
vn  0.000000 -0.990268 0.139173
vn  -0.000000 -0.990268 0.139173
vn  0.000000 -0.990268 0.139173
vn  0.000000 -0.990268 0.139173
vn  0.181940 0.569792 -0.801395
vn  0.000000 -0.990268 0.139173
vn  0.092255 0.561400 -0.822386
vn  0.000000 -0.990268 0.139173
vn  0.000000 0.548311 -0.836275
vn  -0.000002 0.548314 -0.836272
vn  0.000000 -0.990268 0.139173
vn  0.000002 0.548314 -0.836272
vn  0.000000 0.548311 -0.836275
vn  0.000000 -0.990268 0.139173
vn  -0.092231 0.561397 -0.822391
vn  0.000000 -0.990268 0.139173
vn  -0.000000 -0.990268 0.139173
vn  -0.181940 0.569792 -0.801395
vn  -0.652760 -0.750192 0.105433
vn  -0.652760 -0.750192 0.105433
vn  -0.652760 -0.750192 0.105433
vn  -0.989016 -0.146371 0.020571
vn  -0.989016 -0.146371 0.020571
vn  0.477950 0.540516 -0.692391
vn  -0.830690 -0.551318 0.077483
vn  0.455641 0.554228 -0.696579
vn  -0.812170 -0.577743 0.081197
vn  0.448796 0.555523 -0.699983
vn  0.448796 0.555523 -0.699983
vn  -0.496854 -0.859388 0.120779
vn  0.356920 0.569433 -0.740510
vn  -0.326380 -0.495624 -0.804881
vn  -0.565307 -0.719272 -0.403827
vn  -0.989016 -0.146371 0.020571
vn  0.000000 0.190809 -0.981627
vn  -0.826463 -0.552647 -0.107424
vn  -0.989016 -0.146371 0.020571
vn  -0.818847 -0.563466 -0.109527
vn  -0.989016 -0.146371 0.020571
vn  0.000000 -0.190809 0.981627
vn  -0.811227 -0.573988 -0.111572
vn  -0.989016 -0.146371 0.020571
vn  0.000000 -0.190809 0.981627
vn  -1.000000 0.000000 0.000000
vn  -0.989016 -0.146371 0.020571
vn  -1.000000 0.000000 0.000000
vn  0.590157 0.186504 -0.785449
vn  -0.989016 -0.146371 0.020571
vn  0.562464 0.211894 -0.799210
vn  0.562464 0.211894 -0.799210
vn  -0.989016 -0.146371 0.020571
vn  0.471746 0.286881 -0.833759
vn  -0.989016 -0.146371 0.020571
vn  0.407561 0.382886 -0.829031
vn  -0.989016 -0.146371 0.020571
vn  0.411531 0.470073 -0.780816
vn  -0.989016 -0.146371 0.020571
vn  0.464137 0.526356 -0.712409
vn  0.464137 0.526356 -0.712409
vn  0.000000 0.190809 -0.981627
vn  -1.000000 0.000000 0.000000
vn  -0.991445 -0.128128 -0.024906
vn  0.000000 0.190809 -0.981627
vn  -0.991445 -0.128128 -0.024906
vn  -0.991445 -0.128128 -0.024906
vn  0.000000 0.190809 -0.981627
vn  -0.934320 -0.349887 -0.068011
vn  -1.000000 0.000000 0.000000
vn  0.000000 -0.190809 0.981627
vn  -0.991445 -0.128128 -0.024906
vn  0.000000 -0.190809 0.981627
vn  -0.929506 -0.362030 -0.070372
vn  0.000000 -0.190809 0.981627
vn  -0.991445 -0.128128 -0.024906
vn  -0.991445 -0.128128 -0.024906
vn  -1.000000 0.000000 0.000000
vn  0.587500 0.000000 -0.809224
vn  0.587500 0.000000 -0.809224
vn  -1.000000 0.000000 0.000000
vn  0.587500 0.079867 -0.805273
vn  0.587500 0.079867 -0.805273
vn  -1.000000 0.000000 0.000000
vn  0.587500 0.158964 -0.793457
vn  0.587500 0.158955 -0.793459
vn  -1.000000 0.000000 0.000000
vn  0.588167 0.172882 -0.790045
vn  1.000000 0.000000 -0.000000
vn  1.000000 0.000000 0.000000
vn  1.000000 0.000000 -0.000000
vn  0.890926 0.000000 -0.454148
vn  0.890926 0.000000 -0.454148
vn  1.000000 0.000000 0.000000
vn  1.000000 0.000000 0.000000
vn  1.000000 -0.000000 0.000000
vn  1.000000 -0.000020 0.000002
vn  1.000000 0.000000 0.000000
vn  1.000000 0.000006 0.000002
vn  1.000000 0.000000 -0.000000
vn  1.000000 -0.000000 0.000000
vn  1.000000 0.000000 0.000000
vn  1.000000 0.000000 -0.000000
vn  1.000000 0.000000 -0.000000
vn  1.000000 0.000000 0.000000
vn  0.707114 -0.707100 0.000000
vn  1.000000 0.000000 0.000000
vn  0.707114 -0.499995 -0.499995
vn  1.000000 0.000000 0.000000
vn  0.707114 -0.000000 -0.707100
vn  0.707114 0.000000 -0.707100
vn  1.000000 0.000000 0.000000
vn  0.707114 0.499995 -0.499995
vn  1.000000 0.000000 0.000000
vn  0.707114 0.707100 -0.000000
vn  1.000000 0.000000 0.000000
vn  0.707114 0.499995 0.499995
vn  1.000000 0.000000 0.000000
vn  0.707114 0.000000 0.707100
vn  0.707114 0.000000 0.707100
vn  1.000000 0.000000 0.000000
vn  0.707114 -0.499995 0.499995
vn  0.000000 0.112510 0.993651
vn  0.000000 0.112510 0.993651
vn  0.000004 0.112510 0.993651
vn  0.491709 0.097969 0.865231
vn  0.491712 0.097959 0.865230
vn  0.858578 0.057682 0.509428
vn  0.858579 0.057664 0.509428
vn  0.963943 0.029940 0.264421
vn  0.963943 0.029921 0.264422
vn  0.000000 0.112510 0.993651
vn  -0.000000 0.112510 0.993651
vn  -0.000004 0.112510 0.993651
vn  0.000000 0.112510 0.993651
vn  0.000001 0.112509 0.993651
vn  0.000001 0.112509 0.993651
vn  0.000000 0.112510 0.993651
vn  0.000000 0.112510 0.993651
vn  0.000000 0.112510 0.993651
vn  -0.000000 0.112510 0.993651
vn  0.000006 0.112508 0.993651
vn  0.000000 0.112510 0.993651
vn  -0.000006 0.112508 0.993651
vn  0.000000 0.112510 0.993651
vn  0.000000 0.112510 0.993651
vn  0.000000 0.112510 0.993651
vn  0.000000 0.112510 0.993651
vn  -0.000001 0.112509 0.993651
vn  -0.000001 0.112509 0.993651
vn  -1.000000 0.000000 0.000000
vn  -1.000000 0.000000 0.000000
vn  -1.000000 0.000000 0.000000
vn  -1.000000 -0.000020 0.000002
vn  -0.870760 0.055322 0.488587
vn  -0.870760 0.055304 0.488587
vn  -0.512683 0.096598 0.853126
vn  -0.512686 0.096588 0.853126
vn  -0.266111 0.108453 0.957822
vn  -0.266114 0.108447 0.957822
vn  -1.000000 0.000000 0.000000
vn  -1.000000 0.000000 0.000000
vn  -1.000000 0.000000 -0.000000
vn  -1.000000 0.000000 0.000000
vn  -1.000000 0.000000 -0.000000
vn  -1.000000 0.000000 -0.000000
vn  -1.000000 0.000000 0.000000
vn  -1.000000 0.000005 0.000002
vn  -1.000000 0.000000 0.000000
vn  -1.000000 0.000000 -0.000000
vn  -1.000000 0.000000 0.000000
vn  -0.707114 -0.707100 -0.000000
vn  -1.000000 0.000000 0.000000
vn  -0.707114 -0.499995 0.499995
vn  -1.000000 0.000000 0.000000
vn  -0.707114 -0.000000 0.707100
vn  -0.707114 -0.000000 0.707100
vn  -1.000000 0.000000 0.000000
vn  -0.707114 0.499995 0.499995
vn  -1.000000 0.000000 0.000000
vn  -0.707114 0.707100 0.000000
vn  -1.000000 0.000000 0.000000
vn  -0.707114 0.499995 -0.499995
vn  -1.000000 0.000000 0.000000
vn  -0.707114 0.000000 -0.707100
vn  -0.707114 0.000000 -0.707100
vn  -1.000000 0.000000 0.000000
vn  -0.707114 -0.499995 -0.499995
vn  -0.587500 0.000000 -0.809224
vn  1.000000 0.000000 0.000000
vn  -0.587500 0.000000 -0.809224
vn  -0.890926 0.000000 -0.454148
vn  -0.890926 0.000000 -0.454148
vn  1.000000 0.000000 0.000000
vn  0.000000 -0.190809 0.981627
vn  0.989016 -0.146371 0.020571
vn  1.000000 0.000000 0.000000
vn  0.989016 -0.146371 0.020571
vn  -0.590157 0.186505 -0.785449
vn  1.000000 0.000000 0.000000
vn  -0.588167 0.172882 -0.790045
vn  1.000000 0.000000 0.000000
vn  -0.587500 0.158963 -0.793457
vn  -0.587500 0.158955 -0.793459
vn  1.000000 0.000000 0.000000
vn  -0.587500 0.079867 -0.805273
vn  -0.587500 0.079867 -0.805273
vn  0.000000 -0.190809 0.981627
vn  1.000000 0.000000 0.000000
vn  0.991445 -0.128128 -0.024906
vn  0.000000 -0.190809 0.981627
vn  0.991445 -0.128128 -0.024906
vn  0.991445 -0.128128 -0.024906
vn  0.000000 -0.190809 0.981627
vn  0.929506 -0.362030 -0.070372
vn  0.000000 -0.190809 0.981627
vn  0.989016 -0.146371 0.020571
vn  0.811227 -0.573988 -0.111572
vn  1.000000 0.000000 0.000000
vn  0.000000 0.190809 -0.981627
vn  0.991445 -0.128128 -0.024906
vn  0.000000 0.190809 -0.981627
vn  1.000000 0.000000 0.000000
vn  0.989016 -0.146371 0.020571
vn  0.000000 0.190809 -0.981627
vn  0.989016 -0.146371 0.020571
vn  0.826463 -0.552647 -0.107424
vn  0.000000 0.190809 -0.981627
vn  0.934320 -0.349887 -0.068011
vn  0.000000 0.190809 -0.981627
vn  0.991445 -0.128128 -0.024906
vn  0.991445 -0.128128 -0.024906
vn  1.000000 0.000000 0.000000
vn  1.000000 0.000000 0.000000
vn  0.989016 -0.146371 0.020571
vn  0.989016 -0.146371 0.020571
vn  1.000000 0.000000 0.000000
vn  0.000000 -1.000000 0.000000
vn  0.000000 -1.000000 -0.000000
vn  1.000000 0.000000 0.000000
vn  0.000000 -0.703216 -0.710977
vn  1.000000 0.000000 0.000000
vn  0.000000 0.004017 -0.999992
vn  1.000000 0.000000 0.000000
vn  0.000000 0.707685 -0.706528
vn  1.000000 0.000000 0.000000
vn  0.000000 1.000000 0.000000
vn  0.000000 1.000000 0.000000
vn  1.000000 0.000000 0.000000
vn  0.000000 0.703216 0.710977
vn  1.000000 0.000000 0.000000
vn  0.000000 -0.004017 0.999992
vn  1.000000 0.000000 0.000000
vn  0.000000 -0.707685 0.706528
vn  0.707636 -0.098337 -0.699701
vn  0.699863 -0.201914 -0.685144
vn  0.989016 -0.146371 0.020571
vn  0.989016 -0.146371 0.020571
vn  0.989016 -0.146371 0.020571
vn  0.989016 -0.146371 0.020571
vn  0.699340 -0.201910 -0.685679
vn  0.699340 -0.201910 -0.685679
vn  0.989016 -0.146371 0.020571
vn  0.989016 -0.146371 0.020571
vn  -0.477950 0.540516 -0.692391
vn  0.989016 -0.146371 0.020571
vn  -0.463873 0.526082 -0.712783
vn  -0.463873 0.526082 -0.712783
vn  0.989016 -0.146371 0.020571
vn  -0.411528 0.470068 -0.780820
vn  0.989016 -0.146371 0.020571
vn  -0.407564 0.382879 -0.829033
vn  0.989016 -0.146371 0.020571
vn  -0.471754 0.286872 -0.833758
vn  0.989016 -0.146371 0.020571
vn  -0.562006 0.212302 -0.799423
vn  -0.562006 0.212302 -0.799423
vn  0.989016 -0.146371 0.020571
vn  0.818847 -0.563466 -0.109527
vn  0.652760 -0.750192 0.105433
vn  0.652760 -0.750192 0.105433
vn  0.652760 -0.750192 0.105433
vn  0.499641 -0.857802 0.120556
vn  -0.357821 0.569356 -0.740133
vn  0.812390 -0.577440 0.081154
vn  -0.448387 0.555534 -0.700237
vn  -0.448387 0.555534 -0.700237
vn  0.834308 -0.545934 0.076726
vn  -0.456466 0.553996 -0.696223
vn  0.326380 -0.495624 -0.804881
vn  0.565307 -0.719272 -0.403827
vn  -0.539416 0.325309 -0.776662
vn  -0.505987 0.430463 -0.747448
vn  -0.438355 0.573424 -0.692120
vn  -0.438355 0.573424 -0.692120
vn  -0.438812 0.573351 -0.691891
vn  -0.449111 0.572251 -0.686170
vn  -0.449063 0.572230 -0.686218
vn  -0.797703 0.463075 -0.386305
vn  -0.797746 0.463025 -0.386276
vn  -0.802457 0.460093 -0.379970
vn  -0.802457 0.460093 -0.379970
vn  -0.802275 0.460186 -0.380242
vn  -0.835120 0.377276 -0.400296
vn  -0.861942 0.287059 -0.417916
vn  -0.881384 0.190372 -0.432343
vn  -0.892091 0.088765 -0.443051
vn  -0.892091 0.088765 -0.443051
vn  -0.891955 0.088810 -0.443317
vn  -0.889088 0.089920 -0.448817
vn  -0.889093 0.089910 -0.448808
vn  0.000001 0.550948 -0.834540
vn  0.000000 0.550944 -0.834542
vn  -0.000028 0.553579 -0.832796
vn  0.000000 0.553571 -0.832802
vn  -0.000030 0.553570 -0.832802
vn  -0.000030 0.553570 -0.832802
vn  0.000000 0.553570 -0.832802
vn  -0.968150 0.250369 0.000004
vn  -0.968151 0.250365 0.000000
vn  -0.968151 0.250366 0.000000
vn  -0.968159 0.250334 -0.000001
vn  -0.981665 0.190615 -0.000002
vn  -0.981663 0.190626 0.000000
vn  -0.991661 0.128877 -0.000001
vn  -0.991660 0.128880 0.000000
vn  -0.997895 0.064851 0.000002
vn  -0.997896 0.064840 0.000000
vn  0.000000 0.550943 -0.834543
vn  -0.000001 0.550948 -0.834540
vn  0.000000 0.553571 -0.832802
vn  0.000028 0.553579 -0.832796
vn  0.000000 0.553570 -0.832802
vn  0.000030 0.553570 -0.832802
vn  0.000030 0.553570 -0.832802
vn  0.438785 0.573379 -0.691885
vn  0.438785 0.573379 -0.691885
vn  0.439222 0.573308 -0.691666
vn  0.506354 0.430548 -0.747150
vn  0.539852 0.325163 -0.776420
vn  0.892313 0.088679 -0.442620
vn  0.892313 0.088679 -0.442620
vn  0.892299 0.088677 -0.442650
vn  0.881614 0.190260 -0.431923
vn  0.862184 0.286922 -0.417510
vn  0.835378 0.377119 -0.399906
vn  0.802732 0.459919 -0.379600
vn  0.802732 0.459919 -0.379600
vn  0.802537 0.460019 -0.379890
vn  0.797709 0.463071 -0.386296
vn  0.797752 0.463021 -0.386268
vn  0.449115 0.572250 -0.686167
vn  0.449068 0.572229 -0.686216
vn  0.997894 0.064869 0.000002
vn  0.997895 0.064858 0.000000
vn  0.991658 0.128900 -0.000001
vn  0.991657 0.128904 0.000000
vn  0.981662 0.190632 -0.000002
vn  0.981659 0.190643 0.000000
vn  0.968150 0.250369 0.000004
vn  0.968151 0.250366 0.000000
vn  0.968151 0.250365 0.000000
vn  0.968159 0.250334 -0.000001
vn  0.808879 0.058031 -0.585105
vn  0.951020 0.030510 -0.307619
vn  0.992007 0.126180 0.000000
vn  0.992006 0.126190 -0.000001
vn  0.992006 0.126190 -0.000001
vn  0.968151 0.250366 0.000000
vn  0.968159 0.250336 0.000003
vn  0.968151 0.250366 0.000000
vn  0.968151 0.250365 0.000000
vn  0.491981 0.159493 0.855872
vn  0.854455 0.164492 0.492796
vn  0.252925 0.173176 0.951861
vn  0.252928 0.173185 0.951858
vn  0.488115 0.221790 0.844129
vn  0.488115 0.221806 0.844124
vn  0.834083 0.270127 0.480975
vn  0.834078 0.270154 0.480969
vn  0.290510 0.471283 0.832764
vn  0.511588 0.717421 0.472848
vn  0.610397 0.792095 -0.000079
vn  0.610397 0.792095 -0.000079
vn  0.610400 0.792093 0.000000
vn  0.000000 1.000000 0.000000
vn  0.000000 1.000000 0.000000
vn  0.000000 1.000000 0.000000
vn  0.000000 1.000000 0.000000
vn  0.000000 0.563622 0.826033
vn  0.000000 0.563622 0.826033
vn  0.000000 0.884201 0.467107
vn  0.000000 0.884201 0.467107
vn  0.000000 1.000000 0.000000
vn  0.000000 1.000000 0.000000
vn  0.000000 1.000000 0.000000
vn  0.000000 1.000000 0.000000
vn  0.562665 0.826685 0.000000
vn  0.561427 0.827452 0.011058
vn  0.561427 0.827452 0.011058
vn  0.612174 0.790723 0.000000
vn  0.612142 0.790748 0.000017
vn  0.000000 1.000000 0.000000
vn  0.000000 1.000000 0.000000
vn  0.000000 1.000000 0.000000
vn  0.000000 1.000000 0.000000
vn  0.000000 1.000000 0.000000
vn  0.000000 1.000000 0.000000
vn  0.000000 1.000000 -0.000000
vn  0.000000 1.000000 0.000000
vn  0.000000 0.563622 0.826033
vn  0.000000 0.563622 0.826033
vn  0.000000 0.884201 0.467107
vn  0.000000 0.884201 0.467107
vn  -0.290510 0.471283 0.832764
vn  -0.511588 0.717421 0.472848
vn  -0.610397 0.792095 -0.000079
vn  -0.610397 0.792095 -0.000079
vn  -0.610400 0.792093 0.000000
vn  -0.968151 0.250366 0.000000
vn  -0.968151 0.250365 0.000000
vn  -0.968151 0.250366 0.000000
vn  -0.968159 0.250335 0.000003
vn  -0.468857 0.218161 0.855908
vn  -0.468856 0.218145 0.855913
vn  -0.822540 0.269420 0.500840
vn  -0.822545 0.269394 0.500845
vn  -0.927414 0.269231 0.259651
vn  -0.927421 0.269202 0.259657
vn  -0.612192 0.790709 0.000000
vn  -0.612160 0.790734 0.000017
vn  -0.562691 0.826667 0.000000
vn  -0.561454 0.827434 0.011057
vn  -0.561454 0.827434 0.011057
vn  -0.992007 0.126180 0.000000
vn  -0.992006 0.126190 -0.000001
vn  -0.992006 0.126190 -0.000001
vn  -0.491981 0.159493 0.855872
vn  -0.854455 0.164492 0.492797
vn  -0.226311 0.749766 -0.621799
vn  -0.422217 0.845330 -0.327338
vn  -0.000010 0.739739 -0.672893
vn  0.000000 0.739739 -0.672893
vn  0.000008 0.881354 -0.472456
vn  0.000000 0.881354 -0.472456
vn  0.000030 0.969885 -0.243563
vn  0.000000 0.969885 -0.243563
vn  0.000000 0.739735 -0.672898
vn  -0.000006 0.739735 -0.672898
vn  0.000000 0.881350 -0.472463
vn  0.000001 0.881350 -0.472463
vn  0.000000 0.969884 -0.243569
vn  0.000000 0.969884 -0.243569
vn  0.226300 0.749771 -0.621797
vn  0.422196 0.845341 -0.327336
vn  -0.808879 0.058031 -0.585105
vn  -0.951020 0.030510 -0.307619
vn  0.000000 1.000000 0.000000
vn  0.000000 1.000000 0.000000
vn  -0.707114 0.707100 0.000000
vn  0.000000 0.707107 0.707107
vn  -0.707114 0.499995 0.499995
vn  0.000000 0.000000 1.000000
vn  -0.707114 -0.000000 0.707100
vn  -0.707114 -0.000000 0.707100
vn  0.000000 -0.707107 0.707107
vn  -0.707114 -0.499995 0.499995
vn  0.000000 -1.000000 0.000000
vn  0.000000 -1.000000 -0.000000
vn  -0.707114 -0.707100 -0.000000
vn  0.000000 -0.707107 -0.707107
vn  -0.707114 -0.499995 -0.499995
vn  0.000000 0.000000 -1.000000
vn  -0.707114 0.000000 -0.707100
vn  -0.707114 0.000000 -0.707100
vn  0.000000 0.707107 -0.707107
vn  -0.707114 0.499995 -0.499995
vn  0.707114 0.000000 0.707100
vn  0.707114 0.000000 0.707100
vn  0.000000 -0.000000 1.000000
vn  0.707114 -0.499995 0.499995
vn  0.000000 -0.707107 0.707107
vn  0.707114 -0.707100 0.000000
vn  0.000000 -1.000000 -0.000000
vn  0.000000 -1.000000 0.000000
vn  0.707114 -0.499995 -0.499995
vn  0.000000 -0.707107 -0.707107
vn  0.707114 -0.000000 -0.707100
vn  0.707114 0.000000 -0.707100
vn  0.000000 0.000000 -1.000000
vn  0.707114 0.499995 -0.499995
vn  0.000000 0.707107 -0.707107
vn  0.707114 0.707100 -0.000000
vn  0.000000 1.000000 0.000000
vn  0.000000 1.000000 0.000000
vn  0.707114 0.499995 0.499995
vn  0.000000 0.707107 0.707107


g 7
g 8
usemtl MTL1
f 2266/2266/2266  2214/2214/2214  2211/2211/2211
f 2299/2299/2299  2213/2213/2213  2215/2215/2215
f 2268/2268/2268  2266/2266/2266  2211/2211/2211
f 2289/2289/2289  2268/2268/2268  2211/2211/2211
f 2292/2292/2292  2289/2289/2289  2211/2211/2211
f 2305/2305/2305  2293/2293/2293  2212/2212/2212
f 2307/2307/2307  2212/2212/2212  2298/2298/2298
f 2307/2307/2307  2305/2305/2305  2212/2212/2212
f 2266/2266/2266  2216/2216/2216  2214/2214/2214
f 2320/2320/2320  2215/2215/2215  2217/2217/2217
f 2320/2320/2320  2299/2299/2299  2215/2215/2215
f 2263/2263/2263  2218/2218/2218  2216/2216/2216
f 2320/2320/2320  2217/2217/2217  2219/2219/2219
f 2266/2266/2266  2263/2263/2263  2216/2216/2216
f 2260/2260/2260  2221/2221/2221  2218/2218/2218
f 2341/2341/2341  2220/2220/2220  2222/2222/2222
f 2263/2263/2263  2260/2260/2260  2218/2218/2218
f 2322/2322/2322  2320/2320/2320  2219/2219/2219
f 2341/2341/2341  2324/2324/2324  2220/2220/2220
f 2258/2258/2258  2224/2224/2224  2221/2221/2221
f 2342/2342/2342  2223/2223/2223  2225/2225/2225
f 2260/2260/2260  2258/2258/2258  2221/2221/2221
f 2258/2258/2258  2226/2226/2226  2224/2224/2224
f 2606/2606/2606  2225/2225/2225  2227/2227/2227
f 2606/2606/2606  2342/2342/2342  2225/2225/2225
f 2256/2256/2256  2228/2228/2228  2226/2226/2226
f 2606/2606/2606  2227/2227/2227  2230/2230/2230
f 2258/2258/2258  2256/2256/2256  2226/2226/2226
f 2256/2256/2256  2231/2231/2231  2228/2228/2228
f 2600/2600/2600  2229/2229/2229  2233/2233/2233
f 2584/2584/2584  2229/2229/2229  2574/2574/2574
f 2591/2591/2591  2574/2574/2574  2229/2229/2229
f 2606/2606/2606  2230/2230/2230  2585/2585/2585
f 2593/2593/2593  2591/2591/2591  2229/2229/2229
f 2595/2595/2595  2593/2593/2593  2229/2229/2229
f 2597/2597/2597  2595/2595/2595  2229/2229/2229
f 2600/2600/2600  2597/2597/2597  2229/2229/2229
f 2256/2256/2256  2234/2234/2234  2231/2231/2231
f 2571/2571/2571  2232/2232/2232  2236/2236/2236
f 2573/2573/2573  2232/2232/2232  2571/2571/2571
f 2602/2602/2602  2233/2233/2233  2574/2574/2574
f 2602/2602/2602  2600/2600/2600  2233/2233/2233
f 2254/2254/2254  2237/2237/2237  2234/2234/2234
f 2560/2560/2560  2235/2235/2235  2239/2239/2239
f 2256/2256/2256  2254/2254/2254  2234/2234/2234
f 2570/2570/2570  2235/2235/2235  2560/2560/2560
f 2243/2243/2243  2240/2240/2240  2237/2237/2237
f 2546/2546/2546  2238/2238/2238  2242/2242/2242
f 2246/2246/2246  2243/2243/2243  2237/2237/2237
f 2254/2254/2254  2246/2246/2246  2237/2237/2237
f 2559/2559/2559  2238/2238/2238  2546/2546/2546
f 2541/2541/2541  2241/2241/2241  2245/2245/2245
f 2556/2556/2556  2241/2241/2241  2541/2541/2541
f 2548/2548/2548  2545/2545/2545  2241/2241/2241
f 2551/2551/2551  2548/2548/2548  2241/2241/2241
f 2553/2553/2553  2551/2551/2551  2241/2241/2241
f 2556/2556/2556  2553/2553/2553  2241/2241/2241
f 2540/2540/2540  2244/2244/2244  2247/2247/2247
f 2251/2251/2251  2248/2248/2248  2246/2246/2246
f 2543/2543/2543  2247/2247/2247  2250/2250/2250
f 2254/2254/2254  2251/2251/2251  2246/2246/2246
f 2543/2543/2543  2540/2540/2540  2247/2247/2247
f 2533/2533/2533  2249/2249/2249  2253/2253/2253
f 2526/2526/2526  2512/2512/2512  2249/2249/2249
f 2543/2543/2543  2250/2250/2250  2513/2513/2513
f 2529/2529/2529  2526/2526/2526  2249/2249/2249
f 2531/2531/2531  2529/2529/2529  2249/2249/2249
f 2533/2533/2533  2531/2531/2531  2249/2249/2249
f 2502/2502/2502  2252/2252/2252  2255/2255/2255
f 2533/2533/2533  2253/2253/2253  2503/2503/2503
f 2506/2506/2506  2255/2255/2255  2257/2257/2257
f 2506/2506/2506  2502/2502/2502  2255/2255/2255
f 2508/2508/2508  2257/2257/2257  2259/2259/2259
f 2508/2508/2508  2506/2506/2506  2257/2257/2257
f 2510/2510/2510  2259/2259/2259  2262/2262/2262
f 2510/2510/2510  2508/2508/2508  2259/2259/2259
f 2475/2475/2475  2261/2261/2261  2265/2265/2265
f 2483/2483/2483  2261/2261/2261  2475/2475/2475
f 2510/2510/2510  2262/2262/2262  2484/2484/2484
f 2474/2474/2474  2264/2264/2264  2267/2267/2267
f 2477/2477/2477  2267/2267/2267  2269/2269/2269
f 2477/2477/2477  2474/2474/2474  2267/2267/2267
f 2289/2289/2289  2270/2270/2270  2268/2268/2268
f 2479/2479/2479  2269/2269/2269  2271/2271/2271
f 2479/2479/2479  2477/2477/2477  2269/2269/2269
f 2275/2275/2275  2272/2272/2272  2270/2270/2270
f 2481/2481/2481  2271/2271/2271  2274/2274/2274
f 2278/2278/2278  2275/2275/2275  2270/2270/2270
f 2289/2289/2289  2278/2278/2278  2270/2270/2270
f 2481/2481/2481  2479/2479/2479  2271/2271/2271
f 2467/2467/2467  2273/2273/2273  2277/2277/2277
f 2453/2453/2453  2273/2273/2273  2441/2441/2441
f 2458/2458/2458  2441/2441/2441  2273/2273/2273
f 2449/2449/2449  2445/2445/2445  2273/2273/2273
f 2481/2481/2481  2274/2274/2274  2446/2446/2446
f 2453/2453/2453  2449/2449/2449  2273/2273/2273
f 2460/2460/2460  2458/2458/2458  2273/2273/2273
f 2463/2463/2463  2460/2460/2460  2273/2273/2273
f 2465/2465/2465  2463/2463/2463  2273/2273/2273
f 2467/2467/2467  2465/2465/2465  2273/2273/2273
f 2440/2440/2440  2276/2276/2276  2279/2279/2279
f 2469/2469/2469  2277/2277/2277  2441/2441/2441
f 2469/2469/2469  2467/2467/2467  2277/2277/2277
f 2286/2286/2286  2280/2280/2280  2278/2278/2278
f 2443/2443/2443  2279/2279/2279  2282/2282/2282
f 2289/2289/2289  2286/2286/2286  2278/2278/2278
f 2443/2443/2443  2440/2440/2440  2279/2279/2279
f 2286/2286/2286  2283/2283/2283  2280/2280/2280
f 2397/2397/2397  2281/2281/2281  2285/2285/2285
f 2429/2429/2429  2281/2281/2281  2397/2397/2397
f 2443/2443/2443  2282/2282/2282  2430/2430/2430
f 2422/2422/2422  2284/2284/2284  2288/2288/2288
f 2422/2422/2422  2396/2396/2396  2284/2284/2284
f 2414/2414/2414  2287/2287/2287  2291/2291/2291
f 2421/2421/2421  2287/2287/2287  2414/2414/2414
f 2297/2297/2297  2290/2290/2290  2294/2294/2294
f 2413/2413/2413  2290/2290/2290  2297/2297/2297
f 2316/2316/2316  2295/2295/2295  2293/2293/2293
f 2305/2305/2305  2302/2302/2302  2293/2293/2293
f 2318/2318/2318  2293/2293/2293  2302/2302/2302
f 2318/2318/2318  2316/2316/2316  2293/2293/2293
f 2311/2311/2311  2298/2298/2298  2295/2295/2295
f 2387/2387/2387  2296/2296/2296  2301/2301/2301
f 2314/2314/2314  2311/2311/2311  2295/2295/2295
f 2316/2316/2316  2314/2314/2314  2295/2295/2295
f 2416/2416/2416  2297/2297/2297  2388/2388/2388
f 2416/2416/2416  2413/2413/2413  2297/2297/2297
f 2309/2309/2309  2307/2307/2307  2298/2298/2298
f 2311/2311/2311  2309/2309/2309  2298/2298/2298
f 2330/2330/2330  2300/2300/2300  2321/2321/2321
f 2387/2387/2387  2301/2301/2301  2333/2333/2333
f 2845/2845/2845  2303/2303/2303  2306/2306/2306
f 2848/2848/2848  2319/2319/2319  2304/2304/2304
f 2848/2848/2848  2304/2304/2304  2846/2846/2846
f 2841/2841/2841  2306/2306/2306  2308/2308/2308
f 2843/2843/2843  2306/2306/2306  2841/2841/2841
f 2845/2845/2845  2306/2306/2306  2843/2843/2843
f 2838/2838/2838  2308/2308/2308  2310/2310/2310
f 2841/2841/2841  2308/2308/2308  2838/2838/2838
f 2838/2838/2838  2310/2310/2310  2312/2312/2312
f 2836/2836/2836  2313/2313/2313  2315/2315/2315
f 2838/2838/2838  2312/2312/2312  2835/2835/2835
f 2831/2831/2831  2315/2315/2315  2317/2317/2317
f 2833/2833/2833  2315/2315/2315  2831/2831/2831
f 2836/2836/2836  2315/2315/2315  2833/2833/2833
f 2848/2848/2848  2317/2317/2317  2319/2319/2319
f 2848/2848/2848  2831/2831/2831  2317/2317/2317
f 2334/2334/2334  2321/2321/2321  2323/2323/2323
f 2334/2334/2334  2330/2330/2330  2321/2321/2321
f 2334/2334/2334  2323/2323/2323  2325/2325/2325
f 2336/2336/2336  2326/2326/2326  2324/2324/2324
f 2341/2341/2341  2336/2336/2336  2324/2324/2324
f 2385/2385/2385  2335/2335/2335  2328/2328/2328
f 2348/2348/2348  2327/2327/2327  2337/2337/2337
f 2350/2350/2350  2327/2327/2327  2348/2348/2348
f 2385/2385/2385  2328/2328/2328  2351/2351/2351
f 2373/2373/2373  2332/2332/2332  2335/2335/2335
f 2375/2375/2375  2331/2331/2331  2372/2372/2372
f 2392/2392/2392  2333/2333/2333  2376/2376/2376
f 2390/2390/2390  2387/2387/2387  2333/2333/2333
f 2392/2392/2392  2390/2390/2390  2333/2333/2333
f 2386/2386/2386  2373/2373/2373  2335/2335/2335
f 2386/2386/2386  2335/2335/2335  2385/2385/2385
f 2607/2607/2607  2338/2338/2338  2343/2343/2343
f 2641/2641/2641  2349/2349/2349  2339/2339/2339
f 2612/2612/2612  2338/2338/2338  2607/2607/2607
f 2641/2641/2641  2339/2339/2339  2613/2613/2613
f 2350/2350/2350  2348/2348/2348  2344/2344/2344
f 2632/2632/2632  2347/2347/2347  2349/2349/2349
f 2352/2352/2352  2350/2350/2350  2344/2344/2344
f 2356/2356/2356  2353/2353/2353  2345/2345/2345
f 2359/2359/2359  2356/2356/2356  2345/2345/2345
f 2361/2361/2361  2359/2359/2359  2345/2345/2345
f 2364/2364/2364  2361/2361/2361  2345/2345/2345
f 2367/2367/2367  2364/2364/2364  2345/2345/2345
f 2369/2369/2369  2367/2367/2367  2345/2345/2345
f 2631/2631/2631  2370/2370/2370  2346/2346/2346
f 2642/2642/2642  2632/2632/2632  2349/2349/2349
f 2642/2642/2642  2349/2349/2349  2641/2641/2641
f 2386/2386/2386  2351/2351/2351  2355/2355/2355
f 2386/2386/2386  2385/2385/2385  2351/2351/2351
f 2383/2383/2383  2354/2354/2354  2357/2357/2357
f 2383/2383/2383  2372/2372/2372  2354/2354/2354
f 2386/2386/2386  2355/2355/2355  2373/2373/2373
f 2363/2363/2363  2358/2358/2358  2360/2360/2360
f 2681/2681/2681  2358/2358/2358  2363/2363/2363
f 2681/2681/2681  2384/2384/2384  2358/2358/2358
f 2664/2664/2664  2362/2362/2362  2366/2366/2366
f 2680/2680/2680  2362/2362/2362  2664/2664/2664
f 2645/2645/2645  2365/2365/2365  2368/2368/2368
f 2663/2663/2663  2365/2365/2365  2645/2645/2645
f 2645/2645/2645  2368/2368/2368  2371/2371/2371
f 2634/2634/2634  2370/2370/2370  2631/2631/2631
f 2645/2645/2645  2371/2371/2371  2635/2635/2635
f 2378/2378/2378  2375/2375/2375  2372/2372/2372
f 2380/2380/2380  2378/2378/2378  2372/2372/2372
f 2383/2383/2383  2380/2380/2380  2372/2372/2372
f 2697/2697/2697  2377/2377/2377  2379/2379/2379
f 2410/2410/2410  2392/2392/2392  2376/2376/2376
f 2697/2697/2697  2411/2411/2411  2377/2377/2377
f 2687/2687/2687  2379/2379/2379  2381/2381/2381
f 2697/2697/2697  2379/2379/2379  2687/2687/2687
f 2687/2687/2687  2381/2381/2381  2384/2384/2384
f 2683/2683/2683  2384/2384/2384  2681/2681/2681
f 2687/2687/2687  2384/2384/2384  2683/2683/2683
f 2425/2425/2425  2389/2389/2389  2391/2391/2391
f 2419/2419/2419  2416/2416/2416  2388/2388/2388
f 2425/2425/2425  2420/2420/2420  2389/2389/2389
f 2425/2425/2425  2391/2391/2391  2394/2394/2394
f 2401/2401/2401  2395/2395/2395  2392/2392/2392
f 2424/2424/2424  2393/2393/2393  2396/2396/2396
f 2404/2404/2404  2401/2401/2401  2392/2392/2392
f 2406/2406/2406  2404/2404/2404  2392/2392/2392
f 2408/2408/2408  2406/2406/2406  2392/2392/2392
f 2410/2410/2410  2408/2408/2408  2392/2392/2392
f 2401/2401/2401  2398/2398/2398  2395/2395/2395
f 2438/2438/2438  2397/2397/2397  2399/2399/2399
f 2426/2426/2426  2396/2396/2396  2422/2422/2422
f 2426/2426/2426  2424/2424/2424  2396/2396/2396
f 2432/2432/2432  2429/2429/2429  2397/2397/2397
f 2435/2435/2435  2432/2432/2432  2397/2397/2397
f 2438/2438/2438  2435/2435/2435  2397/2397/2397
f 2692/2692/2692  2400/2400/2400  2402/2402/2402
f 2692/2692/2692  2439/2439/2439  2400/2400/2400
f 2691/2691/2691  2402/2402/2402  2405/2405/2405
f 2695/2695/2695  2402/2402/2402  2691/2691/2691
f 2695/2695/2695  2692/2692/2692  2402/2402/2402
f 2691/2691/2691  2405/2405/2405  2407/2407/2407
f 2690/2690/2690  2407/2407/2407  2409/2409/2409
f 2691/2691/2691  2407/2407/2407  2690/2690/2690
f 2690/2690/2690  2409/2409/2409  2411/2411/2411
f 2697/2697/2697  2690/2690/2690  2411/2411/2411
f 2423/2423/2423  2415/2415/2415  2418/2418/2418
f 2427/2427/2427  2417/2417/2417  2420/2420/2420
f 2428/2428/2428  2423/2423/2423  2418/2418/2418
f 2427/2427/2427  2420/2420/2420  2425/2425/2425
f 2715/2715/2715  2431/2431/2431  2433/2433/2433
f 2715/2715/2715  2444/2444/2444  2431/2431/2431
f 2694/2694/2694  2433/2433/2433  2437/2437/2437
f 2715/2715/2715  2433/2433/2433  2694/2694/2694
f 2692/2692/2692  2436/2436/2436  2439/2439/2439
f 2454/2454/2454  2442/2442/2442  2444/2444/2444
f 2458/2458/2458  2456/2456/2456  2441/2441/2441
f 2472/2472/2472  2441/2441/2441  2456/2456/2456
f 2472/2472/2472  2469/2469/2469  2441/2441/2441
f 2716/2716/2716  2454/2454/2454  2444/2444/2444
f 2716/2716/2716  2444/2444/2444  2715/2715/2715
f 2706/2706/2706  2447/2447/2447  2452/2452/2452
f 2718/2718/2718  2482/2482/2482  2448/2448/2448
f 2717/2717/2717  2447/2447/2447  2706/2706/2706
f 2716/2716/2716  2451/2451/2451  2454/2454/2454
f 2695/2695/2695  2450/2450/2450  2692/2692/2692
f 2716/2716/2716  2694/2694/2694  2451/2451/2451
f 2705/2705/2705  2450/2450/2450  2695/2695/2695
f 2834/2834/2834  2457/2457/2457  2459/2459/2459
f 2832/2832/2832  2473/2473/2473  2457/2457/2457
f 2834/2834/2834  2832/2832/2832  2457/2457/2457
f 2837/2837/2837  2459/2459/2459  2461/2461/2461
f 2837/2837/2837  2834/2834/2834  2459/2459/2459
f 2840/2840/2840  2462/2462/2462  2464/2464/2464
f 2839/2839/2839  2837/2837/2837  2461/2461/2461
f 2842/2842/2842  2464/2464/2464  2466/2466/2466
f 2842/2842/2842  2840/2840/2840  2464/2464/2464
f 2844/2844/2844  2466/2466/2466  2468/2468/2468
f 2844/2844/2844  2842/2842/2842  2466/2466/2466
f 2847/2847/2847  2468/2468/2468  2471/2471/2471
f 2847/2847/2847  2844/2844/2844  2468/2468/2468
f 2829/2829/2829  2470/2470/2470  2473/2473/2473
f 2847/2847/2847  2471/2471/2471  2830/2830/2830
f 2832/2832/2832  2829/2829/2829  2473/2473/2473
f 2500/2500/2500  2476/2476/2476  2478/2478/2478
f 2499/2499/2499  2483/2483/2483  2475/2475/2475
f 2724/2724/2724  2478/2478/2478  2480/2480/2480
f 2724/2724/2724  2500/2500/2500  2478/2478/2478
f 2725/2725/2725  2480/2480/2480  2482/2482/2482
f 2725/2725/2725  2724/2724/2724  2480/2480/2480
f 2725/2725/2725  2482/2482/2482  2718/2718/2718
f 2499/2499/2499  2486/2486/2486  2483/2483/2483
f 2789/2789/2789  2485/2485/2485  2487/2487/2487
f 2789/2789/2789  2511/2511/2511  2485/2485/2485
f 2494/2494/2494  2489/2489/2489  2486/2486/2486
f 2776/2776/2776  2487/2487/2487  2493/2493/2493
f 2499/2499/2499  2494/2494/2494  2486/2486/2486
f 2789/2789/2789  2487/2487/2487  2776/2776/2776
f 2742/2742/2742  2490/2490/2490  2498/2498/2498
f 2762/2762/2762  2490/2490/2490  2742/2742/2742
f 2766/2766/2766  2491/2491/2491  2763/2763/2763
f 2775/2775/2775  2491/2491/2491  2766/2766/2766
f 2726/2726/2726  2495/2495/2495  2500/2500/2500
f 2732/2732/2732  2496/2496/2496  2727/2727/2727
f 2741/2741/2741  2496/2496/2496  2732/2732/2732
f 2726/2726/2726  2500/2500/2500  2724/2724/2724
f 2787/2787/2787  2505/2505/2505  2507/2507/2507
f 2515/2515/2515  2512/2512/2512  2503/2503/2503
f 2522/2522/2522  2503/2503/2503  2512/2512/2512
f 2518/2518/2518  2515/2515/2515  2503/2503/2503
f 2786/2786/2786  2520/2520/2520  2504/2504/2504
f 2538/2538/2538  2503/2503/2503  2522/2522/2522
f 2535/2535/2535  2533/2533/2533  2503/2503/2503
f 2538/2538/2538  2535/2535/2535  2503/2503/2503
f 2790/2790/2790  2507/2507/2507  2509/2509/2509
f 2790/2790/2790  2787/2787/2787  2507/2507/2507
f 2789/2789/2789  2509/2509/2509  2511/2511/2511
f 2790/2790/2790  2509/2509/2509  2789/2789/2789
f 2808/2808/2808  2514/2514/2514  2516/2516/2516
f 2524/2524/2524  2522/2522/2522  2512/2512/2512
f 2526/2526/2526  2524/2524/2524  2512/2512/2512
f 2808/2808/2808  2544/2544/2544  2514/2514/2514
f 2660/2660/2660  2516/2516/2516  2521/2521/2521
f 2808/2808/2808  2516/2516/2516  2660/2660/2660
f 2678/2678/2678  2658/2658/2658  2519/2519/2519
f 2786/2786/2786  2679/2679/2679  2520/2520/2520
f 2821/2821/2821  2523/2523/2523  2525/2525/2525
f 2823/2823/2823  2539/2539/2539  2523/2523/2523
f 2823/2823/2823  2523/2523/2523  2821/2821/2821
f 2818/2818/2818  2525/2525/2525  2527/2527/2527
f 2821/2821/2821  2525/2525/2525  2818/2818/2818
f 2816/2816/2816  2528/2528/2528  2530/2530/2530
f 2818/2818/2818  2527/2527/2527  2815/2815/2815
f 2813/2813/2813  2530/2530/2530  2532/2532/2532
f 2816/2816/2816  2530/2530/2530  2813/2813/2813
f 2811/2811/2811  2532/2532/2532  2534/2534/2534
f 2813/2813/2813  2532/2532/2532  2811/2811/2811
f 2828/2828/2828  2534/2534/2534  2537/2537/2537
f 2828/2828/2828  2811/2811/2811  2534/2534/2534
f 2825/2825/2825  2536/2536/2536  2539/2539/2539
f 2828/2828/2828  2537/2537/2537  2826/2826/2826
f 2825/2825/2825  2539/2539/2539  2823/2823/2823
f 2557/2557/2557  2542/2542/2542  2544/2544/2544
f 2807/2807/2807  2557/2557/2557  2544/2544/2544
f 2808/2808/2808  2807/2807/2807  2544/2544/2544
f 2626/2626/2626  2547/2547/2547  2549/2549/2549
f 2562/2562/2562  2559/2559/2559  2546/2546/2546
f 2567/2567/2567  2562/2562/2562  2546/2546/2546
f 2617/2617/2617  2568/2568/2568  2547/2547/2547
f 2620/2620/2620  2617/2617/2617  2547/2547/2547
f 2622/2622/2622  2620/2620/2620  2547/2547/2547
f 2624/2624/2624  2622/2622/2622  2547/2547/2547
f 2626/2626/2626  2624/2624/2624  2547/2547/2547
f 2657/2657/2657  2550/2550/2550  2552/2552/2552
f 2657/2657/2657  2627/2627/2627  2550/2550/2550
f 2657/2657/2657  2552/2552/2552  2554/2554/2554
f 2807/2807/2807  2555/2555/2555  2557/2557/2557
f 2661/2661/2661  2657/2657/2657  2554/2554/2554
f 2807/2807/2807  2662/2662/2662  2555/2555/2555
f 2583/2583/2583  2561/2561/2561  2564/2564/2564
f 2583/2583/2583  2572/2572/2572  2561/2561/2561
f 2567/2567/2567  2565/2565/2565  2562/2562/2562
f 2582/2582/2582  2563/2563/2563  2566/2566/2566
f 2578/2578/2578  2566/2566/2566  2569/2569/2569
f 2580/2580/2580  2566/2566/2566  2578/2578/2578
f 2582/2582/2582  2566/2566/2566  2580/2580/2580
f 2630/2630/2630  2578/2578/2578  2569/2569/2569
f 2614/2614/2614  2609/2609/2609  2568/2568/2568
f 2629/2629/2629  2568/2568/2568  2609/2609/2609
f 2617/2617/2617  2614/2614/2614  2568/2568/2568
f 2581/2581/2581  2573/2573/2573  2571/2571/2571
f 2579/2579/2579  2576/2576/2576  2573/2573/2573
f 2587/2587/2587  2575/2575/2575  2577/2577/2577
f 2581/2581/2581  2579/2579/2579  2573/2573/2573
f 2591/2591/2591  2588/2588/2588  2574/2574/2574
f 2604/2604/2604  2574/2574/2574  2588/2588/2588
f 2604/2604/2604  2602/2602/2602  2574/2574/2574
f 2609/2609/2609  2587/2587/2587  2577/2577/2577
f 2629/2629/2629  2609/2609/2609  2577/2577/2577
f 2612/2612/2612  2607/2607/2607  2586/2586/2586
f 2612/2612/2612  2586/2586/2586  2608/2608/2608
f 2820/2820/2820  2590/2590/2590  2592/2592/2592
f 2817/2817/2817  2605/2605/2605  2589/2589/2589
f 2819/2819/2819  2817/2817/2817  2589/2589/2589
f 2824/2824/2824  2592/2592/2592  2594/2594/2594
f 2822/2822/2822  2820/2820/2820  2592/2592/2592
f 2824/2824/2824  2822/2822/2822  2592/2592/2592
f 2827/2827/2827  2594/2594/2594  2596/2596/2596
f 2827/2827/2827  2824/2824/2824  2594/2594/2594
f 2827/2827/2827  2596/2596/2596  2599/2599/2599
f 2809/2809/2809  2598/2598/2598  2601/2601/2601
f 2827/2827/2827  2599/2599/2599  2810/2810/2810
f 2814/2814/2814  2601/2601/2601  2603/2603/2603
f 2812/2812/2812  2809/2809/2809  2601/2601/2601
f 2814/2814/2814  2812/2812/2812  2601/2601/2601
f 2817/2817/2817  2603/2603/2603  2605/2605/2605
f 2817/2817/2817  2814/2814/2814  2603/2603/2603
f 2642/2642/2642  2613/2613/2613  2611/2611/2611
f 2639/2639/2639  2610/2610/2610  2615/2615/2615
f 2636/2636/2636  2631/2631/2631  2610/2610/2610
f 2642/2642/2642  2611/2611/2611  2632/2632/2632
f 2639/2639/2639  2636/2636/2636  2610/2610/2610
f 2642/2642/2642  2641/2641/2641  2613/2613/2613
f 2652/2652/2652  2616/2616/2616  2618/2618/2618
f 2652/2652/2652  2640/2640/2640  2616/2616/2616
f 2644/2644/2644  2618/2618/2618  2621/2621/2621
f 2655/2655/2655  2618/2618/2618  2644/2644/2644
f 2655/2655/2655  2652/2652/2652  2618/2618/2618
f 2644/2644/2644  2621/2621/2621  2623/2623/2623
f 2643/2643/2643  2623/2623/2623  2625/2625/2625
f 2644/2644/2644  2623/2623/2623  2643/2643/2643
f 2643/2643/2643  2625/2625/2625  2627/2627/2627
f 2657/2657/2657  2643/2643/2643  2627/2627/2627
f 2636/2636/2636  2634/2634/2634  2631/2631/2631
f 2645/2645/2645  2635/2635/2635  2637/2637/2637
f 2652/2652/2652  2637/2637/2637  2640/2640/2640
f 2648/2648/2648  2645/2645/2645  2637/2637/2637
f 2650/2650/2650  2648/2648/2648  2637/2637/2637
f 2652/2652/2652  2650/2650/2650  2637/2637/2637
f 2656/2656/2656  2644/2644/2644  2643/2643/2643
f 2657/2657/2657  2656/2656/2656  2643/2643/2643
f 2656/2656/2656  2655/2655/2655  2644/2644/2644
f 2791/2791/2791  2647/2647/2647  2649/2649/2649
f 2665/2665/2665  2663/2663/2663  2645/2645/2645
f 2791/2791/2791  2667/2667/2667  2647/2647/2647
f 2792/2792/2792  2649/2649/2649  2651/2651/2651
f 2792/2792/2792  2791/2791/2791  2649/2649/2649
f 2792/2792/2792  2651/2651/2651  2654/2654/2654
f 2670/2670/2670  2652/2652/2652  2655/2655/2655
f 2782/2782/2782  2654/2654/2654  2673/2673/2673
f 2784/2784/2784  2654/2654/2654  2782/2782/2782
f 2792/2792/2792  2654/2654/2654  2784/2784/2784
f 2674/2674/2674  2655/2655/2655  2656/2656/2656
f 2674/2674/2674  2670/2670/2670  2655/2655/2655
f 2676/2676/2676  2656/2656/2656  2657/2657/2657
f 2676/2676/2676  2674/2674/2674  2656/2656/2656
f 2661/2661/2661  2658/2658/2658  2657/2657/2657
f 2678/2678/2678  2657/2657/2657  2658/2658/2658
f 2678/2678/2678  2676/2676/2676  2657/2657/2657
f 2808/2808/2808  2660/2660/2660  2662/2662/2662
f 2808/2808/2808  2662/2662/2662  2807/2807/2807
f 2680/2680/2680  2664/2664/2664  2666/2666/2666
f 2682/2682/2682  2680/2680/2680  2666/2666/2666
f 2794/2794/2794  2684/2684/2684  2669/2669/2669
f 2793/2793/2793  2667/2667/2667  2791/2791/2791
f 2773/2773/2773  2672/2672/2672  2675/2675/2675
f 2772/2772/2772  2770/2770/2770  2671/2671/2671
f 2781/2781/2781  2671/2671/2671  2770/2770/2770
f 2773/2773/2773  2675/2675/2675  2677/2677/2677
f 2786/2786/2786  2677/2677/2677  2679/2679/2679
f 2786/2786/2786  2773/2773/2773  2677/2677/2677
f 2805/2805/2805  2689/2689/2689  2685/2685/2685
f 2799/2799/2799  2684/2684/2684  2794/2794/2794
f 2805/2805/2805  2685/2685/2685  2800/2800/2800
f 2703/2703/2703  2697/2697/2697  2687/2687/2687
f 2806/2806/2806  2704/2704/2704  2689/2689/2689
f 2806/2806/2806  2689/2689/2689  2805/2805/2805
f 2696/2696/2696  2691/2691/2691  2690/2690/2690
f 2697/2697/2697  2696/2696/2696  2690/2690/2690
f 2696/2696/2696  2695/2695/2695  2691/2691/2691
f 2716/2716/2716  2715/2715/2715  2694/2694/2694
f 2707/2707/2707  2695/2695/2695  2696/2696/2696
f 2707/2707/2707  2705/2705/2705  2695/2695/2695
f 2709/2709/2709  2696/2696/2696  2697/2697/2697
f 2709/2709/2709  2707/2707/2707  2696/2696/2696
f 2701/2701/2701  2698/2698/2698  2697/2697/2697
f 2709/2709/2709  2697/2697/2697  2698/2698/2698
f 2703/2703/2703  2701/2701/2701  2697/2697/2697
f 2750/2750/2750  2700/2700/2700  2702/2702/2702
f 2711/2711/2711  2709/2709/2709  2698/2698/2698
f 2753/2753/2753  2714/2714/2714  2700/2700/2700
f 2753/2753/2753  2700/2700/2700  2750/2750/2750
f 2806/2806/2806  2702/2702/2702  2704/2704/2704
f 2806/2806/2806  2750/2750/2750  2702/2702/2702
f 2717/2717/2717  2706/2706/2706  2708/2708/2708
f 2717/2717/2717  2708/2708/2708  2710/2710/2710
f 2717/2717/2717  2710/2710/2710  2712/2712/2712
f 2720/2720/2720  2717/2717/2717  2712/2712/2712
f 2752/2752/2752  2723/2723/2723  2713/2713/2713
f 2725/2725/2725  2718/2718/2718  2721/2721/2721
f 2730/2730/2730  2725/2725/2725  2721/2721/2721
f 2734/2734/2734  2731/2731/2731  2722/2722/2722
f 2752/2752/2752  2736/2736/2736  2723/2723/2723
f 2728/2728/2728  2724/2724/2724  2725/2725/2725
f 2728/2728/2728  2726/2726/2726  2724/2724/2724
f 2730/2730/2730  2728/2728/2728  2725/2725/2725
f 2732/2732/2732  2727/2727/2727  2729/2729/2729
f 2733/2733/2733  2729/2729/2729  2731/2731/2731
f 2733/2733/2733  2732/2732/2732  2729/2729/2729
f 2734/2734/2734  2733/2733/2733  2731/2731/2731
f 2743/2743/2743  2732/2732/2732  2733/2733/2733
f 2743/2743/2743  2741/2741/2741  2732/2732/2732
f 2737/2737/2737  2733/2733/2733  2734/2734/2734
f 2743/2743/2743  2733/2733/2733  2737/2737/2737
f 2745/2745/2745  2738/2738/2738  2736/2736/2736
f 2749/2749/2749  2745/2745/2745  2736/2736/2736
f 2752/2752/2752  2749/2749/2749  2736/2736/2736
f 2764/2764/2764  2744/2744/2744  2740/2740/2740
f 2758/2758/2758  2739/2739/2739  2746/2746/2746
f 2758/2758/2758  2754/2754/2754  2739/2739/2739
f 2764/2764/2764  2740/2740/2740  2755/2755/2755
f 2762/2762/2762  2742/2742/2742  2744/2744/2744
f 2764/2764/2764  2762/2762/2762  2744/2744/2744
f 2806/2806/2806  2748/2748/2748  2750/2750/2750
f 2803/2803/2803  2761/2761/2761  2747/2747/2747
f 2806/2806/2806  2804/2804/2804  2748/2748/2748
f 2783/2783/2783  2757/2757/2757  2759/2759/2759
f 2767/2767/2767  2765/2765/2765  2756/2756/2756
f 2768/2768/2768  2767/2767/2767  2756/2756/2756
f 2783/2783/2783  2770/2770/2770  2757/2757/2757
f 2797/2797/2797  2784/2784/2784  2760/2760/2760
f 2803/2803/2803  2798/2798/2798  2761/2761/2761
f 2766/2766/2766  2763/2763/2763  2765/2765/2765
f 2767/2767/2767  2766/2766/2766  2765/2765/2765
f 2775/2775/2775  2766/2766/2766  2767/2767/2767
f 2777/2777/2777  2767/2767/2767  2768/2768/2768
f 2777/2777/2777  2775/2775/2775  2767/2767/2767
f 2779/2779/2779  2768/2768/2768  2771/2771/2771
f 2779/2779/2779  2777/2777/2777  2768/2768/2768
f 2783/2783/2783  2781/2781/2781  2770/2770/2770
f 2790/2790/2790  2780/2780/2780  2774/2774/2774
f 2790/2790/2790  2774/2774/2774  2787/2787/2787
f 2789/2789/2789  2776/2776/2776  2778/2778/2778
f 2790/2790/2790  2778/2778/2778  2780/2780/2780
f 2790/2790/2790  2789/2789/2789  2778/2778/2778
f 2797/2797/2797  2792/2792/2792  2784/2784/2784
f 2795/2795/2795  2791/2791/2791  2792/2792/2792
f 2795/2795/2795  2793/2793/2793  2791/2791/2791
f 2797/2797/2797  2795/2795/2795  2792/2792/2792
f 2801/2801/2801  2794/2794/2794  2796/2796/2796
f 2801/2801/2801  2799/2799/2799  2794/2794/2794
f 2803/2803/2803  2796/2796/2796  2798/2798/2798
f 2803/2803/2803  2801/2801/2801  2796/2796/2796
f 2805/2805/2805  2800/2800/2800  2802/2802/2802
f 2806/2806/2806  2802/2802/2802  2804/2804/2804
f 2806/2806/2806  2805/2805/2805  2802/2802/2802

v  8.486216 168.675390 -3.067700
v  8.486216 168.675390 -3.067700
v  8.486216 168.675390 -3.067700
v  8.371886 169.488891 -4.327945
v  8.371886 169.488891 -4.327945
v  8.371886 169.488891 -4.327945
v  8.991062 165.083228 -6.909796
v  8.991062 165.083228 -6.909796
v  9.638699 160.475049 -9.103238
v  9.638699 160.475049 -9.103238
v  10.310004 155.698468 -10.891968
v  10.310004 155.698468 -10.891968
v  11.000000 150.788891 -12.262790
v  11.000000 150.788891 -12.262790
v  11.000000 150.788891 -12.262790
v  11.000000 150.788891 -10.721354
v  11.000000 150.788891 -10.721354
v  11.000000 150.788891 -10.721354
v  10.340207 155.483559 -9.383976
v  10.340207 155.483559 -9.383976
v  9.698320 160.050823 -7.653995
v  9.698320 160.050823 -7.653995
v  9.078867 164.458463 -5.543605
v  9.078867 164.458463 -5.543605
v  11.000000 144.085926 -11.917357
v  11.000000 144.085926 -11.917357
v  11.000000 137.288891 -12.317945
v  11.000000 137.288891 -12.317945
v  11.000000 137.288891 -12.317945
v  -11.000000 137.288891 -12.317945
v  -11.000000 137.288891 -12.317945
v  -11.000000 137.288891 -12.317945
v  -11.000000 144.085926 -11.917357
v  -11.000000 144.085926 -11.917357
v  -11.000000 150.788891 -10.721354
v  -11.000000 150.788891 -10.721354
v  -11.000000 150.788891 -10.721354
v  -10.340222 155.483455 -9.383682
v  -10.340222 155.483455 -9.383682
v  -9.698343 160.050662 -7.653611
v  -9.698343 160.050662 -7.653611
v  -9.078886 164.458326 -5.543324
v  -9.078886 164.458326 -5.543324
v  -8.486216 168.675390 -3.067700
v  -8.486216 168.675390 -3.067700
v  -8.486216 168.675390 -3.067700
v  11.000000 144.083525 -13.427825
v  11.000000 144.083525 -13.427825
v  11.000000 137.288891 -13.817945
v  11.000000 137.288891 -13.817945
v  11.000000 137.288891 -13.817945
v  11.000000 123.488891 -13.817945
v  11.000000 123.488891 -13.817945
v  11.000000 123.488891 -13.817945
v  11.000000 123.488891 -12.317945
v  11.000000 123.488891 -12.317945
v  11.000000 123.488891 -12.317945
v  -8.371886 169.488891 -4.327945
v  -8.371886 169.488891 -4.327945
v  -8.371886 169.488891 -4.327945
v  -8.991044 165.083355 -6.910057
v  -8.991044 165.083355 -6.910057
v  -9.638678 160.475198 -9.103595
v  -9.638678 160.475198 -9.103595
v  -10.309990 155.698564 -10.892242
v  -10.309990 155.698564 -10.892242
v  -11.000000 150.788891 -12.262790
v  -11.000000 150.788891 -12.262790
v  -11.000000 150.788891 -12.262790
v  -11.000000 144.083525 -13.427825
v  -11.000000 144.083525 -13.427825
v  -11.000000 137.288891 -13.817945
v  -11.000000 137.288891 -13.817945
v  -11.000000 137.288891 -13.817945
v  -11.000000 123.488891 -12.317945
v  -11.000000 123.488891 -12.317945
v  -11.000000 123.488891 -12.317945
v  -11.000000 123.488891 -13.817945
v  -11.000000 123.488891 -13.817945
v  -11.000000 123.488891 -13.817945

vt  0.038574 0.092835 0.000000
vt  0.038574 0.092835 0.000000
vt  0.038574 0.092835 0.000000
vt  0.039488 0.085498 0.000000
vt  0.039488 0.085498 0.000000
vt  0.039488 0.085498 0.000000
vt  0.034432 0.069227 0.000000
vt  0.034432 0.069227 0.000000
vt  0.028851 0.054432 0.000000
vt  0.028851 0.054432 0.000000
vt  0.022721 0.041307 0.000000
vt  0.022721 0.041307 0.000000
vt  0.016022 0.030065 0.000000
vt  0.016022 0.030065 0.000000
vt  0.016022 0.030065 0.000000
vt  0.016022 0.040202 0.000000
vt  0.016022 0.040202 0.000000
vt  0.016022 0.040202 0.000000
vt  0.022437 0.050849 0.000000
vt  0.022437 0.050849 0.000000
vt  0.028321 0.063298 0.000000
vt  0.028321 0.063298 0.000000
vt  0.033694 0.077353 0.000000
vt  0.033694 0.077353 0.000000
vt  0.012647 0.028713 0.000000
vt  0.012647 0.028713 0.000000
vt  0.008890 0.021798 0.000000
vt  0.008890 0.021798 0.000000
vt  0.008890 0.021798 0.000000
vt  0.168795 0.021798 0.000000
vt  0.168795 0.021798 0.000000
vt  0.168795 0.021798 0.000000
vt  0.165038 0.028713 0.000000
vt  0.165038 0.028713 0.000000
vt  0.161663 0.040202 0.000000
vt  0.161663 0.040202 0.000000
vt  0.161663 0.040202 0.000000
vt  0.155248 0.050851 0.000000
vt  0.155248 0.050851 0.000000
vt  0.149364 0.063301 0.000000
vt  0.149364 0.063301 0.000000
vt  0.143991 0.077354 0.000000
vt  0.143991 0.077354 0.000000
vt  0.139111 0.092835 0.000000
vt  0.139111 0.092835 0.000000
vt  0.139111 0.092835 0.000000
vt  0.012646 0.018339 0.000000
vt  0.012646 0.018339 0.000000
vt  0.008890 0.011004 0.000000
vt  0.008890 0.011004 0.000000
vt  0.008890 0.011004 0.000000
vt  0.000000 0.000000 0.000000
vt  0.000000 0.000000 0.000000
vt  0.000000 0.000000 0.000000
vt  0.000000 0.011966 0.000000
vt  0.000000 0.011966 0.000000
vt  0.000000 0.011966 0.000000
vt  0.138197 0.085498 0.000000
vt  0.138197 0.085498 0.000000
vt  0.138197 0.085498 0.000000
vt  0.143252 0.069225 0.000000
vt  0.143252 0.069225 0.000000
vt  0.148834 0.054430 0.000000
vt  0.148834 0.054430 0.000000
vt  0.154963 0.041306 0.000000
vt  0.154963 0.041306 0.000000
vt  0.161663 0.030065 0.000000
vt  0.161663 0.030065 0.000000
vt  0.161663 0.030065 0.000000
vt  0.165039 0.018339 0.000000
vt  0.165039 0.018339 0.000000
vt  0.168795 0.011004 0.000000
vt  0.168795 0.011004 0.000000
vt  0.168795 0.011004 0.000000
vt  0.177685 0.011966 0.000000
vt  0.177685 0.011966 0.000000
vt  0.177685 0.011966 0.000000
vt  0.177685 0.000000 0.000000
vt  0.177685 0.000000 0.000000
vt  0.177685 0.000000 0.000000

vn  0.990268 0.139173 0.000000
vn  0.000000 -0.542334 0.840163
vn  0.000000 0.840163 0.542334
vn  0.990268 0.139173 0.000000
vn  0.000000 0.542334 -0.840163
vn  0.000000 0.840163 0.542334
vn  0.990268 0.139173 0.000000
vn  0.000000 0.468131 -0.883659
vn  0.990268 0.139173 0.000000
vn  0.000000 0.390518 -0.920595
vn  0.990268 0.139173 0.000000
vn  0.000000 0.310070 -0.950714
vn  0.990268 0.139173 0.000000
vn  1.000000 0.000000 0.000000
vn  0.000000 0.227376 -0.973807
vn  0.990268 0.139173 0.000000
vn  0.000000 -0.233269 0.972412
vn  1.000000 0.000000 0.000000
vn  0.990268 0.139173 0.000000
vn  0.000000 -0.314387 0.949295
vn  0.990268 0.139173 0.000000
vn  0.000000 -0.393307 0.919407
vn  0.990268 0.139173 0.000000
vn  0.000000 -0.469470 0.882948
vn  0.000000 -0.117447 0.993079
vn  1.000000 0.000000 0.000000
vn  0.000000 -0.000000 1.000000
vn  1.000000 0.000000 0.000000
vn  0.000000 0.000000 1.000000
vn  0.000000 -0.000000 1.000000
vn  -1.000000 0.000000 0.000000
vn  0.000000 0.000000 1.000000
vn  0.000000 -0.117447 0.993079
vn  -1.000000 0.000000 0.000000
vn  0.000000 -0.233269 0.972412
vn  -0.990268 0.139173 0.000000
vn  -1.000000 0.000000 0.000000
vn  0.000000 -0.314387 0.949295
vn  -0.990268 0.139173 0.000000
vn  0.000000 -0.393307 0.919407
vn  -0.990268 0.139173 0.000000
vn  0.000000 -0.469471 0.882948
vn  -0.990268 0.139173 0.000000
vn  0.000000 -0.542334 0.840163
vn  0.000000 0.840163 0.542334
vn  -0.990268 0.139173 0.000000
vn  1.000000 0.000000 0.000000
vn  0.000000 0.114440 -0.993430
vn  1.000000 0.000000 0.000000
vn  0.000000 0.000000 -1.000000
vn  0.000000 0.000000 -1.000000
vn  1.000000 0.000000 0.000000
vn  0.000000 -1.000000 0.000000
vn  0.000000 0.000000 -1.000000
vn  1.000000 0.000000 0.000000
vn  0.000000 0.000000 1.000000
vn  0.000000 -1.000000 0.000000
vn  0.000000 0.542334 -0.840163
vn  0.000000 0.840163 0.542334
vn  -0.990268 0.139173 0.000000
vn  0.000000 0.468131 -0.883659
vn  -0.990268 0.139173 0.000000
vn  0.000000 0.390518 -0.920595
vn  -0.990268 0.139173 0.000000
vn  0.000000 0.310070 -0.950714
vn  -0.990268 0.139173 0.000000
vn  0.000000 0.227376 -0.973807
vn  -0.990268 0.139173 0.000000
vn  -1.000000 0.000000 0.000000
vn  0.000000 0.114440 -0.993430
vn  -1.000000 0.000000 0.000000
vn  0.000000 0.000000 -1.000000
vn  -1.000000 0.000000 0.000000
vn  0.000000 0.000000 -1.000000
vn  -1.000000 0.000000 0.000000
vn  0.000000 0.000000 1.000000
vn  0.000000 -1.000000 0.000000
vn  -1.000000 0.000000 0.000000
vn  0.000000 -1.000000 0.000000
vn  0.000000 0.000000 -1.000000


g 9
g 10
usemtl MTL2
f 2855/2855/2855  2852/2852/2852  2849/2849/2849
f 2907/2907/2907  2851/2851/2851  2854/2854/2854
f 2871/2871/2871  2855/2855/2855  2849/2849/2849
f 2890/2890/2890  2872/2872/2872  2850/2850/2850
f 2892/2892/2892  2890/2890/2890  2850/2850/2850
f 2907/2907/2907  2893/2893/2893  2851/2851/2851
f 2906/2906/2906  2853/2853/2853  2856/2856/2856
f 2871/2871/2871  2857/2857/2857  2855/2855/2855
f 2909/2909/2909  2856/2856/2856  2858/2858/2858
f 2909/2909/2909  2906/2906/2906  2856/2856/2856
f 2869/2869/2869  2859/2859/2859  2857/2857/2857
f 2911/2911/2911  2858/2858/2858  2860/2860/2860
f 2871/2871/2871  2869/2869/2869  2857/2857/2857
f 2911/2911/2911  2909/2909/2909  2858/2858/2858
f 2864/2864/2864  2861/2861/2861  2859/2859/2859
f 2913/2913/2913  2860/2860/2860  2863/2863/2863
f 2867/2867/2867  2864/2864/2864  2859/2859/2859
f 2869/2869/2869  2867/2867/2867  2859/2859/2859
f 2913/2913/2913  2911/2911/2911  2860/2860/2860
f 2874/2874/2874  2862/2862/2862  2866/2866/2866
f 2895/2895/2895  2862/2862/2862  2874/2874/2874
f 2915/2915/2915  2863/2863/2863  2896/2896/2896
f 2915/2915/2915  2913/2913/2913  2863/2863/2863
f 2883/2883/2883  2865/2865/2865  2868/2868/2868
f 2881/2881/2881  2873/2873/2873  2865/2865/2865
f 2883/2883/2883  2881/2881/2881  2865/2865/2865
f 2886/2886/2886  2868/2868/2868  2870/2870/2870
f 2886/2886/2886  2883/2883/2883  2868/2868/2868
f 2888/2888/2888  2870/2870/2870  2872/2872/2872
f 2888/2888/2888  2886/2886/2886  2870/2870/2870
f 2890/2890/2890  2888/2888/2888  2872/2872/2872
f 2878/2878/2878  2875/2875/2875  2873/2873/2873
f 2895/2895/2895  2874/2874/2874  2876/2876/2876
f 2881/2881/2881  2878/2878/2878  2873/2873/2873
f 2904/2904/2904  2877/2877/2877  2880/2880/2880
f 2897/2897/2897  2895/2895/2895  2876/2876/2876
f 2903/2903/2903  2897/2897/2897  2876/2876/2876
f 2921/2921/2921  2879/2879/2879  2882/2882/2882
f 2924/2924/2924  2904/2904/2904  2880/2880/2880
f 2926/2926/2926  2879/2879/2879  2921/2921/2921
f 2926/2926/2926  2923/2923/2923  2879/2879/2879
f 2919/2919/2919  2882/2882/2882  2885/2885/2885
f 2921/2921/2921  2882/2882/2882  2919/2919/2919
f 2916/2916/2916  2884/2884/2884  2887/2887/2887
f 2919/2919/2919  2885/2885/2885  2917/2917/2917
f 2914/2914/2914  2887/2887/2887  2889/2889/2889
f 2916/2916/2916  2887/2887/2887  2914/2914/2914
f 2912/2912/2912  2889/2889/2889  2891/2891/2891
f 2914/2914/2914  2889/2889/2889  2912/2912/2912
f 2910/2910/2910  2891/2891/2891  2894/2894/2894
f 2912/2912/2912  2891/2891/2891  2910/2910/2910
f 2910/2910/2910  2894/2894/2894  2908/2908/2908
f 2918/2918/2918  2896/2896/2896  2898/2898/2898
f 2918/2918/2918  2915/2915/2915  2896/2896/2896
f 2903/2903/2903  2900/2900/2900  2897/2897/2897
f 2928/2928/2928  2899/2899/2899  2902/2902/2902
f 2920/2920/2920  2918/2918/2918  2898/2898/2898
f 2928/2928/2928  2922/2922/2922  2899/2899/2899
f 2925/2925/2925  2901/2901/2901  2905/2905/2905
f 2927/2927/2927  2901/2901/2901  2925/2925/2925

v  -4.900000 138.460873 -8.560879
v  -4.900000 138.460873 -8.560879
v  -4.900000 138.460873 -8.560879
v  -5.960605 138.029551 -8.644719
v  -5.960605 138.029551 -8.644719
v  -6.400000 136.988432 -8.847092
v  -6.400000 136.988432 -8.847092
v  -6.400000 136.988432 -8.847092
v  -6.400000 136.652608 -7.119428
v  -6.400000 136.652608 -7.119428
v  -6.400000 136.652608 -7.119428
v  -5.960605 137.693727 -6.917055
v  -5.960605 137.693727 -6.917055
v  -4.900000 138.125049 -6.833215
v  -4.900000 138.125049 -6.833215
v  -4.900000 138.125049 -6.833215
v  -10.000000 149.457199 -6.423409
v  -10.000000 149.457199 -6.423409
v  -10.000000 149.457199 -6.423409
v  -10.000000 127.957462 -10.602535
v  -10.000000 127.957462 -10.602535
v  -10.000000 127.957462 -10.602535
v  10.000000 127.957462 -10.602535
v  10.000000 127.957462 -10.602535
v  10.000000 127.957462 -10.602535
v  10.000000 149.457199 -6.423409
v  10.000000 149.457199 -6.423409
v  10.000000 149.457199 -6.423409
v  9.996788 149.553502 -6.404690
v  9.996788 149.553502 -6.404690
v  9.987167 149.649391 -6.386051
v  9.987167 149.649391 -6.386051
v  9.987167 149.649391 -6.386051
v  8.065323 163.979046 -3.600648
v  8.065323 163.979046 -3.600648
v  8.065323 163.979046 -3.600648
v  7.567155 164.893903 -3.422818
v  7.567155 164.893903 -3.422818
v  6.578155 165.259295 -3.351793
v  6.578155 165.259295 -3.351793
v  6.578155 165.259295 -3.351793
v  -6.578155 165.259295 -3.351793
v  -6.578155 165.259295 -3.351793
v  -6.578155 165.259295 -3.351793
v  -7.567186 164.893877 -3.422823
v  -7.567186 164.893877 -3.422823
v  -8.065323 163.979046 -3.600648
v  -8.065323 163.979046 -3.600648
v  -8.065323 163.979046 -3.600648
v  -9.987167 149.649391 -6.386051
v  -9.987167 149.649391 -6.386051
v  -9.987167 149.649391 -6.386051
v  -9.996788 149.553502 -6.404690
v  -9.996788 149.553502 -6.404690
v  4.900000 132.178459 -9.782056
v  4.900000 132.178459 -9.782056
v  4.900000 132.178459 -9.782056
v  -4.900000 132.178459 -9.782056
v  -4.900000 132.178459 -9.782056
v  -4.900000 132.178459 -9.782056
v  -5.960605 132.609781 -9.698216
v  -5.960605 132.609781 -9.698216
v  -6.400000 133.650900 -9.495843
v  -6.400000 133.650900 -9.495843
v  -6.400000 133.650900 -9.495843
v  4.900000 138.460873 -8.560879
v  4.900000 138.460873 -8.560879
v  4.900000 138.460873 -8.560879
v  5.960605 138.029551 -8.644719
v  5.960605 138.029551 -8.644719
v  6.400000 136.988432 -8.847092
v  6.400000 136.988432 -8.847092
v  6.400000 136.988432 -8.847092
v  6.400000 133.650900 -9.495843
v  6.400000 133.650900 -9.495843
v  6.400000 133.650900 -9.495843
v  5.960605 132.609781 -9.698216
v  5.960605 132.609781 -9.698216
v  7.073878 163.850918 -3.625554
v  7.073878 163.850918 -3.625554
v  7.073878 163.850918 -3.625554
v  9.000000 149.489369 -6.417156
v  9.000000 149.489369 -6.417156
v  9.000000 149.489369 -6.417156
v  9.000000 140.914941 -8.083856
v  9.000000 140.914941 -8.083856
v  9.000000 140.914941 -8.083856
v  8.853491 140.567965 -8.151301
v  8.853491 140.567965 -8.151301
v  8.500000 140.424127 -8.179261
v  8.500000 140.424127 -8.179261
v  8.500000 140.424127 -8.179261
v  -8.500000 140.424127 -8.179261
v  -8.500000 140.424127 -8.179261
v  -8.500000 140.424127 -8.179261
v  -8.853470 140.567944 -8.151306
v  -8.853470 140.567944 -8.151306
v  -9.000000 140.914941 -8.083856
v  -9.000000 140.914941 -8.083856
v  -9.000000 140.914941 -8.083856
v  -9.000000 149.457199 -6.423409
v  -9.000000 149.457199 -6.423409
v  -9.000000 149.457199 -6.423409
v  -8.998929 149.489300 -6.417170
v  -8.998929 149.489300 -6.417170
v  -8.995722 149.521263 -6.410957
v  -8.995722 149.521263 -6.410957
v  -8.995722 149.521263 -6.410957
v  -7.073878 163.850918 -3.625554
v  -7.073878 163.850918 -3.625554
v  -7.073878 163.850918 -3.625554
v  -6.907789 164.155806 -3.566290
v  -6.907789 164.155806 -3.566290
v  -6.578155 164.277668 -3.542602
v  -6.578155 164.277668 -3.542602
v  -6.578155 164.277668 -3.542602
v  6.578155 164.277668 -3.542602
v  6.578155 164.277668 -3.542602
v  6.578155 164.277668 -3.542602
v  6.907772 164.155821 -3.566287
v  6.907772 164.155821 -3.566287
v  -10.000000 127.621638 -8.874871
v  -10.000000 127.621638 -8.874871
v  -10.000000 127.621638 -8.874871
v  -10.000000 149.121375 -4.695746
v  -10.000000 149.121375 -4.695746
v  -10.000000 149.121375 -4.695746
v  -9.987167 149.313568 -4.658387
v  -9.987167 149.313568 -4.658387
v  -9.987167 149.313568 -4.658387
v  -8.065323 163.643222 -1.872984
v  -8.065323 163.643222 -1.872984
v  -8.065323 163.643222 -1.872984
v  -7.567155 164.558079 -1.695154
v  -7.567155 164.558079 -1.695154
v  -6.578155 164.923471 -1.624129
v  -6.578155 164.923471 -1.624129
v  -6.578155 164.923471 -1.624129
v  6.578155 164.923471 -1.624129
v  6.578155 164.923471 -1.624129
v  6.578155 164.923471 -1.624129
v  7.567186 164.558053 -1.695159
v  7.567186 164.558053 -1.695159
v  8.065323 163.643222 -1.872984
v  8.065323 163.643222 -1.872984
v  8.065323 163.643222 -1.872984
v  9.987167 149.313568 -4.658387
v  9.987167 149.313568 -4.658387
v  9.987167 149.313568 -4.658387
v  9.996788 149.217678 -4.677026
v  9.996788 149.217678 -4.677026
v  10.000000 149.121375 -4.695746
v  10.000000 149.121375 -4.695746
v  10.000000 149.121375 -4.695746
v  10.000000 127.621638 -8.874871
v  10.000000 127.621638 -8.874871
v  10.000000 127.621638 -8.874871
v  -9.996788 149.217678 -4.677026
v  -9.996788 149.217678 -4.677026
v  6.400000 133.315076 -7.768179
v  6.400000 133.315076 -7.768179
v  6.400000 133.315076 -7.768179
v  6.400000 136.652608 -7.119428
v  6.400000 136.652608 -7.119428
v  6.400000 136.652608 -7.119428
v  5.960605 137.693727 -6.917055
v  5.960605 137.693727 -6.917055
v  4.900000 138.125049 -6.833215
v  4.900000 138.125049 -6.833215
v  4.900000 138.125049 -6.833215
v  -6.400000 133.315076 -7.768179
v  -6.400000 133.315076 -7.768179
v  -6.400000 133.315076 -7.768179
v  -5.960605 132.273957 -7.970552
v  -5.960605 132.273957 -7.970552
v  -4.900000 131.842635 -8.054392
v  -4.900000 131.842635 -8.054392
v  -4.900000 131.842635 -8.054392
v  4.900000 131.842635 -8.054392
v  4.900000 131.842635 -8.054392
v  4.900000 131.842635 -8.054392
v  5.960605 132.273957 -7.970552
v  5.960605 132.273957 -7.970552
v  6.578155 163.941844 -1.814938
v  6.578155 163.941844 -1.814938
v  6.578155 163.941844 -1.814938
v  -6.578155 163.941844 -1.814938
v  -6.578155 163.941844 -1.814938
v  -6.578155 163.941844 -1.814938
v  -6.907772 163.819997 -1.838623
v  -6.907772 163.819997 -1.838623
v  -7.073878 163.515094 -1.897890
v  -7.073878 163.515094 -1.897890
v  -7.073878 163.515094 -1.897890
v  -8.995722 149.185439 -4.683293
v  -8.995722 149.185439 -4.683293
v  -8.995722 149.185439 -4.683293
v  -8.998929 149.153476 -4.689506
v  -8.998929 149.153476 -4.689506
v  -9.000000 149.121375 -4.695746
v  -9.000000 149.121375 -4.695746
v  -9.000000 149.121375 -4.695746
v  -9.000000 140.579117 -6.356192
v  -9.000000 140.579117 -6.356192
v  -9.000000 140.579117 -6.356192
v  -8.853491 140.232141 -6.423638
v  -8.853491 140.232141 -6.423638
v  -8.500000 140.088303 -6.451597
v  -8.500000 140.088303 -6.451597
v  -8.500000 140.088303 -6.451597
v  8.500000 140.088303 -6.451597
v  8.500000 140.088303 -6.451597
v  8.500000 140.088303 -6.451597
v  8.853470 140.232120 -6.423642
v  8.853470 140.232120 -6.423642
v  9.000000 140.579117 -6.356192
v  9.000000 140.579117 -6.356192
v  9.000000 140.579117 -6.356192
v  9.000000 149.153545 -4.689492
v  9.000000 149.153545 -4.689492
v  9.000000 149.153545 -4.689492
v  7.073878 163.515094 -1.897890
v  7.073878 163.515094 -1.897890
v  7.073878 163.515094 -1.897890
v  6.907789 163.819982 -1.838626
v  6.907789 163.819982 -1.838626

vt  0.113571 0.020709 0.000000
vt  0.113571 0.020709 0.000000
vt  0.113571 0.020709 0.000000
vt  0.121354 0.019931 0.000000
vt  0.121354 0.019931 0.000000
vt  0.124882 0.017998 0.000000
vt  0.124882 0.017998 0.000000
vt  0.124882 0.017998 0.000000
vt  0.124997 0.030426 0.000000
vt  0.124997 0.030426 0.000000
vt  0.124997 0.030426 0.000000
vt  0.121459 0.032275 0.000000
vt  0.121459 0.032275 0.000000
vt  0.113657 0.033021 0.000000
vt  0.113657 0.033021 0.000000
vt  0.113657 0.033021 0.000000
vt  0.145006 0.039565 0.000000
vt  0.145006 0.039565 0.000000
vt  0.145006 0.039565 0.000000
vt  0.156189 0.000000 0.000000
vt  0.156189 0.000000 0.000000
vt  0.156189 0.000000 0.000000
vt  0.000204 0.000000 0.000000
vt  0.000204 0.000000 0.000000
vt  0.000204 0.000000 0.000000
vt  0.011388 0.039565 0.000000
vt  0.011388 0.039565 0.000000
vt  0.011388 0.039565 0.000000
vt  0.011452 0.039717 0.000000
vt  0.011452 0.039717 0.000000
vt  0.011559 0.039868 0.000000
vt  0.011559 0.039868 0.000000
vt  0.011559 0.039868 0.000000
vt  0.029051 0.060493 0.000000
vt  0.029051 0.060493 0.000000
vt  0.029051 0.060493 0.000000
vt  0.032338 0.061688 0.000000
vt  0.032338 0.061688 0.000000
vt  0.038413 0.062158 0.000000
vt  0.038413 0.062158 0.000000
vt  0.038413 0.062158 0.000000
vt  0.117981 0.062158 0.000000
vt  0.117981 0.062158 0.000000
vt  0.117981 0.062158 0.000000
vt  0.124056 0.061688 0.000000
vt  0.124056 0.061688 0.000000
vt  0.127342 0.060493 0.000000
vt  0.127342 0.060493 0.000000
vt  0.127342 0.060493 0.000000
vt  0.144835 0.039868 0.000000
vt  0.144835 0.039868 0.000000
vt  0.144835 0.039868 0.000000
vt  0.144942 0.039717 0.000000
vt  0.144942 0.039717 0.000000
vt  0.041143 0.008600 0.000000
vt  0.041143 0.008600 0.000000
vt  0.041143 0.008600 0.000000
vt  0.115251 0.008600 0.000000
vt  0.115251 0.008600 0.000000
vt  0.115251 0.008600 0.000000
vt  0.123115 0.009491 0.000000
vt  0.123115 0.009491 0.000000
vt  0.126046 0.011571 0.000000
vt  0.126046 0.011571 0.000000
vt  0.126046 0.011571 0.000000
vt  0.042823 0.020709 0.000000
vt  0.042823 0.020709 0.000000
vt  0.042823 0.020709 0.000000
vt  0.035040 0.019931 0.000000
vt  0.035040 0.019931 0.000000
vt  0.031512 0.017998 0.000000
vt  0.031512 0.017998 0.000000
vt  0.031512 0.017998 0.000000
vt  0.030347 0.011571 0.000000
vt  0.030347 0.011571 0.000000
vt  0.030347 0.011571 0.000000
vt  0.033279 0.009491 0.000000
vt  0.033279 0.009491 0.000000
vt  0.035051 0.060318 0.000000
vt  0.035051 0.060318 0.000000
vt  0.035051 0.060318 0.000000
vt  0.018064 0.039597 0.000000
vt  0.018064 0.039597 0.000000
vt  0.018064 0.039597 0.000000
vt  0.014415 0.025233 0.000000
vt  0.014415 0.025233 0.000000
vt  0.014415 0.025233 0.000000
vt  0.015296 0.024612 0.000000
vt  0.015296 0.024612 0.000000
vt  0.017740 0.024346 0.000000
vt  0.017740 0.024346 0.000000
vt  0.017740 0.024346 0.000000
vt  0.138654 0.024346 0.000000
vt  0.138654 0.024346 0.000000
vt  0.138654 0.024346 0.000000
vt  0.141097 0.024612 0.000000
vt  0.141097 0.024612 0.000000
vt  0.141979 0.025233 0.000000
vt  0.141979 0.025233 0.000000
vt  0.141979 0.025233 0.000000
vt  0.138342 0.039547 0.000000
vt  0.138342 0.039547 0.000000
vt  0.138342 0.039547 0.000000
vt  0.138322 0.039597 0.000000
vt  0.138322 0.039597 0.000000
vt  0.138288 0.039648 0.000000
vt  0.138288 0.039648 0.000000
vt  0.138288 0.039648 0.000000
vt  0.121343 0.060318 0.000000
vt  0.121343 0.060318 0.000000
vt  0.121343 0.060318 0.000000
vt  0.120253 0.060718 0.000000
vt  0.120253 0.060718 0.000000
vt  0.118218 0.060877 0.000000
vt  0.118218 0.060877 0.000000
vt  0.118218 0.060877 0.000000
vt  0.038175 0.060877 0.000000
vt  0.038175 0.060877 0.000000
vt  0.038175 0.060877 0.000000
vt  0.036141 0.060718 0.000000
vt  0.036141 0.060718 0.000000
vt  0.156394 0.013204 0.000000
vt  0.156394 0.013204 0.000000
vt  0.156394 0.013204 0.000000
vt  0.145156 0.051012 0.000000
vt  0.145156 0.051012 0.000000
vt  0.145156 0.051012 0.000000
vt  0.144985 0.051302 0.000000
vt  0.144985 0.051302 0.000000
vt  0.144985 0.051302 0.000000
vt  0.127443 0.070990 0.000000
vt  0.127443 0.070990 0.000000
vt  0.127443 0.070990 0.000000
vt  0.124149 0.072131 0.000000
vt  0.124149 0.072131 0.000000
vt  0.118062 0.072581 0.000000
vt  0.118062 0.072581 0.000000
vt  0.118062 0.072581 0.000000
vt  0.038332 0.072581 0.000000
vt  0.038332 0.072581 0.000000
vt  0.038332 0.072581 0.000000
vt  0.032244 0.072131 0.000000
vt  0.032244 0.072131 0.000000
vt  0.028951 0.070990 0.000000
vt  0.028951 0.070990 0.000000
vt  0.028951 0.070990 0.000000
vt  0.011409 0.051302 0.000000
vt  0.011409 0.051302 0.000000
vt  0.011409 0.051302 0.000000
vt  0.011302 0.051157 0.000000
vt  0.011302 0.051157 0.000000
vt  0.011238 0.051012 0.000000
vt  0.011238 0.051012 0.000000
vt  0.011238 0.051012 0.000000
vt  0.000000 0.013204 0.000000
vt  0.000000 0.013204 0.000000
vt  0.000000 0.013204 0.000000
vt  0.145092 0.051157 0.000000
vt  0.145092 0.051157 0.000000
vt  0.030227 0.024284 0.000000
vt  0.030227 0.024284 0.000000
vt  0.030227 0.024284 0.000000
vt  0.031397 0.030426 0.000000
vt  0.031397 0.030426 0.000000
vt  0.031397 0.030426 0.000000
vt  0.034935 0.032275 0.000000
vt  0.034935 0.032275 0.000000
vt  0.042737 0.033021 0.000000
vt  0.042737 0.033021 0.000000
vt  0.042737 0.033021 0.000000
vt  0.126167 0.024284 0.000000
vt  0.126167 0.024284 0.000000
vt  0.126167 0.024284 0.000000
vt  0.123229 0.022297 0.000000
vt  0.123229 0.022297 0.000000
vt  0.115345 0.021448 0.000000
vt  0.115345 0.021448 0.000000
vt  0.115345 0.021448 0.000000
vt  0.041048 0.021448 0.000000
vt  0.041048 0.021448 0.000000
vt  0.041048 0.021448 0.000000
vt  0.033165 0.022297 0.000000
vt  0.033165 0.022297 0.000000
vt  0.038093 0.071360 0.000000
vt  0.038093 0.071360 0.000000
vt  0.038093 0.071360 0.000000
vt  0.118300 0.071360 0.000000
vt  0.118300 0.071360 0.000000
vt  0.118300 0.071360 0.000000
vt  0.120339 0.071208 0.000000
vt  0.120339 0.071208 0.000000
vt  0.121431 0.070825 0.000000
vt  0.121431 0.070825 0.000000
vt  0.121431 0.070825 0.000000
vt  0.138423 0.051096 0.000000
vt  0.138423 0.051096 0.000000
vt  0.138423 0.051096 0.000000
vt  0.138457 0.051047 0.000000
vt  0.138457 0.051047 0.000000
vt  0.138477 0.050999 0.000000
vt  0.138477 0.050999 0.000000
vt  0.138477 0.050999 0.000000
vt  0.142130 0.037329 0.000000
vt  0.142130 0.037329 0.000000
vt  0.142130 0.037329 0.000000
vt  0.141248 0.036736 0.000000
vt  0.141248 0.036736 0.000000
vt  0.138799 0.036484 0.000000
vt  0.138799 0.036484 0.000000
vt  0.138799 0.036484 0.000000
vt  0.017595 0.036484 0.000000
vt  0.017595 0.036484 0.000000
vt  0.017595 0.036484 0.000000
vt  0.015146 0.036736 0.000000
vt  0.015146 0.036736 0.000000
vt  0.014263 0.037329 0.000000
vt  0.014263 0.037329 0.000000
vt  0.014263 0.037329 0.000000
vt  0.017929 0.051047 0.000000
vt  0.017929 0.051047 0.000000
vt  0.017929 0.051047 0.000000
vt  0.034962 0.070825 0.000000
vt  0.034962 0.070825 0.000000
vt  0.034962 0.070825 0.000000
vt  0.036055 0.071208 0.000000
vt  0.036055 0.071208 0.000000

vn  0.000000 -0.981627 -0.190809
vn  0.000000 0.190809 -0.981627
vn  0.000000 -0.981627 -0.190809
vn  0.707107 -0.694115 -0.134922
vn  0.000000 0.190809 -0.981627
vn  1.000000 0.000000 0.000000
vn  0.000000 0.190809 -0.981627
vn  1.000000 0.000000 0.000000
vn  1.000000 0.000000 0.000000
vn  0.000000 -0.190809 0.981627
vn  1.000000 0.000000 0.000000
vn  0.707107 -0.694115 -0.134922
vn  0.000000 -0.190809 0.981627
vn  0.000000 -0.981627 -0.190809
vn  0.000000 -0.190809 0.981627
vn  0.000000 -0.981627 -0.190809
vn  0.000000 0.190809 -0.981627
vn  -1.000000 0.000000 0.000000
vn  -1.000000 -0.000000 -0.000000
vn  0.000000 0.190809 -0.981627
vn  -1.000000 0.000000 0.000000
vn  0.000000 -0.981627 -0.190809
vn  0.000000 0.190809 -0.981627
vn  1.000000 0.000000 0.000000
vn  0.000000 -0.981627 -0.190809
vn  0.000000 0.190809 -0.981627
vn  1.000000 -0.000000 -0.000000
vn  1.000000 0.000000 0.000000
vn  0.000000 0.190809 -0.981627
vn  0.997859 0.064201 0.012480
vn  0.000000 0.190809 -0.981627
vn  0.991445 0.128128 0.024906
vn  0.991445 0.128128 0.024906
vn  0.000000 0.190809 -0.981627
vn  0.991445 0.128128 0.024906
vn  0.991445 0.128128 0.024906
vn  0.000000 0.190809 -0.981627
vn  0.659335 0.738035 0.143460
vn  0.000000 0.190809 -0.981627
vn  0.000000 0.981627 0.190809
vn  0.000000 0.981627 0.190809
vn  0.000000 0.190809 -0.981627
vn  0.000000 0.981627 0.190809
vn  0.000000 0.981627 0.190809
vn  0.000000 0.190809 -0.981627
vn  -0.659356 0.738018 0.143456
vn  0.000000 0.190809 -0.981627
vn  -0.991445 0.128128 0.024906
vn  -0.991445 0.128128 0.024906
vn  0.000000 0.190809 -0.981627
vn  -0.991445 0.128128 0.024906
vn  -0.991445 0.128128 0.024906
vn  0.000000 0.190809 -0.981627
vn  -0.997859 0.064201 0.012480
vn  0.000000 0.190809 -0.981627
vn  -0.000000 0.981627 0.190809
vn  0.000000 0.981627 0.190809
vn  0.000000 0.190809 -0.981627
vn  0.000000 0.981627 0.190809
vn  -0.000000 0.981627 0.190809
vn  0.000000 0.190809 -0.981627
vn  0.707107 0.694115 0.134922
vn  0.000000 0.190809 -0.981627
vn  1.000000 0.000000 0.000000
vn  1.000000 0.000000 0.000000
vn  0.000000 0.190809 -0.981627
vn  0.000000 -0.981627 -0.190809
vn  0.000000 -0.981627 -0.190809
vn  0.000000 0.190809 -0.981627
vn  -0.707107 -0.694115 -0.134922
vn  0.000000 0.190809 -0.981627
vn  -1.000000 0.000000 0.000000
vn  -1.000000 -0.000000 -0.000000
vn  0.000000 0.190809 -0.981627
vn  -1.000000 -0.000000 -0.000000
vn  -1.000000 0.000000 0.000000
vn  0.000000 0.190809 -0.981627
vn  -0.707107 0.694115 0.134922
vn  0.000000 0.190809 -0.981627
vn  -0.991445 -0.128128 -0.024906
vn  -0.991445 -0.128128 -0.024906
vn  0.000000 0.190809 -0.981627
vn  -1.000000 0.000000 0.000000
vn  -0.991445 -0.128128 -0.024906
vn  0.000000 0.190809 -0.981627
vn  -1.000000 -0.000000 -0.000000
vn  -1.000000 0.000000 0.000000
vn  0.000000 0.190809 -0.981627
vn  -0.707128 0.694094 0.134918
vn  0.000000 0.190809 -0.981627
vn  0.000000 0.981627 0.190809
vn  -0.000000 0.981627 0.190809
vn  0.000000 0.190809 -0.981627
vn  -0.000000 0.981627 0.190809
vn  0.000000 0.981627 0.190809
vn  0.000000 0.190809 -0.981627
vn  0.707085 0.694136 0.134926
vn  0.000000 0.190809 -0.981627
vn  1.000000 0.000000 0.000000
vn  1.000000 0.000000 0.000000
vn  0.000000 0.190809 -0.981627
vn  1.000000 0.000000 0.000000
vn  1.000000 0.000000 0.000000
vn  0.000000 0.190809 -0.981627
vn  0.997859 -0.064201 -0.012480
vn  0.000000 0.190809 -0.981627
vn  0.991445 -0.128128 -0.024906
vn  0.991445 -0.128128 -0.024906
vn  0.000000 0.190809 -0.981627
vn  0.991445 -0.128128 -0.024906
vn  0.991445 -0.128128 -0.024906
vn  0.000000 0.190809 -0.981627
vn  0.659363 -0.738011 -0.143455
vn  0.000000 0.190809 -0.981627
vn  0.000000 -0.981627 -0.190809
vn  0.000000 -0.981627 -0.190809
vn  0.000000 0.190809 -0.981627
vn  -0.000000 -0.981627 -0.190809
vn  0.000000 -0.981627 -0.190809
vn  0.000000 0.190809 -0.981627
vn  -0.659328 -0.738042 -0.143461
vn  -1.000000 0.000000 0.000000
vn  0.000000 -0.190809 0.981627
vn  0.000000 -0.981627 -0.190809
vn  -1.000000 0.000000 0.000000
vn  0.000000 -0.190809 0.981627
vn  -1.000000 -0.000000 -0.000000
vn  0.000000 -0.190809 0.981627
vn  -0.991445 0.128128 0.024906
vn  -0.991445 0.128128 0.024906
vn  0.000000 -0.190809 0.981627
vn  -0.991445 0.128128 0.024906
vn  -0.991445 0.128128 0.024906
vn  0.000000 -0.190809 0.981627
vn  -0.659335 0.738035 0.143460
vn  0.000000 -0.190809 0.981627
vn  0.000000 0.981627 0.190809
vn  0.000000 0.981627 0.190809
vn  0.000000 -0.190809 0.981627
vn  0.000000 0.981627 0.190809
vn  0.000000 0.981627 0.190809
vn  0.000000 -0.190809 0.981627
vn  0.659356 0.738018 0.143456
vn  0.000000 -0.190809 0.981627
vn  0.991445 0.128128 0.024906
vn  0.991445 0.128128 0.024906
vn  0.000000 -0.190809 0.981627
vn  0.991445 0.128128 0.024906
vn  0.991445 0.128128 0.024906
vn  0.000000 -0.190809 0.981627
vn  0.997859 0.064201 0.012480
vn  0.000000 -0.190809 0.981627
vn  1.000000 -0.000000 -0.000000
vn  1.000000 0.000000 0.000000
vn  0.000000 -0.190809 0.981627
vn  1.000000 0.000000 0.000000
vn  0.000000 -0.981627 -0.190809
vn  0.000000 -0.190809 0.981627
vn  -0.997859 0.064201 0.012480
vn  0.000000 -0.190809 0.981627
vn  -1.000000 -0.000000 -0.000000
vn  -1.000000 0.000000 0.000000
vn  0.000000 -0.190809 0.981627
vn  -1.000000 0.000000 0.000000
vn  -1.000000 -0.000000 -0.000000
vn  0.000000 -0.190809 0.981627
vn  -0.707107 -0.694115 -0.134922
vn  0.000000 -0.190809 0.981627
vn  0.000000 -0.981627 -0.190809
vn  0.000000 -0.981627 -0.190809
vn  0.000000 -0.190809 0.981627
vn  1.000000 0.000000 0.000000
vn  1.000000 0.000000 0.000000
vn  0.000000 -0.190809 0.981627
vn  0.707107 0.694115 0.134922
vn  0.000000 -0.190809 0.981627
vn  0.000000 0.981627 0.190809
vn  -0.000000 0.981627 0.190809
vn  0.000000 -0.190809 0.981627
vn  -0.000000 0.981627 0.190809
vn  0.000000 0.981627 0.190809
vn  0.000000 -0.190809 0.981627
vn  -0.707107 0.694115 0.134922
vn  0.000000 -0.190809 0.981627
vn  -0.000000 -0.981627 -0.190809
vn  0.000000 -0.981627 -0.190809
vn  0.000000 -0.190809 0.981627
vn  0.000000 -0.981627 -0.190809
vn  0.000000 -0.981627 -0.190809
vn  0.000000 -0.190809 0.981627
vn  0.659328 -0.738042 -0.143461
vn  0.000000 -0.190809 0.981627
vn  0.991445 -0.128128 -0.024906
vn  0.991445 -0.128128 -0.024906
vn  0.000000 -0.190809 0.981627
vn  0.991445 -0.128128 -0.024906
vn  0.991445 -0.128128 -0.024906
vn  0.000000 -0.190809 0.981627
vn  0.997859 -0.064201 -0.012480
vn  0.000000 -0.190809 0.981627
vn  1.000000 0.000000 0.000000
vn  1.000000 0.000000 0.000000
vn  0.000000 -0.190809 0.981627
vn  1.000000 0.000000 0.000000
vn  1.000000 0.000000 0.000000
vn  0.000000 -0.190809 0.981627
vn  0.707128 0.694094 0.134918
vn  0.000000 -0.190809 0.981627
vn  -0.000000 0.981627 0.190809
vn  0.000000 0.981627 0.190809
vn  0.000000 -0.190809 0.981627
vn  0.000000 0.981627 0.190809
vn  -0.000000 0.981627 0.190809
vn  0.000000 -0.190809 0.981627
vn  -0.707085 0.694136 0.134926
vn  0.000000 -0.190809 0.981627
vn  -1.000000 -0.000000 -0.000000
vn  -1.000000 0.000000 0.000000
vn  0.000000 -0.190809 0.981627
vn  -1.000000 0.000000 0.000000
vn  -0.991445 -0.128128 -0.024906
vn  0.000000 -0.190809 0.981627
vn  -0.991445 -0.128128 -0.024906
vn  -0.991445 -0.128128 -0.024906
vn  0.000000 -0.190809 0.981627
vn  -0.659363 -0.738011 -0.143455


g 11
f 2940/2940/2940  2932/2932/2932  2929/2929/2929
f 3024/3024/3024  2930/2930/2930  2933/2933/2933
f 2942/2942/2942  2940/2940/2940  2929/2929/2929
f 2996/2996/2996  2944/2944/2944  2931/2931/2931
f 3021/3021/3021  2994/2994/2994  2930/2930/2930
f 3024/3024/3024  3021/3021/3021  2930/2930/2930
f 2937/2937/2937  2934/2934/2934  2932/2932/2932
f 3024/3024/3024  2933/2933/2933  2935/2935/2935
f 2940/2940/2940  2937/2937/2937  2932/2932/2932
f 3101/3101/3101  2936/2936/2936  2939/2939/2939
f 3024/3024/3024  2935/2935/2935  2991/2991/2991
f 3101/3101/3101  2993/2993/2993  2936/2936/2936
f 3136/3136/3136  2938/2938/2938  2941/2941/2941
f 3099/3099/3099  2938/2938/2938  3051/3051/3051
f 3136/3136/3136  3051/3051/3051  2938/2938/2938
f 3136/3136/3136  2941/2941/2941  2943/2943/2943
f 3098/3098/3098  2944/2944/2944  2996/2996/2996
f 3139/3139/3139  2943/2943/2943  3096/3096/3096
f 3139/3139/3139  3136/3136/3136  2943/2943/2943
f 3026/3026/3026  2948/2948/2948  2945/2945/2945
f 3053/3053/3053  2946/2946/2946  2949/2949/2949
f 3029/3029/3029  2945/2945/2945  2981/2981/2981
f 3087/3087/3087  2982/2982/2982  2947/2947/2947
f 3029/3029/3029  3026/3026/3026  2945/2945/2945
f 3087/3087/3087  2947/2947/2947  3055/3055/3055
f 2986/2986/2986  2951/2951/2951  2948/2948/2948
f 3052/3052/3052  2950/2950/2950  2953/2953/2953
f 2989/2989/2989  2986/2986/2986  2948/2948/2948
f 2991/2991/2991  2989/2989/2989  2948/2948/2948
f 3026/3026/3026  2991/2991/2991  2948/2948/2948
f 3053/3053/3053  2949/2949/2949  3050/3050/3050
f 3013/3013/3013  2954/2954/2954  2951/2951/2951
f 3084/3084/3084  2952/2952/2952  2956/2956/2956
f 2986/2986/2986  2983/2983/2983  2951/2951/2951
f 3005/3005/3005  2951/2951/2951  2983/2983/2983
f 3002/3002/3002  2999/2999/2999  2951/2951/2951
f 3018/3018/3018  2951/2951/2951  2999/2999/2999
f 3005/3005/3005  3002/3002/3002  2951/2951/2951
f 3016/3016/3016  3013/3013/3013  2951/2951/2951
f 3018/3018/3018  3016/3016/3016  2951/2951/2951
f 3085/3085/3085  3052/3052/3052  2953/2953/2953
f 3010/3010/3010  2957/2957/2957  2954/2954/2954
f 3081/3081/3081  2955/2955/2955  2958/2958/2958
f 3013/3013/3013  3010/3010/3010  2954/2954/2954
f 3084/3084/3084  2956/2956/2956  3082/3082/3082
f 3007/3007/3007  2959/2959/2959  2957/2957/2957
f 3079/3079/3079  2958/2958/2958  2961/2961/2961
f 3010/3010/3010  3007/3007/3007  2957/2957/2957
f 3081/3081/3081  2958/2958/2958  3079/3079/3079
f 3007/3007/3007  2962/2962/2962  2959/2959/2959
f 3076/3076/3076  2960/2960/2960  2964/2964/2964
f 3079/3079/3079  2961/2961/2961  3077/3077/3077
f 3045/3045/3045  2965/2965/2965  2962/2962/2962
f 3073/3073/3073  2963/2963/2963  2966/2966/2966
f 3048/3048/3048  2962/2962/2962  3007/3007/3007
f 3048/3048/3048  3045/3045/3045  2962/2962/2962
f 3076/3076/3076  2964/2964/2964  3074/3074/3074
f 2970/2970/2970  2967/2967/2967  2965/2965/2965
f 3071/3071/3071  2966/2966/2966  2969/2969/2969
f 2973/2973/2973  2970/2970/2970  2965/2965/2965
f 3045/3045/3045  2973/2973/2973  2965/2965/2965
f 3073/3073/3073  2966/2966/2966  3071/3071/3071
f 3068/3068/3068  2968/2968/2968  2972/2972/2972
f 3071/3071/3071  2969/2969/2969  3069/3069/3069
f 3065/3065/3065  2971/2971/2971  2974/2974/2974
f 3068/3068/3068  2972/2972/2972  3066/3066/3066
f 3040/3040/3040  2975/2975/2975  2973/2973/2973
f 3063/3063/3063  2974/2974/2974  2977/2977/2977
f 3042/3042/3042  3040/3040/3040  2973/2973/2973
f 3045/3045/3045  3042/3042/3042  2973/2973/2973
f 3065/3065/3065  2974/2974/2974  3063/3063/3063
f 3037/3037/3037  2978/2978/2978  2975/2975/2975
f 3060/3060/3060  2976/2976/2976  2980/2980/2980
f 3040/3040/3040  3037/3037/3037  2975/2975/2975
f 3063/3063/3063  2977/2977/2977  3061/3061/3061
f 3034/3034/3034  2981/2981/2981  2978/2978/2978
f 3057/3057/3057  2979/2979/2979  2982/2982/2982
f 3037/3037/3037  3034/3034/3034  2978/2978/2978
f 3060/3060/3060  2980/2980/2980  3058/3058/3058
f 3032/3032/3032  3029/3029/3029  2981/2981/2981
f 3034/3034/3034  3032/3032/3032  2981/2981/2981
f 3087/3087/3087  3057/3057/3057  2982/2982/2982
f 3109/3109/3109  2985/2985/2985  2987/2987/2987
f 3111/3111/3111  3006/3006/3006  2984/2984/2984
f 3111/3111/3111  2984/2984/2984  3108/3108/3108
f 3106/3106/3106  2988/2988/2988  2990/2990/2990
f 3109/3109/3109  2987/2987/2987  3105/3105/3105
f 3103/3103/3103  2990/2990/2990  2992/2992/2992
f 3106/3106/3106  2990/2990/2990  3103/3103/3103
f 3026/3026/3026  3024/3024/3024  2991/2991/2991
f 3103/3103/3103  2992/2992/2992  3100/3100/3100
f 3018/3018/3018  2997/2997/2997  2994/2994/2994
f 3097/3097/3097  2995/2995/2995  2998/2998/2998
f 3021/3021/3021  3018/3018/3018  2994/2994/2994
f 3018/3018/3018  2999/2999/2999  2997/2997/2997
f 3095/3095/3095  2998/2998/2998  3001/3001/3001
f 3097/3097/3097  2998/2998/2998  3095/3095/3095
f 3092/3092/3092  3000/3000/3000  3004/3004/3004
f 3095/3095/3095  3001/3001/3001  3093/3093/3093
f 3089/3089/3089  3003/3003/3003  3006/3006/3006
f 3092/3092/3092  3004/3004/3004  3090/3090/3090
f 3111/3111/3111  3089/3089/3089  3006/3006/3006
f 3152/3152/3152  3009/3009/3009  3012/3012/3012
f 3154/3154/3154  3049/3049/3049  3008/3008/3008
f 3154/3154/3154  3008/3008/3008  3151/3151/3151
f 3148/3148/3148  3011/3011/3011  3015/3015/3015
f 3152/3152/3152  3012/3012/3012  3149/3149/3149
f 3145/3145/3145  3014/3014/3014  3017/3017/3017
f 3148/3148/3148  3015/3015/3015  3146/3146/3146
f 3143/3143/3143  3017/3017/3017  3020/3020/3020
f 3145/3145/3145  3017/3017/3017  3143/3143/3143
f 3140/3140/3140  3019/3019/3019  3023/3023/3023
f 3143/3143/3143  3020/3020/3020  3141/3141/3141
f 3137/3137/3137  3022/3022/3022  3025/3025/3025
f 3140/3140/3140  3023/3023/3023  3138/3138/3138
f 3135/3135/3135  3025/3025/3025  3028/3028/3028
f 3137/3137/3137  3025/3025/3025  3135/3135/3135
f 3132/3132/3132  3027/3027/3027  3031/3031/3031
f 3135/3135/3135  3028/3028/3028  3133/3133/3133
f 3129/3129/3129  3030/3030/3030  3033/3033/3033
f 3132/3132/3132  3031/3031/3031  3130/3130/3130
f 3127/3127/3127  3033/3033/3033  3036/3036/3036
f 3129/3129/3129  3033/3033/3033  3127/3127/3127
f 3124/3124/3124  3035/3035/3035  3039/3039/3039
f 3127/3127/3127  3036/3036/3036  3125/3125/3125
f 3121/3121/3121  3038/3038/3038  3041/3041/3041
f 3124/3124/3124  3039/3039/3039  3122/3122/3122
f 3119/3119/3119  3041/3041/3041  3044/3044/3044
f 3121/3121/3121  3041/3041/3041  3119/3119/3119
f 3116/3116/3116  3043/3043/3043  3047/3047/3047
f 3119/3119/3119  3044/3044/3044  3117/3117/3117
f 3113/3113/3113  3046/3046/3046  3049/3049/3049
f 3116/3116/3116  3047/3047/3047  3114/3114/3114
f 3154/3154/3154  3113/3113/3113  3049/3049/3049
f 3128/3128/3128  3054/3054/3054  3051/3051/3051
f 3107/3107/3107  3051/3051/3051  3083/3083/3083
f 3102/3102/3102  3099/3099/3099  3051/3051/3051
f 3104/3104/3104  3102/3102/3102  3051/3051/3051
f 3107/3107/3107  3104/3104/3104  3051/3051/3051
f 3131/3131/3131  3128/3128/3128  3051/3051/3051
f 3134/3134/3134  3131/3131/3131  3051/3051/3051
f 3136/3136/3136  3134/3134/3134  3051/3051/3051
f 3123/3123/3123  3086/3086/3086  3054/3054/3054
f 3126/3126/3126  3123/3123/3123  3054/3054/3054
f 3128/3128/3128  3126/3126/3126  3054/3054/3054
f 3120/3120/3120  3059/3059/3059  3056/3056/3056
f 3120/3120/3120  3056/3056/3056  3086/3086/3086
f 3115/3115/3115  3062/3062/3062  3059/3059/3059
f 3118/3118/3118  3115/3115/3115  3059/3059/3059
f 3120/3120/3120  3118/3118/3118  3059/3059/3059
f 3067/3067/3067  3064/3064/3064  3062/3062/3062
f 3070/3070/3070  3067/3067/3067  3062/3062/3062
f 3115/3115/3115  3070/3070/3070  3062/3062/3062
f 3153/3153/3153  3072/3072/3072  3070/3070/3070
f 3115/3115/3115  3112/3112/3112  3070/3070/3070
f 3153/3153/3153  3070/3070/3070  3112/3112/3112
f 3150/3150/3150  3075/3075/3075  3072/3072/3072
f 3153/3153/3153  3150/3150/3150  3072/3072/3072
f 3147/3147/3147  3078/3078/3078  3075/3075/3075
f 3150/3150/3150  3147/3147/3147  3075/3075/3075
f 3147/3147/3147  3080/3080/3080  3078/3078/3078
f 3144/3144/3144  3083/3083/3083  3080/3080/3080
f 3147/3147/3147  3144/3144/3144  3080/3080/3080
f 3110/3110/3110  3083/3083/3083  3088/3088/3088
f 3144/3144/3144  3088/3088/3088  3083/3083/3083
f 3110/3110/3110  3107/3107/3107  3083/3083/3083
f 3123/3123/3123  3120/3120/3120  3086/3086/3086
f 3142/3142/3142  3091/3091/3091  3088/3088/3088
f 3144/3144/3144  3142/3142/3142  3088/3088/3088
f 3142/3142/3142  3094/3094/3094  3091/3091/3091
f 3142/3142/3142  3096/3096/3096  3094/3094/3094
f 3142/3142/3142  3139/3139/3139  3096/3096/3096

v  11.000000 148.112419 -13.828949
v  11.000000 148.112419 -13.828949
v  11.000000 148.112419 -13.828949
v  11.000000 148.112419 -13.828949
v  11.000000 145.419834 -14.260964
v  11.000000 145.419834 -14.260964
v  11.000000 142.710399 -14.570184
v  11.000000 142.710399 -14.570184
v  11.000000 142.710399 -14.570184
v  11.500000 142.698236 -14.436763
v  11.866025 142.665007 -14.072249
v  12.000000 142.619601 -13.574228
v  12.000000 142.619601 -13.574228
v  12.000000 142.619601 -13.574228
v  12.000000 147.931807 -12.846484
v  12.000000 147.931807 -12.846484
v  12.000000 147.931807 -12.846484
v  11.707107 148.059459 -13.540884
v  11.707107 148.059459 -13.540884
v  11.000000 137.263394 -14.817945
v  11.000000 137.263394 -14.817945
v  11.000000 137.263394 -14.817945
v  11.000000 137.263394 -14.817945
v  11.382683 137.263394 -14.741824
v  11.382683 137.263394 -14.741824
v  11.707107 137.263394 -14.525052
v  11.707107 137.263394 -14.525052
v  11.923880 137.263394 -14.200628
v  11.923880 137.263394 -14.200628
v  12.000000 137.263394 -13.817945
v  12.000000 137.263394 -13.817945
v  12.000000 137.263394 -13.817945
v  11.000000 139.989712 -14.755973
v  11.000000 139.989712 -14.755973
v  12.000000 148.231475 -12.789363
v  12.000000 148.231475 -12.789363
v  12.000000 148.531025 -12.731588
v  12.000000 148.531025 -12.731588
v  12.000000 149.325652 -12.572071
v  12.000000 149.325652 -12.572071
v  12.000000 150.117943 -12.401306
v  12.000000 150.117943 -12.401306
v  12.000000 150.117943 -12.401306
v  12.000000 150.117943 -12.401306
v  11.708079 150.271355 -13.090574
v  11.708079 150.271355 -13.090574
v  11.000000 150.335153 -13.377431
v  11.000000 150.335153 -13.377431
v  11.000000 150.335153 -13.377431
v  11.000000 149.225911 -13.613517
v  11.000000 149.225911 -13.613517
v  12.000000 123.488891 -13.817945
v  12.000000 123.488891 -13.817945
v  12.000000 123.488891 -13.817945
v  12.000000 123.488891 -13.817945
v  12.000000 122.716114 -9.842355
v  12.000000 122.716114 -9.842355
v  12.000000 122.716114 -9.842355
v  12.000000 148.640995 -4.803068
v  12.000000 148.640995 -4.803068
v  12.000000 148.640995 -4.803068
v  11.000000 123.488891 -14.817945
v  11.000000 123.488891 -14.817945
v  11.000000 123.488891 -14.817945
v  11.000000 123.488891 -14.817945
v  11.373408 123.488891 -14.745612
v  11.373408 123.488891 -14.745612
v  11.393578 123.488891 -14.737236
v  11.393578 123.488891 -14.737236
v  11.393578 123.488891 -14.737236
v  11.707107 123.488891 -14.525052
v  11.707107 123.488891 -14.525052
v  11.923735 123.488891 -14.200977
v  11.923735 123.488891 -14.200977
v  -11.000000 137.263394 -14.817945
v  -11.000000 137.263394 -14.817945
v  -11.000000 137.263394 -14.817945
v  -11.000000 137.263394 -14.817945
v  -11.000000 123.488891 -14.817945
v  -11.000000 123.488891 -14.817945
v  -11.000000 123.488891 -14.817945
v  -11.000000 123.488891 -14.817945
v  -11.000000 142.710399 -14.570184
v  -11.000000 142.710399 -14.570184
v  -11.000000 142.710399 -14.570184
v  -11.000000 139.989712 -14.755973
v  -11.000000 139.989712 -14.755973
v  -11.000000 148.112419 -13.828949
v  -11.000000 148.112419 -13.828949
v  -11.000000 148.112419 -13.828949
v  -11.000000 148.112419 -13.828949
v  -11.000000 145.419834 -14.260964
v  -11.000000 145.419834 -14.260964
v  -12.000000 147.931817 -12.846482
v  -12.000000 147.931817 -12.846482
v  -12.000000 147.931817 -12.846482
v  -12.000000 142.619600 -13.574228
v  -12.000000 142.619600 -13.574228
v  -12.000000 142.619600 -13.574228
v  -11.866025 142.665007 -14.072249
v  -11.500000 142.698236 -14.436763
v  -11.707107 148.059459 -13.540884
v  -11.707107 148.059459 -13.540884
v  -12.000000 137.263394 -13.817945
v  -12.000000 137.263394 -13.817945
v  -12.000000 137.263394 -13.817945
v  -11.923880 137.263394 -14.200628
v  -11.923880 137.263394 -14.200628
v  -11.707107 137.263394 -14.525052
v  -11.707107 137.263394 -14.525052
v  -11.382683 137.263394 -14.741824
v  -11.382683 137.263394 -14.741824
v  -11.000000 149.225911 -13.613517
v  -11.000000 149.225911 -13.613517
v  -11.000000 150.335153 -13.377431
v  -11.000000 150.335153 -13.377431
v  -11.000000 150.335153 -13.377431
v  -11.708089 150.271353 -13.090563
v  -11.708089 150.271353 -13.090563
v  -12.000000 150.117943 -12.401306
v  -12.000000 150.117943 -12.401306
v  -12.000000 150.117943 -12.401306
v  -12.000000 150.117943 -12.401306
v  -12.000000 149.325652 -12.572071
v  -12.000000 149.325652 -12.572071
v  -12.000000 148.531025 -12.731588
v  -12.000000 148.531025 -12.731588
v  -12.000000 148.231481 -12.789362
v  -12.000000 148.231481 -12.789362
v  10.980707 150.919005 -13.244471
v  10.980707 150.919005 -13.244471
v  10.923003 151.499178 -13.106357
v  10.923003 151.499178 -13.106357
v  10.923003 151.499178 -13.106357
v  10.268811 156.373047 -11.703917
v  10.268811 156.373047 -11.703917
v  9.621815 161.112580 -9.901878
v  9.621815 161.112580 -9.901878
v  8.986421 165.685624 -7.712677
v  8.986421 165.685624 -7.712677
v  8.366950 170.061054 -5.151287
v  8.366950 170.061054 -5.151287
v  8.366950 170.061054 -5.151287
v  8.366950 170.061054 -5.151287
v  -8.366950 170.061054 -5.151287
v  -8.366950 170.061054 -5.151287
v  -8.366950 170.061054 -5.151287
v  -8.366950 170.061054 -5.151287
v  -8.986421 165.685624 -7.712677
v  -8.986421 165.685624 -7.712677
v  -9.621815 161.112580 -9.901878
v  -9.621815 161.112580 -9.901878
v  -10.268811 156.373047 -11.703917
v  -10.268811 156.373047 -11.703917
v  -10.923003 151.499178 -13.106357
v  -10.923003 151.499178 -13.106357
v  -10.923003 151.499178 -13.106357
v  -10.980707 150.919005 -13.244471
v  -10.980707 150.919005 -13.244471
v  11.994671 150.436728 -12.330515
v  11.994671 150.436728 -12.330515
v  11.978589 150.756370 -12.258052
v  11.978589 150.756370 -12.258052
v  11.951850 151.074295 -12.184517
v  11.951850 151.074295 -12.184517
v  11.914449 151.390973 -12.109802
v  11.914449 151.390973 -12.109802
v  11.914449 151.390973 -12.109802
v  11.914449 151.390973 -12.109802
v  11.621817 151.519774 -12.802181
v  11.621817 151.519774 -12.802181
v  11.621817 151.519774 -12.802181
v  10.746148 157.955227 -10.847983
v  9.885872 164.134713 -8.194542
v  9.047649 169.984192 -4.877096
v  9.047649 169.984192 -4.877096
v  9.047649 169.984192 -4.877096
v  9.001313 170.001481 -4.915145
v  9.001313 170.001481 -4.915145
v  8.852820 170.041818 -5.011509
v  8.852820 170.041818 -5.011509
v  8.852820 170.041818 -5.011509
v  8.688991 170.064433 -5.084845
v  8.688991 170.064433 -5.084845
v  10.613767 160.843195 -8.959535
v  10.613767 160.843195 -8.959535
v  9.358395 169.648556 -4.285142
v  9.358395 169.648556 -4.285142
v  9.358395 169.648556 -4.285142
v  9.358395 169.648556 -4.285142
v  11.914449 149.922276 -4.554012
v  11.914449 149.922276 -4.554012
v  11.914449 149.922276 -4.554012
v  9.358395 168.980720 -0.849426
v  9.358395 168.980720 -0.849426
v  9.358395 168.980720 -0.849426
v  11.994646 148.962175 -4.740637
v  11.994646 148.962175 -4.740637
v  11.978589 149.283010 -4.678273
v  11.978589 149.283010 -4.678273
v  11.951847 149.603158 -4.616043
v  11.951847 149.603158 -4.616043
v  -12.000000 122.716114 -9.842355
v  -12.000000 122.716114 -9.842355
v  -12.000000 122.716114 -9.842355
v  -12.000000 148.640995 -4.803068
v  -12.000000 148.640995 -4.803068
v  -12.000000 148.640995 -4.803068
v  -11.994646 148.962175 -4.740637
v  -11.994646 148.962175 -4.740637
v  -11.978589 149.283010 -4.678273
v  -11.978589 149.283010 -4.678273
v  -11.951847 149.603158 -4.616043
v  -11.951847 149.603158 -4.616043
v  -11.914449 149.922276 -4.554013
v  -11.914449 149.922276 -4.554013
v  -11.914449 149.922276 -4.554013
v  -9.358395 168.980720 -0.849426
v  -9.358395 168.980720 -0.849426
v  -9.358395 168.980720 -0.849426
v  -9.248799 169.315290 -0.784392
v  -9.248799 169.315290 -0.784392
v  -9.026296 169.590618 -0.730874
v  -9.026296 169.590618 -0.730874
v  -8.719171 169.771228 -0.695767
v  -8.719171 169.771228 -0.695767
v  -8.366950 169.834219 -0.683523
v  -8.366950 169.834219 -0.683523
v  -8.366950 169.834219 -0.683523
v  8.366950 169.834219 -0.683523
v  8.366950 169.834219 -0.683523
v  8.366950 169.834219 -0.683523
v  8.719171 169.771228 -0.695767
v  8.719171 169.771228 -0.695767
v  9.026296 169.590618 -0.730874
v  9.026296 169.590618 -0.730874
v  9.248799 169.315290 -0.784392
v  9.248799 169.315290 -0.784392
v  11.923773 122.340505 -9.915366
v  11.923773 122.340505 -9.915366
v  11.707107 122.021999 -9.977277
v  11.707107 122.021999 -9.977277
v  11.382639 121.809314 -10.018619
v  11.382639 121.809314 -10.018619
v  11.000000 121.734487 -10.033164
v  11.000000 121.734487 -10.033164
v  11.000000 121.734487 -10.033164
v  -11.000000 121.734487 -10.033164
v  -11.000000 121.734487 -10.033164
v  -11.000000 121.734487 -10.033164
v  -11.382639 121.809314 -10.018619
v  -11.382639 121.809314 -10.018619
v  -11.707107 122.021999 -9.977277
v  -11.707107 122.021999 -9.977277
v  -11.923773 122.340505 -9.915366
v  -11.923773 122.340505 -9.915366
v  11.000000 122.912440 -9.804193
v  11.000000 122.912440 -9.804193
v  11.000000 122.912440 -9.804193
v  11.000000 149.220048 -4.690512
v  11.000000 149.220048 -4.690512
v  11.000000 149.220048 -4.690512
v  8.424184 168.425842 -0.957284
v  8.424184 168.425842 -0.957284
v  8.424184 168.425842 -0.957284
v  8.369387 168.593128 -0.924767
v  8.369387 168.593128 -0.924767
v  8.258135 168.730792 -0.898007
v  8.258135 168.730792 -0.898007
v  8.104572 168.821096 -0.880454
v  8.104572 168.821096 -0.880454
v  7.928462 168.852592 -0.874332
v  7.928462 168.852592 -0.874332
v  7.928462 168.852592 -0.874332
v  -7.928462 168.852592 -0.874332
v  -7.928462 168.852592 -0.874332
v  -7.928462 168.852592 -0.874332
v  -8.104572 168.821096 -0.880454
v  -8.104572 168.821096 -0.880454
v  -8.258135 168.730792 -0.898007
v  -8.258135 168.730792 -0.898007
v  -8.369387 168.593128 -0.924767
v  -8.369387 168.593128 -0.924767
v  -8.424184 168.425842 -0.957284
v  -8.424184 168.425842 -0.957284
v  -8.424184 168.425842 -0.957284
v  -11.000000 149.220048 -4.690512
v  -11.000000 149.220048 -4.690512
v  -11.000000 149.220048 -4.690512
v  -11.000000 122.912440 -9.804193
v  -11.000000 122.912440 -9.804193
v  -11.000000 122.912440 -9.804193
v  -10.984755 122.837318 -9.818795
v  -10.984755 122.837318 -9.818795
v  -10.941421 122.773617 -9.831177
v  -10.941421 122.773617 -9.831177
v  -10.876528 122.731080 -9.839446
v  -10.876528 122.731080 -9.839446
v  -10.800000 122.716114 -9.842355
v  -10.800000 122.716114 -9.842355
v  -10.800000 122.716114 -9.842355
v  10.800000 122.716114 -9.842355
v  10.800000 122.716114 -9.842355
v  10.800000 122.716114 -9.842355
v  10.876528 122.731080 -9.839446
v  10.876528 122.731080 -9.839446
v  10.941421 122.773617 -9.831177
v  10.941421 122.773617 -9.831177
v  10.984755 122.837318 -9.818795
v  10.984755 122.837318 -9.818795
v  -11.000000 122.507264 -14.008754
v  -11.000000 122.507264 -14.008754
v  -11.000000 122.507264 -14.008754
v  -11.000000 122.507264 -14.008754
v  -11.373408 122.578267 -13.994952
v  -11.373408 122.578267 -13.994952
v  -11.393578 122.586489 -13.993354
v  -11.393578 122.586489 -13.993354
v  -11.393578 122.586489 -13.993354
v  -11.707107 122.794776 -13.952867
v  -11.707107 122.794776 -13.952867
v  -11.923735 123.112896 -13.891031
v  -11.923735 123.112896 -13.891031
v  -12.000000 123.488891 -13.817945
v  -12.000000 123.488891 -13.817945
v  -12.000000 123.488891 -13.817945
v  -12.000000 123.488891 -13.817945
v  11.000000 122.507264 -14.008754
v  11.000000 122.507264 -14.008754
v  11.000000 122.507264 -14.008754
v  11.000000 122.507264 -14.008754
v  11.923735 123.112896 -13.891031
v  11.923735 123.112896 -13.891031
v  11.707107 122.794776 -13.952867
v  11.707107 122.794776 -13.952867
v  11.393577 122.586489 -13.993354
v  11.393577 122.586489 -13.993354
v  11.393577 122.586489 -13.993354
v  11.373407 122.578267 -13.994952
v  11.373407 122.578267 -13.994952
v  11.669471 123.214750 -14.508347
v  11.669471 122.863481 -14.218784
v  11.000000 123.150974 -14.759121
v  11.000000 123.150974 -14.759121
v  11.000000 122.852813 -14.589569
v  11.000000 122.852813 -14.589569
v  11.000000 122.852813 -14.589569
v  11.000000 122.629484 -14.329238
v  11.000000 122.629484 -14.329238
v  -11.000000 122.852813 -14.589569
v  -11.000000 122.852813 -14.589569
v  -11.000000 122.852813 -14.589569
v  -11.000000 122.629484 -14.329238
v  -11.000000 122.629484 -14.329238
v  -11.000000 123.150974 -14.759121
v  -11.000000 123.150974 -14.759121
v  -11.373407 123.488891 -14.745612
v  -11.373407 123.488891 -14.745612
v  -11.393577 123.488891 -14.737236
v  -11.393577 123.488891 -14.737236
v  -11.393577 123.488891 -14.737236
v  -11.669471 123.214750 -14.508348
v  -11.669471 122.863481 -14.218784
v  -11.707107 123.488891 -14.525052
v  -11.707107 123.488891 -14.525052
v  -11.923735 123.488891 -14.200977
v  -11.923735 123.488891 -14.200977
v  -11.914449 151.390973 -12.109802
v  -11.914449 151.390973 -12.109802
v  -11.914449 151.390973 -12.109802
v  -11.914449 151.390973 -12.109802
v  -11.994647 150.437445 -12.330354
v  -11.994647 150.437445 -12.330354
v  -11.978589 150.756370 -12.258052
v  -11.978589 150.756370 -12.258052
v  -11.951750 151.075283 -12.184286
v  -11.951750 151.075283 -12.184286
v  -11.621817 151.519774 -12.802181
v  -11.621817 151.519774 -12.802181
v  -11.621817 151.519774 -12.802181
v  -8.688980 170.064434 -5.084849
v  -8.688980 170.064434 -5.084849
v  -8.852822 170.041818 -5.011509
v  -8.852822 170.041818 -5.011509
v  -8.852822 170.041818 -5.011509
v  -9.001288 170.001490 -4.915164
v  -9.001288 170.001490 -4.915164
v  -9.047644 169.984194 -4.877101
v  -9.047644 169.984194 -4.877101
v  -9.047644 169.984194 -4.877101
v  -9.885872 164.134713 -8.194542
v  -10.746148 157.955227 -10.847983
v  -9.358394 169.648559 -4.285140
v  -9.358394 169.648559 -4.285140
v  -9.358394 169.648559 -4.285140
v  -9.358394 169.648559 -4.285140
v  -10.613767 160.843195 -8.959535
v  -10.613767 160.843195 -8.959535
v  -8.366950 170.439993 -4.702953
v  -8.366950 170.439993 -4.702953
v  -8.366950 170.439993 -4.702953
v  -8.366950 170.514820 -4.415742
v  -8.366950 170.514820 -4.415742
v  -8.366950 170.502051 -4.119218
v  -8.366950 170.502051 -4.119218
v  -8.366950 170.502051 -4.119218
v  -8.366950 170.502051 -4.119218
v  -8.701613 170.445448 -4.130220
v  -8.701613 170.445448 -4.130220
v  -8.784828 170.412235 -4.136676
v  -8.784828 170.412235 -4.136676
v  -8.784828 170.412235 -4.136676
v  -8.994773 170.294327 -4.393161
v  -9.020905 170.151692 -4.726972
v  -8.366950 170.284163 -4.955552
v  -8.366950 170.284163 -4.955552
v  -9.026296 170.258450 -4.166569
v  -9.026296 170.258450 -4.166569
v  -9.248587 169.983681 -4.219979
v  -9.248587 169.983681 -4.219979
v  8.366950 170.439993 -4.702953
v  8.366950 170.439993 -4.702953
v  8.366950 170.439993 -4.702953
v  8.366950 170.514820 -4.415742
v  8.366950 170.514820 -4.415742
v  8.366950 170.502051 -4.119218
v  8.366950 170.502051 -4.119218
v  8.366950 170.502051 -4.119218
v  8.366950 170.502051 -4.119218
v  8.366950 170.284163 -4.955552
v  8.366950 170.284163 -4.955552
v  9.020904 170.151691 -4.726975
v  8.994774 170.294326 -4.393163
v  8.784829 170.412234 -4.136677
v  8.784829 170.412234 -4.136677
v  8.784829 170.412234 -4.136677
v  8.701614 170.445448 -4.130221
v  8.701614 170.445448 -4.130221
v  9.026296 170.258450 -4.166569
v  9.026296 170.258450 -4.166569
v  9.248587 169.983681 -4.219979
v  9.248587 169.983681 -4.219979
v  11.000000 139.122917 -13.799726
v  11.000000 139.122917 -13.799726
v  11.000000 139.122917 -13.799726
v  11.000000 144.945433 -13.316966
v  11.000000 144.945433 -13.316966
v  11.000000 150.693401 -12.270252
v  11.000000 150.693401 -12.270252
v  11.000000 150.693401 -12.270252
v  11.000000 123.692634 -13.817945
v  11.000000 123.692634 -13.817945
v  11.000000 123.692634 -13.817945
v  11.000000 138.051738 -13.817945
v  11.000000 138.051738 -13.817945
v  11.000000 138.051738 -13.817945
v  11.000000 138.319581 -13.816806
v  11.000000 138.319581 -13.816806
v  11.000000 138.587405 -13.813390
v  11.000000 138.587405 -13.813390
v  11.000000 138.855190 -13.807696
v  11.000000 138.855190 -13.807696
v  -11.000000 138.051738 -13.817945
v  -11.000000 138.051738 -13.817945
v  -11.000000 138.051738 -13.817945
v  -11.000000 138.319581 -13.816806
v  -11.000000 138.319581 -13.816806
v  -11.000000 138.587405 -13.813390
v  -11.000000 138.587405 -13.813390
v  -11.000000 138.855190 -13.807696
v  -11.000000 138.855190 -13.807696
v  -11.000000 139.122917 -13.799726
v  -11.000000 139.122917 -13.799726
v  -11.000000 139.122917 -13.799726
v  10.985322 123.614338 -13.817945
v  10.985322 123.614338 -13.817945
v  10.941421 123.548566 -13.817945
v  10.941421 123.548566 -13.817945
v  10.876695 123.503775 -13.817945
v  10.876695 123.503775 -13.817945
v  10.800000 123.488891 -13.817945
v  10.800000 123.488891 -13.817945
v  10.800000 123.488891 -13.817945
v  -10.800000 123.488891 -13.817945
v  -10.800000 123.488891 -13.817945
v  -10.800000 123.488891 -13.817945
v  -10.876695 123.503775 -13.817945
v  -10.876695 123.503775 -13.817945
v  -10.941421 123.548566 -13.817945
v  -10.941421 123.548566 -13.817945
v  -10.985322 123.614338 -13.817945
v  -10.985322 123.614338 -13.817945
v  -11.000000 123.692634 -13.817945
v  -11.000000 123.692634 -13.817945
v  -11.000000 123.692634 -13.817945
v  -11.000000 150.693401 -12.270252
v  -11.000000 150.693401 -12.270252
v  -11.000000 150.693401 -12.270252
v  -11.000000 144.945433 -13.316966
v  -11.000000 144.945433 -13.316966
v  -8.424184 169.126355 -4.561110
v  -8.424184 169.126355 -4.561110
v  -8.424184 169.126355 -4.561110
v  -9.689605 160.233996 -9.187944
v  -9.689605 160.233996 -9.187944
v  -8.258153 169.408012 -4.382089
v  -8.258153 169.408012 -4.382089
v  -8.367765 169.282893 -4.461887
v  -8.367765 169.282893 -4.461887
v  -7.928462 169.520424 -4.310027
v  -7.928462 169.520424 -4.310027
v  -7.928462 169.520424 -4.310027
v  -8.101551 169.491586 -4.328548
v  -8.101551 169.491586 -4.328548
v  7.928462 169.520424 -4.310027
v  7.928462 169.520424 -4.310027
v  7.928462 169.520424 -4.310027
v  8.103527 169.491769 -4.328481
v  8.103527 169.491769 -4.328481
v  8.258131 169.408030 -4.382079
v  8.258131 169.408030 -4.382079
v  8.368970 169.281706 -4.462666
v  8.368970 169.281706 -4.462666
v  8.424184 169.126355 -4.561110
v  8.424184 169.126355 -4.561110
v  8.424184 169.126355 -4.561110
v  9.689605 160.233995 -9.187945
v  9.689605 160.233995 -9.187945

vt  0.023345 0.026113 0.000000
vt  0.023345 0.026113 0.000000
vt  0.023345 0.026113 0.000000
vt  0.023345 0.026113 0.000000
vt  0.021977 0.021478 0.000000
vt  0.021977 0.021478 0.000000
vt  0.020550 0.017512 0.000000
vt  0.020550 0.017512 0.000000
vt  0.020550 0.017512 0.000000
vt  0.017061 0.018453 0.000000
vt  0.014494 0.020972 0.000000
vt  0.013535 0.024397 0.000000
vt  0.013535 0.024397 0.000000
vt  0.013535 0.024397 0.000000
vt  0.016536 0.032616 0.000000
vt  0.016536 0.032616 0.000000
vt  0.016536 0.032616 0.000000
vt  0.018571 0.028037 0.000000
vt  0.018571 0.028037 0.000000
vt  0.017510 0.011761 0.000000
vt  0.017510 0.011761 0.000000
vt  0.017510 0.011761 0.000000
vt  0.017510 0.011761 0.000000
vt  0.014740 0.012332 0.000000
vt  0.014740 0.012332 0.000000
vt  0.012393 0.013909 0.000000
vt  0.012393 0.013909 0.000000
vt  0.010826 0.016252 0.000000
vt  0.010826 0.016252 0.000000
vt  0.010275 0.019006 0.000000
vt  0.010275 0.019006 0.000000
vt  0.010275 0.019006 0.000000
vt  0.019061 0.014257 0.000000
vt  0.019061 0.014257 0.000000
vt  0.016698 0.033169 0.000000
vt  0.016698 0.033169 0.000000
vt  0.016861 0.033725 0.000000
vt  0.016861 0.033725 0.000000
vt  0.017288 0.035231 0.000000
vt  0.017288 0.035231 0.000000
vt  0.017709 0.036794 0.000000
vt  0.017709 0.036794 0.000000
vt  0.017709 0.036794 0.000000
vt  0.017709 0.036794 0.000000
vt  0.019721 0.032324 0.000000
vt  0.019721 0.032324 0.000000
vt  0.024437 0.030442 0.000000
vt  0.024437 0.030442 0.000000
vt  0.024437 0.030442 0.000000
vt  0.023896 0.028226 0.000000
vt  0.023896 0.028226 0.000000
vt  0.000606 0.008042 0.000000
vt  0.000606 0.008042 0.000000
vt  0.000606 0.008042 0.000000
vt  0.000606 0.008042 0.000000
vt  0.000000 0.039302 0.000000
vt  0.000000 0.039302 0.000000
vt  0.000000 0.039302 0.000000
vt  0.016920 0.086759 0.000000
vt  0.016920 0.086759 0.000000
vt  0.016920 0.086759 0.000000
vt  0.008634 0.000000 0.000000
vt  0.008634 0.000000 0.000000
vt  0.008634 0.000000 0.000000
vt  0.008634 0.000000 0.000000
vt  0.005635 0.000607 0.000000
vt  0.005635 0.000607 0.000000
vt  0.005473 0.000675 0.000000
vt  0.005473 0.000675 0.000000
vt  0.005473 0.000675 0.000000
vt  0.002956 0.002390 0.000000
vt  0.002956 0.002390 0.000000
vt  0.001218 0.004987 0.000000
vt  0.001218 0.004987 0.000000
vt  0.177444 0.011761 0.000000
vt  0.177444 0.011761 0.000000
vt  0.177444 0.011761 0.000000
vt  0.177444 0.011761 0.000000
vt  0.186319 0.000000 0.000000
vt  0.186319 0.000000 0.000000
vt  0.186319 0.000000 0.000000
vt  0.186319 0.000000 0.000000
vt  0.174404 0.017512 0.000000
vt  0.174404 0.017512 0.000000
vt  0.174404 0.017512 0.000000
vt  0.175893 0.014257 0.000000
vt  0.175893 0.014257 0.000000
vt  0.171609 0.026113 0.000000
vt  0.171609 0.026113 0.000000
vt  0.171609 0.026113 0.000000
vt  0.171609 0.026113 0.000000
vt  0.172976 0.021478 0.000000
vt  0.172976 0.021478 0.000000
vt  0.178418 0.032616 0.000000
vt  0.178418 0.032616 0.000000
vt  0.178418 0.032616 0.000000
vt  0.181419 0.024397 0.000000
vt  0.181419 0.024397 0.000000
vt  0.181419 0.024397 0.000000
vt  0.180460 0.020972 0.000000
vt  0.177893 0.018453 0.000000
vt  0.176383 0.028037 0.000000
vt  0.176383 0.028037 0.000000
vt  0.184678 0.019006 0.000000
vt  0.184678 0.019006 0.000000
vt  0.184678 0.019006 0.000000
vt  0.184128 0.016252 0.000000
vt  0.184128 0.016252 0.000000
vt  0.182560 0.013909 0.000000
vt  0.182560 0.013909 0.000000
vt  0.180213 0.012332 0.000000
vt  0.180213 0.012332 0.000000
vt  0.171057 0.028226 0.000000
vt  0.171057 0.028226 0.000000
vt  0.170516 0.030442 0.000000
vt  0.170516 0.030442 0.000000
vt  0.170516 0.030442 0.000000
vt  0.175233 0.032324 0.000000
vt  0.175233 0.032324 0.000000
vt  0.177244 0.036794 0.000000
vt  0.177244 0.036794 0.000000
vt  0.177244 0.036794 0.000000
vt  0.177244 0.036794 0.000000
vt  0.177666 0.035231 0.000000
vt  0.177666 0.035231 0.000000
vt  0.178093 0.033725 0.000000
vt  0.178093 0.033725 0.000000
vt  0.178255 0.033169 0.000000
vt  0.178255 0.033169 0.000000
vt  0.024846 0.031652 0.000000
vt  0.024846 0.031652 0.000000
vt  0.025502 0.032883 0.000000
vt  0.025502 0.032883 0.000000
vt  0.025502 0.032883 0.000000
vt  0.031902 0.044410 0.000000
vt  0.031902 0.044410 0.000000
vt  0.037827 0.057683 0.000000
vt  0.037827 0.057683 0.000000
vt  0.043292 0.072508 0.000000
vt  0.043292 0.072508 0.000000
vt  0.048317 0.088712 0.000000
vt  0.048317 0.088712 0.000000
vt  0.048317 0.088712 0.000000
vt  0.048317 0.088712 0.000000
vt  0.146637 0.088712 0.000000
vt  0.146637 0.088712 0.000000
vt  0.146637 0.088712 0.000000
vt  0.146637 0.088712 0.000000
vt  0.151661 0.072508 0.000000
vt  0.151661 0.072508 0.000000
vt  0.157127 0.057683 0.000000
vt  0.157127 0.057683 0.000000
vt  0.163051 0.044410 0.000000
vt  0.163051 0.044410 0.000000
vt  0.169452 0.032883 0.000000
vt  0.169452 0.032883 0.000000
vt  0.169452 0.032883 0.000000
vt  0.170108 0.031652 0.000000
vt  0.170108 0.031652 0.000000
vt  0.017913 0.037432 0.000000
vt  0.017913 0.037432 0.000000
vt  0.018187 0.038079 0.000000
vt  0.018187 0.038079 0.000000
vt  0.018529 0.038728 0.000000
vt  0.018529 0.038728 0.000000
vt  0.018939 0.039381 0.000000
vt  0.018939 0.039381 0.000000
vt  0.018939 0.039381 0.000000
vt  0.018939 0.039381 0.000000
vt  0.020925 0.034911 0.000000
vt  0.020925 0.034911 0.000000
vt  0.020925 0.034911 0.000000
vt  0.029549 0.050544 0.000000
vt  0.037319 0.069162 0.000000
vt  0.044301 0.090314 0.000000
vt  0.044301 0.090314 0.000000
vt  0.044301 0.090314 0.000000
vt  0.044578 0.090093 0.000000
vt  0.044578 0.090093 0.000000
vt  0.045461 0.089533 0.000000
vt  0.045461 0.089533 0.000000
vt  0.045461 0.089533 0.000000
vt  0.046429 0.089105 0.000000
vt  0.046429 0.089105 0.000000
vt  0.031584 0.063431 0.000000
vt  0.031584 0.063431 0.000000
vt  0.042369 0.093741 0.000000
vt  0.042369 0.093741 0.000000
vt  0.042369 0.093741 0.000000
vt  0.042369 0.093741 0.000000
vt  0.018173 0.088686 0.000000
vt  0.018173 0.088686 0.000000
vt  0.018173 0.088686 0.000000
vt  0.042152 0.113938 0.000000
vt  0.042152 0.113938 0.000000
vt  0.042152 0.113938 0.000000
vt  0.017129 0.087245 0.000000
vt  0.017129 0.087245 0.000000
vt  0.017408 0.087729 0.000000
vt  0.017408 0.087729 0.000000
vt  0.017756 0.088209 0.000000
vt  0.017756 0.088209 0.000000
vt  0.194954 0.039302 0.000000
vt  0.194954 0.039302 0.000000
vt  0.194954 0.039302 0.000000
vt  0.178033 0.086759 0.000000
vt  0.178033 0.086759 0.000000
vt  0.178033 0.086759 0.000000
vt  0.177825 0.087245 0.000000
vt  0.177825 0.087245 0.000000
vt  0.177546 0.087729 0.000000
vt  0.177546 0.087729 0.000000
vt  0.177198 0.088209 0.000000
vt  0.177198 0.088209 0.000000
vt  0.176781 0.088686 0.000000
vt  0.176781 0.088686 0.000000
vt  0.176781 0.088686 0.000000
vt  0.152802 0.113938 0.000000
vt  0.152802 0.113938 0.000000
vt  0.152802 0.113938 0.000000
vt  0.152047 0.114331 0.000000
vt  0.152047 0.114331 0.000000
vt  0.150651 0.114653 0.000000
vt  0.150651 0.114653 0.000000
vt  0.148790 0.114864 0.000000
vt  0.148790 0.114864 0.000000
vt  0.146702 0.114937 0.000000
vt  0.146702 0.114937 0.000000
vt  0.146702 0.114937 0.000000
vt  0.048251 0.114937 0.000000
vt  0.048251 0.114937 0.000000
vt  0.048251 0.114937 0.000000
vt  0.046163 0.114864 0.000000
vt  0.046163 0.114864 0.000000
vt  0.044303 0.114653 0.000000
vt  0.044303 0.114653 0.000000
vt  0.042906 0.114331 0.000000
vt  0.042906 0.114331 0.000000
vt  0.000320 0.038466 0.000000
vt  0.000320 0.038466 0.000000
vt  0.001827 0.037743 0.000000
vt  0.001827 0.037743 0.000000
vt  0.004301 0.037247 0.000000
vt  0.004301 0.037247 0.000000
vt  0.007361 0.037056 0.000000
vt  0.007361 0.037056 0.000000
vt  0.007361 0.037056 0.000000
vt  0.187593 0.037056 0.000000
vt  0.187593 0.037056 0.000000
vt  0.187593 0.037056 0.000000
vt  0.190653 0.037247 0.000000
vt  0.190653 0.037247 0.000000
vt  0.193127 0.037743 0.000000
vt  0.193127 0.037743 0.000000
vt  0.194634 0.038466 0.000000
vt  0.194634 0.038466 0.000000
vt  0.008220 0.039675 0.000000
vt  0.008220 0.039675 0.000000
vt  0.008220 0.039675 0.000000
vt  0.023893 0.087618 0.000000
vt  0.023893 0.087618 0.000000
vt  0.023893 0.087618 0.000000
vt  0.047501 0.113280 0.000000
vt  0.047501 0.113280 0.000000
vt  0.047501 0.113280 0.000000
vt  0.047875 0.113478 0.000000
vt  0.047875 0.113478 0.000000
vt  0.048573 0.113641 0.000000
vt  0.048573 0.113641 0.000000
vt  0.049507 0.113747 0.000000
vt  0.049507 0.113747 0.000000
vt  0.050556 0.113784 0.000000
vt  0.050556 0.113784 0.000000
vt  0.050556 0.113784 0.000000
vt  0.144397 0.113784 0.000000
vt  0.144397 0.113784 0.000000
vt  0.144397 0.113784 0.000000
vt  0.145447 0.113747 0.000000
vt  0.145447 0.113747 0.000000
vt  0.146380 0.113641 0.000000
vt  0.146380 0.113641 0.000000
vt  0.147079 0.113478 0.000000
vt  0.147079 0.113478 0.000000
vt  0.147452 0.113280 0.000000
vt  0.147452 0.113280 0.000000
vt  0.147452 0.113280 0.000000
vt  0.171060 0.087618 0.000000
vt  0.171060 0.087618 0.000000
vt  0.171060 0.087618 0.000000
vt  0.186734 0.039675 0.000000
vt  0.186734 0.039675 0.000000
vt  0.186734 0.039675 0.000000
vt  0.186665 0.039509 0.000000
vt  0.186665 0.039509 0.000000
vt  0.186361 0.039366 0.000000
vt  0.186361 0.039366 0.000000
vt  0.185867 0.039268 0.000000
vt  0.185867 0.039268 0.000000
vt  0.185259 0.039231 0.000000
vt  0.185259 0.039231 0.000000
vt  0.185259 0.039231 0.000000
vt  0.009695 0.039231 0.000000
vt  0.009695 0.039231 0.000000
vt  0.009695 0.039231 0.000000
vt  0.009087 0.039268 0.000000
vt  0.009087 0.039268 0.000000
vt  0.008593 0.039366 0.000000
vt  0.008593 0.039366 0.000000
vt  0.008289 0.039509 0.000000
vt  0.008289 0.039509 0.000000
vt  0.187027 0.005553 0.000000
vt  0.187027 0.005553 0.000000
vt  0.187027 0.005553 0.000000
vt  0.187027 0.005553 0.000000
vt  0.189997 0.005759 0.000000
vt  0.189997 0.005759 0.000000
vt  0.190154 0.005781 0.000000
vt  0.190154 0.005781 0.000000
vt  0.190154 0.005781 0.000000
vt  0.192528 0.006321 0.000000
vt  0.192528 0.006321 0.000000
vt  0.194028 0.007119 0.000000
vt  0.194028 0.007119 0.000000
vt  0.194347 0.008042 0.000000
vt  0.194347 0.008042 0.000000
vt  0.194347 0.008042 0.000000
vt  0.194347 0.008042 0.000000
vt  0.007926 0.005553 0.000000
vt  0.007926 0.005553 0.000000
vt  0.007926 0.005553 0.000000
vt  0.007926 0.005553 0.000000
vt  0.000926 0.007119 0.000000
vt  0.000926 0.007119 0.000000
vt  0.002425 0.006321 0.000000
vt  0.002425 0.006321 0.000000
vt  0.004800 0.005781 0.000000
vt  0.004800 0.005781 0.000000
vt  0.004800 0.005781 0.000000
vt  0.004957 0.005759 0.000000
vt  0.004957 0.005759 0.000000
vt  0.003050 0.002265 0.000000
vt  0.002782 0.004252 0.000000
vt  0.008392 0.000148 0.000000
vt  0.008392 0.000148 0.000000
vt  0.008177 0.001220 0.000000
vt  0.008177 0.001220 0.000000
vt  0.008177 0.001220 0.000000
vt  0.008015 0.003095 0.000000
vt  0.008015 0.003095 0.000000
vt  0.186777 0.001220 0.000000
vt  0.186777 0.001220 0.000000
vt  0.186777 0.001220 0.000000
vt  0.186938 0.003095 0.000000
vt  0.186938 0.003095 0.000000
vt  0.186562 0.000148 0.000000
vt  0.186562 0.000148 0.000000
vt  0.189318 0.000607 0.000000
vt  0.189318 0.000607 0.000000
vt  0.189480 0.000675 0.000000
vt  0.189480 0.000675 0.000000
vt  0.189480 0.000675 0.000000
vt  0.191903 0.002265 0.000000
vt  0.192172 0.004252 0.000000
vt  0.191997 0.002390 0.000000
vt  0.191997 0.002390 0.000000
vt  0.193735 0.004987 0.000000
vt  0.193735 0.004987 0.000000
vt  0.176015 0.039381 0.000000
vt  0.176015 0.039381 0.000000
vt  0.176015 0.039381 0.000000
vt  0.176015 0.039381 0.000000
vt  0.177040 0.037434 0.000000
vt  0.177040 0.037434 0.000000
vt  0.176767 0.038079 0.000000
vt  0.176767 0.038079 0.000000
vt  0.176424 0.038730 0.000000
vt  0.176424 0.038730 0.000000
vt  0.174029 0.034911 0.000000
vt  0.174029 0.034911 0.000000
vt  0.174029 0.034911 0.000000
vt  0.148525 0.089105 0.000000
vt  0.148525 0.089105 0.000000
vt  0.149492 0.089533 0.000000
vt  0.149492 0.089533 0.000000
vt  0.149492 0.089533 0.000000
vt  0.150376 0.090093 0.000000
vt  0.150376 0.090093 0.000000
vt  0.150653 0.090314 0.000000
vt  0.150653 0.090314 0.000000
vt  0.150653 0.090314 0.000000
vt  0.157634 0.069162 0.000000
vt  0.165405 0.050544 0.000000
vt  0.152584 0.093741 0.000000
vt  0.152584 0.093741 0.000000
vt  0.152584 0.093741 0.000000
vt  0.152584 0.093741 0.000000
vt  0.163370 0.063431 0.000000
vt  0.163370 0.063431 0.000000
vt  0.146528 0.091404 0.000000
vt  0.146528 0.091404 0.000000
vt  0.146528 0.091404 0.000000
vt  0.146506 0.093097 0.000000
vt  0.146506 0.093097 0.000000
vt  0.146510 0.094831 0.000000
vt  0.146510 0.094831 0.000000
vt  0.146510 0.094831 0.000000
vt  0.146510 0.094831 0.000000
vt  0.148485 0.094761 0.000000
vt  0.148485 0.094761 0.000000
vt  0.148982 0.094719 0.000000
vt  0.148982 0.094719 0.000000
vt  0.148982 0.094719 0.000000
vt  0.150247 0.093201 0.000000
vt  0.150444 0.091222 0.000000
vt  0.146572 0.089898 0.000000
vt  0.146572 0.089898 0.000000
vt  0.150442 0.094524 0.000000
vt  0.150442 0.094524 0.000000
vt  0.151832 0.094173 0.000000
vt  0.151832 0.094173 0.000000
vt  0.048426 0.091404 0.000000
vt  0.048426 0.091404 0.000000
vt  0.048426 0.091404 0.000000
vt  0.048447 0.093097 0.000000
vt  0.048447 0.093097 0.000000
vt  0.048444 0.094831 0.000000
vt  0.048444 0.094831 0.000000
vt  0.048444 0.094831 0.000000
vt  0.048444 0.094831 0.000000
vt  0.048381 0.089898 0.000000
vt  0.048381 0.089898 0.000000
vt  0.044510 0.091222 0.000000
vt  0.044707 0.093201 0.000000
vt  0.045972 0.094719 0.000000
vt  0.045972 0.094719 0.000000
vt  0.045972 0.094719 0.000000
vt  0.046469 0.094761 0.000000
vt  0.046469 0.094761 0.000000
vt  0.044511 0.094524 0.000000
vt  0.044511 0.094524 0.000000
vt  0.043122 0.094173 0.000000
vt  0.043122 0.094173 0.000000
vt  0.018574 0.020395 0.000000
vt  0.018574 0.020395 0.000000
vt  0.018574 0.020395 0.000000
vt  0.021731 0.027599 0.000000
vt  0.021731 0.027599 0.000000
vt  0.024610 0.037925 0.000000
vt  0.024610 0.037925 0.000000
vt  0.024610 0.037925 0.000000
vt  0.008780 0.008140 0.000000
vt  0.008780 0.008140 0.000000
vt  0.008780 0.008140 0.000000
vt  0.017964 0.019509 0.000000
vt  0.017964 0.019509 0.000000
vt  0.017964 0.019509 0.000000
vt  0.018118 0.019708 0.000000
vt  0.018118 0.019708 0.000000
vt  0.018271 0.019921 0.000000
vt  0.018271 0.019921 0.000000
vt  0.018423 0.020150 0.000000
vt  0.018423 0.020150 0.000000
vt  0.176989 0.019509 0.000000
vt  0.176989 0.019509 0.000000
vt  0.176989 0.019509 0.000000
vt  0.176836 0.019708 0.000000
vt  0.176836 0.019708 0.000000
vt  0.176683 0.019921 0.000000
vt  0.176683 0.019921 0.000000
vt  0.176531 0.020150 0.000000
vt  0.176531 0.020150 0.000000
vt  0.176379 0.020395 0.000000
vt  0.176379 0.020395 0.000000
vt  0.176379 0.020395 0.000000
vt  0.008842 0.008069 0.000000
vt  0.008842 0.008069 0.000000
vt  0.009148 0.008008 0.000000
vt  0.009148 0.008008 0.000000
vt  0.009636 0.007963 0.000000
vt  0.009636 0.007963 0.000000
vt  0.010241 0.007944 0.000000
vt  0.010241 0.007944 0.000000
vt  0.010241 0.007944 0.000000
vt  0.184712 0.007944 0.000000
vt  0.184712 0.007944 0.000000
vt  0.184712 0.007944 0.000000
vt  0.185318 0.007963 0.000000
vt  0.185318 0.007963 0.000000
vt  0.185806 0.008008 0.000000
vt  0.185806 0.008008 0.000000
vt  0.186112 0.008069 0.000000
vt  0.186112 0.008069 0.000000
vt  0.186174 0.008140 0.000000
vt  0.186174 0.008140 0.000000
vt  0.186174 0.008140 0.000000
vt  0.170343 0.037925 0.000000
vt  0.170343 0.037925 0.000000
vt  0.170343 0.037925 0.000000
vt  0.173222 0.027599 0.000000
vt  0.173222 0.027599 0.000000
vt  0.147246 0.092028 0.000000
vt  0.147246 0.092028 0.000000
vt  0.147246 0.092028 0.000000
vt  0.157875 0.061783 0.000000
vt  0.157875 0.061783 0.000000
vt  0.146185 0.093126 0.000000
vt  0.146185 0.093126 0.000000
vt  0.146867 0.092637 0.000000
vt  0.146867 0.092637 0.000000
vt  0.144213 0.093565 0.000000
vt  0.144213 0.093565 0.000000
vt  0.144213 0.093565 0.000000
vt  0.145240 0.093453 0.000000
vt  0.145240 0.093453 0.000000
vt  0.050741 0.093565 0.000000
vt  0.050741 0.093565 0.000000
vt  0.050741 0.093565 0.000000
vt  0.049702 0.093453 0.000000
vt  0.049702 0.093453 0.000000
vt  0.048768 0.093126 0.000000
vt  0.048768 0.093126 0.000000
vt  0.048079 0.092632 0.000000
vt  0.048079 0.092632 0.000000
vt  0.047708 0.092028 0.000000
vt  0.047708 0.092028 0.000000
vt  0.047708 0.092028 0.000000
vt  0.037079 0.061783 0.000000
vt  0.037079 0.061783 0.000000

vn  0.000000 0.180817 -0.983517
vn  0.000000 0.180817 -0.983517
vn  0.000000 0.180817 -0.983517
vn  0.000000 0.180817 -0.983517
vn  0.000000 0.135941 -0.990717
vn  0.000000 0.135941 -0.990717
vn  0.000000 0.090783 -0.995871
vn  0.000000 0.090783 -0.995871
vn  0.000000 0.090783 -0.995871
vn  0.500000 0.078621 -0.862449
vn  0.866025 0.045392 -0.497935
vn  1.000000 0.000000 -0.000000
vn  1.000000 0.000000 -0.000000
vn  1.000000 0.000000 0.000000
vn  1.000000 0.000000 -0.000000
vn  1.000000 0.000000 -0.000000
vn  1.000000 0.000000 0.000000
vn  0.707107 0.127857 -0.695451
vn  0.707107 0.127857 -0.695451
vn  0.000000 -0.000000 -1.000000
vn  0.000000 -0.000000 -1.000000
vn  0.000000 0.000000 -1.000000
vn  0.000000 -0.000000 -1.000000
vn  0.382683 -0.000000 -0.923880
vn  0.382683 -0.000000 -0.923880
vn  0.707107 -0.000000 -0.707107
vn  0.707107 -0.000000 -0.707107
vn  0.923880 -0.000000 -0.382683
vn  0.923880 -0.000000 -0.382683
vn  1.000000 -0.000000 -0.000000
vn  1.000000 0.000000 0.000000
vn  1.000000 -0.000000 -0.000000
vn  0.000000 0.045439 -0.998967
vn  0.000000 0.045439 -0.998967
vn  1.000000 0.000000 -0.000000
vn  1.000000 0.000000 0.000000
vn  1.000000 -0.000000 0.000000
vn  1.000000 0.000000 0.000000
vn  1.000000 -0.000000 0.000000
vn  1.000000 0.000000 0.000000
vn  1.000000 -0.000000 0.000000
vn  1.000000 0.000000 0.000000
vn  1.000000 -0.000000 0.000001
vn  1.000000 -0.000000 -0.000000
vn  0.708079 0.153412 -0.689267
vn  0.707877 0.153456 -0.689465
vn  0.000000 0.217256 -0.976115
vn  0.000000 0.217255 -0.976115
vn  -0.000004 0.217256 -0.976115
vn  0.000000 0.199071 -0.979985
vn  0.000000 0.199071 -0.979985
vn  1.000000 0.000000 0.000000
vn  1.000000 -0.000000 -0.000000
vn  1.000000 -0.000000 -0.000000
vn  1.000000 0.000000 0.000000
vn  1.000000 0.000000 0.000000
vn  0.000000 -0.190809 0.981627
vn  1.000000 -0.000000 -0.000000
vn  1.000000 0.000000 0.000000
vn  1.000000 -0.000000 -0.000000
vn  0.000000 -0.190809 0.981627
vn  0.000000 -0.000000 -1.000000
vn  0.000000 0.000000 -1.000000
vn  0.000000 -0.000000 -1.000000
vn  0.000000 0.000000 -1.000000
vn  0.373408 -0.000000 -0.927667
vn  0.372811 0.000448 -0.927907
vn  0.394056 -0.000000 -0.919086
vn  0.391993 0.004332 -0.919958
vn  0.391993 0.004332 -0.919958
vn  0.707107 -0.000000 -0.707107
vn  0.707107 0.000000 -0.707107
vn  0.923735 -0.000000 -0.383032
vn  0.923738 -0.000118 -0.383026
vn  0.000000 0.000000 -1.000000
vn  0.000000 -0.000000 -1.000000
vn  0.000000 -0.000000 -1.000000
vn  0.000000 -0.000000 -1.000000
vn  0.000000 0.000000 -1.000000
vn  0.000000 0.000000 -1.000000
vn  -0.000000 0.000000 -1.000000
vn  0.000000 -0.000000 -1.000000
vn  0.000000 0.090783 -0.995871
vn  0.000000 0.090783 -0.995871
vn  0.000000 0.090783 -0.995871
vn  0.000000 0.045439 -0.998967
vn  0.000000 0.045439 -0.998967
vn  0.000000 0.180817 -0.983517
vn  0.000000 0.180817 -0.983517
vn  -0.000000 0.180817 -0.983517
vn  0.000000 0.180817 -0.983517
vn  0.000000 0.135941 -0.990717
vn  0.000000 0.135941 -0.990717
vn  -1.000000 0.000000 -0.000000
vn  -1.000000 0.000000 -0.000000
vn  -1.000000 0.000000 0.000000
vn  -1.000000 0.000000 -0.000000
vn  -1.000000 0.000000 -0.000000
vn  -1.000000 0.000000 0.000000
vn  -0.866025 0.045392 -0.497935
vn  -0.500000 0.078621 -0.862449
vn  -0.707107 0.127857 -0.695451
vn  -0.707107 0.127857 -0.695451
vn  -1.000000 -0.000000 -0.000000
vn  -1.000000 -0.000000 0.000000
vn  -1.000000 0.000000 0.000000
vn  -0.923880 -0.000000 -0.382683
vn  -0.923880 0.000000 -0.382683
vn  -0.707107 -0.000000 -0.707107
vn  -0.707107 -0.000000 -0.707107
vn  -0.382683 -0.000000 -0.923880
vn  -0.382683 -0.000000 -0.923880
vn  -0.000000 0.199071 -0.979985
vn  0.000000 0.199071 -0.979985
vn  -0.000000 0.217256 -0.976115
vn  0.000000 0.217255 -0.976115
vn  0.000004 0.217256 -0.976115
vn  -0.708089 0.153410 -0.689257
vn  -0.707887 0.153453 -0.689455
vn  -1.000000 -0.000000 0.000000
vn  -1.000000 0.000000 0.000000
vn  -1.000000 0.000000 0.000000
vn  -1.000000 -0.000000 0.000001
vn  -1.000000 -0.000000 0.000000
vn  -1.000000 0.000000 0.000000
vn  -1.000000 -0.000000 0.000000
vn  -1.000000 0.000000 0.000000
vn  -1.000000 0.000000 -0.000000
vn  -1.000000 0.000000 0.000000
vn  0.000000 0.226827 -0.973935
vn  -0.000006 0.226826 -0.973935
vn  0.000000 0.236338 -0.971671
vn  -0.000004 0.236337 -0.971671
vn  -0.000002 0.236337 -0.971671
vn  0.000000 0.316237 -0.948680
vn  -0.000006 0.316260 -0.948672
vn  0.000000 0.393934 -0.919139
vn  0.000002 0.393878 -0.919163
vn  0.000000 0.468902 -0.883250
vn  -0.000008 0.468914 -0.883244
vn  0.000000 0.540631 -0.841260
vn  -0.000002 0.540631 -0.841260
vn  0.000000 0.540631 -0.841260
vn  0.000000 0.540631 -0.841260
vn  0.000000 0.540631 -0.841260
vn  0.000002 0.540631 -0.841260
vn  0.000000 0.540631 -0.841260
vn  0.000000 0.540631 -0.841260
vn  0.000000 0.468902 -0.883250
vn  0.000008 0.468914 -0.883244
vn  0.000000 0.393934 -0.919139
vn  -0.000002 0.393878 -0.919163
vn  0.000000 0.316237 -0.948680
vn  0.000006 0.316260 -0.948672
vn  0.000000 0.236338 -0.971671
vn  0.000004 0.236337 -0.971671
vn  0.000002 0.236337 -0.971671
vn  0.000000 0.226827 -0.973935
vn  0.000006 0.226826 -0.973935
vn  0.999465 0.032097 0.006240
vn  0.999467 0.032044 0.006229
vn  0.997859 0.064203 0.012473
vn  0.997859 0.064201 0.012480
vn  0.995190 0.096164 0.018678
vn  0.995185 0.096214 0.018702
vn  0.991445 0.128131 0.024895
vn  0.991444 0.128177 0.024705
vn  0.991445 0.128128 0.024906
vn  0.991445 0.128128 0.024906
vn  0.698650 0.256967 -0.667724
vn  0.699045 0.256924 -0.667327
vn  0.699045 0.256924 -0.667327
vn  0.694098 0.329316 -0.640139
vn  0.689334 0.397874 -0.605404
vn  0.684811 0.461816 -0.563702
vn  0.684811 0.461816 -0.563702
vn  0.682316 0.451095 -0.575290
vn  0.634533 0.481024 -0.604966
vn  0.634363 0.481058 -0.605118
vn  0.489759 0.520629 -0.699344
vn  0.485858 0.504429 -0.713788
vn  0.485858 0.504429 -0.713788
vn  0.322638 0.544469 -0.774247
vn  0.322041 0.544009 -0.774818
vn  0.991439 0.128206 0.024721
vn  0.991445 0.128128 0.024906
vn  0.991435 0.128235 0.024737
vn  0.991445 0.128128 0.024906
vn  0.991445 0.128128 0.024906
vn  0.991445 0.128128 0.024906
vn  0.991445 0.128128 0.024906
vn  0.991445 0.128128 0.024906
vn  0.000000 -0.190809 0.981627
vn  0.991445 0.128128 0.024906
vn  0.000000 -0.190809 0.981627
vn  0.991445 0.128128 0.024906
vn  0.999465 0.032118 0.006243
vn  0.000000 -0.190809 0.981627
vn  0.997859 0.064201 0.012480
vn  0.000000 -0.190809 0.981627
vn  0.995185 0.096216 0.018703
vn  0.000000 -0.190809 0.981627
vn  0.000000 -0.190809 0.981627
vn  -1.000000 -0.000000 -0.000000
vn  -1.000000 0.000000 0.000000
vn  0.000000 -0.190809 0.981627
vn  -1.000000 0.000000 0.000000
vn  -1.000000 0.000000 0.000000
vn  0.000000 -0.190809 0.981627
vn  -0.999465 0.032118 0.006243
vn  0.000000 -0.190809 0.981627
vn  -0.997859 0.064201 0.012480
vn  0.000000 -0.190809 0.981627
vn  -0.995185 0.096216 0.018703
vn  0.000000 -0.190809 0.981627
vn  -0.991445 0.128128 0.024906
vn  -0.991445 0.128128 0.024906
vn  0.000000 -0.190809 0.981627
vn  -0.991444 0.128132 0.024906
vn  -0.991445 0.128128 0.024906
vn  0.000000 -0.190809 0.981627
vn  -0.881921 0.462736 0.089947
vn  0.000000 -0.190809 0.981627
vn  -0.659346 0.738026 0.143458
vn  0.000000 -0.190809 0.981627
vn  -0.352250 0.918711 0.178579
vn  0.000000 -0.190809 0.981627
vn  0.000000 0.981627 0.190809
vn  -0.000000 0.981627 0.190809
vn  0.000000 -0.190809 0.981627
vn  0.000000 0.981627 0.190809
vn  0.000000 0.981627 0.190809
vn  0.000000 -0.190809 0.981627
vn  0.352250 0.918711 0.178579
vn  0.000000 -0.190809 0.981627
vn  0.659346 0.738026 0.143458
vn  0.000000 -0.190809 0.981627
vn  0.881921 0.462736 0.089947
vn  0.000000 -0.190809 0.981627
vn  0.923880 -0.375652 -0.073019
vn  0.000000 -0.190809 0.981627
vn  0.707107 -0.694115 -0.134922
vn  0.000000 -0.190809 0.981627
vn  0.382683 -0.906905 -0.176285
vn  0.000000 -0.190809 0.981627
vn  0.000000 -0.981627 -0.190809
vn  0.000000 -0.981627 -0.190809
vn  0.000000 -0.190809 0.981627
vn  0.000000 -0.981627 -0.190809
vn  0.000000 -0.981627 -0.190809
vn  0.000000 -0.190809 0.981627
vn  -0.382683 -0.906905 -0.176285
vn  0.000000 -0.190809 0.981627
vn  -0.707107 -0.694115 -0.134922
vn  0.000000 -0.190809 0.981627
vn  -0.923880 -0.375652 -0.073019
vn  0.000000 -0.190809 0.981627
vn  -1.000000 0.000000 0.000000
vn  -1.000000 0.000000 0.000000
vn  0.000000 -0.190809 0.981627
vn  -1.000000 0.000000 0.000000
vn  -0.991445 -0.128128 -0.024906
vn  0.000000 -0.190809 0.981627
vn  -0.991445 -0.128128 -0.024906
vn  -0.991445 -0.128128 -0.024906
vn  0.000000 -0.190809 0.981627
vn  -0.881921 -0.462736 -0.089947
vn  0.000000 -0.190809 0.981627
vn  -0.659346 -0.738026 -0.143458
vn  0.000000 -0.190809 0.981627
vn  -0.352250 -0.918711 -0.178579
vn  0.000000 -0.190809 0.981627
vn  0.000000 -0.981627 -0.190809
vn  -0.000000 -0.981627 -0.190809
vn  0.000000 -0.190809 0.981627
vn  0.000000 -0.981627 -0.190809
vn  0.000000 -0.981627 -0.190809
vn  0.000000 -0.190809 0.981627
vn  0.352250 -0.918711 -0.178579
vn  0.000000 -0.190809 0.981627
vn  0.659346 -0.738026 -0.143458
vn  0.000000 -0.190809 0.981627
vn  0.881921 -0.462736 -0.089947
vn  0.000000 -0.190809 0.981627
vn  0.991445 -0.128128 -0.024906
vn  0.991445 -0.128128 -0.024906
vn  0.000000 -0.190809 0.981627
vn  1.000000 0.000000 0.000000
vn  0.991445 -0.128128 -0.024906
vn  0.000000 -0.190809 0.981627
vn  1.000000 -0.000000 -0.000000
vn  1.000000 0.000000 0.000000
vn  0.000000 -0.190809 0.981627
vn  0.923880 0.375652 0.073019
vn  0.000000 -0.190809 0.981627
vn  0.707107 0.694115 0.134922
vn  0.000000 -0.190809 0.981627
vn  0.382683 0.906905 0.176285
vn  0.000000 -0.190809 0.981627
vn  0.000000 0.981627 0.190809
vn  -0.000000 0.981627 0.190809
vn  0.000000 -0.190809 0.981627
vn  0.000000 0.981627 0.190809
vn  0.000000 0.981627 0.190809
vn  0.000000 -0.190809 0.981627
vn  -0.382683 0.906905 0.176285
vn  0.000000 -0.190809 0.981627
vn  -0.707107 0.694115 0.134922
vn  0.000000 -0.190809 0.981627
vn  -0.923880 0.375652 0.073019
vn  0.000000 -0.981627 -0.190809
vn  0.000000 -0.981627 -0.190809
vn  0.000000 -0.981627 -0.190809
vn  0.000000 -0.981627 -0.190809
vn  -0.373408 -0.910624 -0.177007
vn  -0.372811 -0.910944 -0.176614
vn  -0.394056 -0.902200 -0.175370
vn  -0.391993 -0.903882 -0.171284
vn  -0.391993 -0.903882 -0.171284
vn  -0.707107 -0.694115 -0.134922
vn  -0.707107 -0.694115 -0.134922
vn  -0.923735 -0.375995 -0.073086
vn  -0.923738 -0.375966 -0.073201
vn  -1.000000 -0.000000 -0.000000
vn  -1.000000 0.000000 -0.000000
vn  -1.000000 -0.000000 0.000000
vn  -1.000000 0.000000 0.000000
vn  0.000000 -0.981627 -0.190809
vn  0.000000 -0.981627 -0.190809
vn  0.000000 -0.981627 -0.190809
vn  0.000000 -0.981627 -0.190809
vn  0.923735 -0.375995 -0.073086
vn  0.923738 -0.375966 -0.073201
vn  0.707107 -0.694115 -0.134922
vn  0.707107 -0.694115 -0.134922
vn  0.394056 -0.902200 -0.175370
vn  0.391993 -0.903882 -0.171284
vn  0.391993 -0.903882 -0.171284
vn  0.373407 -0.910624 -0.177007
vn  0.372810 -0.910945 -0.176614
vn  0.669471 -0.274141 -0.690403
vn  0.669471 -0.625410 -0.400839
vn  0.000000 -0.337917 -0.941176
vn  0.000000 -0.337917 -0.941176
vn  0.000000 -0.636078 -0.771625
vn  0.000000 -0.636078 -0.771625
vn  0.000000 -0.636078 -0.771625
vn  0.000000 -0.859406 -0.511293
vn  0.000000 -0.859406 -0.511293
vn  0.000000 -0.636078 -0.771625
vn  0.000000 -0.636078 -0.771625
vn  0.000000 -0.636078 -0.771625
vn  0.000000 -0.859406 -0.511293
vn  0.000000 -0.859406 -0.511293
vn  0.000000 -0.337917 -0.941176
vn  -0.000000 -0.337917 -0.941176
vn  -0.372810 0.000448 -0.927907
vn  -0.373407 -0.000000 -0.927668
vn  -0.391993 0.004332 -0.919958
vn  -0.391993 0.004332 -0.919958
vn  -0.394056 -0.000000 -0.919086
vn  -0.669471 -0.274141 -0.690403
vn  -0.669471 -0.625409 -0.400839
vn  -0.707107 -0.000000 -0.707107
vn  -0.707107 -0.000000 -0.707107
vn  -0.923738 -0.000118 -0.383026
vn  -0.923735 -0.000000 -0.383032
vn  -0.991445 0.128128 0.024906
vn  -0.991445 0.128131 0.024895
vn  -0.991444 0.128177 0.024705
vn  -0.991445 0.128128 0.024906
vn  -0.999465 0.032116 0.006243
vn  -0.999463 0.032169 0.006254
vn  -0.997859 0.064201 0.012480
vn  -0.997859 0.064203 0.012473
vn  -0.995175 0.096313 0.018721
vn  -0.995180 0.096263 0.018698
vn  -0.698650 0.256967 -0.667724
vn  -0.699045 0.256924 -0.667327
vn  -0.699045 0.256924 -0.667327
vn  -0.322626 0.544470 -0.774251
vn  -0.322030 0.544010 -0.774822
vn  -0.489760 0.520629 -0.699343
vn  -0.485860 0.504431 -0.713785
vn  -0.485860 0.504431 -0.713785
vn  -0.634508 0.481033 -0.604985
vn  -0.634338 0.481066 -0.605137
vn  -0.684811 0.461816 -0.563702
vn  -0.684811 0.461816 -0.563702
vn  -0.682315 0.451090 -0.575296
vn  -0.689334 0.397874 -0.605404
vn  -0.694098 0.329316 -0.640139
vn  -0.991435 0.128235 0.024737
vn  -0.991445 0.128129 0.024906
vn  -0.991444 0.128132 0.024906
vn  -0.991445 0.128128 0.024906
vn  -0.991439 0.128206 0.024721
vn  -0.991445 0.128128 0.024906
vn  0.000000 0.919570 -0.392926
vn  0.000000 0.919570 -0.392926
vn  0.000000 0.919570 -0.392926
vn  -0.000000 0.994396 -0.105715
vn  0.000000 0.994396 -0.105715
vn  -0.000000 0.981627 0.190809
vn  0.000000 0.981627 0.190809
vn  0.000000 0.981627 0.190809
vn  -0.000000 0.981627 0.190809
vn  -0.334046 0.925132 0.180399
vn  -0.334663 0.925025 0.179807
vn  -0.415227 0.889973 0.188505
vn  -0.415227 0.889973 0.188505
vn  -0.421020 0.890386 0.173074
vn  -0.627823 0.773904 -0.083134
vn  -0.653955 0.631268 -0.416945
vn  0.000000 0.763739 -0.645525
vn  0.000000 0.763739 -0.645525
vn  -0.659346 0.738026 0.143458
vn  -0.659346 0.738026 0.143458
vn  -0.881646 0.463270 0.089897
vn  -0.881637 0.463257 0.090048
vn  0.000000 0.919570 -0.392926
vn  0.000000 0.919570 -0.392926
vn  0.000000 0.919570 -0.392926
vn  0.000000 0.994396 -0.105715
vn  0.000000 0.994396 -0.105715
vn  0.000000 0.981627 0.190809
vn  0.000000 0.981627 0.190809
vn  0.000000 0.981627 0.190809
vn  0.000000 0.981627 0.190809
vn  0.000000 0.763739 -0.645525
vn  0.000000 0.763739 -0.645525
vn  0.653954 0.631267 -0.416948
vn  0.627824 0.773903 -0.083136
vn  0.415227 0.889973 0.188505
vn  0.415227 0.889973 0.188505
vn  0.421020 0.890386 0.173074
vn  0.334048 0.925131 0.180399
vn  0.334664 0.925024 0.179806
vn  0.659346 0.738026 0.143458
vn  0.659346 0.738026 0.143458
vn  0.881646 0.463270 0.089897
vn  0.881637 0.463257 0.090048
vn  -1.000000 0.000000 0.000000
vn  0.000000 -0.034006 0.999422
vn  0.000000 -0.034006 0.999422
vn  -1.000000 0.000000 0.000000
vn  0.000000 -0.131048 0.991376
vn  -1.000000 0.000000 0.000000
vn  0.000000 -0.226847 0.973930
vn  -0.991445 -0.128128 -0.024906
vn  -1.000000 0.000000 0.000000
vn  0.000000 0.000000 1.000000
vn  -1.000000 0.000000 0.000000
vn  -1.000000 0.000000 0.000000
vn  0.000000 -0.000000 1.000000
vn  0.000000 0.000000 1.000000
vn  -1.000000 0.000000 0.000000
vn  0.000000 -0.008503 0.999964
vn  -1.000000 0.000000 0.000000
vn  0.000000 -0.017005 0.999855
vn  -1.000000 0.000000 0.000000
vn  0.000000 -0.025506 0.999675
vn  0.000000 -0.000000 1.000000
vn  0.000000 0.000000 1.000000
vn  1.000000 0.000000 0.000000
vn  0.000000 -0.008503 0.999964
vn  1.000000 0.000000 0.000000
vn  0.000000 -0.017005 0.999855
vn  1.000000 0.000000 0.000000
vn  0.000000 -0.025506 0.999675
vn  1.000000 0.000000 0.000000
vn  0.000000 -0.034006 0.999422
vn  1.000000 0.000000 0.000000
vn  0.000000 -0.034006 0.999422
vn  0.000000 0.000000 1.000000
vn  -0.923710 0.376053 0.073097
vn  0.000000 0.000000 1.000000
vn  -0.707107 0.694115 0.134922
vn  0.000000 0.000000 1.000000
vn  -0.382272 0.907072 0.176317
vn  0.000000 0.000000 1.000000
vn  0.000000 0.981627 0.190809
vn  0.000000 0.981627 0.190809
vn  0.000000 0.000000 1.000000
vn  0.000000 0.981627 0.190809
vn  -0.000000 0.981627 0.190809
vn  0.000000 0.000000 1.000000
vn  0.382272 0.907072 0.176317
vn  0.000000 0.000000 1.000000
vn  0.707107 0.694115 0.134922
vn  0.000000 0.000000 1.000000
vn  0.923710 0.376053 0.073097
vn  0.000000 0.000000 1.000000
vn  1.000000 -0.000000 -0.000000
vn  1.000000 0.000000 0.000000
vn  1.000000 0.000000 0.000000
vn  0.991445 -0.128128 -0.024906
vn  0.000000 -0.226847 0.973930
vn  1.000000 0.000000 0.000000
vn  0.000000 -0.131048 0.991376
vn  0.991445 -0.128128 -0.024906
vn  0.991445 -0.128128 -0.024906
vn  0.000000 -0.534063 0.845445
vn  0.991445 -0.128128 -0.024906
vn  0.000000 -0.385857 0.922559
vn  0.659382 -0.737995 -0.143452
vn  0.000000 -0.538758 0.842461
vn  0.879354 -0.467421 -0.090857
vn  0.000000 -0.536672 0.843791
vn  0.000000 -0.981627 -0.190809
vn  0.000000 -0.540631 0.841260
vn  0.000000 -0.981627 -0.190809
vn  0.346756 -0.920722 -0.178970
vn  0.000000 -0.540150 0.841569
vn  0.000000 -0.540631 0.841260
vn  0.000000 -0.981627 -0.190809
vn  -0.000000 -0.981627 -0.190809
vn  0.000000 -0.540152 0.841567
vn  -0.350131 -0.919491 -0.178731
vn  0.000000 -0.538758 0.842461
vn  -0.659372 -0.738004 -0.143453
vn  0.000000 -0.536652 0.843804
vn  -0.881016 -0.464395 -0.090269
vn  0.000000 -0.534063 0.845445
vn  -0.991445 -0.128128 -0.024906
vn  -0.991445 -0.128128 -0.024906
vn  0.000000 -0.385857 0.922559
vn  -0.991445 -0.128128 -0.024906


g 12
g 13
usemtl MTL3
f 3172/3172/3172  3159/3159/3159  3155/3155/3155
f 3242/3242/3242  3157/3157/3157  3160/3160/3160
f 3199/3199/3199  3173/3173/3173  3156/3156/3156
f 3204/3204/3204  3199/3199/3199  3156/3156/3156
f 3268/3268/3268  3205/3205/3205  3158/3158/3158
f 3268/3268/3268  3158/3158/3158  3245/3245/3245
f 3172/3172/3172  3161/3161/3161  3159/3159/3159
f 3246/3246/3246  3160/3160/3160  3163/3163/3163
f 3246/3246/3246  3242/3242/3242  3160/3160/3160
f 3172/3172/3172  3164/3164/3164  3161/3161/3161
f 3187/3187/3187  3161/3161/3161  3164/3164/3164
f 3237/3237/3237  3163/3163/3163  3188/3188/3188
f 3246/3246/3246  3163/3163/3163  3237/3237/3237
f 3172/3172/3172  3165/3165/3165  3164/3164/3164
f 3180/3180/3180  3164/3164/3164  3165/3165/3165
f 3178/3178/3178  3174/3174/3174  3164/3164/3164
f 3187/3187/3187  3164/3164/3164  3174/3174/3174
f 3180/3180/3180  3178/3178/3178  3164/3164/3164
f 3169/3169/3169  3166/3166/3166  3165/3165/3165
f 3182/3182/3182  3165/3165/3165  3166/3166/3166
f 3172/3172/3172  3169/3169/3169  3165/3165/3165
f 3182/3182/3182  3180/3180/3180  3165/3165/3165
f 3210/3210/3210  3168/3168/3168  3171/3171/3171
f 3184/3184/3184  3182/3182/3182  3166/3166/3166
f 3210/3210/3210  3185/3185/3185  3168/3168/3168
f 3189/3189/3189  3170/3170/3170  3173/3173/3173
f 3210/3210/3210  3171/3171/3171  3190/3190/3190
f 3191/3191/3191  3189/3189/3189  3173/3173/3173
f 3193/3193/3193  3191/3191/3191  3173/3173/3173
f 3195/3195/3195  3193/3193/3193  3173/3173/3173
f 3199/3199/3199  3195/3195/3195  3173/3173/3173
f 3216/3216/3216  3175/3175/3175  3179/3179/3179
f 3240/3240/3240  3188/3188/3188  3177/3177/3177
f 3233/3233/3233  3176/3176/3176  3217/3217/3217
f 3233/3233/3233  3229/3229/3229  3176/3176/3176
f 3240/3240/3240  3177/3177/3177  3230/3230/3230
f 3222/3222/3222  3179/3179/3179  3181/3181/3181
f 3220/3220/3220  3216/3216/3216  3179/3179/3179
f 3222/3222/3222  3220/3220/3220  3179/3179/3179
f 3225/3225/3225  3181/3181/3181  3183/3183/3183
f 3225/3225/3225  3222/3222/3222  3181/3181/3181
f 3227/3227/3227  3183/3183/3183  3186/3186/3186
f 3227/3227/3227  3225/3225/3225  3183/3183/3183
f 3210/3210/3210  3206/3206/3206  3185/3185/3185
f 3227/3227/3227  3186/3186/3186  3207/3207/3207
f 3240/3240/3240  3237/3237/3237  3188/3188/3188
f 3210/3210/3210  3190/3190/3190  3192/3192/3192
f 3210/3210/3210  3192/3192/3192  3194/3194/3194
f 3210/3210/3210  3194/3194/3194  3196/3196/3196
f 3314/3314/3314  3197/3197/3197  3200/3200/3200
f 3213/3213/3213  3210/3210/3210  3196/3196/3196
f 3315/3315/3315  3214/3214/3214  3198/3198/3198
f 3204/3204/3204  3201/3201/3201  3199/3199/3199
f 3324/3324/3324  3200/3200/3200  3203/3203/3203
f 3316/3316/3316  3314/3314/3314  3200/3200/3200
f 3318/3318/3318  3316/3316/3316  3200/3200/3200
f 3320/3320/3320  3318/3318/3318  3200/3200/3200
f 3324/3324/3324  3320/3320/3320  3200/3200/3200
f 3270/3270/3270  3202/3202/3202  3205/3205/3205
f 3312/3312/3312  3202/3202/3202  3270/3270/3270
f 3312/3312/3312  3284/3284/3284  3202/3202/3202
f 3324/3324/3324  3203/3203/3203  3285/3285/3285
f 3270/3270/3270  3205/3205/3205  3268/3268/3268
f 3394/3394/3394  3208/3208/3208  3212/3212/3212
f 3495/3495/3495  3228/3228/3228  3209/3209/3209
f 3486/3486/3486  3208/3208/3208  3394/3394/3394
f 3495/3495/3495  3209/3209/3209  3487/3487/3487
f 3411/3411/3411  3211/3211/3211  3215/3215/3215
f 3409/3409/3409  3393/3393/3393  3211/3211/3211
f 3456/3456/3456  3409/3409/3409  3211/3211/3211
f 3463/3463/3463  3211/3211/3211  3411/3411/3411
f 3459/3459/3459  3456/3456/3456  3211/3211/3211
f 3461/3461/3461  3459/3459/3459  3211/3211/3211
f 3463/3463/3463  3461/3461/3461  3211/3211/3211
f 3351/3351/3351  3214/3214/3214  3315/3315/3315
f 3411/3411/3411  3215/3215/3215  3352/3352/3352
f 3497/3497/3497  3218/3218/3218  3221/3221/3221
f 3498/3498/3498  3234/3234/3234  3219/3219/3219
f 3499/3499/3499  3221/3221/3221  3223/3223/3223
f 3499/3499/3499  3497/3497/3497  3221/3221/3221
f 3495/3495/3495  3223/3223/3223  3226/3226/3226
f 3499/3499/3499  3223/3223/3223  3495/3495/3495
f 3495/3495/3495  3226/3226/3226  3228/3228/3228
f 3512/3512/3512  3232/3232/3232  3236/3236/3236
f 3265/3265/3265  3241/3241/3241  3231/3231/3231
f 3512/3512/3512  3266/3266/3266  3232/3232/3232
f 3509/3509/3509  3234/3234/3234  3498/3498/3498
f 3510/3510/3510  3505/3505/3505  3235/3235/3235
f 3511/3511/3511  3235/3235/3235  3505/3505/3505
f 3265/3265/3265  3238/3238/3238  3241/3241/3241
f 3255/3255/3255  3247/3247/3247  3238/3238/3238
f 3265/3265/3265  3255/3255/3255  3238/3238/3238
f 3255/3255/3255  3243/3243/3243  3247/3247/3247
f 3256/3256/3256  3243/3243/3243  3255/3255/3255
f 3267/3267/3267  3244/3244/3244  3257/3257/3257
f 3256/3256/3256  3251/3251/3251  3248/3248/3248
f 3361/3361/3361  3250/3250/3250  3253/3253/3253
f 3272/3272/3272  3257/3257/3257  3249/3249/3249
f 3282/3282/3282  3272/3272/3272  3249/3249/3249
f 3361/3361/3361  3283/3283/3283  3250/3250/3250
f 3256/3256/3256  3254/3254/3254  3251/3251/3251
f 3258/3258/3258  3251/3251/3251  3254/3254/3254
f 3361/3361/3361  3253/3253/3253  3260/3260/3260
f 3256/3256/3256  3255/3255/3255  3254/3254/3254
f 3263/3263/3263  3254/3254/3254  3255/3255/3255
f 3261/3261/3261  3258/3258/3258  3254/3254/3254
f 3263/3263/3263  3261/3261/3261  3254/3254/3254
f 3265/3265/3265  3263/3263/3263  3255/3255/3255
f 3269/3269/3269  3267/3267/3267  3257/3257/3257
f 3272/3272/3272  3269/3269/3269  3257/3257/3257
f 3480/3480/3480  3259/3259/3259  3262/3262/3262
f 3481/3481/3481  3361/3361/3361  3260/3260/3260
f 3521/3521/3521  3262/3262/3262  3264/3264/3264
f 3521/3521/3521  3480/3480/3480  3262/3262/3262
f 3519/3519/3519  3264/3264/3264  3266/3266/3266
f 3521/3521/3521  3264/3264/3264  3519/3519/3519
f 3515/3515/3515  3266/3266/3266  3512/3512/3512
f 3519/3519/3519  3266/3266/3266  3515/3515/3515
f 3313/3313/3313  3271/3271/3271  3273/3273/3273
f 3278/3278/3278  3274/3274/3274  3272/3272/3272
f 3531/3531/3531  3273/3273/3273  3277/3277/3277
f 3280/3280/3280  3278/3278/3278  3272/3272/3272
f 3282/3282/3282  3280/3280/3280  3272/3272/3272
f 3313/3313/3313  3273/3273/3273  3310/3310/3310
f 3532/3532/3532  3310/3310/3310  3273/3273/3273
f 3532/3532/3532  3273/3273/3273  3531/3531/3531
f 3361/3361/3361  3275/3275/3275  3279/3279/3279
f 3364/3364/3364  3276/3276/3276  3362/3362/3362
f 3526/3526/3526  3276/3276/3276  3364/3364/3364
f 3529/3529/3529  3277/3277/3277  3527/3527/3527
f 3531/3531/3531  3277/3277/3277  3529/3529/3529
f 3361/3361/3361  3279/3279/3279  3281/3281/3281
f 3361/3361/3361  3281/3281/3281  3283/3283/3283
f 3309/3309/3309  3286/3286/3286  3284/3284/3284
f 3324/3324/3324  3285/3285/3285  3287/3287/3287
f 3312/3312/3312  3309/3309/3309  3284/3284/3284
f 3307/3307/3307  3289/3289/3289  3286/3286/3286
f 3325/3325/3325  3288/3288/3288  3290/3290/3290
f 3309/3309/3309  3307/3307/3307  3286/3286/3286
f 3305/3305/3305  3291/3291/3291  3289/3289/3289
f 3327/3327/3327  3290/3290/3290  3292/3292/3292
f 3307/3307/3307  3305/3305/3305  3289/3289/3289
f 3327/3327/3327  3325/3325/3325  3290/3290/3290
f 3303/3303/3303  3293/3293/3293  3291/3291/3291
f 3328/3328/3328  3292/3292/3292  3294/3294/3294
f 3305/3305/3305  3303/3303/3303  3291/3291/3291
f 3328/3328/3328  3327/3327/3327  3292/3292/3292
f 3299/3299/3299  3295/3295/3295  3293/3293/3293
f 3328/3328/3328  3294/3294/3294  3296/3296/3296
f 3303/3303/3303  3299/3299/3299  3293/3293/3293
f 3570/3570/3570  3297/3297/3297  3302/3302/3302
f 3337/3337/3337  3328/3328/3328  3296/3296/3296
f 3576/3576/3576  3338/3338/3338  3298/3298/3298
f 3584/3584/3584  3297/3297/3297  3570/3570/3570
f 3585/3585/3585  3576/3576/3576  3298/3298/3298
f 3535/3535/3535  3300/3300/3300  3304/3304/3304
f 3569/3569/3569  3301/3301/3301  3536/3536/3536
f 3545/3545/3545  3304/3304/3304  3306/3306/3306
f 3537/3537/3537  3535/3535/3535  3304/3304/3304
f 3540/3540/3540  3537/3537/3537  3304/3304/3304
f 3542/3542/3542  3540/3540/3540  3304/3304/3304
f 3545/3545/3545  3542/3542/3542  3304/3304/3304
f 3546/3546/3546  3306/3306/3306  3308/3308/3308
f 3546/3546/3546  3545/3545/3545  3306/3306/3306
f 3546/3546/3546  3308/3308/3308  3311/3311/3311
f 3546/3546/3546  3311/3311/3311  3533/3533/3533
f 3351/3351/3351  3315/3315/3315  3317/3317/3317
f 3353/3353/3353  3317/3317/3317  3319/3319/3319
f 3353/3353/3353  3351/3351/3351  3317/3317/3317
f 3355/3355/3355  3319/3319/3319  3323/3323/3323
f 3355/3355/3355  3353/3353/3353  3319/3319/3319
f 3327/3327/3327  3321/3321/3321  3325/3325/3325
f 3339/3339/3339  3321/3321/3321  3327/3327/3327
f 3345/3345/3345  3322/3322/3322  3340/3340/3340
f 3355/3355/3355  3323/3323/3323  3346/3346/3346
f 3339/3339/3339  3327/3327/3327  3328/3328/3328
f 3332/3332/3332  3329/3329/3329  3328/3328/3328
f 3339/3339/3339  3328/3328/3328  3329/3329/3329
f 3334/3334/3334  3332/3332/3332  3328/3328/3328
f 3337/3337/3337  3334/3334/3334  3328/3328/3328
f 3586/3586/3586  3331/3331/3331  3333/3333/3333
f 3341/3341/3341  3339/3339/3339  3329/3329/3329
f 3586/3586/3586  3343/3343/3343  3331/3331/3331
f 3586/3586/3586  3333/3333/3333  3335/3335/3335
f 3576/3576/3576  3335/3335/3335  3338/3338/3338
f 3586/3586/3586  3335/3335/3335  3576/3576/3576
f 3345/3345/3345  3340/3340/3340  3342/3342/3342
f 3348/3348/3348  3345/3345/3345  3342/3342/3342
f 3596/3596/3596  3350/3350/3350  3344/3344/3344
f 3587/3587/3587  3343/3343/3343  3586/3586/3586
f 3595/3595/3595  3343/3343/3343  3587/3587/3587
f 3417/3417/3417  3347/3347/3347  3349/3349/3349
f 3414/3414/3414  3356/3356/3356  3347/3347/3347
f 3417/3417/3417  3414/3414/3414  3347/3347/3347
f 3391/3391/3391  3372/3372/3372  3349/3349/3349
f 3429/3429/3429  3349/3349/3349  3372/3372/3372
f 3596/3596/3596  3392/3392/3392  3350/3350/3350
f 3420/3420/3420  3417/3417/3417  3349/3349/3349
f 3422/3422/3422  3420/3420/3420  3349/3349/3349
f 3424/3424/3424  3422/3422/3422  3349/3349/3349
f 3426/3426/3426  3424/3424/3424  3349/3349/3349
f 3429/3429/3429  3426/3426/3426  3349/3349/3349
f 3414/3414/3414  3352/3352/3352  3354/3354/3354
f 3414/3414/3414  3411/3411/3411  3352/3352/3352
f 3414/3414/3414  3354/3354/3354  3356/3356/3356
f 3444/3444/3444  3360/3360/3360  3357/3357/3357
f 3481/3481/3481  3359/3359/3359  3361/3361/3361
f 3453/3453/3453  3357/3357/3357  3409/3409/3409
f 3476/3476/3476  3410/3410/3410  3358/3358/3358
f 3447/3447/3447  3444/3444/3444  3357/3357/3357
f 3449/3449/3449  3447/3447/3447  3357/3357/3357
f 3451/3451/3451  3449/3449/3449  3357/3357/3357
f 3453/3453/3453  3451/3451/3451  3357/3357/3357
f 3478/3478/3478  3476/3476/3476  3358/3358/3358
f 3441/3441/3441  3363/3363/3363  3360/3360/3360
f 3444/3444/3444  3441/3441/3441  3360/3360/3360
f 3441/3441/3441  3365/3365/3365  3363/3363/3363
f 3526/3526/3526  3364/3364/3364  3366/3366/3366
f 3438/3438/3438  3367/3367/3367  3365/3365/3365
f 3528/3528/3528  3366/3366/3366  3368/3368/3368
f 3441/3441/3441  3438/3438/3438  3365/3365/3365
f 3528/3528/3528  3526/3526/3526  3366/3366/3366
f 3438/3438/3438  3369/3369/3369  3367/3367/3367
f 3530/3530/3530  3368/3368/3368  3370/3370/3370
f 3530/3530/3530  3528/3528/3528  3368/3368/3368
f 3438/3438/3438  3372/3372/3372  3369/3369/3369
f 3525/3525/3525  3371/3371/3371  3374/3374/3374
f 3530/3530/3530  3370/3370/3370  3522/3522/3522
f 3391/3391/3391  3375/3375/3375  3372/3372/3372
f 3549/3549/3549  3373/3373/3373  3376/3376/3376
f 3432/3432/3432  3429/3429/3429  3372/3372/3372
f 3434/3434/3434  3432/3432/3432  3372/3372/3372
f 3436/3436/3436  3434/3434/3434  3372/3372/3372
f 3438/3438/3438  3436/3436/3436  3372/3372/3372
f 3552/3552/3552  3525/3525/3525  3374/3374/3374
f 3552/3552/3552  3374/3374/3374  3550/3550/3550
f 3389/3389/3389  3377/3377/3377  3375/3375/3375
f 3574/3574/3574  3376/3376/3376  3378/3378/3378
f 3391/3391/3391  3389/3389/3389  3375/3375/3375
f 3574/3574/3574  3549/3549/3549  3376/3376/3376
f 3387/3387/3387  3379/3379/3379  3377/3377/3377
f 3572/3572/3572  3378/3378/3378  3380/3380/3380
f 3389/3389/3389  3387/3387/3387  3377/3377/3377
f 3574/3574/3574  3378/3378/3378  3572/3572/3572
f 3384/3384/3384  3381/3381/3381  3379/3379/3379
f 3563/3563/3563  3380/3380/3380  3383/3383/3383
f 3387/3387/3387  3384/3384/3384  3379/3379/3379
f 3566/3566/3566  3380/3380/3380  3563/3563/3563
f 3572/3572/3572  3380/3380/3380  3566/3566/3566
f 3560/3560/3560  3382/3382/3382  3386/3386/3386
f 3563/3563/3563  3383/3383/3383  3561/3561/3561
f 3582/3582/3582  3385/3385/3385  3388/3388/3388
f 3583/3583/3583  3560/3560/3560  3386/3386/3386
f 3590/3590/3590  3388/3388/3388  3390/3390/3390
f 3592/3592/3592  3582/3582/3582  3388/3388/3388
f 3592/3592/3592  3388/3388/3388  3590/3590/3590
f 3594/3594/3594  3390/3390/3390  3392/3392/3392
f 3594/3594/3594  3590/3590/3590  3390/3390/3390
f 3596/3596/3596  3594/3594/3594  3392/3392/3392
f 3407/3407/3407  3395/3395/3395  3393/3393/3393
f 3486/3486/3486  3394/3394/3394  3396/3396/3396
f 3409/3409/3409  3407/3407/3407  3393/3393/3393
f 3405/3405/3405  3397/3397/3397  3395/3395/3395
f 3488/3488/3488  3396/3396/3396  3398/3398/3398
f 3407/3407/3407  3405/3405/3405  3395/3395/3395
f 3488/3488/3488  3486/3486/3486  3396/3396/3396
f 3402/3402/3402  3399/3399/3399  3397/3397/3397
f 3493/3493/3493  3398/3398/3398  3401/3401/3401
f 3405/3405/3405  3402/3402/3402  3397/3397/3397
f 3490/3490/3490  3488/3488/3488  3398/3398/3398
f 3493/3493/3493  3490/3490/3490  3398/3398/3398
f 3482/3482/3482  3400/3400/3400  3404/3404/3404
f 3493/3493/3493  3401/3401/3401  3483/3483/3483
f 3465/3465/3465  3403/3403/3403  3406/3406/3406
f 3482/3482/3482  3404/3404/3404  3466/3466/3466
f 3471/3471/3471  3406/3406/3406  3408/3408/3408
f 3469/3469/3469  3465/3465/3465  3406/3406/3406
f 3471/3471/3471  3469/3469/3469  3406/3406/3406
f 3474/3474/3474  3408/3408/3408  3410/3410/3410
f 3474/3474/3474  3471/3471/3471  3408/3408/3408
f 3456/3456/3456  3453/3453/3453  3409/3409/3409
f 3476/3476/3476  3474/3474/3474  3410/3410/3410
f 3605/3605/3605  3412/3412/3412  3415/3415/3415
f 3630/3630/3630  3464/3464/3464  3413/3413/3413
f 3630/3630/3630  3413/3413/3413  3607/3607/3607
f 3604/3604/3604  3416/3416/3416  3419/3419/3419
f 3600/3600/3600  3597/3597/3597  3415/3415/3415
f 3615/3615/3615  3415/3415/3415  3597/3597/3597
f 3602/3602/3602  3600/3600/3600  3415/3415/3415
f 3608/3608/3608  3605/3605/3605  3415/3415/3415
f 3611/3611/3611  3608/3608/3608  3415/3415/3415
f 3613/3613/3613  3611/3611/3611  3415/3415/3415
f 3615/3615/3615  3613/3613/3613  3415/3415/3415
f 3679/3679/3679  3418/3418/3418  3421/3421/3421
f 3682/3682/3682  3604/3604/3604  3419/3419/3419
f 3682/3682/3682  3419/3419/3419  3680/3680/3680
f 3677/3677/3677  3421/3421/3421  3423/3423/3423
f 3679/3679/3679  3421/3421/3421  3677/3677/3677
f 3675/3675/3675  3423/3423/3423  3425/3425/3425
f 3677/3677/3677  3423/3423/3423  3675/3675/3675
f 3673/3673/3673  3425/3425/3425  3428/3428/3428
f 3675/3675/3675  3425/3425/3425  3673/3673/3673
f 3670/3670/3670  3427/3427/3427  3431/3431/3431
f 3673/3673/3673  3428/3428/3428  3671/3671/3671
f 3664/3664/3664  3430/3430/3430  3433/3433/3433
f 3670/3670/3670  3431/3431/3431  3666/3666/3666
f 3667/3667/3667  3433/3433/3433  3435/3435/3435
f 3667/3667/3667  3664/3664/3664  3433/3433/3433
f 3660/3660/3660  3435/3435/3435  3437/3437/3437
f 3667/3667/3667  3435/3435/3435  3660/3660/3660
f 3662/3662/3662  3437/3437/3437  3440/3440/3440
f 3662/3662/3662  3660/3660/3660  3437/3437/3437
f 3655/3655/3655  3439/3439/3439  3443/3443/3443
f 3662/3662/3662  3440/3440/3440  3656/3656/3656
f 3650/3650/3650  3442/3442/3442  3446/3446/3446
f 3658/3658/3658  3443/3443/3443  3651/3651/3651
f 3658/3658/3658  3655/3655/3655  3443/3443/3443
f 3648/3648/3648  3445/3445/3445  3448/3448/3448
f 3621/3621/3621  3446/3446/3446  3619/3619/3619
f 3649/3649/3649  3619/3619/3619  3446/3446/3446
f 3623/3623/3623  3446/3446/3446  3621/3621/3621
f 3625/3625/3625  3446/3446/3446  3623/3623/3623
f 3627/3627/3627  3446/3446/3446  3625/3625/3625
f 3653/3653/3653  3446/3446/3446  3627/3627/3627
f 3653/3653/3653  3650/3650/3650  3446/3446/3446
f 3646/3646/3646  3448/3448/3448  3450/3450/3450
f 3648/3648/3648  3448/3448/3448  3646/3646/3646
f 3644/3644/3644  3450/3450/3450  3452/3452/3452
f 3646/3646/3646  3450/3450/3450  3644/3644/3644
f 3642/3642/3642  3452/3452/3452  3455/3455/3455
f 3644/3644/3644  3452/3452/3452  3642/3642/3642
f 3639/3639/3639  3454/3454/3454  3458/3458/3458
f 3642/3642/3642  3455/3455/3455  3640/3640/3640
f 3636/3636/3636  3457/3457/3457  3460/3460/3460
f 3639/3639/3639  3458/3458/3458  3637/3637/3637
f 3634/3634/3634  3460/3460/3460  3462/3462/3462
f 3636/3636/3636  3460/3460/3460  3634/3634/3634
f 3632/3632/3632  3462/3462/3462  3464/3464/3464
f 3634/3634/3634  3462/3462/3462  3632/3632/3632
f 3632/3632/3632  3464/3464/3464  3630/3630/3630
f 3508/3508/3508  3468/3468/3468  3470/3470/3470
f 3507/3507/3507  3485/3485/3485  3467/3467/3467
f 3505/3505/3505  3470/3470/3470  3472/3472/3472
f 3508/3508/3508  3470/3470/3470  3505/3505/3505
f 3517/3517/3517  3472/3472/3472  3475/3475/3475
f 3517/3517/3517  3505/3505/3505  3472/3472/3472
f 3517/3517/3517  3475/3475/3475  3477/3477/3477
f 3517/3517/3517  3477/3477/3477  3479/3479/3479
f 3520/3520/3520  3517/3517/3517  3479/3479/3479
f 3499/3499/3499  3494/3494/3494  3484/3484/3484
f 3502/3502/3502  3499/3499/3499  3484/3484/3484
f 3507/3507/3507  3503/3503/3503  3485/3485/3485
f 3496/3496/3496  3487/3487/3487  3489/3489/3489
f 3496/3496/3496  3495/3495/3495  3487/3487/3487
f 3496/3496/3496  3489/3489/3489  3491/3491/3491
f 3499/3499/3499  3491/3491/3491  3494/3494/3494
f 3499/3499/3499  3496/3496/3496  3491/3491/3491
f 3499/3499/3499  3495/3495/3495  3496/3496/3496
f 3509/3509/3509  3498/3498/3498  3501/3501/3501
f 3504/3504/3504  3501/3501/3501  3503/3503/3503
f 3509/3509/3509  3501/3501/3501  3504/3504/3504
f 3507/3507/3507  3504/3504/3504  3503/3503/3503
f 3513/3513/3513  3511/3511/3511  3505/3505/3505
f 3516/3516/3516  3513/3513/3513  3505/3505/3505
f 3517/3517/3517  3516/3516/3516  3505/3505/3505
f 3518/3518/3518  3513/3513/3513  3516/3516/3516
f 3520/3520/3520  3516/3516/3516  3517/3517/3517
f 3520/3520/3520  3518/3518/3518  3516/3516/3516
f 3532/3532/3532  3531/3531/3531  3523/3523/3523
f 3551/3551/3551  3533/3533/3533  3524/3524/3524
f 3551/3551/3551  3546/3546/3546  3533/3533/3533
f 3553/3553/3553  3536/3536/3536  3538/3538/3538
f 3569/3569/3569  3536/3536/3536  3553/3553/3553
f 3568/3568/3568  3538/3538/3538  3541/3541/3541
f 3568/3568/3568  3553/3553/3553  3538/3538/3538
f 3568/3568/3568  3541/3541/3541  3544/3544/3544
f 3547/3547/3547  3542/3542/3542  3545/3545/3545
f 3568/3568/3568  3544/3544/3544  3548/3548/3548
f 3551/3551/3551  3545/3545/3545  3546/3546/3546
f 3551/3551/3551  3547/3547/3547  3545/3545/3545
f 3573/3573/3573  3568/3568/3568  3548/3548/3548
f 3558/3558/3558  3556/3556/3556  3553/3553/3553
f 3575/3575/3575  3555/3555/3555  3557/3557/3557
f 3562/3562/3562  3558/3558/3558  3553/3553/3553
f 3564/3564/3564  3562/3562/3562  3553/3553/3553
f 3567/3567/3567  3564/3564/3564  3553/3553/3553
f 3568/3568/3568  3567/3567/3567  3553/3553/3553
f 3584/3584/3584  3570/3570/3570  3555/3555/3555
f 3584/3584/3584  3555/3555/3555  3575/3575/3575
f 3578/3578/3578  3557/3557/3557  3559/3559/3559
f 3578/3578/3578  3575/3575/3575  3557/3557/3557
f 3580/3580/3580  3578/3578/3578  3559/3559/3559
f 3571/3571/3571  3564/3564/3564  3567/3567/3567
f 3573/3573/3573  3567/3567/3567  3568/3568/3568
f 3573/3573/3573  3571/3571/3571  3567/3567/3567
f 3591/3591/3591  3576/3576/3576  3579/3579/3579
f 3587/3587/3587  3586/3586/3586  3576/3576/3576
f 3588/3588/3588  3587/3587/3587  3576/3576/3576
f 3591/3591/3591  3588/3588/3588  3576/3576/3576
f 3591/3591/3591  3579/3579/3579  3581/3581/3581
f 3593/3593/3593  3587/3587/3587  3588/3588/3588
f 3595/3595/3595  3587/3587/3587  3593/3593/3593
f 3628/3628/3628  3599/3599/3599  3601/3601/3601
f 3624/3624/3624  3616/3616/3616  3598/3598/3598
f 3626/3626/3626  3624/3624/3624  3598/3598/3598
f 3654/3654/3654  3601/3601/3601  3603/3603/3603
f 3654/3654/3654  3628/3628/3628  3601/3601/3601
f 3654/3654/3654  3603/3603/3603  3652/3652/3652
f 3681/3681/3681  3652/3652/3652  3603/3603/3603
f 3618/3618/3618  3606/3606/3606  3610/3610/3610
f 3629/3629/3629  3606/3606/3606  3618/3618/3618
f 3617/3617/3617  3609/3609/3609  3612/3612/3612
f 3620/3620/3620  3612/3612/3612  3614/3614/3614
f 3620/3620/3620  3617/3617/3617  3612/3612/3612
f 3622/3622/3622  3614/3614/3614  3616/3616/3616
f 3622/3622/3622  3620/3620/3620  3614/3614/3614
f 3624/3624/3624  3622/3622/3622  3616/3616/3616
f 3631/3631/3631  3629/3629/3629  3618/3618/3618
f 3633/3633/3633  3631/3631/3631  3618/3618/3618
f 3635/3635/3635  3633/3633/3633  3618/3618/3618
f 3638/3638/3638  3635/3635/3635  3618/3618/3618
f 3641/3641/3641  3638/3638/3638  3618/3618/3618
f 3643/3643/3643  3641/3641/3641  3618/3618/3618
f 3645/3645/3645  3643/3643/3643  3618/3618/3618
f 3647/3647/3647  3645/3645/3645  3618/3618/3618
f 3681/3681/3681  3659/3659/3659  3652/3652/3652
f 3678/3678/3678  3657/3657/3657  3659/3659/3659
f 3676/3676/3676  3663/3663/3663  3657/3657/3657
f 3678/3678/3678  3676/3676/3676  3657/3657/3657
f 3681/3681/3681  3678/3678/3678  3659/3659/3659
f 3674/3674/3674  3661/3661/3661  3663/3663/3663
f 3672/3672/3672  3668/3668/3668  3661/3661/3661
f 3674/3674/3674  3672/3672/3672  3661/3661/3661
f 3676/3676/3676  3674/3674/3674  3663/3663/3663
f 3669/3669/3669  3665/3665/3665  3668/3668/3668
f 3672/3672/3672  3669/3669/3669  3668/3668/3668

v  13.900000 131.750000 -3.116519
v  13.900000 131.750000 -3.116519
v  13.900000 131.750000 -3.116519
v  13.900000 133.185018 -4.122127
v  13.900000 133.185018 -4.122127
v  13.900000 133.186876 -5.874288
v  13.900000 133.186876 -5.874288
v  13.900000 132.590270 -6.556084
v  13.900000 132.590270 -6.556084
v  13.900000 131.750000 -6.883481
v  13.900000 131.750000 -6.883481
v  13.900000 131.750000 -6.883481
v  13.600000 131.750000 -6.883481
v  13.600000 131.750000 -6.883481
v  13.600000 131.750000 -6.883481
v  13.499982 131.750000 -6.782535
v  13.499982 131.750000 -6.782535
v  13.400000 131.750000 -6.681517
v  13.400000 131.750000 -6.681517
v  13.400000 131.750000 -6.681517
v  13.400000 131.750000 -3.318483
v  13.400000 131.750000 -3.318483
v  13.400000 131.750000 -3.318483
v  13.499982 131.750000 -3.217465
v  13.499982 131.750000 -3.217465
v  13.600000 131.750000 -3.116519
v  13.600000 131.750000 -3.116519
v  13.600000 131.750000 -3.116519
v  13.600000 133.185631 -4.123274
v  13.600000 133.185631 -4.123274
v  13.600000 133.185631 -5.876726
v  13.600000 133.185631 -5.876726
v  13.400000 131.625280 -3.304624
v  13.400000 131.625280 -3.304624
v  13.400000 131.500000 -3.300004
v  13.400000 131.500000 -3.300004
v  13.400000 131.500000 -3.300004
v  12.700000 131.500000 -4.000000
v  12.700000 131.500000 -4.000000
v  12.700000 131.500000 -4.000000
v  12.700000 131.500000 -4.000000
v  12.700000 132.207107 -4.292893
v  12.700000 132.207107 -4.292893
v  12.700000 132.500000 -5.000000
v  12.700000 132.500000 -5.000000
v  12.700000 132.207107 -5.707107
v  12.700000 132.207107 -5.707107
v  12.700000 131.500000 -6.000000
v  12.700000 131.500000 -6.000000
v  12.700000 131.500000 -6.000000
v  12.700000 131.500000 -6.000000
v  13.400000 131.500000 -6.699996
v  13.400000 131.500000 -6.699996
v  13.400000 131.500000 -6.699996
v  13.400000 131.625280 -6.695376
v  13.400000 131.625280 -6.695376
v  13.400000 131.374720 -6.695376
v  13.400000 131.374720 -6.695376
v  13.400000 131.250000 -6.681517
v  13.400000 131.250000 -6.681517
v  13.400000 131.250000 -6.681517
v  13.400000 131.250000 -3.318483
v  13.400000 131.250000 -3.318483
v  13.400000 131.250000 -3.318483
v  13.400000 131.374720 -3.304624
v  13.400000 131.374720 -3.304624
v  13.499981 131.250000 -3.217464
v  13.499981 131.250000 -3.217464
v  13.600000 131.250000 -3.116519
v  13.600000 131.250000 -3.116519
v  13.600000 131.250000 -3.116519
v  13.600000 129.814369 -4.123274
v  13.600000 129.814369 -4.123274
v  13.600000 129.814369 -5.876726
v  13.600000 129.814369 -5.876726
v  13.600000 131.250000 -6.883481
v  13.600000 131.250000 -6.883481
v  13.600000 131.250000 -6.883481
v  13.499981 131.250000 -6.782536
v  13.499981 131.250000 -6.782536
v  12.700000 130.792893 -5.707107
v  12.700000 130.792893 -5.707107
v  12.700000 130.500000 -5.000000
v  12.700000 130.500000 -5.000000
v  12.700000 130.792893 -4.292893
v  12.700000 130.792893 -4.292893
v  13.900000 131.250000 -3.116519
v  13.900000 131.250000 -3.116519
v  13.900000 131.250000 -3.116519
v  13.900000 131.250000 -6.883481
v  13.900000 131.250000 -6.883481
v  13.900000 131.250000 -6.883481
v  13.900000 129.814982 -5.877873
v  13.900000 129.814982 -5.877873
v  13.900000 129.813124 -4.125712
v  13.900000 129.813124 -4.125712
v  13.900000 130.409730 -3.443916
v  13.900000 130.409730 -3.443916
v  9.900000 131.500000 -6.000000
v  9.900000 131.500000 -6.000000
v  9.900000 131.500000 -6.000000
v  9.900000 130.792823 -5.707008
v  9.900000 130.792823 -5.707008
v  9.900000 130.500018 -4.998269
v  9.900000 130.500018 -4.998269
v  9.900000 130.792620 -4.293196
v  9.900000 130.792620 -4.293196
v  9.900000 131.500000 -4.000000
v  9.900000 131.500000 -4.000000
v  9.900000 131.500000 -4.000000
v  9.900000 132.207177 -4.292992
v  9.900000 132.207177 -4.292992
v  9.900000 132.499982 -5.001731
v  9.900000 132.499982 -5.001731
v  9.900000 132.207380 -5.706804
v  9.900000 132.207380 -5.706804

vt  0.001557 0.028599 0.000000
vt  0.001557 0.028599 0.000000
vt  0.001557 0.028599 0.000000
vt  0.002681 0.021346 0.000000
vt  0.002681 0.021346 0.000000
vt  0.002682 0.008280 0.000000
vt  0.002682 0.008280 0.000000
vt  0.002218 0.002982 0.000000
vt  0.002218 0.002982 0.000000
vt  0.001557 0.000208 0.000000
vt  0.001557 0.000208 0.000000
vt  0.001557 0.000208 0.000000
vt  0.003809 0.000195 0.000000
vt  0.003809 0.000195 0.000000
vt  0.003809 0.000195 0.000000
vt  0.004560 0.000952 0.000000
vt  0.004560 0.000952 0.000000
vt  0.005311 0.001708 0.000000
vt  0.005311 0.001708 0.000000
vt  0.005311 0.001708 0.000000
vt  0.005311 0.027066 0.000000
vt  0.005311 0.027066 0.000000
vt  0.005311 0.027066 0.000000
vt  0.004560 0.027830 0.000000
vt  0.004560 0.027830 0.000000
vt  0.003809 0.028594 0.000000
vt  0.003809 0.028594 0.000000
vt  0.003809 0.028594 0.000000
vt  0.004910 0.021330 0.000000
vt  0.004910 0.021330 0.000000
vt  0.004910 0.008251 0.000000
vt  0.004910 0.008251 0.000000
vt  0.005216 0.027147 0.000000
vt  0.005216 0.027147 0.000000
vt  0.005120 0.027158 0.000000
vt  0.005120 0.027158 0.000000
vt  0.005120 0.027158 0.000000
vt  0.010391 0.021851 0.000000
vt  0.010391 0.021851 0.000000
vt  0.010391 0.021851 0.000000
vt  0.010391 0.021851 0.000000
vt  0.010903 0.019808 0.000000
vt  0.010903 0.019808 0.000000
vt  0.011113 0.014573 0.000000
vt  0.011113 0.014573 0.000000
vt  0.010903 0.009175 0.000000
vt  0.010903 0.009175 0.000000
vt  0.010391 0.006734 0.000000
vt  0.010391 0.006734 0.000000
vt  0.010391 0.006734 0.000000
vt  0.010391 0.006734 0.000000
vt  0.005120 0.001474 0.000000
vt  0.005120 0.001474 0.000000
vt  0.005120 0.001474 0.000000
vt  0.005216 0.001557 0.000000
vt  0.005216 0.001557 0.000000
vt  0.005024 0.001461 0.000000
vt  0.005024 0.001461 0.000000
vt  0.004928 0.001519 0.000000
vt  0.004928 0.001519 0.000000
vt  0.004928 0.001519 0.000000
vt  0.004928 0.026971 0.000000
vt  0.004928 0.026971 0.000000
vt  0.004928 0.026971 0.000000
vt  0.005024 0.027100 0.000000
vt  0.005024 0.027100 0.000000
vt  0.004174 0.027738 0.000000
vt  0.004174 0.027738 0.000000
vt  0.003420 0.028505 0.000000
vt  0.003420 0.028505 0.000000
vt  0.003420 0.028505 0.000000
vt  0.002286 0.020540 0.000000
vt  0.002286 0.020540 0.000000
vt  0.002286 0.007126 0.000000
vt  0.002286 0.007126 0.000000
vt  0.003420 0.000000 0.000000
vt  0.003420 0.000000 0.000000
vt  0.003420 0.000000 0.000000
vt  0.004174 0.000759 0.000000
vt  0.004174 0.000759 0.000000
vt  0.009874 0.008716 0.000000
vt  0.009874 0.008716 0.000000
vt  0.009658 0.014003 0.000000
vt  0.009658 0.014003 0.000000
vt  0.009874 0.019462 0.000000
vt  0.009874 0.019462 0.000000
vt  0.001159 0.028511 0.000000
vt  0.001159 0.028511 0.000000
vt  0.001159 0.028511 0.000000
vt  0.001159 0.000012 0.000000
vt  0.001159 0.000012 0.000000
vt  0.001159 0.000012 0.000000
vt  0.000002 0.007128 0.000000
vt  0.000002 0.007128 0.000000
vt  0.000000 0.020528 0.000000
vt  0.000000 0.020528 0.000000
vt  0.000484 0.025865 0.000000
vt  0.000484 0.025865 0.000000
vt  0.031527 0.006652 0.000000
vt  0.031527 0.006652 0.000000
vt  0.031527 0.006652 0.000000
vt  0.031122 0.008637 0.000000
vt  0.031122 0.008637 0.000000
vt  0.030954 0.013946 0.000000
vt  0.030954 0.013946 0.000000
vt  0.031122 0.019400 0.000000
vt  0.031122 0.019400 0.000000
vt  0.031527 0.021796 0.000000
vt  0.031527 0.021796 0.000000
vt  0.031527 0.021796 0.000000
vt  0.031928 0.019749 0.000000
vt  0.031928 0.019749 0.000000
vt  0.032092 0.014493 0.000000
vt  0.032092 0.014493 0.000000
vt  0.031928 0.009101 0.000000
vt  0.031928 0.009101 0.000000

vn  1.000000 0.000000 0.000000
vn  0.000000 -1.000000 0.000000
vn  0.000000 0.131579 0.991306
vn  1.000000 0.000000 0.000000
vn  0.000000 0.886841 0.462074
vn  1.000000 0.000000 0.000000
vn  0.000000 0.887821 -0.460189
vn  1.000000 0.000000 0.000000
vn  0.000000 0.573849 -0.818961
vn  1.000000 0.000000 0.000000
vn  0.000000 -1.000000 0.000000
vn  0.000000 0.131579 -0.991306
vn  0.000000 -1.000000 0.000000
vn  0.000000 0.131579 -0.991306
vn  -0.707107 0.093040 -0.700959
vn  0.000000 -1.000000 0.000000
vn  -0.707107 0.098210 -0.700253
vn  0.000000 -1.000000 0.000000
vn  -0.707107 0.103986 -0.699419
vn  1.000000 0.000000 0.000000
vn  0.000000 -1.000000 0.000000
vn  -0.707107 0.103986 0.699419
vn  1.000000 0.000000 0.000000
vn  0.000000 -1.000000 0.000000
vn  -0.707107 0.098210 0.700253
vn  0.000000 -1.000000 0.000000
vn  0.000000 0.131579 0.991306
vn  -0.707107 0.093040 0.700959
vn  0.000000 0.887174 0.461435
vn  -0.707107 0.627327 0.326284
vn  0.000000 0.887174 -0.461435
vn  -0.707107 0.627327 -0.326284
vn  -0.707107 0.052109 0.705184
vn  1.000000 0.000000 0.000000
vn  -0.707107 0.000000 0.707107
vn  1.000000 0.000000 0.000000
vn  -0.707107 0.000000 0.707107
vn  -0.707107 0.000000 0.707107
vn  -0.707107 0.000000 0.707107
vn  0.000000 -0.000000 1.000000
vn  0.000000 0.000000 1.000000
vn  -0.707107 0.500000 0.500000
vn  0.000000 0.707107 0.707107
vn  -0.707107 0.707107 -0.000000
vn  0.000000 1.000000 -0.000000
vn  -0.707107 0.500000 -0.500000
vn  0.000000 0.707107 -0.707107
vn  -0.707107 0.000000 -0.707107
vn  -0.707107 -0.000000 -0.707107
vn  0.000000 0.000000 -1.000000
vn  0.000000 0.000000 -1.000000
vn  -0.707107 0.000000 -0.707107
vn  1.000000 0.000000 0.000000
vn  -0.707107 -0.000000 -0.707107
vn  -0.707107 0.052109 -0.705184
vn  1.000000 0.000000 0.000000
vn  1.000000 0.000000 0.000000
vn  -0.707107 -0.052109 -0.705184
vn  1.000000 0.000000 0.000000
vn  -0.707107 -0.103986 -0.699419
vn  0.000000 1.000000 0.000000
vn  1.000000 0.000000 0.000000
vn  -0.707107 -0.103986 0.699419
vn  0.000000 1.000000 0.000000
vn  1.000000 0.000000 0.000000
vn  -0.707107 -0.052109 0.705184
vn  -0.707107 -0.098210 0.700253
vn  0.000000 1.000000 0.000000
vn  -0.707107 -0.093040 0.700959
vn  0.000000 1.000000 0.000000
vn  0.000000 -0.131579 0.991306
vn  -0.707107 -0.627327 0.326284
vn  0.000000 -0.887174 0.461435
vn  -0.707107 -0.627327 -0.326284
vn  0.000000 -0.887174 -0.461435
vn  -0.707107 -0.093040 -0.700959
vn  0.000000 1.000000 0.000000
vn  0.000000 -0.131579 -0.991306
vn  -0.707107 -0.098210 -0.700253
vn  0.000000 1.000000 0.000000
vn  -0.707107 -0.500000 -0.500000
vn  0.000000 -0.707107 -0.707107
vn  -0.707107 -0.707107 0.000000
vn  0.000000 -1.000000 -0.000000
vn  -0.707107 -0.500000 0.500000
vn  0.000000 -0.707107 0.707107
vn  0.000000 1.000000 0.000000
vn  1.000000 0.000000 0.000000
vn  0.000000 -0.131579 0.991306
vn  0.000000 1.000000 0.000000
vn  1.000000 0.000000 0.000000
vn  0.000000 -0.131579 -0.991306
vn  1.000000 0.000000 0.000000
vn  0.000000 -0.886841 -0.462074
vn  1.000000 0.000000 0.000000
vn  0.000000 -0.887821 0.460189
vn  1.000000 0.000000 0.000000
vn  0.000000 -0.573849 0.818961
vn  0.000000 0.000000 -1.000000
vn  0.000000 0.000000 -1.000000
vn  -1.000000 0.000000 0.000000
vn  0.000000 -0.707140 -0.707074
vn  -1.000000 0.000000 0.000000
vn  0.000000 -0.999999 0.001732
vn  -1.000000 0.000000 0.000000
vn  0.000000 -0.707344 0.706869
vn  -1.000000 0.000000 0.000000
vn  0.000000 -0.000000 1.000000
vn  0.000000 0.000000 1.000000
vn  -1.000000 0.000000 0.000000
vn  0.000000 0.707140 0.707074
vn  -1.000000 0.000000 0.000000
vn  0.000000 0.999999 -0.001732
vn  -1.000000 0.000000 0.000000
vn  0.000000 0.707344 -0.706869
vn  -1.000000 0.000000 0.000000


g 14
g 15
usemtl MTL1
f 3692/3692/3692  3686/3686/3686  3683/3683/3683
f 3709/3709/3709  3685/3685/3685  3687/3687/3687
f 3695/3695/3695  3693/3693/3693  3684/3684/3684
f 3698/3698/3698  3695/3695/3695  3684/3684/3684
f 3700/3700/3700  3698/3698/3698  3684/3684/3684
f 3703/3703/3703  3700/3700/3700  3684/3684/3684
f 3706/3706/3706  3703/3703/3703  3684/3684/3684
f 3708/3708/3708  3706/3706/3706  3684/3684/3684
f 3692/3692/3692  3688/3688/3688  3686/3686/3686
f 3711/3711/3711  3687/3687/3687  3689/3689/3689
f 3711/3711/3711  3709/3709/3709  3687/3687/3687
f 3692/3692/3692  3690/3690/3690  3688/3688/3688
f 3713/3713/3713  3689/3689/3689  3691/3691/3691
f 3713/3713/3713  3711/3711/3711  3689/3689/3689
f 3713/3713/3713  3691/3691/3691  3694/3694/3694
f 3713/3713/3713  3694/3694/3694  3696/3696/3696
f 3699/3699/3699  3701/3701/3701  3728/3728/3728
f 3728/3728/3728  3697/3697/3697  3699/3699/3699
f 3728/3728/3728  3714/3714/3714  3697/3697/3697
f 3741/3741/3741  3702/3702/3702  3705/3705/3705
f 3737/3737/3737  3728/3728/3728  3701/3701/3701
f 3739/3739/3739  3738/3738/3738  3702/3702/3702
f 3741/3741/3741  3739/3739/3739  3702/3702/3702
f 3712/3712/3712  3704/3704/3704  3707/3707/3707
f 3724/3724/3724  3704/3704/3704  3712/3712/3712
f 3720/3720/3720  3715/3715/3715  3704/3704/3704
f 3744/3744/3744  3705/3705/3705  3716/3716/3716
f 3724/3724/3724  3720/3720/3720  3704/3704/3704
f 3744/3744/3744  3741/3741/3741  3705/3705/3705
f 3712/3712/3712  3707/3707/3707  3710/3710/3710
f 3726/3726/3726  3712/3712/3712  3714/3714/3714
f 3726/3726/3726  3724/3724/3724  3712/3712/3712
f 3728/3728/3728  3726/3726/3726  3714/3714/3714
f 3720/3720/3720  3717/3717/3717  3715/3715/3715
f 3747/3747/3747  3716/3716/3716  3718/3718/3718
f 3747/3747/3747  3744/3744/3744  3716/3716/3716
f 3767/3767/3767  3719/3719/3719  3721/3721/3721
f 3767/3767/3767  3748/3748/3748  3719/3719/3719
f 3791/3791/3791  3723/3723/3723  3725/3725/3725
f 3788/3788/3788  3768/3768/3768  3722/3722/3722
f 3790/3790/3790  3788/3788/3788  3722/3722/3722
f 3793/3793/3793  3725/3725/3725  3727/3727/3727
f 3793/3793/3793  3791/3791/3791  3725/3725/3725
f 3795/3795/3795  3727/3727/3727  3729/3729/3729
f 3795/3795/3795  3793/3793/3793  3727/3727/3727
f 3734/3734/3734  3730/3730/3730  3728/3728/3728
f 3797/3797/3797  3729/3729/3729  3733/3733/3733
f 3737/3737/3737  3734/3734/3734  3728/3728/3728
f 3797/3797/3797  3795/3795/3795  3729/3729/3729
f 3740/3740/3740  3731/3731/3731  3736/3736/3736
f 3742/3742/3742  3731/3731/3731  3740/3740/3740
f 3763/3763/3763  3731/3731/3731  3742/3742/3742
f 3781/3781/3781  3732/3732/3732  3764/3764/3764
f 3797/3797/3797  3733/3733/3733  3782/3782/3782
f 3739/3739/3739  3735/3735/3735  3738/3738/3738
f 3772/3772/3772  3743/3743/3743  3746/3746/3746
f 3761/3761/3761  3756/3756/3756  3742/3742/3742
f 3763/3763/3763  3742/3742/3742  3756/3756/3756
f 3772/3772/3772  3762/3762/3762  3743/3743/3743
f 3767/3767/3767  3745/3745/3745  3748/3748/3748
f 3749/3749/3749  3745/3745/3745  3767/3767/3767
f 3772/3772/3772  3746/3746/3746  3750/3750/3750
f 3767/3767/3767  3751/3751/3751  3749/3749/3749
f 3772/3772/3772  3750/3750/3750  3752/3752/3752
f 3767/3767/3767  3754/3754/3754  3751/3751/3751
f 3771/3771/3771  3753/3753/3753  3755/3755/3755
f 3772/3772/3772  3752/3752/3752  3769/3769/3769
f 3765/3765/3765  3756/3756/3756  3754/3754/3754
f 3778/3778/3778  3755/3755/3755  3757/3757/3757
f 3767/3767/3767  3765/3765/3765  3754/3754/3754
f 3780/3780/3780  3771/3771/3771  3755/3755/3755
f 3780/3780/3780  3755/3755/3755  3778/3778/3778
f 3761/3761/3761  3758/3758/3758  3756/3756/3756
f 3776/3776/3776  3757/3757/3757  3760/3760/3760
f 3765/3765/3765  3763/3763/3763  3756/3756/3756
f 3778/3778/3778  3757/3757/3757  3776/3776/3776
f 3772/3772/3772  3759/3759/3759  3762/3762/3762
f 3776/3776/3776  3760/3760/3760  3774/3774/3774
f 3784/3784/3784  3764/3764/3764  3766/3766/3766
f 3784/3784/3784  3781/3781/3781  3764/3764/3764
f 3786/3786/3786  3766/3766/3766  3768/3768/3768
f 3786/3786/3786  3784/3784/3784  3766/3766/3766
f 3788/3788/3788  3786/3786/3786  3768/3768/3768
f 3775/3775/3775  3773/3773/3773  3770/3770/3770
f 3777/3777/3777  3775/3775/3775  3770/3770/3770
f 3779/3779/3779  3777/3777/3777  3770/3770/3770
f 3792/3792/3792  3783/3783/3783  3785/3785/3785
f 3794/3794/3794  3783/3783/3783  3792/3792/3792
f 3798/3798/3798  3783/3783/3783  3794/3794/3794
f 3789/3789/3789  3785/3785/3785  3787/3787/3787
f 3792/3792/3792  3785/3785/3785  3789/3789/3789
f 3798/3798/3798  3794/3794/3794  3796/3796/3796

v  -13.900000 131.250000 -3.116519
v  -13.900000 131.250000 -3.116519
v  -13.900000 131.250000 -3.116519
v  -13.900000 129.814982 -4.122127
v  -13.900000 129.814982 -4.122127
v  -13.900000 129.813124 -5.874288
v  -13.900000 129.813124 -5.874288
v  -13.900000 130.409730 -6.556084
v  -13.900000 130.409730 -6.556084
v  -13.900000 131.250000 -6.883481
v  -13.900000 131.250000 -6.883481
v  -13.900000 131.250000 -6.883481
v  -13.600000 131.250000 -6.883481
v  -13.600000 131.250000 -6.883481
v  -13.600000 131.250000 -6.883481
v  -13.499982 131.250000 -6.782535
v  -13.499982 131.250000 -6.782535
v  -13.400000 131.250000 -6.681517
v  -13.400000 131.250000 -6.681517
v  -13.400000 131.250000 -6.681517
v  -13.400000 131.250000 -3.318483
v  -13.400000 131.250000 -3.318483
v  -13.400000 131.250000 -3.318483
v  -13.499982 131.250000 -3.217465
v  -13.499982 131.250000 -3.217465
v  -13.600000 131.250000 -3.116519
v  -13.600000 131.250000 -3.116519
v  -13.600000 131.250000 -3.116519
v  -13.600000 129.814369 -4.123274
v  -13.600000 129.814369 -4.123274
v  -13.600000 129.814369 -5.876726
v  -13.600000 129.814369 -5.876726
v  -13.400000 131.374720 -3.304624
v  -13.400000 131.374720 -3.304624
v  -13.400000 131.500000 -3.300004
v  -13.400000 131.500000 -3.300004
v  -13.400000 131.500000 -3.300004
v  -12.700000 131.500000 -4.000000
v  -12.700000 131.500000 -4.000000
v  -12.700000 131.500000 -4.000000
v  -12.700000 131.500000 -4.000000
v  -12.700000 130.792893 -4.292893
v  -12.700000 130.792893 -4.292893
v  -12.700000 130.500000 -5.000000
v  -12.700000 130.500000 -5.000000
v  -12.700000 130.792893 -5.707107
v  -12.700000 130.792893 -5.707107
v  -12.700000 131.500000 -6.000000
v  -12.700000 131.500000 -6.000000
v  -12.700000 131.500000 -6.000000
v  -12.700000 131.500000 -6.000000
v  -13.400000 131.500000 -6.699996
v  -13.400000 131.500000 -6.699996
v  -13.400000 131.500000 -6.699996
v  -13.400000 131.374720 -6.695376
v  -13.400000 131.374720 -6.695376
v  -13.400000 131.625280 -6.695376
v  -13.400000 131.625280 -6.695376
v  -13.400000 131.750000 -6.681517
v  -13.400000 131.750000 -6.681517
v  -13.400000 131.750000 -6.681517
v  -13.400000 131.750000 -3.318483
v  -13.400000 131.750000 -3.318483
v  -13.400000 131.750000 -3.318483
v  -13.400000 131.625280 -3.304624
v  -13.400000 131.625280 -3.304624
v  -13.499981 131.750000 -3.217464
v  -13.499981 131.750000 -3.217464
v  -13.600000 131.750000 -3.116519
v  -13.600000 131.750000 -3.116519
v  -13.600000 131.750000 -3.116519
v  -13.600000 133.185631 -4.123274
v  -13.600000 133.185631 -4.123274
v  -13.600000 133.185631 -5.876726
v  -13.600000 133.185631 -5.876726
v  -13.600000 131.750000 -6.883481
v  -13.600000 131.750000 -6.883481
v  -13.600000 131.750000 -6.883481
v  -13.499981 131.750000 -6.782536
v  -13.499981 131.750000 -6.782536
v  -12.700000 132.207107 -5.707107
v  -12.700000 132.207107 -5.707107
v  -12.700000 132.500000 -5.000000
v  -12.700000 132.500000 -5.000000
v  -12.700000 132.207107 -4.292893
v  -12.700000 132.207107 -4.292893
v  -13.900000 131.750000 -3.116519
v  -13.900000 131.750000 -3.116519
v  -13.900000 131.750000 -3.116519
v  -13.900000 131.750000 -6.883481
v  -13.900000 131.750000 -6.883481
v  -13.900000 131.750000 -6.883481
v  -13.900000 133.185018 -5.877873
v  -13.900000 133.185018 -5.877873
v  -13.900000 133.186876 -4.125712
v  -13.900000 133.186876 -4.125712
v  -13.900000 132.590270 -3.443916
v  -13.900000 132.590270 -3.443916
v  -9.900000 131.500000 -6.000000
v  -9.900000 131.500000 -6.000000
v  -9.900000 131.500000 -6.000000
v  -9.900000 132.207177 -5.707008
v  -9.900000 132.207177 -5.707008
v  -9.900000 132.499982 -4.998269
v  -9.900000 132.499982 -4.998269
v  -9.900000 132.207380 -4.293196
v  -9.900000 132.207380 -4.293196
v  -9.900000 131.500000 -4.000000
v  -9.900000 131.500000 -4.000000
v  -9.900000 131.500000 -4.000000
v  -9.900000 130.792823 -4.292992
v  -9.900000 130.792823 -4.292992
v  -9.900000 130.500018 -5.001731
v  -9.900000 130.500018 -5.001731
v  -9.900000 130.792620 -5.706804
v  -9.900000 130.792620 -5.706804

vt  0.030933 0.028511 0.000000
vt  0.030933 0.028511 0.000000
vt  0.030933 0.028511 0.000000
vt  0.032091 0.020556 0.000000
vt  0.032091 0.020556 0.000000
vt  0.032092 0.007155 0.000000
vt  0.032092 0.007155 0.000000
vt  0.031608 0.002171 0.000000
vt  0.031608 0.002171 0.000000
vt  0.030933 0.000012 0.000000
vt  0.030933 0.000012 0.000000
vt  0.030933 0.000012 0.000000
vt  0.028672 0.000000 0.000000
vt  0.028672 0.000000 0.000000
vt  0.028672 0.000000 0.000000
vt  0.027918 0.000759 0.000000
vt  0.027918 0.000759 0.000000
vt  0.027164 0.001519 0.000000
vt  0.027164 0.001519 0.000000
vt  0.027164 0.001519 0.000000
vt  0.027164 0.026971 0.000000
vt  0.027164 0.026971 0.000000
vt  0.027164 0.026971 0.000000
vt  0.027918 0.027738 0.000000
vt  0.027918 0.027738 0.000000
vt  0.028672 0.028505 0.000000
vt  0.028672 0.028505 0.000000
vt  0.028672 0.028505 0.000000
vt  0.029806 0.020540 0.000000
vt  0.029806 0.020540 0.000000
vt  0.029806 0.007126 0.000000
vt  0.029806 0.007126 0.000000
vt  0.027068 0.027100 0.000000
vt  0.027068 0.027100 0.000000
vt  0.026972 0.027158 0.000000
vt  0.026972 0.027158 0.000000
vt  0.026972 0.027158 0.000000
vt  0.021701 0.021851 0.000000
vt  0.021701 0.021851 0.000000
vt  0.021701 0.021851 0.000000
vt  0.021701 0.021851 0.000000
vt  0.022218 0.019462 0.000000
vt  0.022218 0.019462 0.000000
vt  0.022434 0.014003 0.000000
vt  0.022434 0.014003 0.000000
vt  0.022218 0.008716 0.000000
vt  0.022218 0.008716 0.000000
vt  0.021701 0.006734 0.000000
vt  0.021701 0.006734 0.000000
vt  0.021701 0.006734 0.000000
vt  0.021701 0.006734 0.000000
vt  0.026972 0.001474 0.000000
vt  0.026972 0.001474 0.000000
vt  0.026972 0.001474 0.000000
vt  0.027068 0.001461 0.000000
vt  0.027068 0.001461 0.000000
vt  0.026876 0.001557 0.000000
vt  0.026876 0.001557 0.000000
vt  0.026781 0.001708 0.000000
vt  0.026781 0.001708 0.000000
vt  0.026781 0.001708 0.000000
vt  0.026781 0.027066 0.000000
vt  0.026781 0.027066 0.000000
vt  0.026781 0.027066 0.000000
vt  0.026876 0.027147 0.000000
vt  0.026876 0.027147 0.000000
vt  0.027532 0.027830 0.000000
vt  0.027532 0.027830 0.000000
vt  0.028283 0.028594 0.000000
vt  0.028283 0.028594 0.000000
vt  0.028283 0.028594 0.000000
vt  0.027182 0.021330 0.000000
vt  0.027182 0.021330 0.000000
vt  0.027182 0.008251 0.000000
vt  0.027182 0.008251 0.000000
vt  0.028283 0.000195 0.000000
vt  0.028283 0.000195 0.000000
vt  0.028283 0.000195 0.000000
vt  0.027532 0.000952 0.000000
vt  0.027532 0.000952 0.000000
vt  0.021189 0.009175 0.000000
vt  0.021189 0.009175 0.000000
vt  0.020979 0.014573 0.000000
vt  0.020979 0.014573 0.000000
vt  0.021189 0.019808 0.000000
vt  0.021189 0.019808 0.000000
vt  0.030536 0.028599 0.000000
vt  0.030536 0.028599 0.000000
vt  0.030536 0.028599 0.000000
vt  0.030536 0.000208 0.000000
vt  0.030536 0.000208 0.000000
vt  0.030536 0.000208 0.000000
vt  0.029411 0.008252 0.000000
vt  0.029411 0.008252 0.000000
vt  0.029410 0.021319 0.000000
vt  0.029410 0.021319 0.000000
vt  0.029874 0.026292 0.000000
vt  0.029874 0.026292 0.000000
vt  0.000565 0.006652 0.000000
vt  0.000565 0.006652 0.000000
vt  0.000565 0.006652 0.000000
vt  0.000165 0.009099 0.000000
vt  0.000165 0.009099 0.000000
vt  0.000000 0.014519 0.000000
vt  0.000000 0.014519 0.000000
vt  0.000164 0.019748 0.000000
vt  0.000164 0.019748 0.000000
vt  0.000565 0.021796 0.000000
vt  0.000565 0.021796 0.000000
vt  0.000565 0.021796 0.000000
vt  0.000970 0.019401 0.000000
vt  0.000970 0.019401 0.000000
vt  0.001139 0.013920 0.000000
vt  0.001139 0.013920 0.000000
vt  0.000970 0.008638 0.000000
vt  0.000970 0.008638 0.000000

vn  -1.000000 0.000000 0.000000
vn  0.000000 1.000000 0.000000
vn  0.000000 -0.131579 0.991306
vn  -1.000000 0.000000 0.000000
vn  0.000000 -0.886841 0.462074
vn  -1.000000 0.000000 0.000000
vn  0.000000 -0.887821 -0.460189
vn  -1.000000 0.000000 0.000000
vn  0.000000 -0.573849 -0.818961
vn  -1.000000 0.000000 0.000000
vn  0.000000 1.000000 0.000000
vn  0.000000 -0.131579 -0.991306
vn  0.000000 1.000000 0.000000
vn  0.000000 -0.131579 -0.991306
vn  0.707107 -0.093040 -0.700959
vn  0.000000 1.000000 0.000000
vn  0.707107 -0.098210 -0.700253
vn  0.000000 1.000000 0.000000
vn  0.707107 -0.103986 -0.699419
vn  -1.000000 0.000000 0.000000
vn  0.000000 1.000000 0.000000
vn  0.707107 -0.103986 0.699419
vn  -1.000000 0.000000 0.000000
vn  0.000000 1.000000 0.000000
vn  0.707107 -0.098210 0.700253
vn  0.000000 1.000000 0.000000
vn  0.000000 -0.131579 0.991306
vn  0.707107 -0.093040 0.700959
vn  0.000000 -0.887174 0.461435
vn  0.707107 -0.627327 0.326284
vn  0.000000 -0.887174 -0.461435
vn  0.707107 -0.627327 -0.326284
vn  0.707107 -0.052109 0.705184
vn  -1.000000 0.000000 0.000000
vn  0.707107 -0.000000 0.707107
vn  -1.000000 0.000000 0.000000
vn  0.707107 -0.000000 0.707107
vn  0.707107 -0.000000 0.707107
vn  0.707107 -0.000000 0.707107
vn  0.000000 0.000000 1.000000
vn  0.000000 0.000000 1.000000
vn  0.707107 -0.500000 0.500000
vn  0.000000 -0.707107 0.707107
vn  0.707107 -0.707107 -0.000000
vn  0.000000 -1.000000 -0.000000
vn  0.707107 -0.500000 -0.500000
vn  0.000000 -0.707107 -0.707107
vn  0.707107 0.000000 -0.707107
vn  0.707107 0.000000 -0.707107
vn  0.000000 -0.000000 -1.000000
vn  0.000000 -0.000000 -1.000000
vn  0.707107 0.000000 -0.707107
vn  -1.000000 0.000000 0.000000
vn  0.707107 0.000000 -0.707107
vn  0.707107 -0.052109 -0.705184
vn  -1.000000 0.000000 0.000000
vn  -1.000000 0.000000 0.000000
vn  0.707107 0.052109 -0.705184
vn  -1.000000 0.000000 0.000000
vn  0.707107 0.103986 -0.699419
vn  0.000000 -1.000000 0.000000
vn  -1.000000 0.000000 0.000000
vn  0.707107 0.103986 0.699419
vn  0.000000 -1.000000 0.000000
vn  -1.000000 0.000000 0.000000
vn  0.707107 0.052109 0.705184
vn  0.707107 0.098210 0.700253
vn  0.000000 -1.000000 0.000000
vn  0.707107 0.093040 0.700959
vn  0.000000 -1.000000 0.000000
vn  0.000000 0.131579 0.991306
vn  0.707107 0.627327 0.326284
vn  0.000000 0.887174 0.461435
vn  0.707107 0.627327 -0.326284
vn  0.000000 0.887174 -0.461435
vn  0.707107 0.093040 -0.700959
vn  0.000000 -1.000000 0.000000
vn  0.000000 0.131579 -0.991306
vn  0.707107 0.098210 -0.700253
vn  0.000000 -1.000000 0.000000
vn  0.707107 0.500000 -0.500000
vn  0.000000 0.707107 -0.707107
vn  0.707107 0.707107 0.000000
vn  0.000000 1.000000 -0.000000
vn  0.707107 0.500000 0.500000
vn  0.000000 0.707107 0.707107
vn  0.000000 -1.000000 0.000000
vn  -1.000000 0.000000 0.000000
vn  0.000000 0.131579 0.991306
vn  0.000000 -1.000000 0.000000
vn  -1.000000 0.000000 0.000000
vn  0.000000 0.131579 -0.991306
vn  -1.000000 0.000000 0.000000
vn  0.000000 0.886841 -0.462074
vn  -1.000000 0.000000 0.000000
vn  0.000000 0.887821 0.460189
vn  -1.000000 0.000000 0.000000
vn  0.000000 0.573849 0.818961
vn  0.000000 -0.000000 -1.000000
vn  0.000000 -0.000000 -1.000000
vn  1.000000 0.000000 0.000000
vn  0.000000 0.707140 -0.707074
vn  1.000000 0.000000 0.000000
vn  0.000000 0.999999 0.001732
vn  1.000000 0.000000 0.000000
vn  0.000000 0.707344 0.706869
vn  1.000000 0.000000 0.000000
vn  0.000000 0.000000 1.000000
vn  0.000000 0.000000 1.000000
vn  1.000000 0.000000 0.000000
vn  0.000000 -0.707140 0.707074
vn  1.000000 0.000000 0.000000
vn  0.000000 -0.999999 -0.001732
vn  1.000000 0.000000 0.000000
vn  0.000000 -0.707344 -0.706869
vn  1.000000 0.000000 0.000000


g 16
f 3808/3808/3808  3802/3802/3802  3799/3799/3799
f 3825/3825/3825  3801/3801/3801  3803/3803/3803
f 3811/3811/3811  3809/3809/3809  3800/3800/3800
f 3814/3814/3814  3811/3811/3811  3800/3800/3800
f 3816/3816/3816  3814/3814/3814  3800/3800/3800
f 3819/3819/3819  3816/3816/3816  3800/3800/3800
f 3822/3822/3822  3819/3819/3819  3800/3800/3800
f 3824/3824/3824  3822/3822/3822  3800/3800/3800
f 3808/3808/3808  3804/3804/3804  3802/3802/3802
f 3827/3827/3827  3803/3803/3803  3805/3805/3805
f 3827/3827/3827  3825/3825/3825  3803/3803/3803
f 3808/3808/3808  3806/3806/3806  3804/3804/3804
f 3829/3829/3829  3805/3805/3805  3807/3807/3807
f 3829/3829/3829  3827/3827/3827  3805/3805/3805
f 3829/3829/3829  3807/3807/3807  3810/3810/3810
f 3829/3829/3829  3810/3810/3810  3812/3812/3812
f 3815/3815/3815  3817/3817/3817  3844/3844/3844
f 3844/3844/3844  3813/3813/3813  3815/3815/3815
f 3844/3844/3844  3830/3830/3830  3813/3813/3813
f 3857/3857/3857  3818/3818/3818  3821/3821/3821
f 3853/3853/3853  3844/3844/3844  3817/3817/3817
f 3855/3855/3855  3854/3854/3854  3818/3818/3818
f 3857/3857/3857  3855/3855/3855  3818/3818/3818
f 3828/3828/3828  3820/3820/3820  3823/3823/3823
f 3840/3840/3840  3820/3820/3820  3828/3828/3828
f 3836/3836/3836  3831/3831/3831  3820/3820/3820
f 3860/3860/3860  3821/3821/3821  3832/3832/3832
f 3840/3840/3840  3836/3836/3836  3820/3820/3820
f 3860/3860/3860  3857/3857/3857  3821/3821/3821
f 3828/3828/3828  3823/3823/3823  3826/3826/3826
f 3842/3842/3842  3828/3828/3828  3830/3830/3830
f 3842/3842/3842  3840/3840/3840  3828/3828/3828
f 3844/3844/3844  3842/3842/3842  3830/3830/3830
f 3836/3836/3836  3833/3833/3833  3831/3831/3831
f 3863/3863/3863  3832/3832/3832  3834/3834/3834
f 3863/3863/3863  3860/3860/3860  3832/3832/3832
f 3883/3883/3883  3835/3835/3835  3837/3837/3837
f 3883/3883/3883  3864/3864/3864  3835/3835/3835
f 3907/3907/3907  3839/3839/3839  3841/3841/3841
f 3904/3904/3904  3884/3884/3884  3838/3838/3838
f 3906/3906/3906  3904/3904/3904  3838/3838/3838
f 3909/3909/3909  3841/3841/3841  3843/3843/3843
f 3909/3909/3909  3907/3907/3907  3841/3841/3841
f 3911/3911/3911  3843/3843/3843  3845/3845/3845
f 3911/3911/3911  3909/3909/3909  3843/3843/3843
f 3850/3850/3850  3846/3846/3846  3844/3844/3844
f 3913/3913/3913  3845/3845/3845  3849/3849/3849
f 3853/3853/3853  3850/3850/3850  3844/3844/3844
f 3913/3913/3913  3911/3911/3911  3845/3845/3845
f 3856/3856/3856  3847/3847/3847  3852/3852/3852
f 3858/3858/3858  3847/3847/3847  3856/3856/3856
f 3879/3879/3879  3847/3847/3847  3858/3858/3858
f 3897/3897/3897  3848/3848/3848  3880/3880/3880
f 3913/3913/3913  3849/3849/3849  3898/3898/3898
f 3855/3855/3855  3851/3851/3851  3854/3854/3854
f 3888/3888/3888  3859/3859/3859  3862/3862/3862
f 3877/3877/3877  3872/3872/3872  3858/3858/3858
f 3879/3879/3879  3858/3858/3858  3872/3872/3872
f 3888/3888/3888  3878/3878/3878  3859/3859/3859
f 3883/3883/3883  3861/3861/3861  3864/3864/3864
f 3865/3865/3865  3861/3861/3861  3883/3883/3883
f 3888/3888/3888  3862/3862/3862  3866/3866/3866
f 3883/3883/3883  3867/3867/3867  3865/3865/3865
f 3888/3888/3888  3866/3866/3866  3868/3868/3868
f 3883/3883/3883  3870/3870/3870  3867/3867/3867
f 3887/3887/3887  3869/3869/3869  3871/3871/3871
f 3888/3888/3888  3868/3868/3868  3885/3885/3885
f 3881/3881/3881  3872/3872/3872  3870/3870/3870
f 3894/3894/3894  3871/3871/3871  3873/3873/3873
f 3883/3883/3883  3881/3881/3881  3870/3870/3870
f 3896/3896/3896  3887/3887/3887  3871/3871/3871
f 3896/3896/3896  3871/3871/3871  3894/3894/3894
f 3877/3877/3877  3874/3874/3874  3872/3872/3872
f 3892/3892/3892  3873/3873/3873  3876/3876/3876
f 3881/3881/3881  3879/3879/3879  3872/3872/3872
f 3894/3894/3894  3873/3873/3873  3892/3892/3892
f 3888/3888/3888  3875/3875/3875  3878/3878/3878
f 3892/3892/3892  3876/3876/3876  3890/3890/3890
f 3900/3900/3900  3880/3880/3880  3882/3882/3882
f 3900/3900/3900  3897/3897/3897  3880/3880/3880
f 3902/3902/3902  3882/3882/3882  3884/3884/3884
f 3902/3902/3902  3900/3900/3900  3882/3882/3882
f 3904/3904/3904  3902/3902/3902  3884/3884/3884
f 3891/3891/3891  3889/3889/3889  3886/3886/3886
f 3893/3893/3893  3891/3891/3891  3886/3886/3886
f 3895/3895/3895  3893/3893/3893  3886/3886/3886
f 3908/3908/3908  3899/3899/3899  3901/3901/3901
f 3910/3910/3910  3899/3899/3899  3908/3908/3908
f 3914/3914/3914  3899/3899/3899  3910/3910/3910
f 3905/3905/3905  3901/3901/3901  3903/3903/3903
f 3908/3908/3908  3901/3901/3901  3905/3905/3905
f 3914/3914/3914  3910/3910/3910  3912/3912/3912
