mtllib sdh_handwurzel1_klein.mtl

v  20.000000 0.000000 -0.000000
v  20.000000 0.000000 -0.000000
v  20.000000 0.000000 -0.000000
v  19.015666 0.000000 -6.196591
v  19.015666 0.000000 -6.196591
v  16.169322 0.000000 -11.770506
v  16.169322 0.000000 -11.770506
v  11.746322 0.000000 -16.187112
v  11.746322 0.000000 -16.187112
v  6.181688 0.000000 -19.020574
v  6.181688 0.000000 -19.020574
v  0.001289 0.000000 -19.999828
v  0.001289 0.000000 -19.999828
v  -6.185739 0.000000 -19.019243
v  -6.185739 0.000000 -19.019243
v  -11.755819 0.000000 -16.180210
v  -11.755819 0.000000 -16.180210
v  -16.181192 0.000000 -11.754169
v  -16.181192 0.000000 -11.754169
v  -19.020088 0.000000 -6.183028
v  -19.020088 0.000000 -6.183028
v  -20.000000 0.000000 0.000000
v  -20.000000 0.000000 0.000000
v  -20.000000 0.000000 0.000000
v  -19.015666 0.000000 6.196591
v  -19.015666 0.000000 6.196591
v  -16.169322 0.000000 11.770506
v  -16.169322 0.000000 11.770506
v  -11.746322 0.000000 16.187112
v  -11.746322 0.000000 16.187112
v  -6.181688 0.000000 19.020574
v  -6.181688 0.000000 19.020574
v  -0.001289 0.000000 19.999828
v  -0.001289 0.000000 19.999828
v  6.185739 0.000000 19.019243
v  6.185739 0.000000 19.019243
v  11.755819 0.000000 16.180210
v  11.755819 0.000000 16.180210
v  16.181192 0.000000 11.754169
v  16.181192 0.000000 11.754169
v  19.020088 0.000000 6.183028
v  19.020088 0.000000 6.183028
v  0.000000 0.000000 19.050000
v  0.000000 0.000000 19.050000
v  0.000000 0.000000 19.050000
v  -5.904278 0.000000 18.111852
v  -5.904278 0.000000 18.111852
v  -11.211915 0.000000 15.400838
v  -11.211915 0.000000 15.400838
v  -15.420242 0.000000 11.185337
v  -15.420242 0.000000 11.185337
v  -18.119321 0.000000 5.881301
v  -18.119321 0.000000 5.881301
v  -19.049989 0.000000 -0.000859
v  -19.049989 0.000000 -0.000859
v  -18.117253 0.000000 -5.887670
v  -18.117253 0.000000 -5.887670
v  -15.413120 0.000000 -11.195145
v  -15.413120 0.000000 -11.195145
v  -11.195555 0.000000 -15.412681
v  -11.195555 0.000000 -15.412681
v  -5.891113 0.000000 -18.116139
v  -5.891113 0.000000 -18.116139
v  0.000000 0.000000 -19.050000
v  0.000000 0.000000 -19.050000
v  0.000000 0.000000 -19.050000
v  5.904278 0.000000 -18.111852
v  5.904278 0.000000 -18.111852
v  11.211915 0.000000 -15.400838
v  11.211915 0.000000 -15.400838
v  15.420242 0.000000 -11.185337
v  15.420242 0.000000 -11.185337
v  18.119321 0.000000 -5.881301
v  18.119321 0.000000 -5.881301
v  19.049989 0.000000 0.000859
v  19.049989 0.000000 0.000859
v  18.117253 0.000000 5.887670
v  18.117253 0.000000 5.887670
v  15.413120 0.000000 11.195145
v  15.413120 0.000000 11.195145
v  11.195555 0.000000 15.412681
v  11.195555 0.000000 15.412681
v  5.891113 0.000000 18.116139
v  5.891113 0.000000 18.116139
v  -20.000000 1.000000 -0.000000
v  -20.000000 1.000000 -0.000000
v  -20.000000 1.000000 -0.000000
v  -19.020088 1.000000 6.183028
v  -19.020088 1.000000 6.183028
v  -16.181192 1.000000 11.754169
v  -16.181192 1.000000 11.754169
v  -11.755819 1.000000 16.180210
v  -11.755819 1.000000 16.180210
v  -6.185739 1.000000 19.019243
v  -6.185739 1.000000 19.019243
v  0.001289 1.000000 19.999828
v  0.001289 1.000000 19.999828
v  6.181688 1.000000 19.020574
v  6.181688 1.000000 19.020574
v  11.746322 1.000000 16.187112
v  11.746322 1.000000 16.187112
v  16.169322 1.000000 11.770506
v  16.169322 1.000000 11.770506
v  19.015666 1.000000 6.196591
v  19.015666 1.000000 6.196591
v  20.000000 1.000000 0.000000
v  20.000000 1.000000 0.000000
v  20.000000 1.000000 0.000000
v  19.020088 1.000000 -6.183028
v  19.020088 1.000000 -6.183028
v  16.181192 1.000000 -11.754169
v  16.181192 1.000000 -11.754169
v  11.755819 1.000000 -16.180210
v  11.755819 1.000000 -16.180210
v  6.185739 1.000000 -19.019243
v  6.185739 1.000000 -19.019243
v  -0.001289 1.000000 -19.999828
v  -0.001289 1.000000 -19.999828
v  -6.181688 1.000000 -19.020574
v  -6.181688 1.000000 -19.020574
v  -11.746322 1.000000 -16.187112
v  -11.746322 1.000000 -16.187112
v  -16.169322 1.000000 -11.770506
v  -16.169322 1.000000 -11.770506
v  -19.015666 1.000000 -6.196591
v  -19.015666 1.000000 -6.196591
v  -22.400000 1.000000 -0.000000
v  -22.400000 1.000000 -0.000000
v  -22.400000 1.000000 -0.000000
v  -21.487673 1.000000 6.327674
v  -21.487673 1.000000 6.327674
v  -18.834694 1.000000 12.124732
v  -18.834694 1.000000 12.124732
v  -14.659480 1.000000 16.936790
v  -14.659480 1.000000 16.936790
v  -9.306937 1.000000 20.374807
v  -9.306937 1.000000 20.374807
v  -3.194547 1.000000 22.170868
v  -3.194547 1.000000 22.170868
v  3.182712 1.000000 22.172542
v  3.182712 1.000000 22.172542
v  9.308761 1.000000 20.373957
v  9.308761 1.000000 20.373957
v  14.669689 1.000000 16.927944
v  14.669689 1.000000 16.927944
v  18.846220 1.000000 12.106747
v  18.846220 1.000000 12.106747
v  21.491563 1.000000 6.314436
v  21.491563 1.000000 6.314436
v  22.400000 1.000000 0.000000
v  22.400000 1.000000 0.000000
v  22.400000 1.000000 0.000000
v  21.487673 1.000000 -6.327674
v  21.487673 1.000000 -6.327674
v  18.834694 1.000000 -12.124732
v  18.834694 1.000000 -12.124732
v  14.659480 1.000000 -16.936790
v  14.659480 1.000000 -16.936790
v  9.306937 1.000000 -20.374807
v  9.306937 1.000000 -20.374807
v  3.194547 1.000000 -22.170868
v  3.194547 1.000000 -22.170868
v  -3.182712 1.000000 -22.172542
v  -3.182712 1.000000 -22.172542
v  -9.308761 1.000000 -20.373957
v  -9.308761 1.000000 -20.373957
v  -14.669689 1.000000 -16.927944
v  -14.669689 1.000000 -16.927944
v  -18.846220 1.000000 -12.106747
v  -18.846220 1.000000 -12.106747
v  -21.491563 1.000000 -6.314436
v  -21.491563 1.000000 -6.314436
v  22.400000 1.600000 0.000000
v  22.400000 1.600000 0.000000
v  22.400000 1.600000 0.000000
v  22.400000 1.600000 0.000000
v  21.492643 1.600000 -6.310809
v  21.492643 1.600000 -6.310809
v  18.844079 1.600000 -12.110354
v  18.844079 1.600000 -12.110354
v  14.668880 1.600000 -16.928790
v  14.668880 1.600000 -16.928790
v  9.305296 1.600000 -20.375757
v  9.305296 1.600000 -20.375757
v  3.187852 1.600000 -22.172000
v  3.187852 1.600000 -22.172000
v  -3.187852 1.600000 -22.172000
v  -3.187852 1.600000 -22.172000
v  -9.305296 1.600000 -20.375757
v  -9.305296 1.600000 -20.375757
v  -14.668880 1.600000 -16.928790
v  -14.668880 1.600000 -16.928790
v  -18.844079 1.600000 -12.110354
v  -18.844079 1.600000 -12.110354
v  -21.492643 1.600000 -6.310809
v  -21.492643 1.600000 -6.310809
v  -22.400000 1.600000 -0.000000
v  -22.400000 1.600000 -0.000000
v  -22.400000 1.600000 -0.000000
v  -22.400000 1.600000 -0.000000
v  21.900000 2.100000 0.000000
v  21.900000 2.100000 0.000000
v  21.900000 2.100000 0.000000
v  21.012002 2.100000 -6.172929
v  21.012002 2.100000 -6.172929
v  18.425628 2.100000 -11.836387
v  18.425628 2.100000 -11.836387
v  14.343105 2.100000 -16.549339
v  14.343105 2.100000 -16.549339
v  9.102418 2.100000 -19.918535
v  9.102418 2.100000 -19.918535
v  3.113380 2.100000 -21.677371
v  3.113380 2.100000 -21.677371
v  -3.122720 2.100000 -21.676054
v  -3.122720 2.100000 -21.676054
v  -9.099484 2.100000 -19.919890
v  -9.099484 2.100000 -19.919890
v  -14.332800 2.100000 -16.558268
v  -14.332800 2.100000 -16.558268
v  -18.414171 2.100000 -11.854265
v  -18.414171 2.100000 -11.854265
v  -21.008163 2.100000 -6.185995
v  -21.008163 2.100000 -6.185995
v  -21.900000 2.100000 -0.000000
v  -21.900000 2.100000 -0.000000
v  -21.900000 2.100000 -0.000000
v  -21.012002 2.100000 6.172929
v  -21.012002 2.100000 6.172929
v  -18.425628 2.100000 11.836387
v  -18.425628 2.100000 11.836387
v  -14.343105 2.100000 16.549339
v  -14.343105 2.100000 16.549339
v  -9.102418 2.100000 19.918535
v  -9.102418 2.100000 19.918535
v  -3.113380 2.100000 21.677371
v  -3.113380 2.100000 21.677371
v  3.122720 2.100000 21.676054
v  3.122720 2.100000 21.676054
v  9.099484 2.100000 19.919890
v  9.099484 2.100000 19.919890
v  14.332800 2.100000 16.558268
v  14.332800 2.100000 16.558268
v  18.414171 2.100000 11.854265
v  18.414171 2.100000 11.854265
v  21.008163 2.100000 6.185995
v  21.008163 2.100000 6.185995
v  21.492643 1.600000 6.310809
v  21.492643 1.600000 6.310809
v  18.844079 1.600000 12.110354
v  18.844079 1.600000 12.110354
v  14.668880 1.600000 16.928790
v  14.668880 1.600000 16.928790
v  9.305296 1.600000 20.375757
v  9.305296 1.600000 20.375757
v  3.187852 1.600000 22.172000
v  3.187852 1.600000 22.172000
v  -3.187852 1.600000 22.172000
v  -3.187852 1.600000 22.172000
v  -9.305296 1.600000 20.375757
v  -9.305296 1.600000 20.375757
v  -14.668880 1.600000 16.928790
v  -14.668880 1.600000 16.928790
v  -18.844079 1.600000 12.110354
v  -18.844079 1.600000 12.110354
v  -21.492643 1.600000 6.310809
v  -21.492643 1.600000 6.310809
v  6.900000 2.100000 -12.000000
v  6.900000 2.100000 -12.000000
v  6.900000 2.100000 -12.000000
v  -11.200000 2.100000 -12.000000
v  -11.200000 2.100000 -12.000000
v  -11.200000 2.100000 -12.000000
v  -11.200000 2.100000 12.000000
v  -11.200000 2.100000 12.000000
v  -11.200000 2.100000 12.000000
v  6.900000 2.100000 12.000000
v  6.900000 2.100000 12.000000
v  6.900000 2.100000 12.000000
v  12.700000 2.100000 -8.000000
v  12.700000 2.100000 -8.000000
v  12.700000 2.100000 -8.000000
v  12.700000 2.100000 8.000000
v  12.700000 2.100000 8.000000
v  12.700000 2.100000 8.000000
v  13.110073 2.100000 8.989962
v  13.110073 2.100000 8.989962
v  14.100000 2.100000 9.400000
v  14.100000 2.100000 9.400000
v  15.089962 2.100000 8.989927
v  15.089962 2.100000 8.989927
v  15.500000 2.100000 8.000000
v  15.500000 2.100000 8.000000
v  15.500000 2.100000 8.000000
v  15.500000 2.100000 -8.000000
v  15.500000 2.100000 -8.000000
v  15.500000 2.100000 -8.000000
v  15.089927 2.100000 -8.989962
v  15.089927 2.100000 -8.989962
v  14.100000 2.100000 -9.400000
v  14.100000 2.100000 -9.400000
v  13.110038 2.100000 -8.989927
v  13.110038 2.100000 -8.989927
v  -17.000000 2.100000 3.000000
v  -17.000000 2.100000 3.000000
v  -17.000000 2.100000 3.000000
v  -16.648509 2.100000 3.848539
v  -16.648509 2.100000 3.848539
v  -15.800000 2.100000 4.200000
v  -15.800000 2.100000 4.200000
v  -14.951461 2.100000 3.848509
v  -14.951461 2.100000 3.848509
v  -14.600000 2.100000 3.000000
v  -14.600000 2.100000 3.000000
v  -14.600000 2.100000 3.000000
v  -14.600000 2.100000 -3.000000
v  -14.600000 2.100000 -3.000000
v  -14.600000 2.100000 -3.000000
v  -14.951491 2.100000 -3.848539
v  -14.951491 2.100000 -3.848539
v  -15.800000 2.100000 -4.200000
v  -15.800000 2.100000 -4.200000
v  -16.648539 2.100000 -3.848509
v  -16.648539 2.100000 -3.848509
v  -17.000000 2.100000 -3.000000
v  -17.000000 2.100000 -3.000000
v  -17.000000 2.100000 -3.000000
v  -13.000000 2.100000 10.850000
v  -13.000000 2.100000 10.850000
v  -13.000000 2.100000 10.850000
v  -12.479603 2.100000 10.745423
v  -12.479603 2.100000 10.745423
v  -12.038910 2.100000 10.448046
v  -12.038910 2.100000 10.448046
v  -11.650018 2.100000 9.494689
v  -11.650018 2.100000 9.494689
v  -12.044762 2.100000 8.546057
v  -12.044762 2.100000 8.546057
v  -13.000000 2.100000 8.150000
v  -13.000000 2.100000 8.150000
v  -13.000000 2.100000 8.150000
v  -13.520397 2.100000 8.254577
v  -13.520397 2.100000 8.254577
v  -13.961090 2.100000 8.551954
v  -13.961090 2.100000 8.551954
v  -14.349982 2.100000 9.505311
v  -14.349982 2.100000 9.505311
v  -13.955238 2.100000 10.453943
v  -13.955238 2.100000 10.453943
v  10.500000 2.100000 10.850000
v  10.500000 2.100000 10.850000
v  10.500000 2.100000 10.850000
v  11.020397 2.100000 10.745423
v  11.020397 2.100000 10.745423
v  11.461090 2.100000 10.448046
v  11.461090 2.100000 10.448046
v  11.849982 2.100000 9.494689
v  11.849982 2.100000 9.494689
v  11.455238 2.100000 8.546057
v  11.455238 2.100000 8.546057
v  10.500000 2.100000 8.150000
v  10.500000 2.100000 8.150000
v  10.500000 2.100000 8.150000
v  9.979603 2.100000 8.254577
v  9.979603 2.100000 8.254577
v  9.538910 2.100000 8.551954
v  9.538910 2.100000 8.551954
v  9.150018 2.100000 9.505311
v  9.150018 2.100000 9.505311
v  9.544762 2.100000 10.453943
v  9.544762 2.100000 10.453943
v  -13.000000 2.100000 -8.150000
v  -13.000000 2.100000 -8.150000
v  -13.000000 2.100000 -8.150000
v  -12.479603 2.100000 -8.254577
v  -12.479603 2.100000 -8.254577
v  -12.038910 2.100000 -8.551954
v  -12.038910 2.100000 -8.551954
v  -11.650018 2.100000 -9.505311
v  -11.650018 2.100000 -9.505311
v  -12.044762 2.100000 -10.453943
v  -12.044762 2.100000 -10.453943
v  -13.000000 2.100000 -10.850000
v  -13.000000 2.100000 -10.850000
v  -13.000000 2.100000 -10.850000
v  -13.520397 2.100000 -10.745423
v  -13.520397 2.100000 -10.745423
v  -13.961090 2.100000 -10.448046
v  -13.961090 2.100000 -10.448046
v  -14.349982 2.100000 -9.494689
v  -14.349982 2.100000 -9.494689
v  -13.955238 2.100000 -8.546057
v  -13.955238 2.100000 -8.546057
v  10.500000 2.100000 -8.150000
v  10.500000 2.100000 -8.150000
v  10.500000 2.100000 -8.150000
v  11.020397 2.100000 -8.254577
v  11.020397 2.100000 -8.254577
v  11.461090 2.100000 -8.551954
v  11.461090 2.100000 -8.551954
v  11.849982 2.100000 -9.505311
v  11.849982 2.100000 -9.505311
v  11.455238 2.100000 -10.453943
v  11.455238 2.100000 -10.453943
v  10.500000 2.100000 -10.850000
v  10.500000 2.100000 -10.850000
v  10.500000 2.100000 -10.850000
v  9.979603 2.100000 -10.745423
v  9.979603 2.100000 -10.745423
v  9.538910 2.100000 -10.448046
v  9.538910 2.100000 -10.448046
v  9.150018 2.100000 -9.494689
v  9.150018 2.100000 -9.494689
v  9.544762 2.100000 -8.546057
v  9.544762 2.100000 -8.546057
v  -14.000000 2.100000 -7.200000
v  -14.000000 2.100000 -7.200000
v  -14.000000 2.100000 -7.200000
v  -14.853387 2.100000 -6.843470
v  -14.853387 2.100000 -6.843470
v  -15.199830 2.100000 -5.995179
v  -15.199830 2.100000 -5.995179
v  -14.848080 2.100000 -5.151129
v  -14.848080 2.100000 -5.151129
v  -14.000000 2.100000 -4.800000
v  -14.000000 2.100000 -4.800000
v  -14.000000 2.100000 -4.800000
v  -13.146613 2.100000 -5.156530
v  -13.146613 2.100000 -5.156530
v  -12.800170 2.100000 -6.004821
v  -12.800170 2.100000 -6.004821
v  -13.151920 2.100000 -6.848871
v  -13.151920 2.100000 -6.848871
v  -14.000000 2.100000 4.800000
v  -14.000000 2.100000 4.800000
v  -14.000000 2.100000 4.800000
v  -14.853387 2.100000 5.156530
v  -14.853387 2.100000 5.156530
v  -15.199830 2.100000 6.004821
v  -15.199830 2.100000 6.004821
v  -14.848080 2.100000 6.848871
v  -14.848080 2.100000 6.848871
v  -14.000000 2.100000 7.200000
v  -14.000000 2.100000 7.200000
v  -14.000000 2.100000 7.200000
v  -13.146613 2.100000 6.843470
v  -13.146613 2.100000 6.843470
v  -12.800170 2.100000 5.995179
v  -12.800170 2.100000 5.995179
v  -13.151920 2.100000 5.151129
v  -13.151920 2.100000 5.151129
v  10.000000 2.100000 -7.200000
v  10.000000 2.100000 -7.200000
v  10.000000 2.100000 -7.200000
v  9.146613 2.100000 -6.843470
v  9.146613 2.100000 -6.843470
v  8.800170 2.100000 -5.995179
v  8.800170 2.100000 -5.995179
v  9.151920 2.100000 -5.151129
v  9.151920 2.100000 -5.151129
v  10.000000 2.100000 -4.800000
v  10.000000 2.100000 -4.800000
v  10.000000 2.100000 -4.800000
v  10.853387 2.100000 -5.156530
v  10.853387 2.100000 -5.156530
v  11.199830 2.100000 -6.004821
v  11.199830 2.100000 -6.004821
v  10.848080 2.100000 -6.848871
v  10.848080 2.100000 -6.848871
v  10.000000 2.100000 4.800000
v  10.000000 2.100000 4.800000
v  10.000000 2.100000 4.800000
v  9.146613 2.100000 5.156530
v  9.146613 2.100000 5.156530
v  8.800170 2.100000 6.004821
v  8.800170 2.100000 6.004821
v  9.151920 2.100000 6.848871
v  9.151920 2.100000 6.848871
v  10.000000 2.100000 7.200000
v  10.000000 2.100000 7.200000
v  10.000000 2.100000 7.200000
v  10.853387 2.100000 6.843470
v  10.853387 2.100000 6.843470
v  11.199830 2.100000 5.995179
v  11.199830 2.100000 5.995179
v  10.848080 2.100000 5.151129
v  10.848080 2.100000 5.151129
v  6.900000 5.500000 -12.000000
v  6.900000 5.500000 -12.000000
v  6.900000 5.500000 -12.000000
v  -11.200000 5.500000 -12.000000
v  -11.200000 5.500000 -12.000000
v  -11.200000 5.500000 -12.000000
v  6.900000 5.500000 -9.137286
v  6.900000 5.500000 -9.137286
v  6.900000 5.500000 -9.137286
v  -11.200000 5.500000 -9.137286
v  -11.200000 5.500000 -9.137286
v  -11.200000 5.500000 -9.137286
v  6.900000 4.904145 -6.770114
v  6.900000 4.904145 -6.770114
v  6.900000 4.904145 -6.770114
v  -11.200000 4.904145 -6.770114
v  -11.200000 4.904145 -6.770114
v  -11.200000 4.904145 -6.770114
v  -11.200000 5.348661 -7.916801
v  -11.200000 5.348661 -7.916801
v  6.900000 5.348661 -7.916801
v  6.900000 5.348661 -7.916801
v  6.900000 3.392997 -2.340798
v  6.900000 3.392997 -2.340798
v  6.900000 3.392997 2.340798
v  6.900000 3.392997 2.340798
v  6.900000 4.904145 6.770114
v  6.900000 4.904145 6.770114
v  6.900000 4.904145 6.770114
v  -11.200000 4.904145 6.770114
v  -11.200000 4.904145 6.770114
v  -11.200000 4.904145 6.770114
v  -11.200000 3.392997 2.340798
v  -11.200000 3.392997 2.340798
v  -11.200000 3.392997 -2.340798
v  -11.200000 3.392997 -2.340798
v  6.900000 5.500000 12.000000
v  6.900000 5.500000 12.000000
v  6.900000 5.500000 12.000000
v  6.900000 5.500000 9.137286
v  6.900000 5.500000 9.137286
v  6.900000 5.500000 9.137286
v  6.900000 5.348661 7.916801
v  6.900000 5.348661 7.916801
v  -11.200000 5.500000 12.000000
v  -11.200000 5.500000 12.000000
v  -11.200000 5.500000 12.000000
v  -11.200000 5.500000 9.137286
v  -11.200000 5.500000 9.137286
v  -11.200000 5.500000 9.137286
v  -11.200000 5.348661 7.916801
v  -11.200000 5.348661 7.916801
v  15.493299 0.500000 -8.136810
v  15.493299 0.500000 -8.136810
v  15.493299 0.500000 -8.136810
v  15.317658 0.500000 -8.690870
v  15.317658 0.500000 -8.690870
v  14.932141 0.500000 -9.125851
v  14.932141 0.500000 -9.125851
v  14.932141 0.500000 -9.125851
v  14.932141 0.000000 -9.125851
v  14.932141 0.000000 -9.125851
v  14.932141 0.000000 -9.125851
v  14.538047 0.000000 -9.329631
v  14.538047 0.000000 -9.329631
v  14.100000 0.000000 -9.400000
v  14.100000 0.000000 -9.400000
v  13.110073 0.000000 -8.989962
v  13.110073 0.000000 -8.989962
v  12.700000 0.000000 -8.000000
v  12.700000 0.000000 -8.000000
v  12.700000 0.000000 -8.000000
v  15.500000 0.000000 -8.000000
v  15.500000 0.000000 -8.000000
v  15.500000 0.000000 -8.000000
v  15.498324 0.000000 -8.068487
v  15.498324 0.000000 -8.068487
v  15.493299 0.000000 -8.136810
v  15.493299 0.000000 -8.136810
v  15.493299 0.000000 -8.136810
v  0.000000 0.500000 19.050000
v  0.000000 0.500000 19.050000
v  0.000000 0.500000 19.050000
v  5.904278 0.500000 18.111852
v  5.904278 0.500000 18.111852
v  11.211915 0.500000 15.400838
v  11.211915 0.500000 15.400838
v  15.420242 0.500000 11.185337
v  15.420242 0.500000 11.185337
v  18.119321 0.500000 5.881301
v  18.119321 0.500000 5.881301
v  19.049989 0.500000 -0.000859
v  19.049989 0.500000 -0.000859
v  18.117253 0.500000 -5.887670
v  18.117253 0.500000 -5.887670
v  15.413120 0.500000 -11.195145
v  15.413120 0.500000 -11.195145
v  11.195555 0.500000 -15.412681
v  11.195555 0.500000 -15.412681
v  5.891113 0.500000 -18.116139
v  5.891113 0.500000 -18.116139
v  -0.000000 0.500000 -19.050000
v  -0.000000 0.500000 -19.050000
v  -0.000000 0.500000 -19.050000
v  -5.904278 0.500000 -18.111852
v  -5.904278 0.500000 -18.111852
v  -11.211915 0.500000 -15.400838
v  -11.211915 0.500000 -15.400838
v  -15.420242 0.500000 -11.185337
v  -15.420242 0.500000 -11.185337
v  -18.119321 0.500000 -5.881301
v  -18.119321 0.500000 -5.881301
v  -19.049989 0.500000 0.000859
v  -19.049989 0.500000 0.000859
v  -18.117253 0.500000 5.887670
v  -18.117253 0.500000 5.887670
v  -15.413120 0.500000 11.195145
v  -15.413120 0.500000 11.195145
v  -11.195555 0.500000 15.412681
v  -11.195555 0.500000 15.412681
v  -5.891113 0.500000 18.116139
v  -5.891113 0.500000 18.116139
v  17.272905 0.500000 -2.809342
v  17.272905 0.500000 -2.809342
v  17.272905 0.500000 2.809342
v  17.272905 0.500000 2.809342
v  15.493299 0.500000 8.136810
v  15.493299 0.500000 8.136810
v  15.493299 0.500000 8.136810
v  15.317658 0.500000 8.690870
v  15.317658 0.500000 8.690870
v  14.932141 0.500000 9.125851
v  14.932141 0.500000 9.125851
v  14.932141 0.500000 9.125851
v  13.169269 0.500000 11.524679
v  13.169269 0.500000 11.524679
v  11.024439 0.500000 13.590670
v  11.024439 0.500000 13.590670
v  8.559916 0.500000 15.263387
v  8.559916 0.500000 15.263387
v  5.847452 0.500000 16.493996
v  5.847452 0.500000 16.493996
v  2.966134 0.500000 17.246737
v  2.966134 0.500000 17.246737
v  -0.000000 0.500000 17.500000
v  -0.000000 0.500000 17.500000
v  -2.966134 0.500000 17.246737
v  -2.966134 0.500000 17.246737
v  -5.847452 0.500000 16.493996
v  -5.847452 0.500000 16.493996
v  -8.559916 0.500000 15.263387
v  -8.559916 0.500000 15.263387
v  -11.024439 0.500000 13.590670
v  -11.024439 0.500000 13.590670
v  -13.169269 0.500000 11.524679
v  -13.169269 0.500000 11.524679
v  -14.932141 0.500000 9.125851
v  -14.932141 0.500000 9.125851
v  -16.974198 0.500000 4.257490
v  -16.974198 0.500000 4.257490
v  -17.472290 0.500000 -0.980573
v  -17.472290 0.500000 -0.980573
v  -16.386311 0.500000 -6.142793
v  -16.386311 0.500000 -6.142793
v  -13.807675 0.500000 -10.751391
v  -13.807675 0.500000 -10.751391
v  -9.960898 0.500000 -14.388257
v  -9.960898 0.500000 -14.388257
v  -5.219022 0.500000 -16.703610
v  -5.219022 0.500000 -16.703610
v  0.000000 0.500000 -17.500000
v  0.000000 0.500000 -17.500000
v  2.966134 0.500000 -17.246737
v  2.966134 0.500000 -17.246737
v  5.847452 0.500000 -16.493996
v  5.847452 0.500000 -16.493996
v  8.559916 0.500000 -15.263387
v  8.559916 0.500000 -15.263387
v  11.024439 0.500000 -13.590670
v  11.024439 0.500000 -13.590670
v  13.169269 0.500000 -11.524679
v  13.169269 0.500000 -11.524679
v  17.272905 0.000000 -2.809342
v  17.272905 0.000000 -2.809342
v  17.272905 0.000000 2.809342
v  17.272905 0.000000 2.809342
v  15.493299 0.000000 8.136810
v  15.493299 0.000000 8.136810
v  15.493299 0.000000 8.136810
v  15.500000 0.000000 8.000000
v  15.500000 0.000000 8.000000
v  15.500000 0.000000 8.000000
v  15.498324 0.000000 8.068487
v  15.498324 0.000000 8.068487
v  12.700000 0.000000 8.000000
v  12.700000 0.000000 8.000000
v  12.700000 0.000000 8.000000
v  13.110038 0.000000 8.989927
v  13.110038 0.000000 8.989927
v  14.100000 0.000000 9.400000
v  14.100000 0.000000 9.400000
v  14.538047 0.000000 9.329631
v  14.538047 0.000000 9.329631
v  14.932141 0.000000 9.125851
v  14.932141 0.000000 9.125851
v  14.932141 0.000000 9.125851
v  12.700000 1.500000 4.000000
v  12.700000 1.500000 4.000000
v  12.700000 1.500000 4.000000
v  12.700000 0.000000 4.000000
v  12.700000 0.000000 4.000000
v  12.700000 0.000000 4.000000
v  12.700000 0.000000 -4.000000
v  12.700000 0.000000 -4.000000
v  12.700000 0.000000 -4.000000
v  12.700000 1.500000 -4.000000
v  12.700000 1.500000 -4.000000
v  12.700000 1.500000 -4.000000
v  -2.000000 1.500000 -3.000000
v  -2.000000 1.500000 -3.000000
v  -2.000000 1.500000 -3.000000
v  -2.000000 1.500000 3.000000
v  -2.000000 1.500000 3.000000
v  -2.000000 1.500000 3.000000
v  -2.292909 1.500000 3.707116
v  -2.292909 1.500000 3.707116
v  -3.000000 1.500000 4.000000
v  -3.000000 1.500000 4.000000
v  -3.000000 1.500000 4.000000
v  -3.000000 1.500000 -4.000000
v  -3.000000 1.500000 -4.000000
v  -3.000000 1.500000 -4.000000
v  -2.292884 1.500000 -3.707091
v  -2.292884 1.500000 -3.707091
v  -3.000000 1.800000 -4.000000
v  -3.000000 1.800000 -4.000000
v  -3.000000 1.800000 -4.000000
v  -2.292909 1.800000 -3.707116
v  -2.292909 1.800000 -3.707116
v  -2.000000 1.800000 -3.000000
v  -2.000000 1.800000 -3.000000
v  -2.000000 1.800000 -3.000000
v  10.000000 0.000000 -4.000000
v  10.000000 0.000000 -4.000000
v  10.000000 0.000000 -4.000000
v  10.000000 0.000000 -4.000000
v  10.000000 0.000000 -4.000000
v  -11.000000 0.000000 -4.000000
v  -11.000000 0.000000 -4.000000
v  -11.000000 0.000000 -4.000000
v  -11.000000 1.800000 -4.000000
v  -11.000000 1.800000 -4.000000
v  -11.000000 1.800000 -4.000000
v  10.000000 0.000000 4.000000
v  10.000000 0.000000 4.000000
v  10.000000 0.000000 4.000000
v  10.000000 0.000000 4.000000
v  10.000000 0.000000 4.000000
v  11.184247 0.000000 4.388641
v  11.184247 0.000000 4.388641
v  11.904860 0.000000 5.390685
v  11.904860 0.000000 5.390685
v  11.900383 0.000000 6.623047
v  11.900383 0.000000 6.623047
v  11.177154 0.000000 7.616602
v  11.177154 0.000000 7.616602
v  10.000000 0.000000 8.000000
v  10.000000 0.000000 8.000000
v  10.000000 0.000000 8.000000
v  8.815753 0.000000 7.611359
v  8.815753 0.000000 7.611359
v  8.095140 0.000000 6.609315
v  8.095140 0.000000 6.609315
v  8.099617 0.000000 5.376953
v  8.099617 0.000000 5.376953
v  8.822846 0.000000 4.383398
v  8.822846 0.000000 4.383398
v  -11.000000 0.000000 4.000000
v  -11.000000 0.000000 4.000000
v  -11.000000 0.000000 4.000000
v  -11.292909 0.000000 4.707116
v  -11.292909 0.000000 4.707116
v  -12.000000 0.000000 5.000000
v  -12.000000 0.000000 5.000000
v  -12.148797 0.000000 4.988865
v  -12.148797 0.000000 4.988865
v  -12.294281 0.000000 4.955719
v  -12.294281 0.000000 4.955719
v  -12.294281 0.000000 4.955719
v  -12.024935 0.000000 6.314793
v  -12.024935 0.000000 6.314793
v  -12.700301 0.000000 7.520118
v  -12.700301 0.000000 7.520118
v  -14.000000 0.000000 8.000000
v  -14.000000 0.000000 8.000000
v  -14.542462 0.000000 7.924971
v  -14.542462 0.000000 7.924971
v  -15.044281 0.000000 7.705719
v  -15.044281 0.000000 7.705719
v  -15.863025 0.000000 6.727175
v  -15.863025 0.000000 6.727175
v  -15.924892 0.000000 5.457590
v  -15.924892 0.000000 5.457590
v  -15.209245 0.000000 4.407087
v  -15.209245 0.000000 4.407087
v  -14.000000 0.000000 4.000000
v  -14.000000 0.000000 4.000000
v  -13.457538 0.000000 4.075029
v  -13.457538 0.000000 4.075029
v  -12.955719 0.000000 4.294281
v  -12.955719 0.000000 4.294281
v  -12.955719 0.000000 4.294281
v  -12.988902 0.000000 4.148551
v  -12.988902 0.000000 4.148551
v  -13.000000 0.000000 3.999501
v  -13.000000 0.000000 3.999501
v  -13.000000 0.000000 3.999501
v  -13.000000 0.000000 -4.000000
v  -13.000000 0.000000 -4.000000
v  -13.000000 0.000000 -4.000000
v  -12.988821 0.000000 -4.149071
v  -12.988821 0.000000 -4.149071
v  -12.955690 0.000000 -4.294295
v  -12.955690 0.000000 -4.294295
v  -12.955690 0.000000 -4.294295
v  -13.457540 0.000000 -4.075028
v  -13.457540 0.000000 -4.075028
v  -14.000000 0.000000 -4.000000
v  -14.000000 0.000000 -4.000000
v  -15.299735 0.000000 -4.479913
v  -15.299735 0.000000 -4.479913
v  -15.975073 0.000000 -5.685255
v  -15.975073 0.000000 -5.685255
v  -15.705719 0.000000 -7.044281
v  -15.705719 0.000000 -7.044281
v  -14.977567 0.000000 -7.744712
v  -14.977567 0.000000 -7.744712
v  -14.000000 0.000000 -8.000000
v  -14.000000 0.000000 -8.000000
v  -12.700265 0.000000 -7.520087
v  -12.700265 0.000000 -7.520087
v  -12.024927 0.000000 -6.314745
v  -12.024927 0.000000 -6.314745
v  -12.294281 0.000000 -4.955719
v  -12.294281 0.000000 -4.955719
v  -12.294281 0.000000 -4.955719
v  -12.148797 0.000000 -4.988865
v  -12.148797 0.000000 -4.988865
v  -12.000000 0.000000 -5.000000
v  -12.000000 0.000000 -5.000000
v  -11.292884 0.000000 -4.707091
v  -11.292884 0.000000 -4.707091
v  8.815753 0.000000 -4.388641
v  8.815753 0.000000 -4.388641
v  8.095140 0.000000 -5.390685
v  8.095140 0.000000 -5.390685
v  8.099617 0.000000 -6.623047
v  8.099617 0.000000 -6.623047
v  8.822846 0.000000 -7.616602
v  8.822846 0.000000 -7.616602
v  10.000000 0.000000 -8.000000
v  10.000000 0.000000 -8.000000
v  10.000000 0.000000 -8.000000
v  11.184247 0.000000 -7.611359
v  11.184247 0.000000 -7.611359
v  11.904860 0.000000 -6.609315
v  11.904860 0.000000 -6.609315
v  11.900383 0.000000 -5.376953
v  11.900383 0.000000 -5.376953
v  11.177154 0.000000 -4.383398
v  11.177154 0.000000 -4.383398
v  13.169269 0.000000 -11.524679
v  13.169269 0.000000 -11.524679
v  11.024439 0.000000 -13.590670
v  11.024439 0.000000 -13.590670
v  8.559916 0.000000 -15.263387
v  8.559916 0.000000 -15.263387
v  5.847452 0.000000 -16.493996
v  5.847452 0.000000 -16.493996
v  2.966134 0.000000 -17.246737
v  2.966134 0.000000 -17.246737
v  -0.000000 0.000000 -17.500000
v  -0.000000 0.000000 -17.500000
v  -2.966134 0.000000 -17.246737
v  -2.966134 0.000000 -17.246737
v  -5.847452 0.000000 -16.493996
v  -5.847452 0.000000 -16.493996
v  -8.559916 0.000000 -15.263387
v  -8.559916 0.000000 -15.263387
v  -11.024439 0.000000 -13.590670
v  -11.024439 0.000000 -13.590670
v  -13.169269 0.000000 -11.524679
v  -13.169269 0.000000 -11.524679
v  -14.932141 0.000000 -9.125851
v  -14.932141 0.000000 -9.125851
v  -16.974198 0.000000 -4.257490
v  -16.974198 0.000000 -4.257490
v  -17.472290 0.000000 0.980573
v  -17.472290 0.000000 0.980573
v  -16.386311 0.000000 6.142793
v  -16.386311 0.000000 6.142793
v  -13.807675 0.000000 10.751391
v  -13.807675 0.000000 10.751391
v  -9.960898 0.000000 14.388257
v  -9.960898 0.000000 14.388257
v  -5.219022 0.000000 16.703610
v  -5.219022 0.000000 16.703610
v  0.000000 0.000000 17.500000
v  0.000000 0.000000 17.500000
v  2.966134 0.000000 17.246737
v  2.966134 0.000000 17.246737
v  5.847452 0.000000 16.493996
v  5.847452 0.000000 16.493996
v  8.559916 0.000000 15.263387
v  8.559916 0.000000 15.263387
v  11.024439 0.000000 13.590670
v  11.024439 0.000000 13.590670
v  13.169269 0.000000 11.524679
v  13.169269 0.000000 11.524679
v  -17.000000 0.000000 3.000000
v  -17.000000 0.000000 3.000000
v  -17.000000 0.000000 3.000000
v  -17.000000 0.000000 -3.000000
v  -17.000000 0.000000 -3.000000
v  -17.000000 0.000000 -3.000000
v  -16.648509 0.000000 -3.848539
v  -16.648509 0.000000 -3.848539
v  -15.800000 0.000000 -4.200000
v  -15.800000 0.000000 -4.200000
v  -14.951461 0.000000 -3.848509
v  -14.951461 0.000000 -3.848509
v  -14.600000 0.000000 -3.000000
v  -14.600000 0.000000 -3.000000
v  -14.600000 0.000000 -3.000000
v  -14.600000 0.000000 3.000000
v  -14.600000 0.000000 3.000000
v  -14.600000 0.000000 3.000000
v  -14.951491 0.000000 3.848539
v  -14.951491 0.000000 3.848539
v  -15.800000 0.000000 4.200000
v  -15.800000 0.000000 4.200000
v  -16.648539 0.000000 3.848509
v  -16.648539 0.000000 3.848509
v  -4.500000 0.000000 -9.700000
v  -4.500000 0.000000 -9.700000
v  -4.500000 0.000000 -9.700000
v  -4.809633 0.000000 -9.762500
v  -4.809633 0.000000 -9.762500
v  -5.069959 0.000000 -9.938783
v  -5.069959 0.000000 -9.938783
v  -5.299984 0.000000 -10.503160
v  -5.299984 0.000000 -10.503160
v  -5.066551 0.000000 -11.064715
v  -5.066551 0.000000 -11.064715
v  -4.500000 0.000000 -11.300000
v  -4.500000 0.000000 -11.300000
v  -4.500000 0.000000 -11.300000
v  -4.190367 0.000000 -11.237500
v  -4.190367 0.000000 -11.237500
v  -3.930041 0.000000 -11.061217
v  -3.930041 0.000000 -11.061217
v  -3.700016 0.000000 -10.496840
v  -3.700016 0.000000 -10.496840
v  -3.933449 0.000000 -9.935285
v  -3.933449 0.000000 -9.935285
v  4.500000 0.000000 -9.700000
v  4.500000 0.000000 -9.700000
v  4.500000 0.000000 -9.700000
v  4.190367 0.000000 -9.762500
v  4.190367 0.000000 -9.762500
v  3.930041 0.000000 -9.938783
v  3.930041 0.000000 -9.938783
v  3.700016 0.000000 -10.503160
v  3.700016 0.000000 -10.503160
v  3.933449 0.000000 -11.064715
v  3.933449 0.000000 -11.064715
v  4.500000 0.000000 -11.300000
v  4.500000 0.000000 -11.300000
v  4.500000 0.000000 -11.300000
v  4.809633 0.000000 -11.237500
v  4.809633 0.000000 -11.237500
v  5.069959 0.000000 -11.061217
v  5.069959 0.000000 -11.061217
v  5.299984 0.000000 -10.496840
v  5.299984 0.000000 -10.496840
v  5.066551 0.000000 -9.935285
v  5.066551 0.000000 -9.935285
v  4.500000 0.000000 11.300000
v  4.500000 0.000000 11.300000
v  4.500000 0.000000 11.300000
v  4.190367 0.000000 11.237500
v  4.190367 0.000000 11.237500
v  3.930041 0.000000 11.061217
v  3.930041 0.000000 11.061217
v  3.700016 0.000000 10.496840
v  3.700016 0.000000 10.496840
v  3.933449 0.000000 9.935285
v  3.933449 0.000000 9.935285
v  4.500000 0.000000 9.700000
v  4.500000 0.000000 9.700000
v  4.500000 0.000000 9.700000
v  4.809633 0.000000 9.762500
v  4.809633 0.000000 9.762500
v  5.069959 0.000000 9.938783
v  5.069959 0.000000 9.938783
v  5.299984 0.000000 10.503160
v  5.299984 0.000000 10.503160
v  5.066551 0.000000 11.064715
v  5.066551 0.000000 11.064715
v  -4.500000 0.000000 11.300000
v  -4.500000 0.000000 11.300000
v  -4.500000 0.000000 11.300000
v  -4.809633 0.000000 11.237500
v  -4.809633 0.000000 11.237500
v  -5.069959 0.000000 11.061217
v  -5.069959 0.000000 11.061217
v  -5.299984 0.000000 10.496840
v  -5.299984 0.000000 10.496840
v  -5.066551 0.000000 9.935285
v  -5.066551 0.000000 9.935285
v  -4.500000 0.000000 9.700000
v  -4.500000 0.000000 9.700000
v  -4.500000 0.000000 9.700000
v  -4.190367 0.000000 9.762500
v  -4.190367 0.000000 9.762500
v  -3.930041 0.000000 9.938783
v  -3.930041 0.000000 9.938783
v  -3.700016 0.000000 10.503160
v  -3.700016 0.000000 10.503160
v  -3.933449 0.000000 11.064715
v  -3.933449 0.000000 11.064715
v  -13.000000 0.000000 10.850000
v  -13.000000 0.000000 10.850000
v  -13.000000 0.000000 10.850000
v  -13.520397 0.000000 10.745423
v  -13.520397 0.000000 10.745423
v  -13.961090 0.000000 10.448046
v  -13.961090 0.000000 10.448046
v  -14.349982 0.000000 9.494689
v  -14.349982 0.000000 9.494689
v  -13.955238 0.000000 8.546057
v  -13.955238 0.000000 8.546057
v  -13.000000 0.000000 8.150000
v  -13.000000 0.000000 8.150000
v  -13.000000 0.000000 8.150000
v  -12.479603 0.000000 8.254577
v  -12.479603 0.000000 8.254577
v  -12.038910 0.000000 8.551954
v  -12.038910 0.000000 8.551954
v  -11.650018 0.000000 9.505311
v  -11.650018 0.000000 9.505311
v  -12.044762 0.000000 10.453943
v  -12.044762 0.000000 10.453943
v  10.500000 0.000000 10.850000
v  10.500000 0.000000 10.850000
v  10.500000 0.000000 10.850000
v  9.979603 0.000000 10.745423
v  9.979603 0.000000 10.745423
v  9.538910 0.000000 10.448046
v  9.538910 0.000000 10.448046
v  9.150018 0.000000 9.494689
v  9.150018 0.000000 9.494689
v  9.544762 0.000000 8.546057
v  9.544762 0.000000 8.546057
v  10.500000 0.000000 8.150000
v  10.500000 0.000000 8.150000
v  10.500000 0.000000 8.150000
v  11.020397 0.000000 8.254577
v  11.020397 0.000000 8.254577
v  11.461090 0.000000 8.551954
v  11.461090 0.000000 8.551954
v  11.849982 0.000000 9.505311
v  11.849982 0.000000 9.505311
v  11.455238 0.000000 10.453943
v  11.455238 0.000000 10.453943
v  -13.000000 0.000000 -8.150000
v  -13.000000 0.000000 -8.150000
v  -13.000000 0.000000 -8.150000
v  -13.520397 0.000000 -8.254577
v  -13.520397 0.000000 -8.254577
v  -13.961090 0.000000 -8.551954
v  -13.961090 0.000000 -8.551954
v  -14.349982 0.000000 -9.505311
v  -14.349982 0.000000 -9.505311
v  -13.955238 0.000000 -10.453943
v  -13.955238 0.000000 -10.453943
v  -13.000000 0.000000 -10.850000
v  -13.000000 0.000000 -10.850000
v  -13.000000 0.000000 -10.850000
v  -12.479603 0.000000 -10.745423
v  -12.479603 0.000000 -10.745423
v  -12.038910 0.000000 -10.448046
v  -12.038910 0.000000 -10.448046
v  -11.650018 0.000000 -9.494689
v  -11.650018 0.000000 -9.494689
v  -12.044762 0.000000 -8.546057
v  -12.044762 0.000000 -8.546057
v  10.500000 0.000000 -8.150000
v  10.500000 0.000000 -8.150000
v  10.500000 0.000000 -8.150000
v  9.979603 0.000000 -8.254577
v  9.979603 0.000000 -8.254577
v  9.538910 0.000000 -8.551954
v  9.538910 0.000000 -8.551954
v  9.150018 0.000000 -9.505311
v  9.150018 0.000000 -9.505311
v  9.544762 0.000000 -10.453943
v  9.544762 0.000000 -10.453943
v  10.500000 0.000000 -10.850000
v  10.500000 0.000000 -10.850000
v  10.500000 0.000000 -10.850000
v  11.020397 0.000000 -10.745423
v  11.020397 0.000000 -10.745423
v  11.461090 0.000000 -10.448046
v  11.461090 0.000000 -10.448046
v  11.849982 0.000000 -9.494689
v  11.849982 0.000000 -9.494689
v  11.455238 0.000000 -8.546057
v  11.455238 0.000000 -8.546057
v  -3.000000 1.800000 4.000000
v  -3.000000 1.800000 4.000000
v  -3.000000 1.800000 4.000000
v  -11.000000 1.800000 4.000000
v  -11.000000 1.800000 4.000000
v  -11.000000 1.800000 4.000000
v  -2.000000 1.800000 3.000000
v  -2.000000 1.800000 3.000000
v  -2.000000 1.800000 3.000000
v  -2.292884 1.800000 3.707091
v  -2.292884 1.800000 3.707091
v  -11.292909 1.800000 -4.707116
v  -11.292909 1.800000 -4.707116
v  -12.000000 1.800000 -5.000000
v  -12.000000 1.800000 -5.000000
v  -12.707116 1.800000 -4.707091
v  -12.707116 1.800000 -4.707091
v  -13.000000 1.800000 -4.000000
v  -13.000000 1.800000 -4.000000
v  -13.000000 1.800000 -4.000000
v  -13.000000 1.800000 4.000000
v  -13.000000 1.800000 4.000000
v  -13.000000 1.800000 4.000000
v  -12.707091 1.800000 4.707116
v  -12.707091 1.800000 4.707116
v  -12.000000 1.800000 5.000000
v  -12.000000 1.800000 5.000000
v  -11.292884 1.800000 4.707091
v  -11.292884 1.800000 4.707091
v  -12.955719 1.500000 4.294281
v  -12.955719 1.500000 4.294281
v  -12.955719 1.500000 4.294281
v  -12.707105 1.500000 4.707105
v  -12.707105 1.500000 4.707105
v  -12.294281 1.500000 4.955719
v  -12.294281 1.500000 4.955719
v  -12.294281 1.500000 4.955719
v  -13.457538 1.500000 4.075029
v  -13.457538 1.500000 4.075029
v  -14.000000 1.500000 4.000000
v  -14.000000 1.500000 4.000000
v  -15.299735 1.500000 4.479913
v  -15.299735 1.500000 4.479913
v  -15.975073 1.500000 5.685255
v  -15.975073 1.500000 5.685255
v  -15.705719 1.500000 7.044281
v  -15.705719 1.500000 7.044281
v  -14.977567 1.500000 7.744712
v  -14.977567 1.500000 7.744712
v  -14.000000 1.500000 8.000000
v  -14.000000 1.500000 8.000000
v  -12.700265 1.500000 7.520087
v  -12.700265 1.500000 7.520087
v  -12.024927 1.500000 6.314745
v  -12.024927 1.500000 6.314745
v  -14.000000 1.500000 4.800000
v  -14.000000 1.500000 4.800000
v  -14.000000 1.500000 4.800000
v  -13.146613 1.500000 5.156530
v  -13.146613 1.500000 5.156530
v  -12.800170 1.500000 6.004821
v  -12.800170 1.500000 6.004821
v  -13.151920 1.500000 6.848871
v  -13.151920 1.500000 6.848871
v  -14.000000 1.500000 7.200000
v  -14.000000 1.500000 7.200000
v  -14.000000 1.500000 7.200000
v  -14.853387 1.500000 6.843470
v  -14.853387 1.500000 6.843470
v  -15.199830 1.500000 5.995179
v  -15.199830 1.500000 5.995179
v  -14.848080 1.500000 5.151129
v  -14.848080 1.500000 5.151129
v  -12.294281 1.500000 -4.955719
v  -12.294281 1.500000 -4.955719
v  -12.294281 1.500000 -4.955719
v  -12.707105 1.500000 -4.707105
v  -12.707105 1.500000 -4.707105
v  -12.955719 1.500000 -4.294281
v  -12.955719 1.500000 -4.294281
v  -12.955719 1.500000 -4.294281
v  -12.024935 1.500000 -6.314793
v  -12.024935 1.500000 -6.314793
v  -12.700301 1.500000 -7.520118
v  -12.700301 1.500000 -7.520118
v  -14.000000 1.500000 -8.000000
v  -14.000000 1.500000 -8.000000
v  -14.542462 1.500000 -7.924971
v  -14.542462 1.500000 -7.924971
v  -15.044281 1.500000 -7.705719
v  -15.044281 1.500000 -7.705719
v  -15.863025 1.500000 -6.727175
v  -15.863025 1.500000 -6.727175
v  -15.924892 1.500000 -5.457590
v  -15.924892 1.500000 -5.457590
v  -15.209245 1.500000 -4.407087
v  -15.209245 1.500000 -4.407087
v  -14.000000 1.500000 -4.000000
v  -14.000000 1.500000 -4.000000
v  -13.457538 1.500000 -4.075029
v  -13.457538 1.500000 -4.075029
v  -14.000000 1.500000 -7.200000
v  -14.000000 1.500000 -7.200000
v  -14.000000 1.500000 -7.200000
v  -13.146613 1.500000 -6.843470
v  -13.146613 1.500000 -6.843470
v  -12.800170 1.500000 -5.995179
v  -12.800170 1.500000 -5.995179
v  -13.151920 1.500000 -5.151129
v  -13.151920 1.500000 -5.151129
v  -14.000000 1.500000 -4.800000
v  -14.000000 1.500000 -4.800000
v  -14.000000 1.500000 -4.800000
v  -14.853387 1.500000 -5.156530
v  -14.853387 1.500000 -5.156530
v  -15.199830 1.500000 -6.004821
v  -15.199830 1.500000 -6.004821
v  -14.848080 1.500000 -6.848871
v  -14.848080 1.500000 -6.848871
v  10.000000 1.500000 4.000000
v  10.000000 1.500000 4.000000
v  10.000000 1.500000 4.000000
v  11.177154 1.500000 4.383398
v  11.177154 1.500000 4.383398
v  11.900383 1.500000 5.376953
v  11.900383 1.500000 5.376953
v  11.904860 1.500000 6.609315
v  11.904860 1.500000 6.609315
v  11.184247 1.500000 7.611359
v  11.184247 1.500000 7.611359
v  10.000000 1.500000 8.000000
v  10.000000 1.500000 8.000000
v  10.000000 1.500000 8.000000
v  8.822846 1.500000 7.616602
v  8.822846 1.500000 7.616602
v  8.099617 1.500000 6.623047
v  8.099617 1.500000 6.623047
v  8.095140 1.500000 5.390685
v  8.095140 1.500000 5.390685
v  8.815753 1.500000 4.388641
v  8.815753 1.500000 4.388641
v  10.000000 1.500000 4.800000
v  10.000000 1.500000 4.800000
v  10.000000 1.500000 4.800000
v  10.853387 1.500000 5.156530
v  10.853387 1.500000 5.156530
v  11.199830 1.500000 6.004821
v  11.199830 1.500000 6.004821
v  10.848080 1.500000 6.848871
v  10.848080 1.500000 6.848871
v  10.000000 1.500000 7.200000
v  10.000000 1.500000 7.200000
v  10.000000 1.500000 7.200000
v  9.146613 1.500000 6.843470
v  9.146613 1.500000 6.843470
v  8.800170 1.500000 5.995179
v  8.800170 1.500000 5.995179
v  9.151920 1.500000 5.151129
v  9.151920 1.500000 5.151129
v  10.000000 1.500000 -4.000000
v  10.000000 1.500000 -4.000000
v  10.000000 1.500000 -4.000000
v  8.822846 1.500000 -4.383398
v  8.822846 1.500000 -4.383398
v  8.099617 1.500000 -5.376953
v  8.099617 1.500000 -5.376953
v  8.095140 1.500000 -6.609315
v  8.095140 1.500000 -6.609315
v  8.815753 1.500000 -7.611359
v  8.815753 1.500000 -7.611359
v  10.000000 1.500000 -8.000000
v  10.000000 1.500000 -8.000000
v  10.000000 1.500000 -8.000000
v  11.177154 1.500000 -7.616602
v  11.177154 1.500000 -7.616602
v  11.900383 1.500000 -6.623047
v  11.900383 1.500000 -6.623047
v  11.904860 1.500000 -5.390685
v  11.904860 1.500000 -5.390685
v  11.184247 1.500000 -4.388641
v  11.184247 1.500000 -4.388641
v  10.000000 1.500000 -7.200000
v  10.000000 1.500000 -7.200000
v  10.000000 1.500000 -7.200000
v  10.853387 1.500000 -6.843470
v  10.853387 1.500000 -6.843470
v  11.199830 1.500000 -5.995179
v  11.199830 1.500000 -5.995179
v  10.848080 1.500000 -5.151129
v  10.848080 1.500000 -5.151129
v  10.000000 1.500000 -4.800000
v  10.000000 1.500000 -4.800000
v  10.000000 1.500000 -4.800000
v  9.146613 1.500000 -5.156530
v  9.146613 1.500000 -5.156530
v  8.800170 1.500000 -6.004821
v  8.800170 1.500000 -6.004821
v  9.151920 1.500000 -6.848871
v  9.151920 1.500000 -6.848871
v  -4.500000 4.500000 -11.300000
v  -4.500000 4.500000 -11.300000
v  -4.500000 4.500000 -11.300000
v  -3.933449 4.500000 -11.064715
v  -3.933449 4.500000 -11.064715
v  -3.700016 4.500000 -10.503160
v  -3.700016 4.500000 -10.503160
v  -3.930041 4.500000 -9.938783
v  -3.930041 4.500000 -9.938783
v  -4.190367 4.500000 -9.762500
v  -4.190367 4.500000 -9.762500
v  -4.500000 4.500000 -9.700000
v  -4.500000 4.500000 -9.700000
v  -4.500000 4.500000 -9.700000
v  -5.066551 4.500000 -9.935285
v  -5.066551 4.500000 -9.935285
v  -5.299984 4.500000 -10.496840
v  -5.299984 4.500000 -10.496840
v  -5.069959 4.500000 -11.061217
v  -5.069959 4.500000 -11.061217
v  -4.809633 4.500000 -11.237500
v  -4.809633 4.500000 -11.237500
v  4.500000 4.500000 -11.300000
v  4.500000 4.500000 -11.300000
v  4.500000 4.500000 -11.300000
v  5.066551 4.500000 -11.064715
v  5.066551 4.500000 -11.064715
v  5.299984 4.500000 -10.503160
v  5.299984 4.500000 -10.503160
v  5.069959 4.500000 -9.938783
v  5.069959 4.500000 -9.938783
v  4.809633 4.500000 -9.762500
v  4.809633 4.500000 -9.762500
v  4.500000 4.500000 -9.700000
v  4.500000 4.500000 -9.700000
v  4.500000 4.500000 -9.700000
v  3.933449 4.500000 -9.935285
v  3.933449 4.500000 -9.935285
v  3.700016 4.500000 -10.496840
v  3.700016 4.500000 -10.496840
v  3.930041 4.500000 -11.061217
v  3.930041 4.500000 -11.061217
v  4.190367 4.500000 -11.237500
v  4.190367 4.500000 -11.237500
v  4.500000 4.500000 9.700000
v  4.500000 4.500000 9.700000
v  4.500000 4.500000 9.700000
v  5.066551 4.500000 9.935285
v  5.066551 4.500000 9.935285
v  5.299984 4.500000 10.496840
v  5.299984 4.500000 10.496840
v  5.069959 4.500000 11.061217
v  5.069959 4.500000 11.061217
v  4.809633 4.500000 11.237500
v  4.809633 4.500000 11.237500
v  4.500000 4.500000 11.300000
v  4.500000 4.500000 11.300000
v  4.500000 4.500000 11.300000
v  3.933449 4.500000 11.064715
v  3.933449 4.500000 11.064715
v  3.700016 4.500000 10.503160
v  3.700016 4.500000 10.503160
v  3.930041 4.500000 9.938783
v  3.930041 4.500000 9.938783
v  4.190367 4.500000 9.762500
v  4.190367 4.500000 9.762500
v  -4.500000 4.500000 9.700000
v  -4.500000 4.500000 9.700000
v  -4.500000 4.500000 9.700000
v  -3.933449 4.500000 9.935285
v  -3.933449 4.500000 9.935285
v  -3.700016 4.500000 10.496840
v  -3.700016 4.500000 10.496840
v  -3.930041 4.500000 11.061217
v  -3.930041 4.500000 11.061217
v  -4.190367 4.500000 11.237500
v  -4.190367 4.500000 11.237500
v  -4.500000 4.500000 11.300000
v  -4.500000 4.500000 11.300000
v  -4.500000 4.500000 11.300000
v  -5.066551 4.500000 11.064715
v  -5.066551 4.500000 11.064715
v  -5.299984 4.500000 10.503160
v  -5.299984 4.500000 10.503160
v  -5.069959 4.500000 9.938783
v  -5.069959 4.500000 9.938783
v  -4.809633 4.500000 9.762500
v  -4.809633 4.500000 9.762500
v  -13.955825 0.000000 -10.454374
v  -13.955825 0.000000 -10.454374

vt  0.000000 0.500000 0.000000
vt  0.000000 0.500000 0.000000
vt  0.000000 0.500000 0.000000
vt  0.000000 0.399727 0.000000
vt  0.000000 0.399727 0.000000
vt  0.000000 0.299706 0.000000
vt  0.000000 0.299706 0.000000
vt  0.000000 0.199816 0.000000
vt  0.000000 0.199816 0.000000
vt  0.000000 0.100023 0.000000
vt  0.000000 0.100023 0.000000
vt  0.000000 0.000021 0.000000
vt  0.000000 0.000021 0.000000
vt  1.000000 0.100091 0.000000
vt  1.000000 0.100091 0.000000
vt  1.000000 0.200003 0.000000
vt  1.000000 0.200003 0.000000
vt  1.000000 0.300028 0.000000
vt  1.000000 0.300028 0.000000
vt  1.000000 0.399954 0.000000
vt  1.000000 0.399954 0.000000
vt  1.000000 0.500000 0.000000
vt  1.000000 0.500000 0.000000
vt  1.000000 0.500000 0.000000
vt  1.000000 0.600273 0.000000
vt  1.000000 0.600273 0.000000
vt  1.000000 0.700294 0.000000
vt  1.000000 0.700294 0.000000
vt  1.000000 0.800184 0.000000
vt  1.000000 0.800184 0.000000
vt  1.000000 0.899977 0.000000
vt  1.000000 0.899977 0.000000
vt  1.000000 0.999979 0.000000
vt  1.000000 0.999979 0.000000
vt  0.000000 0.899909 0.000000
vt  0.000000 0.899909 0.000000
vt  0.000000 0.799997 0.000000
vt  0.000000 0.799997 0.000000
vt  0.000000 0.699972 0.000000
vt  0.000000 0.699972 0.000000
vt  0.000000 0.600046 0.000000
vt  0.000000 0.600046 0.000000
vt  0.000000 1.000000 0.000000
vt  0.000000 1.000000 0.000000
vt  0.000000 1.000000 0.000000
vt  1.000000 0.899692 0.000000
vt  1.000000 0.899692 0.000000
vt  1.000000 0.799695 0.000000
vt  1.000000 0.799695 0.000000
vt  1.000000 0.699755 0.000000
vt  1.000000 0.699755 0.000000
vt  1.000000 0.599904 0.000000
vt  1.000000 0.599904 0.000000
vt  1.000000 0.499986 0.000000
vt  1.000000 0.499986 0.000000
vt  1.000000 0.399984 0.000000
vt  1.000000 0.399984 0.000000
vt  1.000000 0.300042 0.000000
vt  1.000000 0.300042 0.000000
vt  1.000000 0.199967 0.000000
vt  1.000000 0.199967 0.000000
vt  1.000000 0.100077 0.000000
vt  1.000000 0.100077 0.000000
vt  0.000000 0.000000 0.000000
vt  0.000000 0.000000 0.000000
vt  0.000000 0.000000 0.000000
vt  0.000000 0.100308 0.000000
vt  0.000000 0.100308 0.000000
vt  0.000000 0.200305 0.000000
vt  0.000000 0.200305 0.000000
vt  0.000000 0.300245 0.000000
vt  0.000000 0.300245 0.000000
vt  0.000000 0.400096 0.000000
vt  0.000000 0.400096 0.000000
vt  0.000000 0.500014 0.000000
vt  0.000000 0.500014 0.000000
vt  0.000000 0.600016 0.000000
vt  0.000000 0.600016 0.000000
vt  0.000000 0.699958 0.000000
vt  0.000000 0.699958 0.000000
vt  0.000000 0.800033 0.000000
vt  0.000000 0.800033 0.000000
vt  0.000000 0.899923 0.000000
vt  0.000000 0.899923 0.000000
vt  0.984098 0.500000 0.000000
vt  0.984098 0.500000 0.000000
vt  0.984098 0.500000 0.000000
vt  0.983280 0.599917 0.000000
vt  0.983280 0.599917 0.000000
vt  0.980353 0.699684 0.000000
vt  0.980353 0.699684 0.000000
vt  0.972988 0.799451 0.000000
vt  0.972988 0.799451 0.000000
vt  0.948983 0.898695 0.000000
vt  0.948983 0.898695 0.000000
vt  0.499590 0.984098 0.000000
vt  0.499590 0.984098 0.000000
vt  0.051050 0.898762 0.000000
vt  0.051050 0.898762 0.000000
vt  0.027034 0.799638 0.000000
vt  0.027034 0.799638 0.000000
vt  0.019661 0.700005 0.000000
vt  0.019661 0.700005 0.000000
vt  0.016724 0.600143 0.000000
vt  0.016724 0.600143 0.000000
vt  0.015902 0.500000 0.000000
vt  0.015902 0.500000 0.000000
vt  0.015902 0.500000 0.000000
vt  0.016720 0.400083 0.000000
vt  0.016720 0.400083 0.000000
vt  0.019647 0.300316 0.000000
vt  0.019647 0.300316 0.000000
vt  0.027012 0.200549 0.000000
vt  0.027012 0.200549 0.000000
vt  0.051017 0.101305 0.000000
vt  0.051017 0.101305 0.000000
vt  0.500410 0.015902 0.000000
vt  0.500410 0.015902 0.000000
vt  0.948950 0.101238 0.000000
vt  0.948950 0.101238 0.000000
vt  0.972966 0.200362 0.000000
vt  0.972966 0.200362 0.000000
vt  0.980339 0.299995 0.000000
vt  0.980339 0.299995 0.000000
vt  0.983276 0.399857 0.000000
vt  0.983276 0.399857 0.000000
vt  0.985799 0.500000 0.000000
vt  0.985799 0.500000 0.000000
vt  0.985799 0.500000 0.000000
vt  0.985197 0.591066 0.000000
vt  0.985197 0.591066 0.000000
vt  0.983116 0.681858 0.000000
vt  0.983116 0.681858 0.000000
vt  0.978320 0.772537 0.000000
vt  0.978320 0.772537 0.000000
vt  0.965929 0.862918 0.000000
vt  0.965929 0.862918 0.000000
vt  0.903434 0.952301 0.000000
vt  0.903434 0.952301 0.000000
vt  0.096903 0.952463 0.000000
vt  0.096903 0.952463 0.000000
vt  0.034064 0.862889 0.000000
vt  0.034064 0.862889 0.000000
vt  0.021665 0.772345 0.000000
vt  0.021665 0.772345 0.000000
vt  0.016874 0.681555 0.000000
vt  0.016874 0.681555 0.000000
vt  0.014800 0.590870 0.000000
vt  0.014800 0.590870 0.000000
vt  0.014201 0.500000 0.000000
vt  0.014201 0.500000 0.000000
vt  0.014201 0.500000 0.000000
vt  0.014803 0.408934 0.000000
vt  0.014803 0.408934 0.000000
vt  0.016884 0.318142 0.000000
vt  0.016884 0.318142 0.000000
vt  0.021680 0.227463 0.000000
vt  0.021680 0.227463 0.000000
vt  0.034071 0.137082 0.000000
vt  0.034071 0.137082 0.000000
vt  0.096566 0.047699 0.000000
vt  0.096566 0.047699 0.000000
vt  0.903097 0.047537 0.000000
vt  0.903097 0.047537 0.000000
vt  0.965936 0.137111 0.000000
vt  0.965936 0.137111 0.000000
vt  0.978335 0.227655 0.000000
vt  0.978335 0.227655 0.000000
vt  0.983126 0.318445 0.000000
vt  0.983126 0.318445 0.000000
vt  0.985200 0.409130 0.000000
vt  0.985200 0.409130 0.000000
vt  0.022698 0.500000 0.000000
vt  0.022698 0.500000 0.000000
vt  0.022698 0.500000 0.000000
vt  0.022698 0.500000 0.000000
vt  0.023653 0.409328 0.000000
vt  0.023653 0.409328 0.000000
vt  0.026962 0.318701 0.000000
vt  0.026962 0.318701 0.000000
vt  0.034583 0.228205 0.000000
vt  0.034583 0.228205 0.000000
vt  0.054202 0.138124 0.000000
vt  0.054202 0.138124 0.000000
vt  0.148068 0.050772 0.000000
vt  0.148068 0.050772 0.000000
vt  0.851932 0.050772 0.000000
vt  0.851932 0.050772 0.000000
vt  0.945798 0.138124 0.000000
vt  0.945798 0.138124 0.000000
vt  0.965417 0.228205 0.000000
vt  0.965417 0.228205 0.000000
vt  0.973038 0.318701 0.000000
vt  0.973038 0.318701 0.000000
vt  0.976347 0.409328 0.000000
vt  0.976347 0.409328 0.000000
vt  0.977302 0.500000 0.000000
vt  0.977302 0.500000 0.000000
vt  0.977302 0.500000 0.000000
vt  0.977302 0.500000 0.000000
vt  0.030430 0.500000 0.000000
vt  0.030430 0.500000 0.000000
vt  0.030430 0.500000 0.000000
vt  0.031708 0.409473 0.000000
vt  0.031708 0.409473 0.000000
vt  0.036122 0.319176 0.000000
vt  0.036122 0.319176 0.000000
vt  0.046276 0.228978 0.000000
vt  0.046276 0.228978 0.000000
vt  0.072174 0.139589 0.000000
vt  0.072174 0.139589 0.000000
vt  0.188889 0.054602 0.000000
vt  0.188889 0.054602 0.000000
vt  0.811553 0.054716 0.000000
vt  0.811553 0.054716 0.000000
vt  0.927804 0.139543 0.000000
vt  0.927804 0.139543 0.000000
vt  0.953692 0.228782 0.000000
vt  0.953692 0.228782 0.000000
vt  0.963855 0.318870 0.000000
vt  0.963855 0.318870 0.000000
vt  0.968287 0.409276 0.000000
vt  0.968287 0.409276 0.000000
vt  0.969570 0.500000 0.000000
vt  0.969570 0.500000 0.000000
vt  0.969570 0.500000 0.000000
vt  0.968292 0.590527 0.000000
vt  0.968292 0.590527 0.000000
vt  0.963878 0.680824 0.000000
vt  0.963878 0.680824 0.000000
vt  0.953724 0.771022 0.000000
vt  0.953724 0.771022 0.000000
vt  0.927826 0.860411 0.000000
vt  0.927826 0.860411 0.000000
vt  0.811111 0.945398 0.000000
vt  0.811111 0.945398 0.000000
vt  0.188447 0.945284 0.000000
vt  0.188447 0.945284 0.000000
vt  0.072196 0.860457 0.000000
vt  0.072196 0.860457 0.000000
vt  0.046308 0.771218 0.000000
vt  0.046308 0.771218 0.000000
vt  0.036145 0.681130 0.000000
vt  0.036145 0.681130 0.000000
vt  0.031713 0.590724 0.000000
vt  0.031713 0.590724 0.000000
vt  0.023653 0.590672 0.000000
vt  0.023653 0.590672 0.000000
vt  0.026962 0.681299 0.000000
vt  0.026962 0.681299 0.000000
vt  0.034583 0.771795 0.000000
vt  0.034583 0.771795 0.000000
vt  0.054202 0.861876 0.000000
vt  0.054202 0.861876 0.000000
vt  0.148068 0.949228 0.000000
vt  0.148068 0.949228 0.000000
vt  0.851932 0.949228 0.000000
vt  0.851932 0.949228 0.000000
vt  0.945798 0.861876 0.000000
vt  0.945798 0.861876 0.000000
vt  0.965417 0.771795 0.000000
vt  0.965417 0.771795 0.000000
vt  0.973038 0.681299 0.000000
vt  0.973038 0.681299 0.000000
vt  0.976347 0.590672 0.000000
vt  0.976347 0.590672 0.000000
vt  0.094042 0.172264 0.000000
vt  0.094042 0.172264 0.000000
vt  0.094042 0.172264 0.000000
vt  0.941002 0.241773 0.000000
vt  0.941002 0.241773 0.000000
vt  0.941002 0.241773 0.000000
vt  0.941002 0.758227 0.000000
vt  0.941002 0.758227 0.000000
vt  0.941002 0.758227 0.000000
vt  0.094042 0.827736 0.000000
vt  0.094042 0.827736 0.000000
vt  0.094042 0.827736 0.000000
vt  0.052162 0.322999 0.000000
vt  0.052162 0.322999 0.000000
vt  0.052162 0.322999 0.000000
vt  0.052162 0.677001 0.000000
vt  0.052162 0.677001 0.000000
vt  0.052162 0.677001 0.000000
vt  0.050558 0.689455 0.000000
vt  0.050558 0.689455 0.000000
vt  0.047062 0.685559 0.000000
vt  0.047062 0.685559 0.000000
vt  0.044015 0.669686 0.000000
vt  0.044015 0.669686 0.000000
vt  0.042865 0.650488 0.000000
vt  0.042865 0.650488 0.000000
vt  0.042865 0.650488 0.000000
vt  0.042865 0.349512 0.000000
vt  0.042865 0.349512 0.000000
vt  0.042865 0.349512 0.000000
vt  0.044015 0.330313 0.000000
vt  0.044015 0.330313 0.000000
vt  0.047062 0.314441 0.000000
vt  0.047062 0.314441 0.000000
vt  0.050558 0.310546 0.000000
vt  0.050558 0.310546 0.000000
vt  0.960878 0.555189 0.000000
vt  0.960878 0.555189 0.000000
vt  0.960878 0.555189 0.000000
vt  0.960060 0.571762 0.000000
vt  0.960060 0.571762 0.000000
vt  0.957940 0.582012 0.000000
vt  0.957940 0.582012 0.000000
vt  0.955583 0.579445 0.000000
vt  0.955583 0.579445 0.000000
vt  0.954528 0.563869 0.000000
vt  0.954528 0.563869 0.000000
vt  0.954528 0.563869 0.000000
vt  0.954528 0.436131 0.000000
vt  0.954528 0.436131 0.000000
vt  0.954528 0.436131 0.000000
vt  0.955583 0.420555 0.000000
vt  0.955583 0.420555 0.000000
vt  0.957940 0.417988 0.000000
vt  0.957940 0.417988 0.000000
vt  0.960060 0.428238 0.000000
vt  0.960060 0.428238 0.000000
vt  0.960878 0.444811 0.000000
vt  0.960878 0.444811 0.000000
vt  0.960878 0.444811 0.000000
vt  0.949021 0.719368 0.000000
vt  0.949021 0.719368 0.000000
vt  0.949021 0.719368 0.000000
vt  0.946934 0.724081 0.000000
vt  0.946934 0.724081 0.000000
vt  0.945029 0.725159 0.000000
vt  0.945029 0.725159 0.000000
vt  0.943232 0.715177 0.000000
vt  0.943232 0.715177 0.000000
vt  0.945055 0.694182 0.000000
vt  0.945055 0.694182 0.000000
vt  0.949021 0.676408 0.000000
vt  0.949021 0.676408 0.000000
vt  0.949021 0.676408 0.000000
vt  0.950952 0.672791 0.000000
vt  0.950952 0.672791 0.000000
vt  0.952477 0.673361 0.000000
vt  0.952477 0.673361 0.000000
vt  0.953746 0.684674 0.000000
vt  0.953746 0.684674 0.000000
vt  0.952457 0.702943 0.000000
vt  0.952457 0.702943 0.000000
vt  0.062833 0.752098 0.000000
vt  0.062833 0.752098 0.000000
vt  0.062833 0.752098 0.000000
vt  0.059937 0.743142 0.000000
vt  0.059937 0.743142 0.000000
vt  0.057684 0.732678 0.000000
vt  0.057684 0.732678 0.000000
vt  0.055830 0.712620 0.000000
vt  0.055830 0.712620 0.000000
vt  0.057712 0.701509 0.000000
vt  0.057712 0.701509 0.000000
vt  0.062833 0.707086 0.000000
vt  0.062833 0.707086 0.000000
vt  0.062833 0.707086 0.000000
vt  0.066019 0.716596 0.000000
vt  0.066019 0.716596 0.000000
vt  0.068976 0.728913 0.000000
vt  0.068976 0.728913 0.000000
vt  0.071811 0.751978 0.000000
vt  0.071811 0.751978 0.000000
vt  0.068935 0.760711 0.000000
vt  0.068935 0.760711 0.000000
vt  0.949021 0.323592 0.000000
vt  0.949021 0.323592 0.000000
vt  0.949021 0.323592 0.000000
vt  0.946934 0.316026 0.000000
vt  0.946934 0.316026 0.000000
vt  0.945029 0.305644 0.000000
vt  0.945029 0.305644 0.000000
vt  0.943232 0.284649 0.000000
vt  0.943232 0.284649 0.000000
vt  0.945055 0.274826 0.000000
vt  0.945055 0.274826 0.000000
vt  0.949021 0.280632 0.000000
vt  0.949021 0.280632 0.000000
vt  0.949021 0.280632 0.000000
vt  0.950952 0.288089 0.000000
vt  0.950952 0.288089 0.000000
vt  0.952477 0.297205 0.000000
vt  0.952477 0.297205 0.000000
vt  0.953746 0.315489 0.000000
vt  0.953746 0.315489 0.000000
vt  0.952457 0.326678 0.000000
vt  0.952457 0.326678 0.000000
vt  0.062833 0.292914 0.000000
vt  0.062833 0.292914 0.000000
vt  0.062833 0.292914 0.000000
vt  0.059937 0.298082 0.000000
vt  0.059937 0.298082 0.000000
vt  0.057684 0.298461 0.000000
vt  0.057684 0.298461 0.000000
vt  0.055830 0.287207 0.000000
vt  0.055830 0.287207 0.000000
vt  0.057712 0.267155 0.000000
vt  0.057712 0.267155 0.000000
vt  0.062833 0.247902 0.000000
vt  0.062833 0.247902 0.000000
vt  0.062833 0.247902 0.000000
vt  0.066019 0.241684 0.000000
vt  0.066019 0.241684 0.000000
vt  0.068976 0.239286 0.000000
vt  0.068976 0.239286 0.000000
vt  0.071811 0.248200 0.000000
vt  0.071811 0.248200 0.000000
vt  0.068935 0.271288 0.000000
vt  0.068935 0.271288 0.000000
vt  0.952607 0.350235 0.000000
vt  0.952607 0.350235 0.000000
vt  0.952607 0.350235 0.000000
vt  0.955293 0.363765 0.000000
vt  0.955293 0.363765 0.000000
vt  0.956299 0.381438 0.000000
vt  0.956299 0.381438 0.000000
vt  0.955277 0.394679 0.000000
vt  0.955277 0.394679 0.000000
vt  0.952607 0.395945 0.000000
vt  0.952607 0.395945 0.000000
vt  0.952607 0.395945 0.000000
vt  0.949580 0.382375 0.000000
vt  0.949580 0.382375 0.000000
vt  0.948239 0.361995 0.000000
vt  0.948239 0.361995 0.000000
vt  0.949600 0.348812 0.000000
vt  0.949600 0.348812 0.000000
vt  0.952607 0.604055 0.000000
vt  0.952607 0.604055 0.000000
vt  0.952607 0.604055 0.000000
vt  0.955293 0.605389 0.000000
vt  0.955293 0.605389 0.000000
vt  0.956299 0.618736 0.000000
vt  0.956299 0.618736 0.000000
vt  0.955277 0.636372 0.000000
vt  0.955277 0.636372 0.000000
vt  0.952607 0.649765 0.000000
vt  0.952607 0.649765 0.000000
vt  0.952607 0.649765 0.000000
vt  0.949580 0.651137 0.000000
vt  0.949580 0.651137 0.000000
vt  0.948239 0.637810 0.000000
vt  0.948239 0.637810 0.000000
vt  0.949600 0.617471 0.000000
vt  0.949600 0.617471 0.000000
vt  0.065888 0.304613 0.000000
vt  0.065888 0.304613 0.000000
vt  0.065888 0.304613 0.000000
vt  0.071837 0.299442 0.000000
vt  0.071837 0.299442 0.000000
vt  0.074564 0.313720 0.000000
vt  0.074564 0.313720 0.000000
vt  0.071797 0.340285 0.000000
vt  0.071797 0.340285 0.000000
vt  0.065888 0.360211 0.000000
vt  0.065888 0.360211 0.000000
vt  0.065888 0.360211 0.000000
vt  0.060837 0.361072 0.000000
vt  0.060837 0.361072 0.000000
vt  0.058999 0.345623 0.000000
vt  0.058999 0.345623 0.000000
vt  0.060866 0.323377 0.000000
vt  0.060866 0.323377 0.000000
vt  0.065888 0.639789 0.000000
vt  0.065888 0.639789 0.000000
vt  0.065888 0.639789 0.000000
vt  0.071837 0.659930 0.000000
vt  0.071837 0.659930 0.000000
vt  0.074564 0.686516 0.000000
vt  0.074564 0.686516 0.000000
vt  0.071797 0.700594 0.000000
vt  0.071797 0.700594 0.000000
vt  0.065888 0.695387 0.000000
vt  0.065888 0.695387 0.000000
vt  0.065888 0.695387 0.000000
vt  0.060837 0.676444 0.000000
vt  0.060837 0.676444 0.000000
vt  0.058999 0.654166 0.000000
vt  0.058999 0.654166 0.000000
vt  0.060866 0.638858 0.000000
vt  0.060866 0.638858 0.000000
vt  0.214213 0.201821 0.000000
vt  0.214213 0.201821 0.000000
vt  0.214213 0.201821 0.000000
vt  0.854698 0.256210 0.000000
vt  0.854698 0.256210 0.000000
vt  0.854698 0.256210 0.000000
vt  0.214213 0.244445 0.000000
vt  0.214213 0.244445 0.000000
vt  0.214213 0.244445 0.000000
vt  0.854698 0.298805 0.000000
vt  0.854698 0.298805 0.000000
vt  0.854698 0.298805 0.000000
vt  0.196684 0.285271 0.000000
vt  0.196684 0.285271 0.000000
vt  0.196684 0.285271 0.000000
vt  0.868627 0.339033 0.000000
vt  0.868627 0.339033 0.000000
vt  0.868627 0.339033 0.000000
vt  0.858182 0.319267 0.000000
vt  0.858182 0.319267 0.000000
vt  0.209898 0.265543 0.000000
vt  0.209898 0.265543 0.000000
vt  0.145473 0.405934 0.000000
vt  0.145473 0.405934 0.000000
vt  0.145473 0.594066 0.000000
vt  0.145473 0.594066 0.000000
vt  0.196684 0.714729 0.000000
vt  0.196684 0.714729 0.000000
vt  0.196684 0.714729 0.000000
vt  0.868627 0.660967 0.000000
vt  0.868627 0.660967 0.000000
vt  0.868627 0.660967 0.000000
vt  0.906367 0.562840 0.000000
vt  0.906367 0.562840 0.000000
vt  0.906367 0.437160 0.000000
vt  0.906367 0.437160 0.000000
vt  0.214213 0.798179 0.000000
vt  0.214213 0.798179 0.000000
vt  0.214213 0.798179 0.000000
vt  0.214213 0.755555 0.000000
vt  0.214213 0.755555 0.000000
vt  0.214213 0.755555 0.000000
vt  0.209898 0.734457 0.000000
vt  0.209898 0.734457 0.000000
vt  0.854698 0.743790 0.000000
vt  0.854698 0.743790 0.000000
vt  0.854698 0.743790 0.000000
vt  0.854698 0.701195 0.000000
vt  0.854698 0.701195 0.000000
vt  0.854698 0.701195 0.000000
vt  0.858182 0.680733 0.000000
vt  0.858182 0.680733 0.000000
vt  0.010269 0.346137 0.000000
vt  0.010269 0.346137 0.000000
vt  0.010269 0.346137 0.000000
vt  0.010387 0.335798 0.000000
vt  0.010387 0.335798 0.000000
vt  0.010655 0.325461 0.000000
vt  0.010655 0.325461 0.000000
vt  0.010655 0.325461 0.000000
vt  0.000000 0.325381 0.000000
vt  0.000000 0.325381 0.000000
vt  0.000000 0.325381 0.000000
vt  0.000000 0.318390 0.000000
vt  0.000000 0.318390 0.000000
vt  0.000000 0.312833 0.000000
vt  0.000000 0.312833 0.000000
vt  0.000000 0.308669 0.000000
vt  0.000000 0.308669 0.000000
vt  0.000000 0.321068 0.000000
vt  0.000000 0.321068 0.000000
vt  0.000000 0.321068 0.000000
vt  0.000000 0.348336 0.000000
vt  0.000000 0.348336 0.000000
vt  0.000000 0.348336 0.000000
vt  0.000000 0.347213 0.000000
vt  0.000000 0.347213 0.000000
vt  0.000000 0.346068 0.000000
vt  0.000000 0.346068 0.000000
vt  0.000000 0.346068 0.000000
vt  0.500000 0.991647 0.000000
vt  0.500000 0.991647 0.000000
vt  0.500000 0.991647 0.000000
vt  0.026892 0.899356 0.000000
vt  0.026892 0.899356 0.000000
vt  0.014186 0.799545 0.000000
vt  0.014186 0.799545 0.000000
vt  0.010318 0.699676 0.000000
vt  0.010318 0.699676 0.000000
vt  0.008781 0.599869 0.000000
vt  0.008781 0.599869 0.000000
vt  0.008353 0.499986 0.000000
vt  0.008353 0.499986 0.000000
vt  0.008782 0.400019 0.000000
vt  0.008782 0.400019 0.000000
vt  0.010322 0.300122 0.000000
vt  0.010322 0.300122 0.000000
vt  0.014206 0.200118 0.000000
vt  0.014206 0.200118 0.000000
vt  0.026952 0.100413 0.000000
vt  0.026952 0.100413 0.000000
vt  0.500000 0.008353 0.000000
vt  0.500000 0.008353 0.000000
vt  0.500000 0.008353 0.000000
vt  0.973108 0.100644 0.000000
vt  0.973108 0.100644 0.000000
vt  0.985814 0.200455 0.000000
vt  0.985814 0.200455 0.000000
vt  0.989682 0.300324 0.000000
vt  0.989682 0.300324 0.000000
vt  0.991219 0.400131 0.000000
vt  0.991219 0.400131 0.000000
vt  0.991647 0.500014 0.000000
vt  0.991647 0.500014 0.000000
vt  0.991218 0.599981 0.000000
vt  0.991218 0.599981 0.000000
vt  0.989678 0.699878 0.000000
vt  0.989678 0.699878 0.000000
vt  0.985794 0.799882 0.000000
vt  0.985794 0.799882 0.000000
vt  0.973048 0.899587 0.000000
vt  0.973048 0.899587 0.000000
vt  0.009212 0.448699 0.000000
vt  0.009212 0.448699 0.000000
vt  0.009212 0.551301 0.000000
vt  0.009212 0.551301 0.000000
vt  0.010269 0.653863 0.000000
vt  0.010269 0.653863 0.000000
vt  0.010269 0.653863 0.000000
vt  0.010387 0.664202 0.000000
vt  0.010387 0.664202 0.000000
vt  0.010655 0.674539 0.000000
vt  0.010655 0.674539 0.000000
vt  0.010655 0.674539 0.000000
vt  0.012080 0.728719 0.000000
vt  0.012080 0.728719 0.000000
vt  0.014427 0.782906 0.000000
vt  0.014427 0.782906 0.000000
vt  0.018572 0.837078 0.000000
vt  0.018572 0.837078 0.000000
vt  0.027152 0.891187 0.000000
vt  0.027152 0.891187 0.000000
vt  0.053158 0.945037 0.000000
vt  0.053158 0.945037 0.000000
vt  0.500000 0.990908 0.000000
vt  0.500000 0.990908 0.000000
vt  0.946842 0.945037 0.000000
vt  0.946842 0.945037 0.000000
vt  0.972848 0.891187 0.000000
vt  0.972848 0.891187 0.000000
vt  0.981428 0.837078 0.000000
vt  0.981428 0.837078 0.000000
vt  0.985573 0.782906 0.000000
vt  0.985573 0.782906 0.000000
vt  0.987920 0.728719 0.000000
vt  0.987920 0.728719 0.000000
vt  0.989345 0.674539 0.000000
vt  0.989345 0.674539 0.000000
vt  0.990626 0.578193 0.000000
vt  0.990626 0.578193 0.000000
vt  0.990893 0.482162 0.000000
vt  0.990893 0.482162 0.000000
vt  0.990290 0.385884 0.000000
vt  0.990290 0.385884 0.000000
vt  0.988478 0.289511 0.000000
vt  0.988478 0.289511 0.000000
vt  0.984035 0.192935 0.000000
vt  0.984035 0.192935 0.000000
vt  0.969598 0.096811 0.000000
vt  0.969598 0.096811 0.000000
vt  0.500000 0.009092 0.000000
vt  0.500000 0.009092 0.000000
vt  0.053158 0.054963 0.000000
vt  0.053158 0.054963 0.000000
vt  0.027152 0.108813 0.000000
vt  0.027152 0.108813 0.000000
vt  0.018572 0.162922 0.000000
vt  0.018572 0.162922 0.000000
vt  0.014427 0.217094 0.000000
vt  0.014427 0.217094 0.000000
vt  0.012080 0.271281 0.000000
vt  0.012080 0.271281 0.000000
vt  0.000000 0.448678 0.000000
vt  0.000000 0.448678 0.000000
vt  0.000000 0.551322 0.000000
vt  0.000000 0.551322 0.000000
vt  0.000000 0.653932 0.000000
vt  0.000000 0.653932 0.000000
vt  0.000000 0.653932 0.000000
vt  0.000000 0.651664 0.000000
vt  0.000000 0.651664 0.000000
vt  0.000000 0.651664 0.000000
vt  0.000000 0.652787 0.000000
vt  0.000000 0.652787 0.000000
vt  0.000000 0.678932 0.000000
vt  0.000000 0.678932 0.000000
vt  0.000000 0.678932 0.000000
vt  0.000000 0.691331 0.000000
vt  0.000000 0.691331 0.000000
vt  0.000000 0.687167 0.000000
vt  0.000000 0.687167 0.000000
vt  0.000000 0.681610 0.000000
vt  0.000000 0.681610 0.000000
vt  0.000000 0.674619 0.000000
vt  0.000000 0.674619 0.000000
vt  0.000000 0.674619 0.000000
vt  0.037422 0.596494 0.000000
vt  0.037422 0.596494 0.000000
vt  0.037422 0.596494 0.000000
vt  0.000000 0.597124 0.000000
vt  0.000000 0.597124 0.000000
vt  0.000000 0.597124 0.000000
vt  0.000000 0.402876 0.000000
vt  0.000000 0.402876 0.000000
vt  0.000000 0.402876 0.000000
vt  0.037422 0.403506 0.000000
vt  0.037422 0.403506 0.000000
vt  0.037422 0.403506 0.000000
vt  0.795167 0.221142 0.000000
vt  0.795167 0.221142 0.000000
vt  0.795167 0.221142 0.000000
vt  0.795167 0.778858 0.000000
vt  0.795167 0.778858 0.000000
vt  0.795167 0.778858 0.000000
vt  0.815598 0.797397 0.000000
vt  0.815598 0.797397 0.000000
vt  0.852416 0.777885 0.000000
vt  0.852416 0.777885 0.000000
vt  0.852416 0.777885 0.000000
vt  0.852416 0.222115 0.000000
vt  0.852416 0.222115 0.000000
vt  0.852416 0.222115 0.000000
vt  0.815597 0.202603 0.000000
vt  0.815597 0.202603 0.000000
vt  0.827979 0.228746 0.000000
vt  0.827979 0.228746 0.000000
vt  0.827979 0.228746 0.000000
vt  0.788150 0.212107 0.000000
vt  0.788150 0.212107 0.000000
vt  0.766738 0.232718 0.000000
vt  0.766738 0.232718 0.000000
vt  0.766738 0.232718 0.000000
vt  0.000000 0.378881 0.000000
vt  0.000000 0.378881 0.000000
vt  0.000000 0.378881 0.000000
vt  0.000000 0.378881 0.000000
vt  0.000000 0.378881 0.000000
vt  1.000000 0.388983 0.000000
vt  1.000000 0.388983 0.000000
vt  1.000000 0.388983 0.000000
vt  0.948371 0.390327 0.000000
vt  0.948371 0.390327 0.000000
vt  0.948371 0.390327 0.000000
vt  0.000000 0.621119 0.000000
vt  0.000000 0.621119 0.000000
vt  0.000000 0.621119 0.000000
vt  0.000000 0.621119 0.000000
vt  0.000000 0.621119 0.000000
vt  0.000000 0.619027 0.000000
vt  0.000000 0.619027 0.000000
vt  0.000000 0.635343 0.000000
vt  0.000000 0.635343 0.000000
vt  0.000000 0.661654 0.000000
vt  0.000000 0.661654 0.000000
vt  0.000000 0.690401 0.000000
vt  0.000000 0.690401 0.000000
vt  0.000000 0.714777 0.000000
vt  0.000000 0.714777 0.000000
vt  0.000000 0.714777 0.000000
vt  0.000000 0.726704 0.000000
vt  0.000000 0.726704 0.000000
vt  0.000000 0.717945 0.000000
vt  0.000000 0.717945 0.000000
vt  0.000000 0.686546 0.000000
vt  0.000000 0.686546 0.000000
vt  0.000000 0.646774 0.000000
vt  0.000000 0.646774 0.000000
vt  1.000000 0.611017 0.000000
vt  1.000000 0.611017 0.000000
vt  1.000000 0.611017 0.000000
vt  1.000000 0.625708 0.000000
vt  1.000000 0.625708 0.000000
vt  1.000000 0.625666 0.000000
vt  1.000000 0.625666 0.000000
vt  1.000000 0.624030 0.000000
vt  1.000000 0.624030 0.000000
vt  1.000000 0.621966 0.000000
vt  1.000000 0.621966 0.000000
vt  1.000000 0.621966 0.000000
vt  1.000000 0.653921 0.000000
vt  1.000000 0.653921 0.000000
vt  1.000000 0.670170 0.000000
vt  1.000000 0.670170 0.000000
vt  1.000000 0.665249 0.000000
vt  1.000000 0.665249 0.000000
vt  1.000000 0.658824 0.000000
vt  1.000000 0.658824 0.000000
vt  1.000000 0.650676 0.000000
vt  1.000000 0.650676 0.000000
vt  1.000000 0.627671 0.000000
vt  1.000000 0.627671 0.000000
vt  1.000000 0.605094 0.000000
vt  1.000000 0.605094 0.000000
vt  1.000000 0.589776 0.000000
vt  1.000000 0.589776 0.000000
vt  1.000000 0.588586 0.000000
vt  1.000000 0.588586 0.000000
vt  1.000000 0.593592 0.000000
vt  1.000000 0.593592 0.000000
vt  1.000000 0.601879 0.000000
vt  1.000000 0.601879 0.000000
vt  1.000000 0.601879 0.000000
vt  1.000000 0.598406 0.000000
vt  1.000000 0.598406 0.000000
vt  1.000000 0.595004 0.000000
vt  1.000000 0.595004 0.000000
vt  1.000000 0.595004 0.000000
vt  1.000000 0.404985 0.000000
vt  1.000000 0.404985 0.000000
vt  1.000000 0.404985 0.000000
vt  1.000000 0.401582 0.000000
vt  1.000000 0.401582 0.000000
vt  1.000000 0.398121 0.000000
vt  1.000000 0.398121 0.000000
vt  1.000000 0.398121 0.000000
vt  1.000000 0.406408 0.000000
vt  1.000000 0.406408 0.000000
vt  1.000000 0.411414 0.000000
vt  1.000000 0.411414 0.000000
vt  1.000000 0.409330 0.000000
vt  1.000000 0.409330 0.000000
vt  1.000000 0.391168 0.000000
vt  1.000000 0.391168 0.000000
vt  1.000000 0.365794 0.000000
vt  1.000000 0.365794 0.000000
vt  1.000000 0.348095 0.000000
vt  1.000000 0.348095 0.000000
vt  1.000000 0.334751 0.000000
vt  1.000000 0.334751 0.000000
vt  1.000000 0.329830 0.000000
vt  1.000000 0.329830 0.000000
vt  1.000000 0.346080 0.000000
vt  1.000000 0.346080 0.000000
vt  1.000000 0.378034 0.000000
vt  1.000000 0.378034 0.000000
vt  1.000000 0.378034 0.000000
vt  1.000000 0.375970 0.000000
vt  1.000000 0.375970 0.000000
vt  1.000000 0.374334 0.000000
vt  1.000000 0.374334 0.000000
vt  1.000000 0.374293 0.000000
vt  1.000000 0.374293 0.000000
vt  0.000000 0.352972 0.000000
vt  0.000000 0.352972 0.000000
vt  0.000000 0.312998 0.000000
vt  0.000000 0.312998 0.000000
vt  0.000000 0.281818 0.000000
vt  0.000000 0.281818 0.000000
vt  0.000000 0.273314 0.000000
vt  0.000000 0.273314 0.000000
vt  0.000000 0.285223 0.000000
vt  0.000000 0.285223 0.000000
vt  0.000000 0.285223 0.000000
vt  0.000000 0.309795 0.000000
vt  0.000000 0.309795 0.000000
vt  0.000000 0.338677 0.000000
vt  0.000000 0.338677 0.000000
vt  0.000000 0.364917 0.000000
vt  0.000000 0.364917 0.000000
vt  0.000000 0.381034 0.000000
vt  0.000000 0.381034 0.000000
vt  0.000000 0.271168 0.000000
vt  0.000000 0.271168 0.000000
vt  0.000000 0.216934 0.000000
vt  0.000000 0.216934 0.000000
vt  0.000000 0.162691 0.000000
vt  0.000000 0.162691 0.000000
vt  0.000000 0.108447 0.000000
vt  0.000000 0.108447 0.000000
vt  0.000000 0.054213 0.000000
vt  0.000000 0.054213 0.000000
vt  1.000000 0.000000 0.000000
vt  1.000000 0.000000 0.000000
vt  1.000000 0.054213 0.000000
vt  1.000000 0.054213 0.000000
vt  1.000000 0.108447 0.000000
vt  1.000000 0.108447 0.000000
vt  1.000000 0.162691 0.000000
vt  1.000000 0.162691 0.000000
vt  1.000000 0.216934 0.000000
vt  1.000000 0.216934 0.000000
vt  1.000000 0.271168 0.000000
vt  1.000000 0.271168 0.000000
vt  1.000000 0.325381 0.000000
vt  1.000000 0.325381 0.000000
vt  1.000000 0.421775 0.000000
vt  1.000000 0.421775 0.000000
vt  1.000000 0.517845 0.000000
vt  1.000000 0.517845 0.000000
vt  1.000000 0.614165 0.000000
vt  1.000000 0.614165 0.000000
vt  1.000000 0.710590 0.000000
vt  1.000000 0.710590 0.000000
vt  1.000000 0.807252 0.000000
vt  1.000000 0.807252 0.000000
vt  1.000000 0.903604 0.000000
vt  1.000000 0.903604 0.000000
vt  0.000000 1.000000 0.000000
vt  0.000000 1.000000 0.000000
vt  0.000000 0.945787 0.000000
vt  0.000000 0.945787 0.000000
vt  0.000000 0.891553 0.000000
vt  0.000000 0.891553 0.000000
vt  0.000000 0.837309 0.000000
vt  0.000000 0.837309 0.000000
vt  0.000000 0.783066 0.000000
vt  0.000000 0.783066 0.000000
vt  0.000000 0.728832 0.000000
vt  0.000000 0.728832 0.000000
vt  1.000000 0.555600 0.000000
vt  1.000000 0.555600 0.000000
vt  1.000000 0.555600 0.000000
vt  1.000000 0.444400 0.000000
vt  1.000000 0.444400 0.000000
vt  1.000000 0.444400 0.000000
vt  1.000000 0.427688 0.000000
vt  1.000000 0.427688 0.000000
vt  1.000000 0.417299 0.000000
vt  1.000000 0.417299 0.000000
vt  1.000000 0.419808 0.000000
vt  1.000000 0.419808 0.000000
vt  1.000000 0.435492 0.000000
vt  1.000000 0.435492 0.000000
vt  1.000000 0.435492 0.000000
vt  1.000000 0.564508 0.000000
vt  1.000000 0.564508 0.000000
vt  1.000000 0.564508 0.000000
vt  1.000000 0.580193 0.000000
vt  1.000000 0.580193 0.000000
vt  1.000000 0.582701 0.000000
vt  1.000000 0.582701 0.000000
vt  1.000000 0.572311 0.000000
vt  1.000000 0.572311 0.000000
vt  1.000000 0.138263 0.000000
vt  1.000000 0.138263 0.000000
vt  1.000000 0.138263 0.000000
vt  1.000000 0.145710 0.000000
vt  1.000000 0.145710 0.000000
vt  1.000000 0.150150 0.000000
vt  1.000000 0.150150 0.000000
vt  1.000000 0.148755 0.000000
vt  1.000000 0.148755 0.000000
vt  1.000000 0.136684 0.000000
vt  1.000000 0.136684 0.000000
vt  1.000000 0.120633 0.000000
vt  1.000000 0.120633 0.000000
vt  1.000000 0.120633 0.000000
vt  1.000000 0.113611 0.000000
vt  1.000000 0.113611 0.000000
vt  1.000000 0.108667 0.000000
vt  1.000000 0.108667 0.000000
vt  1.000000 0.107872 0.000000
vt  1.000000 0.107872 0.000000
vt  1.000000 0.119994 0.000000
vt  1.000000 0.119994 0.000000
vt  0.000000 0.138263 0.000000
vt  0.000000 0.138263 0.000000
vt  0.000000 0.138263 0.000000
vt  0.000000 0.129058 0.000000
vt  0.000000 0.129058 0.000000
vt  0.000000 0.119862 0.000000
vt  0.000000 0.119862 0.000000
vt  0.000000 0.107812 0.000000
vt  0.000000 0.107812 0.000000
vt  0.000000 0.108722 0.000000
vt  0.000000 0.108722 0.000000
vt  0.000000 0.120633 0.000000
vt  0.000000 0.120633 0.000000
vt  0.000000 0.120633 0.000000
vt  0.000000 0.128727 0.000000
vt  0.000000 0.128727 0.000000
vt  0.000000 0.136803 0.000000
vt  0.000000 0.136803 0.000000
vt  0.000000 0.148832 0.000000
vt  0.000000 0.148832 0.000000
vt  0.000000 0.150109 0.000000
vt  0.000000 0.150109 0.000000
vt  0.000000 0.879367 0.000000
vt  0.000000 0.879367 0.000000
vt  0.000000 0.879367 0.000000
vt  0.000000 0.886389 0.000000
vt  0.000000 0.886389 0.000000
vt  0.000000 0.891333 0.000000
vt  0.000000 0.891333 0.000000
vt  0.000000 0.892128 0.000000
vt  0.000000 0.892128 0.000000
vt  0.000000 0.880006 0.000000
vt  0.000000 0.880006 0.000000
vt  0.000000 0.861737 0.000000
vt  0.000000 0.861737 0.000000
vt  0.000000 0.861737 0.000000
vt  0.000000 0.854290 0.000000
vt  0.000000 0.854290 0.000000
vt  0.000000 0.849850 0.000000
vt  0.000000 0.849850 0.000000
vt  0.000000 0.851245 0.000000
vt  0.000000 0.851245 0.000000
vt  0.000000 0.863316 0.000000
vt  0.000000 0.863316 0.000000
vt  1.000000 0.879367 0.000000
vt  1.000000 0.879367 0.000000
vt  1.000000 0.879367 0.000000
vt  1.000000 0.871273 0.000000
vt  1.000000 0.871273 0.000000
vt  1.000000 0.863197 0.000000
vt  1.000000 0.863197 0.000000
vt  1.000000 0.851168 0.000000
vt  1.000000 0.851168 0.000000
vt  1.000000 0.849891 0.000000
vt  1.000000 0.849891 0.000000
vt  1.000000 0.861737 0.000000
vt  1.000000 0.861737 0.000000
vt  1.000000 0.861737 0.000000
vt  1.000000 0.870942 0.000000
vt  1.000000 0.870942 0.000000
vt  1.000000 0.880138 0.000000
vt  1.000000 0.880138 0.000000
vt  1.000000 0.892188 0.000000
vt  1.000000 0.892188 0.000000
vt  1.000000 0.891278 0.000000
vt  1.000000 0.891278 0.000000
vt  1.000000 0.721383 0.000000
vt  1.000000 0.721383 0.000000
vt  1.000000 0.721383 0.000000
vt  1.000000 0.713756 0.000000
vt  1.000000 0.713756 0.000000
vt  1.000000 0.704500 0.000000
vt  1.000000 0.704500 0.000000
vt  1.000000 0.686059 0.000000
vt  1.000000 0.686059 0.000000
vt  1.000000 0.674905 0.000000
vt  1.000000 0.674905 0.000000
vt  1.000000 0.678247 0.000000
vt  1.000000 0.678247 0.000000
vt  1.000000 0.678247 0.000000
vt  1.000000 0.686014 0.000000
vt  1.000000 0.686014 0.000000
vt  1.000000 0.696602 0.000000
vt  1.000000 0.696602 0.000000
vt  1.000000 0.717840 0.000000
vt  1.000000 0.717840 0.000000
vt  1.000000 0.727531 0.000000
vt  1.000000 0.727531 0.000000
vt  0.000000 0.755218 0.000000
vt  0.000000 0.755218 0.000000
vt  0.000000 0.755218 0.000000
vt  0.000000 0.761757 0.000000
vt  0.000000 0.761757 0.000000
vt  0.000000 0.764469 0.000000
vt  0.000000 0.764469 0.000000
vt  0.000000 0.755884 0.000000
vt  0.000000 0.755884 0.000000
vt  0.000000 0.732446 0.000000
vt  0.000000 0.732446 0.000000
vt  0.000000 0.710102 0.000000
vt  0.000000 0.710102 0.000000
vt  0.000000 0.710102 0.000000
vt  0.000000 0.704634 0.000000
vt  0.000000 0.704634 0.000000
vt  0.000000 0.704052 0.000000
vt  0.000000 0.704052 0.000000
vt  0.000000 0.715191 0.000000
vt  0.000000 0.715191 0.000000
vt  0.000000 0.735463 0.000000
vt  0.000000 0.735463 0.000000
vt  1.000000 0.321753 0.000000
vt  1.000000 0.321753 0.000000
vt  1.000000 0.321753 0.000000
vt  1.000000 0.325527 0.000000
vt  1.000000 0.325527 0.000000
vt  1.000000 0.325057 0.000000
vt  1.000000 0.325057 0.000000
vt  1.000000 0.313777 0.000000
vt  1.000000 0.313777 0.000000
vt  1.000000 0.295350 0.000000
vt  1.000000 0.295350 0.000000
vt  1.000000 0.278617 0.000000
vt  1.000000 0.278617 0.000000
vt  1.000000 0.278617 0.000000
vt  1.000000 0.273724 0.000000
vt  1.000000 0.273724 0.000000
vt  1.000000 0.272482 0.000000
vt  1.000000 0.272482 0.000000
vt  1.000000 0.282334 0.000000
vt  1.000000 0.282334 0.000000
vt  1.000000 0.303574 0.000000
vt  1.000000 0.303574 0.000000
vt  0.000000 0.289898 0.000000
vt  0.000000 0.289898 0.000000
vt  0.000000 0.289898 0.000000
vt  0.000000 0.280024 0.000000
vt  0.000000 0.280024 0.000000
vt  0.000000 0.267348 0.000000
vt  0.000000 0.267348 0.000000
vt  0.000000 0.243938 0.000000
vt  0.000000 0.243938 0.000000
vt  0.000000 0.235539 0.000000
vt  0.000000 0.235539 0.000000
vt  0.000000 0.244782 0.000000
vt  0.000000 0.244782 0.000000
vt  0.000000 0.244782 0.000000
vt  0.000000 0.254021 0.000000
vt  0.000000 0.254021 0.000000
vt  0.000000 0.264708 0.000000
vt  0.000000 0.264708 0.000000
vt  0.000000 0.284983 0.000000
vt  0.000000 0.284983 0.000000
vt  0.000000 0.295976 0.000000
vt  0.000000 0.295976 0.000000
vt  0.827979 0.771254 0.000000
vt  0.827979 0.771254 0.000000
vt  0.827979 0.771254 0.000000
vt  0.948371 0.609673 0.000000
vt  0.948371 0.609673 0.000000
vt  0.948371 0.609673 0.000000
vt  0.766738 0.767282 0.000000
vt  0.766738 0.767282 0.000000
vt  0.766738 0.767282 0.000000
vt  0.788149 0.787893 0.000000
vt  0.788149 0.787893 0.000000
vt  0.949687 0.375704 0.000000
vt  0.949687 0.375704 0.000000
vt  0.952607 0.375586 0.000000
vt  0.952607 0.375586 0.000000
vt  0.955208 0.388103 0.000000
vt  0.955208 0.388103 0.000000
vt  0.956205 0.405831 0.000000
vt  0.956205 0.405831 0.000000
vt  0.956205 0.405831 0.000000
vt  0.956205 0.594169 0.000000
vt  0.956205 0.594169 0.000000
vt  0.956205 0.594169 0.000000
vt  0.955208 0.611898 0.000000
vt  0.955208 0.611898 0.000000
vt  0.952607 0.624414 0.000000
vt  0.952607 0.624414 0.000000
vt  0.949687 0.624296 0.000000
vt  0.949687 0.624296 0.000000
vt  0.963310 0.601248 0.000000
vt  0.963310 0.601248 0.000000
vt  0.963310 0.601248 0.000000
vt  0.962598 0.612208 0.000000
vt  0.962598 0.612208 0.000000
vt  0.961355 0.621153 0.000000
vt  0.961355 0.621153 0.000000
vt  0.961355 0.621153 0.000000
vt  0.964666 0.593049 0.000000
vt  0.964666 0.593049 0.000000
vt  0.966025 0.588107 0.000000
vt  0.966025 0.588107 0.000000
vt  0.968892 0.590260 0.000000
vt  0.968892 0.590260 0.000000
vt  0.970199 0.608392 0.000000
vt  0.970199 0.608392 0.000000
vt  0.969691 0.633667 0.000000
vt  0.969691 0.633667 0.000000
vt  0.968227 0.651258 0.000000
vt  0.968227 0.651258 0.000000
vt  0.966025 0.664468 0.000000
vt  0.966025 0.664468 0.000000
vt  0.962578 0.669205 0.000000
vt  0.962578 0.669205 0.000000
vt  0.960498 0.652911 0.000000
vt  0.960498 0.652911 0.000000
vt  0.966025 0.604581 0.000000
vt  0.966025 0.604581 0.000000
vt  0.966025 0.604581 0.000000
vt  0.963838 0.618284 0.000000
vt  0.963838 0.618284 0.000000
vt  0.962868 0.638791 0.000000
vt  0.962868 0.638791 0.000000
vt  0.963852 0.651983 0.000000
vt  0.963852 0.651983 0.000000
vt  0.966025 0.650463 0.000000
vt  0.966025 0.650463 0.000000
vt  0.966025 0.650463 0.000000
vt  0.967963 0.636816 0.000000
vt  0.967963 0.636816 0.000000
vt  0.968689 0.619060 0.000000
vt  0.968689 0.619060 0.000000
vt  0.967952 0.605794 0.000000
vt  0.967952 0.605794 0.000000
vt  0.961355 0.378847 0.000000
vt  0.961355 0.378847 0.000000
vt  0.961355 0.378847 0.000000
vt  0.962598 0.387792 0.000000
vt  0.962598 0.387792 0.000000
vt  0.963310 0.398752 0.000000
vt  0.963310 0.398752 0.000000
vt  0.963310 0.398752 0.000000
vt  0.960498 0.347088 0.000000
vt  0.960498 0.347088 0.000000
vt  0.962579 0.330795 0.000000
vt  0.962579 0.330795 0.000000
vt  0.966025 0.335532 0.000000
vt  0.966025 0.335532 0.000000
vt  0.967283 0.341883 0.000000
vt  0.967283 0.341883 0.000000
vt  0.968367 0.349962 0.000000
vt  0.968367 0.349962 0.000000
vt  0.969990 0.372837 0.000000
vt  0.969990 0.372837 0.000000
vt  0.970106 0.395336 0.000000
vt  0.970106 0.395336 0.000000
vt  0.968708 0.410635 0.000000
vt  0.968708 0.410635 0.000000
vt  0.966025 0.411893 0.000000
vt  0.966025 0.411893 0.000000
vt  0.964666 0.406951 0.000000
vt  0.964666 0.406951 0.000000
vt  0.966025 0.349537 0.000000
vt  0.966025 0.349537 0.000000
vt  0.966025 0.349537 0.000000
vt  0.963838 0.348068 0.000000
vt  0.963838 0.348068 0.000000
vt  0.962868 0.361405 0.000000
vt  0.962868 0.361405 0.000000
vt  0.963852 0.381872 0.000000
vt  0.963852 0.381872 0.000000
vt  0.966025 0.395419 0.000000
vt  0.966025 0.395419 0.000000
vt  0.966025 0.395419 0.000000
vt  0.967963 0.394138 0.000000
vt  0.967963 0.394138 0.000000
vt  0.968689 0.380766 0.000000
vt  0.968689 0.380766 0.000000
vt  0.967952 0.363046 0.000000
vt  0.967952 0.363046 0.000000
vt  0.047393 0.619903 0.000000
vt  0.047393 0.619903 0.000000
vt  0.047393 0.619903 0.000000
vt  0.042464 0.618003 0.000000
vt  0.042464 0.618003 0.000000
vt  0.039911 0.634144 0.000000
vt  0.039911 0.634144 0.000000
vt  0.039896 0.660261 0.000000
vt  0.039896 0.660261 0.000000
vt  0.042438 0.688888 0.000000
vt  0.042438 0.688888 0.000000
vt  0.047393 0.713051 0.000000
vt  0.047393 0.713051 0.000000
vt  0.047393 0.713051 0.000000
vt  0.053604 0.724445 0.000000
vt  0.053604 0.724445 0.000000
vt  0.058289 0.715557 0.000000
vt  0.058289 0.715557 0.000000
vt  0.058320 0.684531 0.000000
vt  0.058320 0.684531 0.000000
vt  0.053647 0.645223 0.000000
vt  0.053647 0.645223 0.000000
vt  0.047393 0.641073 0.000000
vt  0.047393 0.641073 0.000000
vt  0.047393 0.641073 0.000000
vt  0.043715 0.640018 0.000000
vt  0.043715 0.640018 0.000000
vt  0.042379 0.655481 0.000000
vt  0.042379 0.655481 0.000000
vt  0.043736 0.677898 0.000000
vt  0.043736 0.677898 0.000000
vt  0.047393 0.696956 0.000000
vt  0.047393 0.696956 0.000000
vt  0.047393 0.696956 0.000000
vt  0.051741 0.702443 0.000000
vt  0.051741 0.702443 0.000000
vt  0.053740 0.688245 0.000000
vt  0.053740 0.688245 0.000000
vt  0.051711 0.661385 0.000000
vt  0.051711 0.661385 0.000000
vt  0.047393 0.380097 0.000000
vt  0.047393 0.380097 0.000000
vt  0.047393 0.380097 0.000000
vt  0.053604 0.355026 0.000000
vt  0.053604 0.355026 0.000000
vt  0.058289 0.315919 0.000000
vt  0.058289 0.315919 0.000000
vt  0.058320 0.284683 0.000000
vt  0.058320 0.284683 0.000000
vt  0.053647 0.275540 0.000000
vt  0.053647 0.275540 0.000000
vt  0.047393 0.286949 0.000000
vt  0.047393 0.286949 0.000000
vt  0.047393 0.286949 0.000000
vt  0.042464 0.310919 0.000000
vt  0.042464 0.310919 0.000000
vt  0.039911 0.339410 0.000000
vt  0.039911 0.339410 0.000000
vt  0.039896 0.365597 0.000000
vt  0.039896 0.365597 0.000000
vt  0.042438 0.381935 0.000000
vt  0.042438 0.381935 0.000000
vt  0.047393 0.303044 0.000000
vt  0.047393 0.303044 0.000000
vt  0.047393 0.303044 0.000000
vt  0.043715 0.322284 0.000000
vt  0.043715 0.322284 0.000000
vt  0.042379 0.344731 0.000000
vt  0.042379 0.344731 0.000000
vt  0.043736 0.360051 0.000000
vt  0.043736 0.360051 0.000000
vt  0.047393 0.358927 0.000000
vt  0.047393 0.358927 0.000000
vt  0.047393 0.358927 0.000000
vt  0.051741 0.338397 0.000000
vt  0.051741 0.338397 0.000000
vt  0.053740 0.311518 0.000000
vt  0.053740 0.311518 0.000000
vt  0.051711 0.297523 0.000000
vt  0.051711 0.297523 0.000000
vt  0.750000 0.163264 0.000000
vt  0.750000 0.163264 0.000000
vt  0.750000 0.163264 0.000000
vt  0.728648 0.157647 0.000000
vt  0.728648 0.157647 0.000000
vt  0.719044 0.161200 0.000000
vt  0.719044 0.161200 0.000000
vt  0.728512 0.172286 0.000000
vt  0.728512 0.172286 0.000000
vt  0.738664 0.178916 0.000000
vt  0.738664 0.178916 0.000000
vt  0.750000 0.184822 0.000000
vt  0.750000 0.184822 0.000000
vt  0.750000 0.184822 0.000000
vt  0.768829 0.190534 0.000000
vt  0.768829 0.190534 0.000000
vt  0.775927 0.186216 0.000000
vt  0.775927 0.186216 0.000000
vt  0.768935 0.175014 0.000000
vt  0.768935 0.175014 0.000000
vt  0.760583 0.168753 0.000000
vt  0.760583 0.168753 0.000000
vt  0.250000 0.163264 0.000000
vt  0.250000 0.163264 0.000000
vt  0.250000 0.163264 0.000000
vt  0.231171 0.174915 0.000000
vt  0.231171 0.174915 0.000000
vt  0.224073 0.186128 0.000000
vt  0.224073 0.186128 0.000000
vt  0.231065 0.190538 0.000000
vt  0.231065 0.190538 0.000000
vt  0.239417 0.188926 0.000000
vt  0.239417 0.188926 0.000000
vt  0.250000 0.184822 0.000000
vt  0.250000 0.184822 0.000000
vt  0.250000 0.184822 0.000000
vt  0.271352 0.172389 0.000000
vt  0.271352 0.172389 0.000000
vt  0.280956 0.161281 0.000000
vt  0.280956 0.161281 0.000000
vt  0.271488 0.157639 0.000000
vt  0.271488 0.157639 0.000000
vt  0.261336 0.159370 0.000000
vt  0.261336 0.159370 0.000000
vt  0.250000 0.815178 0.000000
vt  0.250000 0.815178 0.000000
vt  0.250000 0.815178 0.000000
vt  0.231171 0.809466 0.000000
vt  0.231171 0.809466 0.000000
vt  0.224073 0.813784 0.000000
vt  0.224073 0.813784 0.000000
vt  0.231065 0.824986 0.000000
vt  0.231065 0.824986 0.000000
vt  0.239417 0.831247 0.000000
vt  0.239417 0.831247 0.000000
vt  0.250000 0.836736 0.000000
vt  0.250000 0.836736 0.000000
vt  0.250000 0.836736 0.000000
vt  0.271352 0.842353 0.000000
vt  0.271352 0.842353 0.000000
vt  0.280956 0.838800 0.000000
vt  0.280956 0.838800 0.000000
vt  0.271488 0.827714 0.000000
vt  0.271488 0.827714 0.000000
vt  0.261336 0.821084 0.000000
vt  0.261336 0.821084 0.000000
vt  0.750000 0.815178 0.000000
vt  0.750000 0.815178 0.000000
vt  0.750000 0.815178 0.000000
vt  0.728648 0.827611 0.000000
vt  0.728648 0.827611 0.000000
vt  0.719044 0.838719 0.000000
vt  0.719044 0.838719 0.000000
vt  0.728512 0.842361 0.000000
vt  0.728512 0.842361 0.000000
vt  0.738664 0.840630 0.000000
vt  0.738664 0.840630 0.000000
vt  0.750000 0.836736 0.000000
vt  0.750000 0.836736 0.000000
vt  0.750000 0.836736 0.000000
vt  0.768829 0.825085 0.000000
vt  0.768829 0.825085 0.000000
vt  0.775927 0.813872 0.000000
vt  0.775927 0.813872 0.000000
vt  0.768935 0.809462 0.000000
vt  0.768935 0.809462 0.000000
vt  0.760583 0.811074 0.000000
vt  0.760583 0.811074 0.000000
vt  1.000000 0.295350 0.000000
vt  1.000000 0.295350 0.000000

vn  0.000000 -1.000000 0.000000
vn  1.000000 0.000000 0.000000
vn  1.000000 0.000000 -0.000000
vn  0.000000 -1.000000 0.000000
vn  0.950780 0.000000 -0.309867
vn  0.000000 -1.000000 0.000000
vn  0.808486 0.000000 -0.588515
vn  0.000000 -1.000000 0.000000
vn  0.587342 0.000000 -0.809339
vn  0.000000 -1.000000 0.000000
vn  0.309048 0.000000 -0.951047
vn  0.000000 -1.000000 0.000000
vn  0.000065 0.000000 -1.000000
vn  0.000000 -1.000000 0.000000
vn  -0.309250 0.000000 -0.950981
vn  0.000000 -1.000000 0.000000
vn  -0.587817 0.000000 -0.808994
vn  0.000000 -1.000000 0.000000
vn  -0.809081 0.000000 -0.587698
vn  0.000000 -1.000000 0.000000
vn  -0.951001 0.000000 -0.309188
vn  0.000000 -1.000000 0.000000
vn  -1.000000 0.000000 0.000000
vn  -1.000000 0.000000 0.000000
vn  0.000000 -1.000000 0.000000
vn  -0.950780 0.000000 0.309867
vn  0.000000 -1.000000 0.000000
vn  -0.808486 0.000000 0.588515
vn  0.000000 -1.000000 0.000000
vn  -0.587342 0.000000 0.809339
vn  0.000000 -1.000000 0.000000
vn  -0.309048 0.000000 0.951047
vn  0.000000 -1.000000 0.000000
vn  -0.000065 0.000000 1.000000
vn  0.000000 -1.000000 0.000000
vn  0.309250 0.000000 0.950981
vn  0.000000 -1.000000 0.000000
vn  0.587817 0.000000 0.808994
vn  0.000000 -1.000000 0.000000
vn  0.809081 0.000000 0.587698
vn  0.000000 -1.000000 0.000000
vn  0.951001 0.000000 0.309188
vn  0.000000 -1.000000 0.000000
vn  0.000000 0.000000 -1.000000
vn  -0.000000 0.000000 -1.000000
vn  0.000000 -1.000000 0.000000
vn  0.309982 0.000000 -0.950742
vn  0.000000 -1.000000 0.000000
vn  0.588579 0.000000 -0.808440
vn  0.000000 -1.000000 0.000000
vn  0.809456 0.000000 -0.587181
vn  0.000000 -1.000000 0.000000
vn  0.951135 0.000000 -0.308775
vn  0.000000 -1.000000 0.000000
vn  1.000000 0.000000 0.000045
vn  0.000000 -1.000000 0.000000
vn  0.951026 0.000000 0.309110
vn  0.000000 -1.000000 0.000000
vn  0.809082 0.000000 0.587696
vn  0.000000 -1.000000 0.000000
vn  0.587721 0.000000 0.809064
vn  0.000000 -1.000000 0.000000
vn  0.309291 0.000000 0.950968
vn  0.000000 -1.000000 0.000000
vn  0.000000 0.000000 1.000000
vn  0.000000 0.000000 1.000000
vn  0.000000 -1.000000 0.000000
vn  -0.309982 0.000000 0.950742
vn  0.000000 -1.000000 0.000000
vn  -0.588579 0.000000 0.808440
vn  0.000000 -1.000000 0.000000
vn  -0.809456 0.000000 0.587181
vn  0.000000 -1.000000 0.000000
vn  -0.951135 0.000000 0.308775
vn  0.000000 -1.000000 0.000000
vn  -1.000000 0.000000 -0.000045
vn  0.000000 -1.000000 0.000000
vn  -0.951026 0.000000 -0.309110
vn  0.000000 -1.000000 0.000000
vn  -0.809082 0.000000 -0.587696
vn  0.000000 -1.000000 0.000000
vn  -0.587721 0.000000 -0.809064
vn  0.000000 -1.000000 0.000000
vn  -0.309291 0.000000 -0.950968
vn  -1.000000 0.000000 0.000000
vn  -1.000000 0.000000 0.000000
vn  0.000000 -1.000000 0.000000
vn  -0.951001 0.000000 0.309188
vn  0.000000 -1.000000 0.000000
vn  -0.809081 0.000000 0.587698
vn  0.000000 -1.000000 0.000000
vn  -0.587817 0.000000 0.808994
vn  0.000000 -1.000000 0.000000
vn  -0.309250 0.000000 0.950981
vn  0.000000 -1.000000 0.000000
vn  0.000065 0.000000 1.000000
vn  0.000000 -1.000000 0.000000
vn  0.309048 0.000000 0.951047
vn  0.000000 -1.000000 0.000000
vn  0.587342 0.000000 0.809339
vn  0.000000 -1.000000 0.000000
vn  0.808486 0.000000 0.588515
vn  0.000000 -1.000000 0.000000
vn  0.950780 0.000000 0.309867
vn  0.000000 -1.000000 0.000000
vn  1.000000 0.000000 0.000000
vn  1.000000 0.000000 -0.000000
vn  0.000000 -1.000000 0.000000
vn  0.951001 0.000000 -0.309188
vn  0.000000 -1.000000 0.000000
vn  0.809081 0.000000 -0.587698
vn  0.000000 -1.000000 0.000000
vn  0.587817 0.000000 -0.808994
vn  0.000000 -1.000000 0.000000
vn  0.309250 0.000000 -0.950981
vn  0.000000 -1.000000 0.000000
vn  -0.000065 0.000000 -1.000000
vn  0.000000 -1.000000 0.000000
vn  -0.309048 0.000000 -0.951047
vn  0.000000 -1.000000 0.000000
vn  -0.587342 0.000000 -0.809339
vn  0.000000 -1.000000 0.000000
vn  -0.808486 0.000000 -0.588515
vn  0.000000 -1.000000 0.000000
vn  -0.950780 0.000000 -0.309867
vn  0.000000 -1.000000 0.000000
vn  0.000000 -1.000000 0.000000
vn  -1.000000 0.000000 -0.000000
vn  -1.000000 0.000000 -0.000000
vn  0.000000 -1.000000 0.000000
vn  -0.959263 0.000000 0.282513
vn  0.000000 -1.000000 0.000000
vn  -0.840817 0.000000 0.541319
vn  0.000000 -1.000000 0.000000
vn  -0.654415 0.000000 0.756135
vn  0.000000 -1.000000 0.000000
vn  -0.415468 0.000000 0.909608
vn  0.000000 -1.000000 0.000000
vn  -0.142605 0.000000 0.989780
vn  0.000000 -1.000000 0.000000
vn  0.142077 0.000000 0.989856
vn  0.000000 -1.000000 0.000000
vn  0.415549 0.000000 0.909571
vn  0.000000 -1.000000 0.000000
vn  0.654871 0.000000 0.755741
vn  0.000000 -1.000000 0.000000
vn  0.841333 0.000000 0.540517
vn  0.000000 -1.000000 0.000000
vn  0.959437 0.000000 0.281922
vn  0.000000 -1.000000 0.000000
vn  1.000000 0.000000 0.000000
vn  1.000000 0.000000 0.000000
vn  0.000000 -1.000000 0.000000
vn  0.959263 0.000000 -0.282513
vn  0.000000 -1.000000 0.000000
vn  0.840817 0.000000 -0.541319
vn  0.000000 -1.000000 0.000000
vn  0.654415 0.000000 -0.756135
vn  0.000000 -1.000000 0.000000
vn  0.415468 0.000000 -0.909608
vn  0.000000 -1.000000 0.000000
vn  0.142605 0.000000 -0.989780
vn  0.000000 -1.000000 0.000000
vn  -0.142077 0.000000 -0.989856
vn  0.000000 -1.000000 0.000000
vn  -0.415549 0.000000 -0.909571
vn  0.000000 -1.000000 0.000000
vn  -0.654871 0.000000 -0.755741
vn  0.000000 -1.000000 0.000000
vn  -0.841333 0.000000 -0.540517
vn  0.000000 -1.000000 0.000000
vn  -0.959437 0.000000 -0.281922
vn  1.000000 0.000000 0.000000
vn  0.707107 0.707107 -0.000000
vn  0.707107 0.707107 -0.000000
vn  1.000000 0.000000 0.000000
vn  0.959493 0.000000 -0.281733
vn  0.678464 0.707107 -0.199215
vn  0.841254 0.000000 -0.540641
vn  0.594856 0.707107 -0.382291
vn  0.654861 0.000000 -0.755750
vn  0.463056 0.707107 -0.534396
vn  0.415415 0.000000 -0.909632
vn  0.293743 0.707107 -0.643207
vn  0.142315 0.000000 -0.989821
vn  0.100632 0.707107 -0.699909
vn  -0.142315 0.000000 -0.989821
vn  -0.100632 0.707107 -0.699909
vn  -0.415415 0.000000 -0.909632
vn  -0.293743 0.707107 -0.643207
vn  -0.654861 0.000000 -0.755750
vn  -0.463056 0.707107 -0.534396
vn  -0.841254 0.000000 -0.540641
vn  -0.594856 0.707107 -0.382291
vn  -0.959493 0.000000 -0.281733
vn  -0.678464 0.707107 -0.199215
vn  -1.000000 0.000000 -0.000000
vn  -0.707107 0.707107 0.000000
vn  -0.707107 0.707107 0.000000
vn  -1.000000 0.000000 -0.000000
vn  0.707107 0.707107 -0.000000
vn  0.707107 0.707107 -0.000000
vn  0.000000 1.000000 0.000000
vn  0.678430 0.707107 -0.199331
vn  0.000000 1.000000 0.000000
vn  0.594915 0.707107 -0.382199
vn  0.000000 1.000000 0.000000
vn  0.463092 0.707107 -0.534365
vn  0.000000 1.000000 0.000000
vn  0.293884 0.707107 -0.643142
vn  0.000000 1.000000 0.000000
vn  0.100519 0.707107 -0.699926
vn  0.000000 1.000000 0.000000
vn  -0.100820 0.707107 -0.699882
vn  0.000000 1.000000 0.000000
vn  -0.293789 0.707107 -0.643186
vn  0.000000 1.000000 0.000000
vn  -0.462759 0.707107 -0.534653
vn  0.000000 1.000000 0.000000
vn  -0.594544 0.707107 -0.382776
vn  0.000000 1.000000 0.000000
vn  -0.678306 0.707107 -0.199753
vn  0.000000 1.000000 0.000000
vn  -0.707107 0.707107 0.000000
vn  -0.707107 0.707107 0.000000
vn  0.000000 1.000000 0.000000
vn  -0.678430 0.707107 0.199331
vn  0.000000 1.000000 0.000000
vn  -0.594915 0.707107 0.382199
vn  0.000000 1.000000 0.000000
vn  -0.463092 0.707107 0.534365
vn  0.000000 1.000000 0.000000
vn  -0.293884 0.707107 0.643142
vn  0.000000 1.000000 0.000000
vn  -0.100519 0.707107 0.699926
vn  0.000000 1.000000 0.000000
vn  0.100820 0.707107 0.699882
vn  0.000000 1.000000 0.000000
vn  0.293789 0.707107 0.643186
vn  0.000000 1.000000 0.000000
vn  0.462759 0.707107 0.534653
vn  0.000000 1.000000 0.000000
vn  0.594544 0.707107 0.382776
vn  0.000000 1.000000 0.000000
vn  0.678306 0.707107 0.199753
vn  0.000000 1.000000 0.000000
vn  0.678464 0.707107 0.199215
vn  0.959493 0.000000 0.281733
vn  0.594856 0.707107 0.382291
vn  0.841254 0.000000 0.540641
vn  0.463056 0.707107 0.534396
vn  0.654861 0.000000 0.755750
vn  0.293743 0.707107 0.643207
vn  0.415415 0.000000 0.909632
vn  0.100632 0.707107 0.699909
vn  0.142315 0.000000 0.989821
vn  -0.100632 0.707107 0.699909
vn  -0.142315 0.000000 0.989821
vn  -0.293743 0.707107 0.643207
vn  -0.415415 0.000000 0.909632
vn  -0.463056 0.707107 0.534396
vn  -0.654861 0.000000 0.755750
vn  -0.594856 0.707107 0.382291
vn  -0.841254 0.000000 0.540641
vn  -0.678464 0.707107 0.199215
vn  -0.959493 0.000000 0.281733
vn  0.000000 1.000000 0.000000
vn  0.000000 0.000000 -1.000000
vn  1.000000 0.000000 0.000000
vn  0.000000 1.000000 0.000000
vn  0.000000 0.000000 -1.000000
vn  -1.000000 0.000000 0.000000
vn  0.000000 1.000000 0.000000
vn  0.000000 0.000000 1.000000
vn  -1.000000 0.000000 0.000000
vn  0.000000 1.000000 0.000000
vn  1.000000 0.000000 0.000000
vn  0.000000 0.000000 1.000000
vn  0.000000 1.000000 0.000000
vn  1.000000 0.000000 -0.000000
vn  1.000000 0.000000 0.000000
vn  0.000000 1.000000 0.000000
vn  1.000000 0.000000 -0.000000
vn  1.000000 0.000000 0.000000
vn  0.000000 1.000000 0.000000
vn  0.707094 0.000000 -0.707119
vn  0.000000 1.000000 0.000000
vn  0.000000 0.000000 -1.000000
vn  0.000000 1.000000 0.000000
vn  -0.707119 0.000000 -0.707094
vn  0.000000 1.000000 0.000000
vn  -1.000000 0.000000 0.000000
vn  -1.000000 0.000000 -0.000000
vn  0.000000 1.000000 0.000000
vn  -1.000000 0.000000 0.000000
vn  -1.000000 0.000000 0.000000
vn  0.000000 1.000000 0.000000
vn  -0.707094 0.000000 0.707119
vn  0.000000 1.000000 0.000000
vn  0.000000 0.000000 1.000000
vn  0.000000 1.000000 0.000000
vn  0.707119 0.000000 0.707094
vn  0.000000 1.000000 0.000000
vn  1.000000 0.000000 0.000000
vn  1.000000 0.000000 0.000000
vn  0.000000 1.000000 0.000000
vn  0.707094 0.000000 -0.707119
vn  0.000000 1.000000 0.000000
vn  0.000000 0.000000 -1.000000
vn  0.000000 1.000000 0.000000
vn  -0.707119 0.000000 -0.707094
vn  0.000000 1.000000 0.000000
vn  -1.000000 0.000000 -0.000000
vn  -1.000000 0.000000 0.000000
vn  0.000000 1.000000 0.000000
vn  -1.000000 0.000000 0.000000
vn  -1.000000 0.000000 0.000000
vn  0.000000 1.000000 0.000000
vn  -0.707094 0.000000 0.707119
vn  0.000000 1.000000 0.000000
vn  0.000000 0.000000 1.000000
vn  0.000000 1.000000 0.000000
vn  0.707119 0.000000 0.707094
vn  0.000000 1.000000 0.000000
vn  1.000000 0.000000 0.000000
vn  1.000000 0.000000 0.000000
vn  0.000000 1.000000 0.000000
vn  0.000000 0.000000 -1.000000
vn  0.000000 0.000000 -1.000000
vn  0.000000 1.000000 0.000000
vn  -0.385541 0.000000 -0.922691
vn  0.000000 1.000000 0.000000
vn  -0.711921 0.000000 -0.702259
vn  0.000000 1.000000 0.000000
vn  -0.999992 0.000000 0.003934
vn  0.000000 1.000000 0.000000
vn  -0.707586 0.000000 0.706627
vn  0.000000 1.000000 0.000000
vn  -0.000000 0.000000 1.000000
vn  0.000000 0.000000 1.000000
vn  0.000000 1.000000 0.000000
vn  0.385541 0.000000 0.922691
vn  0.000000 1.000000 0.000000
vn  0.711921 0.000000 0.702259
vn  0.000000 1.000000 0.000000
vn  0.999992 0.000000 -0.003934
vn  0.000000 1.000000 0.000000
vn  0.707586 0.000000 -0.706627
vn  0.000000 1.000000 0.000000
vn  0.000000 0.000000 -1.000000
vn  0.000000 0.000000 -1.000000
vn  0.000000 1.000000 0.000000
vn  -0.385541 0.000000 -0.922691
vn  0.000000 1.000000 0.000000
vn  -0.711921 0.000000 -0.702259
vn  0.000000 1.000000 0.000000
vn  -0.999992 0.000000 0.003934
vn  0.000000 1.000000 0.000000
vn  -0.707586 0.000000 0.706627
vn  0.000000 1.000000 0.000000
vn  -0.000000 0.000000 1.000000
vn  0.000000 0.000000 1.000000
vn  0.000000 1.000000 0.000000
vn  0.385541 0.000000 0.922691
vn  0.000000 1.000000 0.000000
vn  0.711921 0.000000 0.702259
vn  0.000000 1.000000 0.000000
vn  0.999992 0.000000 -0.003934
vn  0.000000 1.000000 0.000000
vn  0.707586 0.000000 -0.706627
vn  0.000000 1.000000 0.000000
vn  0.000000 0.000000 -1.000000
vn  0.000000 0.000000 -1.000000
vn  0.000000 1.000000 0.000000
vn  -0.385541 0.000000 -0.922691
vn  0.000000 1.000000 0.000000
vn  -0.711921 0.000000 -0.702259
vn  0.000000 1.000000 0.000000
vn  -0.999992 0.000000 0.003934
vn  0.000000 1.000000 0.000000
vn  -0.707586 0.000000 0.706627
vn  0.000000 1.000000 0.000000
vn  -0.000000 0.000000 1.000000
vn  0.000000 0.000000 1.000000
vn  0.000000 1.000000 0.000000
vn  0.385541 0.000000 0.922691
vn  0.000000 1.000000 0.000000
vn  0.711921 0.000000 0.702259
vn  0.000000 1.000000 0.000000
vn  0.999992 0.000000 -0.003934
vn  0.000000 1.000000 0.000000
vn  0.707586 0.000000 -0.706627
vn  0.000000 1.000000 0.000000
vn  0.000000 0.000000 -1.000000
vn  0.000000 0.000000 -1.000000
vn  0.000000 1.000000 0.000000
vn  -0.385541 0.000000 -0.922691
vn  0.000000 1.000000 0.000000
vn  -0.711921 0.000000 -0.702259
vn  0.000000 1.000000 0.000000
vn  -0.999992 0.000000 0.003934
vn  0.000000 1.000000 0.000000
vn  -0.707586 0.000000 0.706627
vn  0.000000 1.000000 0.000000
vn  -0.000000 0.000000 1.000000
vn  0.000000 0.000000 1.000000
vn  0.000000 1.000000 0.000000
vn  0.385541 0.000000 0.922691
vn  0.000000 1.000000 0.000000
vn  0.711921 0.000000 0.702259
vn  0.000000 1.000000 0.000000
vn  0.999992 0.000000 -0.003934
vn  0.000000 1.000000 0.000000
vn  0.707586 0.000000 -0.706627
vn  0.000000 1.000000 0.000000
vn  0.000000 0.000000 1.000000
vn  0.000000 0.000000 1.000000
vn  0.000000 1.000000 0.000000
vn  0.710977 0.000000 0.703216
vn  0.000000 1.000000 0.000000
vn  0.999992 0.000000 -0.004017
vn  0.000000 1.000000 0.000000
vn  0.706528 0.000000 -0.707685
vn  0.000000 1.000000 0.000000
vn  -0.000000 0.000000 -1.000000
vn  -0.000000 0.000000 -1.000000
vn  0.000000 1.000000 0.000000
vn  -0.710977 0.000000 -0.703216
vn  0.000000 1.000000 0.000000
vn  -0.999992 0.000000 0.004017
vn  0.000000 1.000000 0.000000
vn  -0.706528 0.000000 0.707685
vn  0.000000 1.000000 0.000000
vn  0.000000 0.000000 1.000000
vn  0.000000 0.000000 1.000000
vn  0.000000 1.000000 0.000000
vn  0.710977 0.000000 0.703216
vn  0.000000 1.000000 0.000000
vn  0.999992 0.000000 -0.004017
vn  0.000000 1.000000 0.000000
vn  0.706528 0.000000 -0.707685
vn  0.000000 1.000000 0.000000
vn  -0.000000 0.000000 -1.000000
vn  -0.000000 0.000000 -1.000000
vn  0.000000 1.000000 0.000000
vn  -0.710977 0.000000 -0.703216
vn  0.000000 1.000000 0.000000
vn  -0.999992 0.000000 0.004017
vn  0.000000 1.000000 0.000000
vn  -0.706528 0.000000 0.707685
vn  0.000000 1.000000 0.000000
vn  0.000000 0.000000 1.000000
vn  0.000000 0.000000 1.000000
vn  0.000000 1.000000 0.000000
vn  0.710977 0.000000 0.703216
vn  0.000000 1.000000 0.000000
vn  0.999992 0.000000 -0.004017
vn  0.000000 1.000000 0.000000
vn  0.706528 0.000000 -0.707685
vn  0.000000 1.000000 0.000000
vn  -0.000000 0.000000 -1.000000
vn  -0.000000 0.000000 -1.000000
vn  0.000000 1.000000 0.000000
vn  -0.710977 0.000000 -0.703216
vn  0.000000 1.000000 0.000000
vn  -0.999992 0.000000 0.004017
vn  0.000000 1.000000 0.000000
vn  -0.706528 0.000000 0.707685
vn  0.000000 1.000000 0.000000
vn  0.000000 0.000000 1.000000
vn  0.000000 0.000000 1.000000
vn  0.000000 1.000000 0.000000
vn  0.710977 0.000000 0.703216
vn  0.000000 1.000000 0.000000
vn  0.999992 0.000000 -0.004017
vn  0.000000 1.000000 0.000000
vn  0.706528 0.000000 -0.707685
vn  0.000000 1.000000 0.000000
vn  -0.000000 0.000000 -1.000000
vn  -0.000000 0.000000 -1.000000
vn  0.000000 1.000000 0.000000
vn  -0.710977 0.000000 -0.703216
vn  0.000000 1.000000 0.000000
vn  -0.999992 0.000000 0.004017
vn  0.000000 1.000000 0.000000
vn  -0.706528 0.000000 0.707685
vn  0.000000 0.000000 -1.000000
vn  0.000000 1.000000 0.000000
vn  1.000000 0.000000 0.000000
vn  0.000000 0.000000 -1.000000
vn  0.000000 1.000000 0.000000
vn  -1.000000 0.000000 0.000000
vn  0.000000 1.000000 0.000000
vn  0.000000 1.000000 0.000000
vn  1.000000 0.000000 0.000000
vn  0.000000 1.000000 0.000000
vn  0.000000 1.000000 0.000000
vn  -1.000000 0.000000 0.000000
vn  0.000000 0.880829 0.473435
vn  0.000000 0.880829 0.473435
vn  1.000000 0.000000 0.000000
vn  0.000000 0.880829 0.473435
vn  0.000000 0.880829 0.473435
vn  -1.000000 0.000000 0.000000
vn  0.000000 0.969750 0.244101
vn  -1.000000 0.000000 0.000000
vn  0.000000 0.969750 0.244101
vn  1.000000 0.000000 0.000000
vn  0.000000 0.986517 0.163659
vn  1.000000 0.000000 0.000000
vn  0.000000 0.986517 -0.163659
vn  1.000000 0.000000 0.000000
vn  0.000000 0.880829 -0.473435
vn  1.000000 0.000000 0.000000
vn  0.000000 0.880829 -0.473435
vn  0.000000 0.880829 -0.473435
vn  0.000000 0.880829 -0.473435
vn  -1.000000 0.000000 0.000000
vn  0.000000 0.986517 -0.163659
vn  -1.000000 0.000000 0.000000
vn  0.000000 0.986517 0.163659
vn  -1.000000 0.000000 0.000000
vn  1.000000 0.000000 0.000000
vn  0.000000 0.000000 1.000000
vn  0.000000 1.000000 0.000000
vn  1.000000 0.000000 0.000000
vn  0.000000 1.000000 0.000000
vn  0.000000 1.000000 0.000000
vn  1.000000 0.000000 0.000000
vn  0.000000 0.969750 -0.244101
vn  0.000000 0.000000 1.000000
vn  0.000000 1.000000 0.000000
vn  -1.000000 0.000000 0.000000
vn  0.000000 1.000000 0.000000
vn  0.000000 1.000000 0.000000
vn  -1.000000 0.000000 0.000000
vn  0.000000 0.969750 -0.244101
vn  -1.000000 0.000000 0.000000
vn  -0.995214 0.000000 0.097721
vn  0.000000 -1.000000 0.000000
vn  0.885331 0.000000 -0.464961
vn  -0.869757 0.000000 0.493479
vn  0.000000 -1.000000 0.000000
vn  -0.594386 0.000000 0.804180
vn  0.000000 -1.000000 0.000000
vn  0.853265 0.000000 -0.521477
vn  -0.594386 0.000000 0.804180
vn  0.000000 -1.000000 0.000000
vn  0.853265 0.000000 -0.521477
vn  -0.312906 0.000000 0.949784
vn  0.000000 -1.000000 0.000000
vn  0.000000 0.000000 1.000000
vn  0.000000 -1.000000 0.000000
vn  0.707094 0.000000 0.707119
vn  0.000000 -1.000000 0.000000
vn  1.000000 0.000000 -0.000000
vn  1.000000 0.000000 0.000000
vn  0.000000 -1.000000 0.000000
vn  -1.000000 0.000000 0.000000
vn  0.000000 -1.000000 0.000000
vn  -1.000000 0.000000 0.000000
vn  -0.998803 0.000000 0.048919
vn  0.000000 -1.000000 0.000000
vn  -0.995214 0.000000 0.097721
vn  0.885331 0.000000 -0.464961
vn  0.000000 -1.000000 0.000000
vn  0.000000 -1.000000 0.000000
vn  0.000000 0.000000 -1.000000
vn  -0.000000 0.000000 -1.000000
vn  0.000000 -1.000000 0.000000
vn  -0.309982 0.000000 -0.950742
vn  0.000000 -1.000000 0.000000
vn  -0.588579 0.000000 -0.808440
vn  0.000000 -1.000000 0.000000
vn  -0.809456 0.000000 -0.587181
vn  0.000000 -1.000000 0.000000
vn  -0.951135 0.000000 -0.308775
vn  0.000000 -1.000000 0.000000
vn  -1.000000 0.000000 0.000045
vn  0.000000 -1.000000 0.000000
vn  -0.951026 0.000000 0.309110
vn  0.000000 -1.000000 0.000000
vn  -0.809082 0.000000 0.587696
vn  0.000000 -1.000000 0.000000
vn  -0.587721 0.000000 0.809064
vn  0.000000 -1.000000 0.000000
vn  -0.309291 0.000000 0.950968
vn  0.000000 -1.000000 0.000000
vn  0.000000 0.000000 1.000000
vn  0.000000 0.000000 1.000000
vn  0.000000 -1.000000 0.000000
vn  0.309982 0.000000 0.950742
vn  0.000000 -1.000000 0.000000
vn  0.588579 0.000000 0.808440
vn  0.000000 -1.000000 0.000000
vn  0.809456 0.000000 0.587181
vn  0.000000 -1.000000 0.000000
vn  0.951135 0.000000 0.308775
vn  0.000000 -1.000000 0.000000
vn  1.000000 0.000000 -0.000045
vn  0.000000 -1.000000 0.000000
vn  0.951026 0.000000 -0.309110
vn  0.000000 -1.000000 0.000000
vn  0.809082 0.000000 -0.587696
vn  0.000000 -1.000000 0.000000
vn  0.587721 0.000000 -0.809064
vn  0.000000 -1.000000 0.000000
vn  0.309291 0.000000 -0.950968
vn  0.000000 -1.000000 0.000000
vn  0.987035 0.000000 -0.160503
vn  0.000000 -1.000000 0.000000
vn  0.987035 0.000000 0.160503
vn  0.000000 -1.000000 0.000000
vn  0.885331 0.000000 0.464961
vn  -0.995214 0.000000 -0.097721
vn  0.000000 -1.000000 0.000000
vn  -0.869757 0.000000 -0.493479
vn  0.000000 -1.000000 0.000000
vn  -0.594386 0.000000 -0.804180
vn  0.853265 0.000000 0.521477
vn  0.000000 -1.000000 0.000000
vn  0.752501 0.000000 0.658592
vn  0.000000 -1.000000 0.000000
vn  0.629944 0.000000 0.776641
vn  0.000000 -1.000000 0.000000
vn  0.489144 0.000000 0.872203
vn  0.000000 -1.000000 0.000000
vn  0.334179 0.000000 0.942509
vn  0.000000 -1.000000 0.000000
vn  0.169541 0.000000 0.985523
vn  0.000000 -1.000000 0.000000
vn  0.000000 0.000000 1.000000
vn  0.000000 -1.000000 0.000000
vn  -0.169541 0.000000 0.985523
vn  0.000000 -1.000000 0.000000
vn  -0.334179 0.000000 0.942509
vn  0.000000 -1.000000 0.000000
vn  -0.489144 0.000000 0.872203
vn  0.000000 -1.000000 0.000000
vn  -0.629944 0.000000 0.776641
vn  0.000000 -1.000000 0.000000
vn  -0.752501 0.000000 0.658592
vn  0.000000 -1.000000 0.000000
vn  -0.853265 0.000000 0.521477
vn  0.000000 -1.000000 0.000000
vn  -0.969965 0.000000 0.243245
vn  0.000000 -1.000000 0.000000
vn  -0.998427 0.000000 -0.056074
vn  0.000000 -1.000000 0.000000
vn  -0.936362 0.000000 -0.351035
vn  0.000000 -1.000000 0.000000
vn  -0.789028 0.000000 -0.614357
vn  0.000000 -1.000000 0.000000
vn  -0.569236 0.000000 -0.822174
vn  0.000000 -1.000000 0.000000
vn  -0.298270 0.000000 -0.954482
vn  0.000000 -1.000000 0.000000
vn  -0.000000 0.000000 -1.000000
vn  0.000000 -1.000000 0.000000
vn  0.169541 0.000000 -0.985523
vn  0.000000 -1.000000 0.000000
vn  0.334179 0.000000 -0.942509
vn  0.000000 -1.000000 0.000000
vn  0.489144 0.000000 -0.872203
vn  0.000000 -1.000000 0.000000
vn  0.629944 0.000000 -0.776641
vn  0.000000 -1.000000 0.000000
vn  0.752501 0.000000 -0.658592
vn  0.987035 0.000000 -0.160503
vn  0.000000 -1.000000 0.000000
vn  0.987035 0.000000 0.160503
vn  0.000000 -1.000000 0.000000
vn  0.885331 0.000000 0.464961
vn  0.000000 -1.000000 0.000000
vn  -0.995214 0.000000 -0.097721
vn  0.000000 -1.000000 0.000000
vn  -1.000000 0.000000 0.000000
vn  -1.000000 0.000000 -0.000000
vn  0.000000 -1.000000 0.000000
vn  -0.998803 0.000000 -0.048919
vn  1.000000 0.000000 -0.000000
vn  1.000000 0.000000 0.000000
vn  0.000000 -1.000000 0.000000
vn  0.707119 0.000000 -0.707094
vn  0.000000 -1.000000 0.000000
vn  0.000000 0.000000 -1.000000
vn  0.000000 -1.000000 0.000000
vn  -0.312906 0.000000 -0.949784
vn  0.000000 -1.000000 0.000000
vn  -0.594386 0.000000 -0.804180
vn  0.000000 -1.000000 0.000000
vn  0.853265 0.000000 0.521477
vn  1.000000 0.000000 0.000000
vn  0.000000 -1.000000 0.000000
vn  0.000000 0.000000 -1.000000
vn  1.000000 0.000000 0.000000
vn  0.000000 -1.000000 0.000000
vn  0.000000 0.000000 -1.000000
vn  1.000000 0.000000 0.000000
vn  0.000000 0.000000 1.000000
vn  0.000000 -1.000000 0.000000
vn  1.000000 0.000000 0.000000
vn  0.000000 -1.000000 0.000000
vn  0.000000 0.000000 1.000000
vn  0.000000 -1.000000 0.000000
vn  -1.000000 0.000000 0.000000
vn  -1.000000 0.000000 0.000000
vn  0.000000 -1.000000 0.000000
vn  -1.000000 0.000000 0.000000
vn  -1.000000 0.000000 0.000000
vn  0.000000 -1.000000 0.000000
vn  -0.707094 0.000000 -0.707119
vn  0.000000 -1.000000 0.000000
vn  0.000000 0.000000 -1.000000
vn  -0.000000 0.000000 -1.000000
vn  0.000000 -1.000000 0.000000
vn  0.000000 0.000000 1.000000
vn  0.000000 0.000000 1.000000
vn  0.000000 -1.000000 0.000000
vn  -0.707119 0.000000 0.707094
vn  0.000000 0.000000 1.000000
vn  0.000000 0.000000 1.000000
vn  0.000000 -1.000000 0.000000
vn  -0.707094 0.000000 0.707119
vn  0.000000 -1.000000 0.000000
vn  -1.000000 0.000000 0.000000
vn  -1.000000 0.000000 0.000000
vn  0.000000 -1.000000 0.000000
vn  0.000000 0.000000 1.000000
vn  0.000000 -1.000000 0.000000
vn  0.000000 -1.000000 0.000000
vn  -0.000000 0.000000 -1.000000
vn  -0.000000 0.000000 -1.000000
vn  0.000000 0.000000 1.000000
vn  0.000000 -1.000000 0.000000
vn  -1.000000 0.000000 0.000000
vn  0.000000 0.000000 1.000000
vn  0.000000 -1.000000 0.000000
vn  -1.000000 0.000000 0.000000
vn  0.000000 -1.000000 0.000000
vn  0.000000 -1.000000 0.000000
vn  0.000000 0.000000 -1.000000
vn  0.000000 0.000000 1.000000
vn  0.000000 0.000000 1.000000
vn  0.000000 -1.000000 0.000000
vn  -0.592119 0.000000 0.805850
vn  0.000000 -1.000000 0.000000
vn  -0.952528 0.000000 0.304452
vn  0.000000 -1.000000 0.000000
vn  -0.950304 0.000000 -0.311324
vn  0.000000 -1.000000 0.000000
vn  -0.588560 0.000000 -0.808453
vn  0.000000 -1.000000 0.000000
vn  -0.000000 0.000000 -1.000000
vn  -0.000000 0.000000 -1.000000
vn  0.000000 -1.000000 0.000000
vn  0.592119 0.000000 -0.805850
vn  0.000000 -1.000000 0.000000
vn  0.952528 0.000000 -0.304452
vn  0.000000 -1.000000 0.000000
vn  0.950304 0.000000 0.311324
vn  0.000000 -1.000000 0.000000
vn  0.588560 0.000000 0.808453
vn  0.000000 -1.000000 0.000000
vn  0.000000 0.000000 -1.000000
vn  -1.000000 0.000000 -0.000000
vn  0.000000 -1.000000 0.000000
vn  -0.707094 0.000000 -0.707119
vn  0.000000 -1.000000 0.000000
vn  0.000000 0.000000 -1.000000
vn  0.000000 -1.000000 0.000000
vn  0.148797 0.000000 -0.988868
vn  0.000000 -1.000000 0.000000
vn  0.294281 0.000000 -0.955719
vn  -0.852859 0.000000 0.522141
vn  0.000000 -1.000000 0.000000
vn  -0.987535 0.000000 -0.157397
vn  0.000000 -1.000000 0.000000
vn  -0.649851 0.000000 -0.760061
vn  0.000000 -1.000000 0.000000
vn  -0.000000 0.000000 -1.000000
vn  0.000000 -1.000000 0.000000
vn  0.271238 0.000000 -0.962512
vn  0.000000 -1.000000 0.000000
vn  0.522141 0.000000 -0.852859
vn  0.000000 -1.000000 0.000000
vn  0.931480 0.000000 -0.363793
vn  0.000000 -1.000000 0.000000
vn  0.962516 0.000000 0.271225
vn  0.000000 -1.000000 0.000000
vn  0.604487 0.000000 0.796615
vn  0.000000 -1.000000 0.000000
vn  0.000000 0.000000 1.000000
vn  0.000000 -1.000000 0.000000
vn  -0.271238 0.000000 0.962512
vn  0.000000 -1.000000 0.000000
vn  0.955719 0.000000 -0.294281
vn  -0.522141 0.000000 0.852859
vn  0.000000 -1.000000 0.000000
vn  0.988909 0.000000 -0.148521
vn  0.000000 -1.000000 0.000000
vn  1.000000 0.000000 -0.000000
vn  1.000000 0.000000 0.000000
vn  0.000000 -1.000000 0.000000
vn  1.000000 0.000000 0.000000
vn  1.000000 0.000000 -0.000000
vn  0.000000 -1.000000 0.000000
vn  0.988826 0.000000 0.149073
vn  0.000000 -1.000000 0.000000
vn  0.955719 0.000000 0.294281
vn  -0.522141 0.000000 -0.852859
vn  0.000000 -1.000000 0.000000
vn  -0.271238 0.000000 -0.962512
vn  0.000000 -1.000000 0.000000
vn  -0.000000 0.000000 -1.000000
vn  0.000000 -1.000000 0.000000
vn  0.649870 0.000000 -0.760046
vn  0.000000 -1.000000 0.000000
vn  0.987539 0.000000 -0.157373
vn  0.000000 -1.000000 0.000000
vn  0.852859 0.000000 0.522141
vn  0.000000 -1.000000 0.000000
vn  0.488804 0.000000 0.872393
vn  0.000000 -1.000000 0.000000
vn  0.000000 0.000000 1.000000
vn  0.000000 -1.000000 0.000000
vn  -0.649870 0.000000 0.760046
vn  0.000000 -1.000000 0.000000
vn  -0.987539 0.000000 0.157373
vn  0.000000 -1.000000 0.000000
vn  0.294281 0.000000 0.955719
vn  -0.852859 0.000000 -0.522141
vn  0.000000 -1.000000 0.000000
vn  0.148797 0.000000 0.988868
vn  0.000000 -1.000000 0.000000
vn  0.000000 0.000000 1.000000
vn  0.000000 -1.000000 0.000000
vn  -0.707119 0.000000 0.707094
vn  0.000000 -1.000000 0.000000
vn  0.592119 0.000000 -0.805850
vn  0.000000 -1.000000 0.000000
vn  0.952528 0.000000 -0.304452
vn  0.000000 -1.000000 0.000000
vn  0.950304 0.000000 0.311324
vn  0.000000 -1.000000 0.000000
vn  0.588560 0.000000 0.808453
vn  0.000000 -1.000000 0.000000
vn  0.000000 0.000000 1.000000
vn  0.000000 0.000000 1.000000
vn  0.000000 -1.000000 0.000000
vn  -0.592119 0.000000 0.805850
vn  0.000000 -1.000000 0.000000
vn  -0.952528 0.000000 0.304452
vn  0.000000 -1.000000 0.000000
vn  -0.950304 0.000000 -0.311324
vn  0.000000 -1.000000 0.000000
vn  -0.588560 0.000000 -0.808453
vn  0.000000 -1.000000 0.000000
vn  0.752501 0.000000 -0.658592
vn  0.000000 -1.000000 0.000000
vn  0.629944 0.000000 -0.776641
vn  0.000000 -1.000000 0.000000
vn  0.489144 0.000000 -0.872203
vn  0.000000 -1.000000 0.000000
vn  0.334179 0.000000 -0.942509
vn  0.000000 -1.000000 0.000000
vn  0.169541 0.000000 -0.985523
vn  0.000000 -1.000000 0.000000
vn  0.000000 0.000000 -1.000000
vn  0.000000 -1.000000 0.000000
vn  -0.169541 0.000000 -0.985523
vn  0.000000 -1.000000 0.000000
vn  -0.334179 0.000000 -0.942509
vn  0.000000 -1.000000 0.000000
vn  -0.489144 0.000000 -0.872203
vn  0.000000 -1.000000 0.000000
vn  -0.629944 0.000000 -0.776641
vn  0.000000 -1.000000 0.000000
vn  -0.752501 0.000000 -0.658592
vn  0.000000 -1.000000 0.000000
vn  -0.853265 0.000000 -0.521477
vn  0.000000 -1.000000 0.000000
vn  -0.969965 0.000000 -0.243245
vn  0.000000 -1.000000 0.000000
vn  -0.998427 0.000000 0.056074
vn  0.000000 -1.000000 0.000000
vn  -0.936362 0.000000 0.351035
vn  0.000000 -1.000000 0.000000
vn  -0.789028 0.000000 0.614357
vn  0.000000 -1.000000 0.000000
vn  -0.569236 0.000000 0.822174
vn  0.000000 -1.000000 0.000000
vn  -0.298270 0.000000 0.954482
vn  0.000000 -1.000000 0.000000
vn  0.000000 0.000000 1.000000
vn  0.000000 -1.000000 0.000000
vn  0.169541 0.000000 0.985523
vn  0.000000 -1.000000 0.000000
vn  0.334179 0.000000 0.942509
vn  0.000000 -1.000000 0.000000
vn  0.489144 0.000000 0.872203
vn  0.000000 -1.000000 0.000000
vn  0.629944 0.000000 0.776641
vn  0.000000 -1.000000 0.000000
vn  0.752501 0.000000 0.658592
vn  0.000000 -1.000000 0.000000
vn  1.000000 0.000000 0.000000
vn  1.000000 0.000000 0.000000
vn  0.000000 -1.000000 0.000000
vn  1.000000 0.000000 0.000000
vn  1.000000 0.000000 0.000000
vn  0.000000 -1.000000 0.000000
vn  0.707094 0.000000 0.707119
vn  0.000000 -1.000000 0.000000
vn  0.000000 0.000000 1.000000
vn  0.000000 -1.000000 0.000000
vn  -0.707119 0.000000 0.707094
vn  0.000000 -1.000000 0.000000
vn  -1.000000 0.000000 0.000000
vn  -1.000000 0.000000 0.000000
vn  0.000000 -1.000000 0.000000
vn  -1.000000 0.000000 -0.000000
vn  -1.000000 0.000000 0.000000
vn  0.000000 -1.000000 0.000000
vn  -0.707094 0.000000 -0.707119
vn  0.000000 -1.000000 0.000000
vn  0.000000 0.000000 -1.000000
vn  0.000000 -1.000000 0.000000
vn  0.707119 0.000000 -0.707094
vn  0.000000 -1.000000 0.000000
vn  -0.000000 0.000000 -1.000000
vn  0.000000 0.000000 -1.000000
vn  0.000000 -1.000000 0.000000
vn  0.387591 0.000000 -0.921831
vn  0.000000 -1.000000 0.000000
vn  0.712578 0.000000 -0.701593
vn  0.000000 -1.000000 0.000000
vn  0.999992 0.000000 0.003951
vn  0.000000 -1.000000 0.000000
vn  0.708270 0.000000 0.705942
vn  0.000000 -1.000000 0.000000
vn  0.000000 0.000000 1.000000
vn  0.000000 0.000000 1.000000
vn  0.000000 -1.000000 0.000000
vn  -0.387591 0.000000 0.921831
vn  0.000000 -1.000000 0.000000
vn  -0.712578 0.000000 0.701593
vn  0.000000 -1.000000 0.000000
vn  -0.999992 0.000000 -0.003951
vn  0.000000 -1.000000 0.000000
vn  -0.708270 0.000000 -0.705942
vn  0.000000 -1.000000 0.000000
vn  -0.000000 0.000000 -1.000000
vn  0.000000 0.000000 -1.000000
vn  0.000000 -1.000000 0.000000
vn  0.387591 0.000000 -0.921831
vn  0.000000 -1.000000 0.000000
vn  0.712578 0.000000 -0.701593
vn  0.000000 -1.000000 0.000000
vn  0.999992 0.000000 0.003951
vn  0.000000 -1.000000 0.000000
vn  0.708270 0.000000 0.705942
vn  0.000000 -1.000000 0.000000
vn  0.000000 0.000000 1.000000
vn  0.000000 0.000000 1.000000
vn  0.000000 -1.000000 0.000000
vn  -0.387591 0.000000 0.921831
vn  0.000000 -1.000000 0.000000
vn  -0.712578 0.000000 0.701593
vn  0.000000 -1.000000 0.000000
vn  -0.999992 0.000000 -0.003951
vn  0.000000 -1.000000 0.000000
vn  -0.708270 0.000000 -0.705942
vn  0.000000 -1.000000 0.000000
vn  -0.000000 0.000000 -1.000000
vn  0.000000 0.000000 -1.000000
vn  0.000000 -1.000000 0.000000
vn  0.387591 0.000000 -0.921831
vn  0.000000 -1.000000 0.000000
vn  0.712578 0.000000 -0.701593
vn  0.000000 -1.000000 0.000000
vn  0.999992 0.000000 0.003951
vn  0.000000 -1.000000 0.000000
vn  0.708270 0.000000 0.705942
vn  0.000000 -1.000000 0.000000
vn  0.000000 0.000000 1.000000
vn  0.000000 0.000000 1.000000
vn  0.000000 -1.000000 0.000000
vn  -0.387591 0.000000 0.921831
vn  0.000000 -1.000000 0.000000
vn  -0.712578 0.000000 0.701593
vn  0.000000 -1.000000 0.000000
vn  -0.999992 0.000000 -0.003951
vn  0.000000 -1.000000 0.000000
vn  -0.708270 0.000000 -0.705942
vn  0.000000 -1.000000 0.000000
vn  -0.000000 0.000000 -1.000000
vn  0.000000 0.000000 -1.000000
vn  0.000000 -1.000000 0.000000
vn  0.387591 0.000000 -0.921831
vn  0.000000 -1.000000 0.000000
vn  0.712578 0.000000 -0.701593
vn  0.000000 -1.000000 0.000000
vn  0.999992 0.000000 0.003951
vn  0.000000 -1.000000 0.000000
vn  0.708270 0.000000 0.705942
vn  0.000000 -1.000000 0.000000
vn  0.000000 0.000000 1.000000
vn  0.000000 0.000000 1.000000
vn  0.000000 -1.000000 0.000000
vn  -0.387591 0.000000 0.921831
vn  0.000000 -1.000000 0.000000
vn  -0.712578 0.000000 0.701593
vn  0.000000 -1.000000 0.000000
vn  -0.999992 0.000000 -0.003951
vn  0.000000 -1.000000 0.000000
vn  -0.708270 0.000000 -0.705942
vn  0.000000 -1.000000 0.000000
vn  0.000000 0.000000 -1.000000
vn  0.000000 0.000000 -1.000000
vn  0.000000 -1.000000 0.000000
vn  0.385541 0.000000 -0.922691
vn  0.000000 -1.000000 0.000000
vn  0.711921 0.000000 -0.702259
vn  0.000000 -1.000000 0.000000
vn  0.999992 0.000000 0.003934
vn  0.000000 -1.000000 0.000000
vn  0.707586 0.000000 0.706627
vn  0.000000 -1.000000 0.000000
vn  -0.000000 0.000000 1.000000
vn  0.000000 0.000000 1.000000
vn  0.000000 -1.000000 0.000000
vn  -0.385541 0.000000 0.922691
vn  0.000000 -1.000000 0.000000
vn  -0.711921 0.000000 0.702259
vn  0.000000 -1.000000 0.000000
vn  -0.999992 0.000000 -0.003934
vn  0.000000 -1.000000 0.000000
vn  -0.707586 0.000000 -0.706627
vn  0.000000 -1.000000 0.000000
vn  0.000000 0.000000 -1.000000
vn  0.000000 0.000000 -1.000000
vn  0.000000 -1.000000 0.000000
vn  0.385541 0.000000 -0.922691
vn  0.000000 -1.000000 0.000000
vn  0.711921 0.000000 -0.702259
vn  0.000000 -1.000000 0.000000
vn  0.999992 0.000000 0.003934
vn  0.000000 -1.000000 0.000000
vn  0.707586 0.000000 0.706627
vn  0.000000 -1.000000 0.000000
vn  -0.000000 0.000000 1.000000
vn  0.000000 0.000000 1.000000
vn  0.000000 -1.000000 0.000000
vn  -0.385541 0.000000 0.922691
vn  0.000000 -1.000000 0.000000
vn  -0.711921 0.000000 0.702259
vn  0.000000 -1.000000 0.000000
vn  -0.999992 0.000000 -0.003934
vn  0.000000 -1.000000 0.000000
vn  -0.707586 0.000000 -0.706627
vn  0.000000 -1.000000 0.000000
vn  0.000000 0.000000 -1.000000
vn  0.000000 0.000000 -1.000000
vn  0.000000 -1.000000 0.000000
vn  0.385541 0.000000 -0.922691
vn  0.000000 -1.000000 0.000000
vn  0.711921 0.000000 -0.702259
vn  0.000000 -1.000000 0.000000
vn  0.999992 0.000000 0.003934
vn  0.000000 -1.000000 0.000000
vn  0.707586 0.000000 0.706627
vn  0.000000 -1.000000 0.000000
vn  -0.000000 0.000000 1.000000
vn  0.000000 0.000000 1.000000
vn  0.000000 -1.000000 0.000000
vn  -0.385541 0.000000 0.922691
vn  0.000000 -1.000000 0.000000
vn  -0.711921 0.000000 0.702259
vn  0.000000 -1.000000 0.000000
vn  -0.999992 0.000000 -0.003934
vn  0.000000 -1.000000 0.000000
vn  -0.707586 0.000000 -0.706627
vn  0.000000 -1.000000 0.000000
vn  0.000000 0.000000 -1.000000
vn  0.000000 0.000000 -1.000000
vn  0.000000 -1.000000 0.000000
vn  0.385541 0.000000 -0.922691
vn  0.000000 -1.000000 0.000000
vn  0.711921 0.000000 -0.702259
vn  0.000000 -1.000000 0.000000
vn  0.999992 0.000000 0.003934
vn  0.000000 -1.000000 0.000000
vn  0.707586 0.000000 0.706627
vn  0.000000 -1.000000 0.000000
vn  -0.000000 0.000000 1.000000
vn  0.000000 0.000000 1.000000
vn  0.000000 -1.000000 0.000000
vn  -0.385541 0.000000 0.922691
vn  0.000000 -1.000000 0.000000
vn  -0.711921 0.000000 0.702259
vn  0.000000 -1.000000 0.000000
vn  -0.999992 0.000000 -0.003934
vn  0.000000 -1.000000 0.000000
vn  -0.707586 0.000000 -0.706627
vn  0.000000 0.000000 -1.000000
vn  -0.000000 0.000000 -1.000000
vn  0.000000 -1.000000 0.000000
vn  0.000000 0.000000 -1.000000
vn  0.000000 -1.000000 0.000000
vn  -1.000000 0.000000 -0.000000
vn  -1.000000 0.000000 0.000000
vn  -1.000000 0.000000 0.000000
vn  0.000000 -1.000000 0.000000
vn  -0.707119 0.000000 -0.707094
vn  0.000000 -1.000000 0.000000
vn  0.000000 -1.000000 0.000000
vn  -0.707094 0.000000 0.707119
vn  0.000000 -1.000000 0.000000
vn  0.000000 0.000000 1.000000
vn  0.000000 -1.000000 0.000000
vn  0.707119 0.000000 0.707094
vn  0.000000 -1.000000 0.000000
vn  1.000000 0.000000 0.000000
vn  1.000000 0.000000 -0.000000
vn  0.000000 -1.000000 0.000000
vn  1.000000 0.000000 -0.000000
vn  1.000000 0.000000 0.000000
vn  0.000000 -1.000000 0.000000
vn  0.707094 0.000000 -0.707119
vn  0.000000 -1.000000 0.000000
vn  0.000000 0.000000 -1.000000
vn  0.000000 -1.000000 0.000000
vn  -0.707119 0.000000 -0.707094
vn  0.955719 0.000000 -0.294281
vn  0.000000 -1.000000 0.000000
vn  -0.522141 0.000000 0.852859
vn  0.707107 0.000000 -0.707107
vn  0.000000 -1.000000 0.000000
vn  0.294281 0.000000 -0.955719
vn  0.000000 -1.000000 0.000000
vn  -0.852859 0.000000 0.522141
vn  0.000000 -1.000000 0.000000
vn  -0.271238 0.000000 0.962512
vn  0.000000 -1.000000 0.000000
vn  0.000000 0.000000 1.000000
vn  0.000000 -1.000000 0.000000
vn  0.649870 0.000000 0.760046
vn  0.000000 -1.000000 0.000000
vn  0.987539 0.000000 0.157373
vn  0.000000 -1.000000 0.000000
vn  0.852859 0.000000 -0.522141
vn  0.000000 -1.000000 0.000000
vn  0.488804 0.000000 -0.872393
vn  0.000000 -1.000000 0.000000
vn  -0.000000 0.000000 -1.000000
vn  0.000000 -1.000000 0.000000
vn  -0.649870 0.000000 -0.760046
vn  0.000000 -1.000000 0.000000
vn  -0.987539 0.000000 -0.157373
vn  0.000000 -1.000000 0.000000
vn  -0.000000 0.000000 1.000000
vn  0.000000 0.000000 1.000000
vn  0.000000 -1.000000 0.000000
vn  -0.710977 0.000000 0.703216
vn  0.000000 -1.000000 0.000000
vn  -0.999992 0.000000 -0.004017
vn  0.000000 -1.000000 0.000000
vn  -0.706528 0.000000 -0.707685
vn  0.000000 -1.000000 0.000000
vn  0.000000 0.000000 -1.000000
vn  0.000000 0.000000 -1.000000
vn  0.000000 -1.000000 0.000000
vn  0.710977 0.000000 -0.703216
vn  0.000000 -1.000000 0.000000
vn  0.999992 0.000000 0.004017
vn  0.000000 -1.000000 0.000000
vn  0.706528 0.000000 0.707685
vn  0.294281 0.000000 0.955719
vn  0.000000 -1.000000 0.000000
vn  -0.852859 0.000000 -0.522141
vn  0.707107 0.000000 0.707107
vn  0.000000 -1.000000 0.000000
vn  0.955719 0.000000 0.294281
vn  0.000000 -1.000000 0.000000
vn  -0.522141 0.000000 -0.852859
vn  0.000000 -1.000000 0.000000
vn  -0.987535 0.000000 0.157397
vn  0.000000 -1.000000 0.000000
vn  -0.649851 0.000000 0.760061
vn  0.000000 -1.000000 0.000000
vn  0.000000 0.000000 1.000000
vn  0.000000 -1.000000 0.000000
vn  0.271238 0.000000 0.962512
vn  0.000000 -1.000000 0.000000
vn  0.522141 0.000000 0.852859
vn  0.000000 -1.000000 0.000000
vn  0.931480 0.000000 0.363793
vn  0.000000 -1.000000 0.000000
vn  0.962516 0.000000 -0.271225
vn  0.000000 -1.000000 0.000000
vn  0.604487 0.000000 -0.796615
vn  0.000000 -1.000000 0.000000
vn  -0.000000 0.000000 -1.000000
vn  0.000000 -1.000000 0.000000
vn  -0.271238 0.000000 -0.962512
vn  0.000000 -1.000000 0.000000
vn  -0.000000 0.000000 1.000000
vn  0.000000 0.000000 1.000000
vn  0.000000 -1.000000 0.000000
vn  -0.710977 0.000000 0.703216
vn  0.000000 -1.000000 0.000000
vn  -0.999992 0.000000 -0.004017
vn  0.000000 -1.000000 0.000000
vn  -0.706528 0.000000 -0.707685
vn  0.000000 -1.000000 0.000000
vn  0.000000 0.000000 -1.000000
vn  0.000000 0.000000 -1.000000
vn  0.000000 -1.000000 0.000000
vn  0.710977 0.000000 -0.703216
vn  0.000000 -1.000000 0.000000
vn  0.999992 0.000000 0.004017
vn  0.000000 -1.000000 0.000000
vn  0.706528 0.000000 0.707685
vn  0.000000 0.000000 1.000000
vn  0.000000 0.000000 1.000000
vn  0.000000 -1.000000 0.000000
vn  -0.588560 0.000000 0.808453
vn  0.000000 -1.000000 0.000000
vn  -0.950304 0.000000 0.311324
vn  0.000000 -1.000000 0.000000
vn  -0.952528 0.000000 -0.304452
vn  0.000000 -1.000000 0.000000
vn  -0.592119 0.000000 -0.805850
vn  0.000000 -1.000000 0.000000
vn  -0.000000 0.000000 -1.000000
vn  -0.000000 0.000000 -1.000000
vn  0.000000 -1.000000 0.000000
vn  0.588560 0.000000 -0.808453
vn  0.000000 -1.000000 0.000000
vn  0.950304 0.000000 -0.311324
vn  0.000000 -1.000000 0.000000
vn  0.952528 0.000000 0.304452
vn  0.000000 -1.000000 0.000000
vn  0.592119 0.000000 0.805850
vn  0.000000 -1.000000 0.000000
vn  0.000000 -1.000000 0.000000
vn  -0.000000 0.000000 1.000000
vn  0.000000 0.000000 1.000000
vn  0.000000 -1.000000 0.000000
vn  -0.710977 0.000000 0.703216
vn  0.000000 -1.000000 0.000000
vn  -0.999992 0.000000 -0.004017
vn  0.000000 -1.000000 0.000000
vn  -0.706528 0.000000 -0.707685
vn  0.000000 -1.000000 0.000000
vn  0.000000 0.000000 -1.000000
vn  0.000000 0.000000 -1.000000
vn  0.000000 -1.000000 0.000000
vn  0.710977 0.000000 -0.703216
vn  0.000000 -1.000000 0.000000
vn  0.999992 0.000000 0.004017
vn  0.000000 -1.000000 0.000000
vn  0.706528 0.000000 0.707685
vn  -0.000000 0.000000 -1.000000
vn  -0.000000 0.000000 -1.000000
vn  0.000000 -1.000000 0.000000
vn  0.588560 0.000000 -0.808453
vn  0.000000 -1.000000 0.000000
vn  0.950304 0.000000 -0.311324
vn  0.000000 -1.000000 0.000000
vn  0.952528 0.000000 0.304452
vn  0.000000 -1.000000 0.000000
vn  0.592119 0.000000 0.805850
vn  0.000000 -1.000000 0.000000
vn  0.000000 0.000000 1.000000
vn  0.000000 0.000000 1.000000
vn  0.000000 -1.000000 0.000000
vn  -0.588560 0.000000 0.808453
vn  0.000000 -1.000000 0.000000
vn  -0.950304 0.000000 0.311324
vn  0.000000 -1.000000 0.000000
vn  -0.952528 0.000000 -0.304452
vn  0.000000 -1.000000 0.000000
vn  -0.592119 0.000000 -0.805850
vn  0.000000 -1.000000 0.000000
vn  0.000000 -1.000000 0.000000
vn  -0.000000 0.000000 1.000000
vn  0.000000 0.000000 1.000000
vn  0.000000 -1.000000 0.000000
vn  -0.710977 0.000000 0.703216
vn  0.000000 -1.000000 0.000000
vn  -0.999992 0.000000 -0.004017
vn  0.000000 -1.000000 0.000000
vn  -0.706528 0.000000 -0.707685
vn  0.000000 -1.000000 0.000000
vn  0.000000 0.000000 -1.000000
vn  0.000000 0.000000 -1.000000
vn  0.000000 -1.000000 0.000000
vn  0.710977 0.000000 -0.703216
vn  0.000000 -1.000000 0.000000
vn  0.999992 0.000000 0.004017
vn  0.000000 -1.000000 0.000000
vn  0.706528 0.000000 0.707685
vn  0.000000 0.000000 1.000000
vn  0.000000 0.000000 1.000000
vn  0.000000 -1.000000 0.000000
vn  -0.708270 0.000000 0.705942
vn  0.000000 -1.000000 0.000000
vn  -0.999992 0.000000 0.003951
vn  0.000000 -1.000000 0.000000
vn  -0.712578 0.000000 -0.701593
vn  0.000000 -1.000000 0.000000
vn  -0.387591 0.000000 -0.921831
vn  0.000000 -1.000000 0.000000
vn  -0.000000 0.000000 -1.000000
vn  0.000000 0.000000 -1.000000
vn  0.000000 -1.000000 0.000000
vn  0.708270 0.000000 -0.705942
vn  0.000000 -1.000000 0.000000
vn  0.999992 0.000000 -0.003951
vn  0.000000 -1.000000 0.000000
vn  0.712578 0.000000 0.701593
vn  0.000000 -1.000000 0.000000
vn  0.387591 0.000000 0.921831
vn  0.000000 -1.000000 0.000000
vn  0.000000 0.000000 1.000000
vn  0.000000 0.000000 1.000000
vn  0.000000 -1.000000 0.000000
vn  -0.708270 0.000000 0.705942
vn  0.000000 -1.000000 0.000000
vn  -0.999992 0.000000 0.003951
vn  0.000000 -1.000000 0.000000
vn  -0.712578 0.000000 -0.701593
vn  0.000000 -1.000000 0.000000
vn  -0.387591 0.000000 -0.921831
vn  0.000000 -1.000000 0.000000
vn  -0.000000 0.000000 -1.000000
vn  0.000000 0.000000 -1.000000
vn  0.000000 -1.000000 0.000000
vn  0.708270 0.000000 -0.705942
vn  0.000000 -1.000000 0.000000
vn  0.999992 0.000000 -0.003951
vn  0.000000 -1.000000 0.000000
vn  0.712578 0.000000 0.701593
vn  0.000000 -1.000000 0.000000
vn  0.387591 0.000000 0.921831
vn  0.000000 -1.000000 0.000000
vn  0.000000 0.000000 1.000000
vn  0.000000 0.000000 1.000000
vn  0.000000 -1.000000 0.000000
vn  -0.708270 0.000000 0.705942
vn  0.000000 -1.000000 0.000000
vn  -0.999992 0.000000 0.003951
vn  0.000000 -1.000000 0.000000
vn  -0.712578 0.000000 -0.701593
vn  0.000000 -1.000000 0.000000
vn  -0.387591 0.000000 -0.921831
vn  0.000000 -1.000000 0.000000
vn  -0.000000 0.000000 -1.000000
vn  0.000000 0.000000 -1.000000
vn  0.000000 -1.000000 0.000000
vn  0.708270 0.000000 -0.705942
vn  0.000000 -1.000000 0.000000
vn  0.999992 0.000000 -0.003951
vn  0.000000 -1.000000 0.000000
vn  0.712578 0.000000 0.701593
vn  0.000000 -1.000000 0.000000
vn  0.387591 0.000000 0.921831
vn  0.000000 -1.000000 0.000000
vn  0.000000 0.000000 1.000000
vn  0.000000 0.000000 1.000000
vn  0.000000 -1.000000 0.000000
vn  -0.708270 0.000000 0.705942
vn  0.000000 -1.000000 0.000000
vn  -0.999992 0.000000 0.003951
vn  0.000000 -1.000000 0.000000
vn  -0.712578 0.000000 -0.701593
vn  0.000000 -1.000000 0.000000
vn  -0.387591 0.000000 -0.921831
vn  0.000000 -1.000000 0.000000
vn  -0.000000 0.000000 -1.000000
vn  0.000000 0.000000 -1.000000
vn  0.000000 -1.000000 0.000000
vn  0.708270 0.000000 -0.705942
vn  0.000000 -1.000000 0.000000
vn  0.999992 0.000000 -0.003951
vn  0.000000 -1.000000 0.000000
vn  0.712578 0.000000 0.701593
vn  0.000000 -1.000000 0.000000
vn  0.387591 0.000000 0.921831
vn  0.000000 -1.000000 0.000000
vn  0.000000 -1.000000 0.000000
vn  -0.800341 0.000000 -0.599545


g 0
g 1
usemtl MTL0
f 73/73/73  4/4/4  1/1/1
f 107/107/107  3/3/3  5/5/5
f 75/75/75  1/1/1  41/41/41
f 104/104/104  42/42/42  2/2/2
f 75/75/75  73/73/73  1/1/1
f 106/106/106  104/104/104  2/2/2
f 71/71/71  6/6/6  4/4/4
f 111/111/111  5/5/5  7/7/7
f 73/73/73  71/71/71  4/4/4
f 109/109/109  107/107/107  5/5/5
f 111/111/111  109/109/109  5/5/5
f 69/69/69  8/8/8  6/6/6
f 113/113/113  7/7/7  9/9/9
f 71/71/71  69/69/69  6/6/6
f 113/113/113  111/111/111  7/7/7
f 67/67/67  10/10/10  8/8/8
f 115/115/115  9/9/9  11/11/11
f 69/69/69  67/67/67  8/8/8
f 115/115/115  113/113/113  9/9/9
f 64/64/64  12/12/12  10/10/10
f 115/115/115  11/11/11  13/13/13
f 67/67/67  64/64/64  10/10/10
f 64/64/64  14/14/14  12/12/12
f 117/117/117  13/13/13  15/15/15
f 117/117/117  115/115/115  13/13/13
f 62/62/62  16/16/16  14/14/14
f 121/121/121  15/15/15  17/17/17
f 64/64/64  62/62/62  14/14/14
f 119/119/119  117/117/117  15/15/15
f 121/121/121  119/119/119  15/15/15
f 60/60/60  18/18/18  16/16/16
f 123/123/123  17/17/17  19/19/19
f 62/62/62  60/60/60  16/16/16
f 123/123/123  121/121/121  17/17/17
f 58/58/58  20/20/20  18/18/18
f 125/125/125  19/19/19  21/21/21
f 60/60/60  58/58/58  18/18/18
f 125/125/125  123/123/123  19/19/19
f 54/54/54  22/22/22  20/20/20
f 125/125/125  21/21/21  24/24/24
f 56/56/56  54/54/54  20/20/20
f 58/58/58  56/56/56  20/20/20
f 52/52/52  25/25/25  22/22/22
f 85/85/85  23/23/23  26/26/26
f 54/54/54  52/52/52  22/22/22
f 125/125/125  24/24/24  86/86/86
f 50/50/50  27/27/27  25/25/25
f 90/90/90  26/26/26  28/28/28
f 52/52/52  50/50/50  25/25/25
f 88/88/88  85/85/85  26/26/26
f 90/90/90  88/88/88  26/26/26
f 48/48/48  29/29/29  27/27/27
f 92/92/92  28/28/28  30/30/30
f 50/50/50  48/48/48  27/27/27
f 92/92/92  90/90/90  28/28/28
f 46/46/46  31/31/31  29/29/29
f 94/94/94  30/30/30  32/32/32
f 48/48/48  46/46/46  29/29/29
f 94/94/94  92/92/92  30/30/30
f 43/43/43  33/33/33  31/31/31
f 94/94/94  32/32/32  34/34/34
f 46/46/46  43/43/43  31/31/31
f 43/43/43  35/35/35  33/33/33
f 96/96/96  34/34/34  36/36/36
f 96/96/96  94/94/94  34/34/34
f 83/83/83  37/37/37  35/35/35
f 100/100/100  36/36/36  38/38/38
f 83/83/83  35/35/35  43/43/43
f 98/98/98  96/96/96  36/36/36
f 100/100/100  98/98/98  36/36/36
f 81/81/81  39/39/39  37/37/37
f 102/102/102  38/38/38  40/40/40
f 83/83/83  81/81/81  37/37/37
f 102/102/102  100/100/100  38/38/38
f 79/79/79  41/41/41  39/39/39
f 104/104/104  40/40/40  42/42/42
f 81/81/81  79/79/79  39/39/39
f 104/104/104  102/102/102  40/40/40
f 77/77/77  75/75/75  41/41/41
f 79/79/79  77/77/77  41/41/41
f 568/568/568  44/44/44  47/47/47
f 571/571/571  84/84/84  45/45/45
f 571/571/571  45/45/45  569/569/569
f 606/606/606  47/47/47  49/49/49
f 608/608/608  568/568/568  47/47/47
f 608/608/608  47/47/47  606/606/606
f 604/604/604  49/49/49  51/51/51
f 606/606/606  49/49/49  604/604/604
f 602/602/602  51/51/51  53/53/53
f 604/604/604  51/51/51  602/602/602
f 600/600/600  53/53/53  55/55/55
f 602/602/602  53/53/53  600/600/600
f 598/598/598  55/55/55  57/57/57
f 600/600/600  55/55/55  598/598/598
f 596/596/596  57/57/57  59/59/59
f 598/598/598  57/57/57  596/596/596
f 594/594/594  59/59/59  61/61/61
f 596/596/596  59/59/59  594/594/594
f 592/592/592  61/61/61  63/63/63
f 594/594/594  61/61/61  592/592/592
f 592/592/592  63/63/63  65/65/65
f 590/590/590  66/66/66  68/68/68
f 592/592/592  65/65/65  589/589/589
f 585/585/585  68/68/68  70/70/70
f 587/587/587  68/68/68  585/585/585
f 590/590/590  68/68/68  587/587/587
f 583/583/583  70/70/70  72/72/72
f 585/585/585  70/70/70  583/583/583
f 581/581/581  72/72/72  74/74/74
f 583/583/583  72/72/72  581/581/581
f 579/579/579  74/74/74  76/76/76
f 581/581/581  74/74/74  579/579/579
f 577/577/577  76/76/76  78/78/78
f 579/579/579  76/76/76  577/577/577
f 575/575/575  78/78/78  80/80/80
f 577/577/577  78/78/78  575/575/575
f 573/573/573  80/80/80  82/82/82
f 575/575/575  80/80/80  573/573/573
f 571/571/571  82/82/82  84/84/84
f 573/573/573  82/82/82  571/571/571
f 127/127/127  87/87/87  89/89/89
f 171/171/171  126/126/126  87/87/87
f 171/171/171  87/87/87  127/127/127
f 130/130/130  89/89/89  91/91/91
f 130/130/130  127/127/127  89/89/89
f 132/132/132  91/91/91  93/93/93
f 132/132/132  130/130/130  91/91/91
f 134/134/134  93/93/93  95/95/95
f 134/134/134  132/132/132  93/93/93
f 136/136/136  95/95/95  97/97/97
f 136/136/136  134/134/134  95/95/95
f 142/142/142  97/97/97  99/99/99
f 142/142/142  136/136/136  97/97/97
f 144/144/144  99/99/99  101/101/101
f 144/144/144  142/142/142  99/99/99
f 146/146/146  101/101/101  103/103/103
f 146/146/146  144/144/144  101/101/101
f 148/148/148  103/103/103  105/105/105
f 148/148/148  146/146/146  103/103/103
f 148/148/148  105/105/105  108/108/108
f 150/150/150  108/108/108  110/110/110
f 150/150/150  148/148/148  108/108/108
f 153/153/153  110/110/110  112/112/112
f 153/153/153  150/150/150  110/110/110
f 155/155/155  112/112/112  114/114/114
f 155/155/155  153/153/153  112/112/112
f 157/157/157  114/114/114  116/116/116
f 157/157/157  155/155/155  114/114/114
f 159/159/159  116/116/116  118/118/118
f 159/159/159  157/157/157  116/116/116
f 165/165/165  118/118/118  120/120/120
f 165/165/165  159/159/159  118/118/118
f 167/167/167  120/120/120  122/122/122
f 167/167/167  165/165/165  120/120/120
f 169/169/169  122/122/122  124/124/124
f 169/169/169  167/167/167  122/122/122
f 171/171/171  124/124/124  126/126/126
f 171/171/171  169/169/169  124/124/124
f 200/200/200  129/129/129  131/131/131
f 195/195/195  172/172/172  128/128/128
f 197/197/197  195/195/195  128/128/128
f 264/264/264  131/131/131  133/133/133
f 266/266/266  200/200/200  131/131/131
f 266/266/266  131/131/131  264/264/264
f 262/262/262  133/133/133  135/135/135
f 264/264/264  133/133/133  262/262/262
f 262/262/262  135/135/135  137/137/137
f 140/140/140  138/138/138  136/136/136
f 260/260/260  137/137/137  139/139/139
f 142/142/142  140/140/140  136/136/136
f 262/262/262  137/137/137  260/260/260
f 258/258/258  139/139/139  141/141/141
f 260/260/260  139/139/139  258/258/258
f 256/256/256  141/141/141  143/143/143
f 258/258/258  141/141/141  256/256/256
f 252/252/252  143/143/143  145/145/145
f 254/254/254  143/143/143  252/252/252
f 256/256/256  143/143/143  254/254/254
f 250/250/250  145/145/145  147/147/147
f 252/252/252  145/145/145  250/250/250
f 250/250/250  147/147/147  149/149/149
f 248/248/248  149/149/149  152/152/152
f 250/250/250  149/149/149  248/248/248
f 173/173/173  151/151/151  154/154/154
f 248/248/248  152/152/152  176/176/176
f 179/179/179  154/154/154  156/156/156
f 177/177/177  173/173/173  154/154/154
f 179/179/179  177/177/177  154/154/154
f 181/181/181  156/156/156  158/158/158
f 181/181/181  179/179/179  156/156/156
f 181/181/181  158/158/158  160/160/160
f 163/163/163  161/161/161  159/159/159
f 183/183/183  160/160/160  162/162/162
f 165/165/165  163/163/163  159/159/159
f 183/183/183  181/181/181  160/160/160
f 185/185/185  162/162/162  164/164/164
f 185/185/185  183/183/183  162/162/162
f 187/187/187  164/164/164  166/166/166
f 187/187/187  185/185/185  164/164/164
f 191/191/191  166/166/166  168/168/168
f 189/189/189  187/187/187  166/166/166
f 191/191/191  189/189/189  166/166/166
f 193/193/193  168/168/168  170/170/170
f 193/193/193  191/191/191  168/168/168
f 193/193/193  170/170/170  172/172/172
f 195/195/195  193/193/193  172/172/172
f 201/201/201  174/174/174  178/178/178
f 245/245/245  175/175/175  202/202/202
f 247/247/247  175/175/175  245/245/245
f 204/204/204  178/178/178  180/180/180
f 204/204/204  201/201/201  178/178/178
f 208/208/208  180/180/180  182/182/182
f 206/206/206  204/204/204  180/180/180
f 208/208/208  206/206/206  180/180/180
f 210/210/210  182/182/182  184/184/184
f 210/210/210  208/208/208  182/182/182
f 210/210/210  184/184/184  186/186/186
f 212/212/212  186/186/186  188/188/188
f 212/212/212  210/210/210  186/186/186
f 214/214/214  188/188/188  190/190/190
f 214/214/214  212/212/212  188/188/188
f 216/216/216  190/190/190  192/192/192
f 216/216/216  214/214/214  190/190/190
f 220/220/220  192/192/192  194/194/194
f 218/218/218  216/216/216  192/192/192
f 220/220/220  218/218/218  192/192/192
f 222/222/222  194/194/194  196/196/196
f 222/222/222  220/220/220  194/194/194
f 222/222/222  196/196/196  198/198/198
f 224/224/224  222/222/222  198/198/198
f 265/265/265  225/225/225  199/199/199
f 291/291/291  203/203/203  205/205/205
f 291/291/291  246/246/246  203/203/203
f 294/294/294  205/205/205  207/207/207
f 294/294/294  291/291/291  205/205/205
f 267/267/267  207/207/207  209/209/209
f 404/404/404  207/207/207  267/267/267
f 297/297/297  294/294/294  207/207/207
f 299/299/299  297/297/297  207/207/207
f 400/400/400  299/299/299  207/207/207
f 402/402/402  400/400/400  207/207/207
f 404/404/404  402/402/402  207/207/207
f 219/219/219  209/209/209  211/211/211
f 221/221/221  209/209/209  219/219/219
f 270/270/270  209/209/209  221/221/221
f 270/270/270  267/267/267  209/209/209
f 217/217/217  211/211/211  213/213/213
f 219/219/219  211/211/211  217/217/217
f 217/217/217  213/213/213  215/215/215
f 385/385/385  221/221/221  223/223/223
f 382/382/382  270/270/270  221/221/221
f 385/385/385  382/382/382  221/221/221
f 420/420/420  223/223/223  226/226/226
f 391/391/391  223/223/223  371/371/371
f 415/415/415  371/371/371  223/223/223
f 387/387/387  385/385/385  223/223/223
f 389/389/389  387/387/387  223/223/223
f 391/391/391  389/389/389  223/223/223
f 418/418/418  415/415/415  223/223/223
f 420/420/420  418/418/418  223/223/223
f 265/265/265  227/227/227  225/225/225
f 303/303/303  226/226/226  228/228/228
f 324/324/324  226/226/226  303/303/303
f 324/324/324  322/322/322  226/226/226
f 420/420/420  226/226/226  322/322/322
f 263/263/263  229/229/229  227/227/227
f 440/440/440  228/228/228  230/230/230
f 265/265/265  263/263/263  227/227/227
f 306/306/306  303/303/303  228/228/228
f 308/308/308  306/306/306  228/228/228
f 433/433/433  308/308/308  228/228/228
f 436/436/436  433/433/433  228/228/228
f 438/438/438  436/436/436  228/228/228
f 440/440/440  438/438/438  228/228/228
f 263/263/263  231/231/231  229/229/229
f 273/273/273  230/230/230  232/232/232
f 327/327/327  230/230/230  273/273/273
f 347/347/347  230/230/230  327/327/327
f 345/345/345  343/343/343  230/230/230
f 442/442/442  230/230/230  343/343/343
f 347/347/347  345/345/345  230/230/230
f 442/442/442  440/440/440  230/230/230
f 242/242/242  232/232/232  234/234/234
f 261/261/261  233/233/233  231/231/231
f 244/244/244  232/232/232  242/242/242
f 276/276/276  232/232/232  244/244/244
f 263/263/263  261/261/261  231/231/231
f 276/276/276  273/273/273  232/232/232
f 240/240/240  234/234/234  236/236/236
f 257/257/257  235/235/235  233/233/233
f 242/242/242  234/234/234  240/240/240
f 259/259/259  257/257/257  233/233/233
f 261/261/261  259/259/259  233/233/233
f 240/240/240  236/236/236  238/238/238
f 255/255/255  237/237/237  235/235/235
f 257/257/257  255/255/255  235/235/235
f 253/253/253  239/239/239  237/237/237
f 255/255/255  253/253/253  237/237/237
f 251/251/251  241/241/241  239/239/239
f 253/253/253  251/251/251  239/239/239
f 251/251/251  243/243/243  241/241/241
f 249/249/249  245/245/245  243/243/243
f 289/289/289  244/244/244  246/246/246
f 251/251/251  249/249/249  243/243/243
f 349/349/349  276/276/276  244/244/244
f 352/352/352  244/244/244  289/289/289
f 352/352/352  349/349/349  244/244/244
f 249/249/249  247/247/247  245/245/245
f 291/291/291  289/289/289  246/246/246
f 487/487/487  268/268/268  271/271/271
f 411/411/411  267/267/267  276/276/276
f 512/512/512  277/277/277  269/269/269
f 407/407/407  404/404/404  267/267/267
f 409/409/409  407/407/407  267/267/267
f 411/411/411  409/409/409  267/267/267
f 495/495/495  269/269/269  489/489/489
f 508/508/508  269/269/269  495/495/495
f 508/508/508  501/501/501  269/269/269
f 510/510/510  269/269/269  501/501/501
f 512/512/512  269/269/269  510/510/510
f 334/334/334  273/273/273  270/270/270
f 522/522/522  272/272/272  275/275/275
f 336/336/336  334/334/334  270/270/270
f 447/447/447  336/336/336  270/270/270
f 380/380/380  378/378/378  270/270/270
f 433/433/433  270/270/270  378/378/378
f 382/382/382  380/380/380  270/270/270
f 449/449/449  270/270/270  433/433/433
f 449/449/449  447/447/447  270/270/270
f 490/490/490  487/487/487  271/271/271
f 522/522/522  492/492/492  272/272/272
f 531/531/531  274/274/274  278/278/278
f 330/330/330  327/327/327  273/273/273
f 332/332/332  330/330/330  273/273/273
f 334/334/334  332/332/332  273/273/273
f 520/520/520  275/275/275  518/518/518
f 538/538/538  518/518/518  275/275/275
f 522/522/522  275/275/275  520/520/520
f 536/536/536  275/275/275  533/533/533
f 538/538/538  275/275/275  536/536/536
f 369/369/369  276/276/276  349/349/349
f 367/367/367  365/365/365  276/276/276
f 478/478/478  276/276/276  365/365/365
f 369/369/369  367/367/367  276/276/276
f 456/456/456  411/411/411  276/276/276
f 458/458/458  456/456/456  276/276/276
f 460/460/460  458/458/458  276/276/276
f 474/474/474  460/460/460  276/276/276
f 476/476/476  474/474/474  276/276/276
f 478/478/478  476/476/476  276/276/276
f 523/523/523  277/277/277  512/512/512
f 531/531/531  278/278/278  524/524/524
f 483/483/483  282/282/282  279/279/279
f 702/702/702  281/281/281  284/284/284
f 396/396/396  279/279/279  301/301/301
f 554/554/554  302/302/302  280/280/280
f 396/396/396  393/393/393  279/279/279
f 451/451/451  279/279/279  393/393/393
f 467/467/467  279/279/279  451/451/451
f 465/465/465  463/463/463  279/279/279
f 469/469/469  279/279/279  463/463/463
f 467/467/467  465/465/465  279/279/279
f 485/485/485  279/279/279  469/469/469
f 485/485/485  483/483/483  279/279/279
f 556/556/556  554/554/554  280/280/280
f 702/702/702  557/557/557  281/281/281
f 358/358/358  285/285/285  282/282/282
f 681/681/681  283/283/283  286/286/286
f 360/360/360  358/358/358  282/282/282
f 478/478/478  360/360/360  282/282/282
f 481/481/481  478/478/478  282/282/282
f 483/483/483  481/481/481  282/282/282
f 696/696/696  284/284/284  682/682/682
f 696/696/696  693/693/693  284/284/284
f 702/702/702  284/284/284  693/693/693
f 356/356/356  287/287/287  285/285/285
f 684/684/684  286/286/286  288/288/288
f 358/358/358  356/356/356  285/285/285
f 684/684/684  681/681/681  286/286/286
f 352/352/352  289/289/289  287/287/287
f 686/686/686  288/288/288  290/290/290
f 354/354/354  352/352/352  287/287/287
f 356/356/356  354/354/354  287/287/287
f 686/686/686  684/684/684  288/288/288
f 617/617/617  290/290/290  293/293/293
f 619/619/619  290/290/290  617/617/617
f 688/688/688  290/290/290  619/619/619
f 688/688/688  686/686/686  290/290/290
f 677/677/677  292/292/292  296/296/296
f 617/617/617  293/293/293  615/615/615
f 675/675/675  615/615/615  293/293/293
f 680/680/680  675/675/675  293/293/293
f 680/680/680  293/293/293  678/678/678
f 539/539/539  295/295/295  298/298/298
f 559/559/559  295/295/295  539/539/539
f 677/677/677  296/296/296  561/561/561
f 544/544/544  298/298/298  300/300/300
f 542/542/542  539/539/539  298/298/298
f 544/544/544  542/542/542  298/298/298
f 398/398/398  301/301/301  299/299/299
f 552/552/552  300/300/300  302/302/302
f 400/400/400  398/398/398  299/299/299
f 547/547/547  544/544/544  300/300/300
f 550/550/550  547/547/547  300/300/300
f 552/552/552  550/550/550  300/300/300
f 398/398/398  396/396/396  301/301/301
f 554/554/554  552/552/552  302/302/302
f 908/908/908  305/305/305  307/307/307
f 910/910/910  325/325/325  304/304/304
f 910/910/910  304/304/304  907/907/907
f 929/929/929  307/307/307  309/309/309
f 929/929/929  908/908/908  307/307/307
f 433/433/433  310/310/310  308/308/308
f 927/927/927  309/309/309  311/311/311
f 929/929/929  309/309/309  927/927/927
f 433/433/433  312/312/312  310/310/310
f 925/925/925  311/311/311  313/313/313
f 927/927/927  311/311/311  925/925/925
f 427/427/427  315/315/315  312/312/312
f 923/923/923  314/314/314  316/316/316
f 429/429/429  312/312/312  378/378/378
f 433/433/433  378/378/378  312/312/312
f 429/429/429  427/427/427  312/312/312
f 925/925/925  313/313/313  922/922/922
f 427/427/427  318/318/318  315/315/315
f 920/920/920  317/317/317  319/319/319
f 923/923/923  316/316/316  919/919/919
f 424/424/424  320/320/320  318/318/318
f 917/917/917  319/319/319  321/321/321
f 427/427/427  424/424/424  318/318/318
f 920/920/920  319/319/319  917/917/917
f 422/422/422  322/322/322  320/320/320
f 915/915/915  321/321/321  323/323/323
f 424/424/424  422/422/422  320/320/320
f 917/917/917  321/321/321  915/915/915
f 913/913/913  323/323/323  326/326/326
f 422/422/422  420/420/420  322/322/322
f 915/915/915  323/323/323  913/913/913
f 913/913/913  326/326/326  911/911/911
f 1019/1019/1019  328/328/328  331/331/331
f 1022/1022/1022  348/348/348  329/329/329
f 1022/1022/1022  329/329/329  1020/1020/1020
f 1039/1039/1039  331/331/331  333/333/333
f 1039/1039/1039  1019/1019/1019  331/331/331
f 1037/1037/1037  333/333/333  335/335/335
f 1039/1039/1039  333/333/333  1037/1037/1037
f 1035/1035/1035  335/335/335  337/337/337
f 1037/1037/1037  335/335/335  1035/1035/1035
f 447/447/447  338/338/338  336/336/336
f 1033/1033/1033  337/337/337  339/339/339
f 1035/1035/1035  337/337/337  1033/1033/1033
f 442/442/442  341/341/341  338/338/338
f 1031/1031/1031  340/340/340  342/342/342
f 445/445/445  442/442/442  338/338/338
f 447/447/447  445/445/445  338/338/338
f 1033/1033/1033  339/339/339  1030/1030/1030
f 442/442/442  343/343/343  341/341/341
f 1028/1028/1028  342/342/342  344/344/344
f 1031/1031/1031  342/342/342  1028/1028/1028
f 1026/1026/1026  344/344/344  346/346/346
f 1028/1028/1028  344/344/344  1026/1026/1026
f 1024/1024/1024  346/346/346  348/348/348
f 1026/1026/1026  346/346/346  1024/1024/1024
f 1024/1024/1024  348/348/348  1022/1022/1022
f 1041/1041/1041  350/350/350  353/353/353
f 1044/1044/1044  370/370/370  351/351/351
f 1044/1044/1044  351/351/351  1042/1042/1042
f 1061/1061/1061  353/353/353  355/355/355
f 1061/1061/1061  1041/1041/1041  353/353/353
f 1059/1059/1059  355/355/355  357/357/357
f 1061/1061/1061  355/355/355  1059/1059/1059
f 1057/1057/1057  357/357/357  359/359/359
f 1059/1059/1059  357/357/357  1057/1057/1057
f 1055/1055/1055  359/359/359  361/361/361
f 1057/1057/1057  359/359/359  1055/1055/1055
f 478/478/478  363/363/363  360/360/360
f 1053/1053/1053  362/362/362  364/364/364
f 1055/1055/1055  361/361/361  1052/1052/1052
f 478/478/478  365/365/365  363/363/363
f 1050/1050/1050  364/364/364  366/366/366
f 1053/1053/1053  364/364/364  1050/1050/1050
f 1048/1048/1048  366/366/366  368/368/368
f 1050/1050/1050  366/366/366  1048/1048/1048
f 1046/1046/1046  368/368/368  370/370/370
f 1048/1048/1048  368/368/368  1046/1046/1046
f 1046/1046/1046  370/370/370  1044/1044/1044
f 415/415/415  374/374/374  371/371/371
f 1063/1063/1063  372/372/372  375/375/375
f 1066/1066/1066  392/392/392  373/373/373
f 1066/1066/1066  373/373/373  1064/1064/1064
f 415/415/415  376/376/376  374/374/374
f 1083/1083/1083  375/375/375  377/377/377
f 1083/1083/1083  1063/1063/1063  375/375/375
f 429/429/429  378/378/378  376/376/376
f 1081/1081/1081  377/377/377  379/379/379
f 431/431/431  376/376/376  415/415/415
f 431/431/431  429/429/429  376/376/376
f 1083/1083/1083  377/377/377  1081/1081/1081
f 1079/1079/1079  379/379/379  381/381/381
f 1081/1081/1081  379/379/379  1079/1079/1079
f 1077/1077/1077  381/381/381  383/383/383
f 1079/1079/1079  381/381/381  1077/1077/1077
f 1075/1075/1075  384/384/384  386/386/386
f 1077/1077/1077  383/383/383  1074/1074/1074
f 1072/1072/1072  386/386/386  388/388/388
f 1075/1075/1075  386/386/386  1072/1072/1072
f 1070/1070/1070  388/388/388  390/390/390
f 1072/1072/1072  388/388/388  1070/1070/1070
f 1068/1068/1068  390/390/390  392/392/392
f 1070/1070/1070  390/390/390  1068/1068/1068
f 1068/1068/1068  392/392/392  1066/1066/1066
f 1085/1085/1085  394/394/394  397/397/397
f 454/454/454  393/393/393  413/413/413
f 1088/1088/1088  414/414/414  395/395/395
f 454/454/454  451/451/451  393/393/393
f 1088/1088/1088  395/395/395  1086/1086/1086
f 1105/1105/1105  397/397/397  399/399/399
f 1105/1105/1105  1085/1085/1085  397/397/397
f 1103/1103/1103  399/399/399  401/401/401
f 1105/1105/1105  399/399/399  1103/1103/1103
f 1101/1101/1101  401/401/401  403/403/403
f 1103/1103/1103  401/401/401  1101/1101/1101
f 1099/1099/1099  403/403/403  405/405/405
f 1101/1101/1101  403/403/403  1099/1099/1099
f 1097/1097/1097  406/406/406  408/408/408
f 1099/1099/1099  405/405/405  1096/1096/1096
f 1094/1094/1094  408/408/408  410/410/410
f 1097/1097/1097  408/408/408  1094/1094/1094
f 1092/1092/1092  410/410/410  412/412/412
f 1094/1094/1094  410/410/410  1092/1092/1092
f 456/456/456  413/413/413  411/411/411
f 1090/1090/1090  412/412/412  414/414/414
f 1092/1092/1092  412/412/412  1090/1090/1090
f 456/456/456  454/454/454  413/413/413
f 1090/1090/1090  414/414/414  1088/1088/1088
f 1208/1208/1208  416/416/416  419/419/419
f 1211/1211/1211  432/432/432  417/417/417
f 1211/1211/1211  417/417/417  1209/1209/1209
f 1222/1222/1222  419/419/419  421/421/421
f 1224/1224/1224  1208/1208/1208  419/419/419
f 1224/1224/1224  419/419/419  1222/1222/1222
f 1220/1220/1220  421/421/421  423/423/423
f 1222/1222/1222  421/421/421  1220/1220/1220
f 1220/1220/1220  423/423/423  425/425/425
f 1218/1218/1218  426/426/426  428/428/428
f 1220/1220/1220  425/425/425  1217/1217/1217
f 1213/1213/1213  428/428/428  430/430/430
f 1215/1215/1215  428/428/428  1213/1213/1213
f 1218/1218/1218  428/428/428  1215/1215/1215
f 1211/1211/1211  430/430/430  432/432/432
f 1213/1213/1213  430/430/430  1211/1211/1211
f 1162/1162/1162  434/434/434  437/437/437
f 1165/1165/1165  450/450/450  435/435/435
f 1165/1165/1165  435/435/435  1163/1163/1163
f 1176/1176/1176  437/437/437  439/439/439
f 1178/1178/1178  1162/1162/1162  437/437/437
f 1178/1178/1178  437/437/437  1176/1176/1176
f 1174/1174/1174  439/439/439  441/441/441
f 1176/1176/1176  439/439/439  1174/1174/1174
f 1174/1174/1174  441/441/441  443/443/443
f 1172/1172/1172  444/444/444  446/446/446
f 1174/1174/1174  443/443/443  1171/1171/1171
f 1167/1167/1167  446/446/446  448/448/448
f 1169/1169/1169  446/446/446  1167/1167/1167
f 1172/1172/1172  446/446/446  1169/1169/1169
f 1165/1165/1165  448/448/448  450/450/450
f 1167/1167/1167  448/448/448  1165/1165/1165
f 1288/1288/1288  452/452/452  455/455/455
f 1291/1291/1291  468/468/468  453/453/453
f 1291/1291/1291  453/453/453  1289/1289/1289
f 1302/1302/1302  455/455/455  457/457/457
f 1304/1304/1304  1288/1288/1288  455/455/455
f 1304/1304/1304  455/455/455  1302/1302/1302
f 1300/1300/1300  457/457/457  459/459/459
f 1302/1302/1302  457/457/457  1300/1300/1300
f 1300/1300/1300  459/459/459  461/461/461
f 469/469/469  463/463/463  460/460/460
f 1298/1298/1298  462/462/462  464/464/464
f 472/472/472  469/469/469  460/460/460
f 474/474/474  472/472/472  460/460/460
f 1300/1300/1300  461/461/461  1297/1297/1297
f 1293/1293/1293  464/464/464  466/466/466
f 1295/1295/1295  464/464/464  1293/1293/1293
f 1298/1298/1298  464/464/464  1295/1295/1295
f 1291/1291/1291  466/466/466  468/468/468
f 1293/1293/1293  466/466/466  1291/1291/1291
f 1248/1248/1248  470/470/470  473/473/473
f 1251/1251/1251  486/486/486  471/471/471
f 1251/1251/1251  471/471/471  1249/1249/1249
f 1262/1262/1262  473/473/473  475/475/475
f 1264/1264/1264  1248/1248/1248  473/473/473
f 1264/1264/1264  473/473/473  1262/1262/1262
f 1260/1260/1260  475/475/475  477/477/477
f 1262/1262/1262  475/475/475  1260/1260/1260
f 1260/1260/1260  477/477/477  479/479/479
f 1258/1258/1258  480/480/480  482/482/482
f 1260/1260/1260  479/479/479  1257/1257/1257
f 1253/1253/1253  482/482/482  484/484/484
f 1255/1255/1255  482/482/482  1253/1253/1253
f 1258/1258/1258  482/482/482  1255/1255/1255
f 1251/1251/1251  484/484/484  486/486/486
f 1253/1253/1253  484/484/484  1251/1251/1251
f 493/493/493  488/488/488  491/491/491
f 496/496/496  493/493/493  491/491/491
f 522/522/522  498/498/498  492/492/492
f 505/505/505  494/494/494  497/497/497
f 507/507/507  494/494/494  505/505/505
f 506/506/506  498/498/498  504/504/504
f 522/522/522  504/504/504  498/498/498
f 507/507/507  502/502/502  499/499/499
f 521/521/521  500/500/500  503/503/503
f 521/521/521  509/509/509  500/500/500
f 507/507/507  505/505/505  502/502/502
f 519/519/519  511/511/511  509/509/509
f 521/521/521  519/519/519  509/509/509
f 516/516/516  513/513/513  511/511/511
f 526/526/526  512/512/512  514/514/514
f 519/519/519  516/516/516  511/511/511
f 526/526/526  523/523/523  512/512/512
f 537/537/537  515/515/515  517/517/517
f 529/529/529  526/526/526  514/514/514
f 537/537/537  530/530/530  515/515/515
f 534/534/534  525/525/525  527/527/527
f 534/534/534  532/532/532  525/525/525
f 535/535/535  528/528/528  530/530/530
f 537/537/537  535/535/535  530/530/530
f 580/580/580  540/540/540  543/543/543
f 562/562/562  559/559/559  539/539/539
f 564/564/564  562/562/562  539/539/539
f 610/610/610  565/565/565  541/541/541
f 609/609/609  540/540/540  580/580/580
f 580/580/580  543/543/543  545/545/545
f 859/859/859  546/546/546  549/549/549
f 582/582/582  580/580/580  545/545/545
f 667/667/667  582/582/582  545/545/545
f 859/859/859  668/668/668  546/546/546
f 858/858/858  548/548/548  551/551/551
f 1100/1100/1100  551/551/551  553/553/553
f 1098/1098/1098  858/858/858  551/551/551
f 1100/1100/1100  1098/1098/1098  551/551/551
f 1102/1102/1102  553/553/553  555/555/555
f 1102/1102/1102  1100/1100/1100  553/553/553
f 1104/1104/1104  555/555/555  558/558/558
f 1104/1104/1104  1102/1102/1102  555/555/555
f 702/702/702  699/699/699  557/557/557
f 852/852/852  558/558/558  701/701/701
f 850/850/850  847/847/847  558/558/558
f 1062/1062/1062  558/558/558  847/847/847
f 852/852/852  850/850/850  558/558/558
f 1084/1084/1084  558/558/558  1062/1062/1062
f 1104/1104/1104  558/558/558  1084/1084/1084
f 670/670/670  560/560/560  563/563/563
f 672/672/672  560/560/560  670/670/670
f 676/676/676  560/560/560  672/672/672
f 670/670/670  563/563/563  566/566/566
f 669/669/669  565/565/565  610/610/610
f 607/607/607  570/570/570  567/567/567
f 627/627/627  572/572/572  570/570/570
f 633/633/633  570/570/570  607/607/607
f 629/629/629  627/627/627  570/570/570
f 631/631/631  629/629/629  570/570/570
f 633/633/633  631/631/631  570/570/570
f 621/621/621  574/574/574  572/572/572
f 623/623/623  621/621/621  572/572/572
f 625/625/625  623/623/623  572/572/572
f 627/627/627  625/625/625  572/572/572
f 613/613/613  576/576/576  574/574/574
f 616/616/616  613/613/613  574/574/574
f 618/618/618  616/616/616  574/574/574
f 621/621/621  618/618/618  574/574/574
f 611/611/611  578/578/578  576/576/576
f 613/613/613  611/611/611  576/576/576
f 609/609/609  580/580/580  578/578/578
f 611/611/611  609/609/609  578/578/578
f 663/663/663  584/584/584  582/582/582
f 665/665/665  663/663/663  582/582/582
f 667/667/667  665/665/665  582/582/582
f 659/659/659  586/586/586  584/584/584
f 661/661/661  659/659/659  584/584/584
f 663/663/663  661/661/661  584/584/584
f 591/591/591  588/588/588  586/586/586
f 659/659/659  591/591/591  586/586/586
f 655/655/655  593/593/593  591/591/591
f 657/657/657  655/655/655  591/591/591
f 659/659/659  657/657/657  591/591/591
f 653/653/653  595/595/595  593/593/593
f 655/655/655  653/653/653  593/593/593
f 649/649/649  597/597/597  595/595/595
f 651/651/651  649/649/649  595/595/595
f 653/653/653  651/651/651  595/595/595
f 647/647/647  599/599/599  597/597/597
f 649/649/649  647/647/647  597/597/597
f 645/645/645  601/601/601  599/599/599
f 647/647/647  645/645/645  599/599/599
f 643/643/643  603/603/603  601/601/601
f 645/645/645  643/643/643  601/601/601
f 637/637/637  605/605/605  603/603/603
f 639/639/639  637/637/637  603/603/603
f 641/641/641  639/639/639  603/603/603
f 643/643/643  641/641/641  603/603/603
f 633/633/633  607/607/607  605/605/605
f 635/635/635  633/633/633  605/605/605
f 637/637/637  635/635/635  605/605/605
f 669/669/669  610/610/610  612/612/612
f 671/671/671  612/612/612  614/614/614
f 671/671/671  669/669/669  612/612/612
f 673/673/673  671/671/671  614/614/614
f 692/692/692  620/620/620  622/622/622
f 690/690/690  688/688/688  619/619/619
f 905/905/905  622/622/622  624/624/624
f 905/905/905  692/692/692  622/622/622
f 903/903/903  624/624/624  626/626/626
f 905/905/905  624/624/624  903/903/903
f 901/901/901  626/626/626  628/628/628
f 903/903/903  626/626/626  901/901/901
f 899/899/899  628/628/628  630/630/630
f 901/901/901  628/628/628  899/899/899
f 897/897/897  630/630/630  632/632/632
f 899/899/899  630/630/630  897/897/897
f 895/895/895  632/632/632  634/634/634
f 897/897/897  632/632/632  895/895/895
f 893/893/893  634/634/634  636/636/636
f 895/895/895  634/634/634  893/893/893
f 893/893/893  636/636/636  638/638/638
f 891/891/891  638/638/638  640/640/640
f 893/893/893  638/638/638  891/891/891
f 891/891/891  640/640/640  642/642/642
f 889/889/889  642/642/642  644/644/644
f 891/891/891  642/642/642  889/889/889
f 887/887/887  644/644/644  646/646/646
f 889/889/889  644/644/644  887/887/887
f 885/885/885  646/646/646  648/648/648
f 887/887/887  646/646/646  885/885/885
f 883/883/883  648/648/648  650/650/650
f 885/885/885  648/648/648  883/883/883
f 881/881/881  650/650/650  652/652/652
f 883/883/883  650/650/650  881/881/881
f 879/879/879  652/652/652  654/654/654
f 652/652/652  879/879/879  1394/1394/1394
f 875/875/875  654/654/654  656/656/656
f 877/877/877  654/654/654  875/875/875
f 879/879/879  654/654/654  877/877/877
f 871/871/871  656/656/656  658/658/658
f 873/873/873  656/656/656  871/871/871
f 875/875/875  656/656/656  873/873/873
f 869/869/869  658/658/658  660/660/660
f 871/871/871  658/658/658  869/869/869
f 867/867/867  660/660/660  662/662/662
f 869/869/869  660/660/660  867/867/867
f 865/865/865  662/662/662  664/664/664
f 867/867/867  662/662/662  865/865/865
f 863/863/863  664/664/664  666/666/666
f 865/865/865  664/664/664  863/863/863
f 861/861/861  666/666/666  668/668/668
f 863/863/863  666/666/666  861/861/861
f 861/861/861  668/668/668  859/859/859
f 679/679/679  672/672/672  674/674/674
f 679/679/679  676/676/676  672/672/672
f 1054/1054/1054  683/683/683  685/685/685
f 747/747/747  697/697/697  683/683/683
f 749/749/749  747/747/747  683/683/683
f 751/751/751  749/749/749  683/683/683
f 753/753/753  751/751/751  683/683/683
f 1054/1054/1054  753/753/753  683/683/683
f 1056/1056/1056  685/685/685  687/687/687
f 1056/1056/1056  1054/1054/1054  685/685/685
f 904/904/904  687/687/687  689/689/689
f 1058/1058/1058  687/687/687  904/904/904
f 1058/1058/1058  1056/1056/1056  687/687/687
f 904/904/904  689/689/689  691/691/691
f 742/742/742  695/695/695  698/698/698
f 711/711/711  703/703/703  694/694/694
f 713/713/713  711/711/711  694/694/694
f 742/742/742  714/714/714  695/695/695
f 745/745/745  740/740/740  697/697/697
f 747/747/747  745/745/745  697/697/697
f 718/718/718  700/700/700  704/704/704
f 729/729/729  700/700/700  718/718/718
f 856/856/856  701/701/701  730/730/730
f 854/854/854  852/852/852  701/701/701
f 856/856/856  854/854/854  701/701/701
f 708/708/708  705/705/705  703/703/703
f 719/719/719  703/703/703  705/705/705
f 711/711/711  708/708/708  703/703/703
f 719/719/719  716/716/716  703/703/703
f 727/727/727  707/707/707  710/710/710
f 724/724/724  720/720/720  706/706/706
f 726/726/726  724/724/724  706/706/706
f 1112/1112/1112  709/709/709  712/712/712
f 1113/1113/1113  727/727/727  710/710/710
f 1115/1115/1115  712/712/712  715/715/715
f 1115/1115/1115  1112/1112/1112  712/712/712
f 765/765/765  714/714/714  742/742/742
f 1106/1106/1106  714/714/714  765/765/765
f 1115/1115/1115  715/715/715  1107/1107/1107
f 721/721/721  717/717/717  720/720/720
f 737/737/737  718/718/718  722/722/722
f 737/737/737  729/729/729  718/718/718
f 724/724/724  721/721/721  720/720/720
f 1108/1108/1108  723/723/723  725/725/725
f 1110/1110/1110  738/738/738  723/723/723
f 1110/1110/1110  723/723/723  1108/1108/1108
f 1116/1116/1116  725/725/725  728/728/728
f 1116/1116/1116  1108/1108/1108  725/725/725
f 1116/1116/1116  728/728/728  1114/1114/1114
f 737/737/737  734/734/734  729/729/729
f 837/837/837  730/730/730  735/735/735
f 839/839/839  730/730/730  837/837/837
f 1265/1265/1265  732/732/732  840/840/840
f 1285/1285/1285  857/857/857  733/733/733
f 1285/1285/1285  733/733/733  1266/1266/1266
f 1118/1118/1118  736/736/736  739/739/739
f 1118/1118/1118  838/838/838  736/736/736
f 1133/1133/1133  738/738/738  1110/1110/1110
f 1133/1133/1133  1117/1117/1117  738/738/738
f 1225/1225/1225  743/743/743  746/746/746
f 764/764/764  740/740/740  762/762/762
f 1245/1245/1245  763/763/763  744/744/744
f 1245/1245/1245  744/744/744  1226/1226/1226
f 1230/1230/1230  746/746/746  748/748/748
f 1228/1228/1228  1225/1225/1225  746/746/746
f 1230/1230/1230  1228/1228/1228  746/746/746
f 1232/1232/1232  748/748/748  750/750/750
f 1232/1232/1232  1230/1230/1230  748/748/748
f 1234/1234/1234  750/750/750  752/752/752
f 1234/1234/1234  1232/1232/1232  750/750/750
f 1234/1234/1234  752/752/752  754/754/754
f 778/778/778  756/756/756  753/753/753
f 1237/1237/1237  755/755/755  757/757/757
f 780/780/780  778/778/778  753/753/753
f 1051/1051/1051  780/780/780  753/753/753
f 1054/1054/1054  1051/1051/1051  753/753/753
f 1236/1236/1236  1234/1234/1234  754/754/754
f 778/778/778  758/758/758  756/756/756
f 1241/1241/1241  757/757/757  759/759/759
f 1239/1239/1239  1237/1237/1237  757/757/757
f 1241/1241/1241  1239/1239/1239  757/757/757
f 776/776/776  760/760/760  758/758/758
f 1243/1243/1243  759/759/759  761/761/761
f 778/778/778  776/776/776  758/758/758
f 1243/1243/1243  1241/1241/1241  759/759/759
f 767/767/767  762/762/762  760/760/760
f 1245/1245/1245  761/761/761  763/763/763
f 769/769/769  767/767/767  760/760/760
f 776/776/776  769/769/769  760/760/760
f 1245/1245/1245  1243/1243/1243  761/761/761
f 767/767/767  764/764/764  762/762/762
f 1111/1111/1111  766/766/766  768/768/768
f 1109/1109/1109  1106/1106/1106  765/765/765
f 1134/1134/1134  768/768/768  770/770/770
f 1134/1134/1134  1111/1111/1111  768/768/768
f 776/776/776  771/771/771  769/769/769
f 1132/1132/1132  770/770/770  772/772/772
f 1134/1134/1134  770/770/770  1132/1132/1132
f 776/776/776  773/773/773  771/771/771
f 1132/1132/1132  772/772/772  774/774/774
f 1142/1142/1142  775/775/775  777/777/777
f 1140/1140/1140  1132/1132/1132  774/774/774
f 1158/1158/1158  777/777/777  779/779/779
f 1160/1160/1160  1142/1142/1142  777/777/777
f 1160/1160/1160  777/777/777  1158/1158/1158
f 1158/1158/1158  779/779/779  781/781/781
f 1029/1029/1029  782/782/782  780/780/780
f 1156/1156/1156  781/781/781  783/783/783
f 1051/1051/1051  1029/1029/1029  780/780/780
f 1158/1158/1158  781/781/781  1156/1156/1156
f 1027/1027/1027  784/784/784  782/782/782
f 1154/1154/1154  783/783/783  785/785/785
f 1029/1029/1029  1027/1027/1027  782/782/782
f 1156/1156/1156  783/783/783  1154/1154/1154
f 886/886/886  786/786/786  784/784/784
f 1152/1152/1152  785/785/785  787/787/787
f 1025/1025/1025  886/886/886  784/784/784
f 1027/1027/1027  1025/1025/1025  784/784/784
f 1154/1154/1154  785/785/785  1152/1152/1152
f 886/886/886  788/788/788  786/786/786
f 1150/1150/1150  787/787/787  789/789/789
f 1152/1152/1152  787/787/787  1150/1150/1150
f 926/926/926  790/790/790  788/788/788
f 1148/1148/1148  789/789/789  791/791/791
f 928/928/928  788/788/788  886/886/886
f 928/928/928  926/926/926  788/788/788
f 1150/1150/1150  789/789/789  1148/1148/1148
f 926/926/926  792/792/792  790/790/790
f 1148/1148/1148  791/791/791  793/793/793
f 801/801/801  794/794/794  792/792/792
f 1146/1146/1146  793/793/793  795/795/795
f 924/924/924  801/801/801  792/792/792
f 926/926/926  924/924/924  792/792/792
f 1148/1148/1148  793/793/793  1146/1146/1146
f 799/799/799  796/796/796  794/794/794
f 1144/1144/1144  795/795/795  798/798/798
f 801/801/801  799/799/799  794/794/794
f 1146/1146/1146  795/795/795  1144/1144/1144
f 1135/1135/1135  797/797/797  800/800/800
f 1144/1144/1144  798/798/798  1137/1137/1137
f 1135/1135/1135  800/800/800  802/802/802
f 814/814/814  804/804/804  801/801/801
f 1128/1128/1128  803/803/803  805/805/805
f 918/918/918  814/814/814  801/801/801
f 921/921/921  918/918/918  801/801/801
f 924/924/924  921/921/921  801/801/801
f 1135/1135/1135  802/802/802  1127/1127/1127
f 812/812/812  807/807/807  804/804/804
f 1125/1125/1125  806/806/806  808/808/808
f 814/814/814  812/812/812  804/804/804
f 1128/1128/1128  805/805/805  1124/1124/1124
f 812/812/812  809/809/809  807/807/807
f 1125/1125/1125  808/808/808  810/810/810
f 1186/1186/1186  811/811/811  813/813/813
f 1184/1184/1184  1125/1125/1125  810/810/810
f 1206/1206/1206  813/813/813  815/815/815
f 1206/1206/1206  1186/1186/1186  813/813/813
f 914/914/914  816/816/816  814/814/814
f 1204/1204/1204  815/815/815  817/817/817
f 916/916/916  914/914/914  814/814/814
f 918/918/918  916/916/916  814/814/814
f 1206/1206/1206  815/815/815  1204/1204/1204
f 882/882/882  818/818/818  816/816/816
f 1200/1200/1200  817/817/817  819/819/819
f 914/914/914  882/882/882  816/816/816
f 1202/1202/1202  817/817/817  1200/1200/1200
f 1204/1204/1204  817/817/817  1202/1202/1202
f 882/882/882  820/820/820  818/818/818
f 1198/1198/1198  819/819/819  821/821/821
f 1200/1200/1200  819/819/819  1198/1198/1198
f 880/880/880  822/822/822  820/820/820
f 1196/1196/1196  821/821/821  823/823/823
f 882/882/882  880/880/880  820/820/820
f 1198/1198/1198  821/821/821  1196/1196/1196
f 880/880/880  824/824/824  822/822/822
f 1194/1194/1194  823/823/823  825/825/825
f 1196/1196/1196  823/823/823  1194/1194/1194
f 845/845/845  826/826/826  824/824/824
f 1192/1192/1192  825/825/825  827/827/827
f 847/847/847  845/845/845  824/824/824
f 1062/1062/1062  847/847/847  824/824/824
f 1065/1065/1065  824/824/824  880/880/880
f 1065/1065/1065  1062/1062/1062  824/824/824
f 1194/1194/1194  825/825/825  1192/1192/1192
f 843/843/843  828/828/828  826/826/826
f 1188/1188/1188  827/827/827  829/829/829
f 845/845/845  843/843/843  826/826/826
f 1190/1190/1190  827/827/827  1188/1188/1188
f 1192/1192/1192  827/827/827  1190/1190/1190
f 833/833/833  830/830/830  828/828/828
f 1188/1188/1188  829/829/829  832/832/832
f 835/835/835  833/833/833  828/828/828
f 841/841/841  835/835/835  828/828/828
f 843/843/843  841/841/841  828/828/828
f 1179/1179/1179  831/831/831  834/834/834
f 1188/1188/1188  832/832/832  1181/1181/1181
f 1179/1179/1179  834/834/834  836/836/836
f 839/839/839  837/837/837  835/835/835
f 1120/1120/1120  836/836/836  838/838/838
f 841/841/841  839/839/839  835/835/835
f 1179/1179/1179  836/836/836  1120/1120/1120
f 1120/1120/1120  838/838/838  1118/1118/1118
f 1270/1270/1270  840/840/840  842/842/842
f 1268/1268/1268  1265/1265/1265  840/840/840
f 1270/1270/1270  1268/1268/1268  840/840/840
f 1272/1272/1272  842/842/842  844/844/844
f 1272/1272/1272  1270/1270/1270  842/842/842
f 1274/1274/1274  844/844/844  846/846/846
f 1274/1274/1274  1272/1272/1272  844/844/844
f 1274/1274/1274  846/846/846  848/848/848
f 1277/1277/1277  849/849/849  851/851/851
f 1276/1276/1276  1274/1274/1274  848/848/848
f 1281/1281/1281  851/851/851  853/853/853
f 1279/1279/1279  1277/1277/1277  851/851/851
f 1281/1281/1281  1279/1279/1279  851/851/851
f 1283/1283/1283  853/853/853  855/855/855
f 1283/1283/1283  1281/1281/1281  853/853/853
f 1285/1285/1285  855/855/855  857/857/857
f 1285/1285/1285  1283/1283/1283  855/855/855
f 876/876/876  860/860/860  858/858/858
f 878/878/878  876/876/876  858/858/858
f 963/963/963  878/878/878  858/858/858
f 1095/1095/1095  963/963/963  858/858/858
f 1098/1098/1098  1095/1095/1095  858/858/858
f 874/874/874  862/862/862  860/860/860
f 876/876/876  874/874/874  860/860/860
f 872/872/872  864/864/864  862/862/862
f 874/874/874  872/872/872  862/862/862
f 870/870/870  866/866/866  864/864/864
f 872/872/872  870/870/870  864/864/864
f 870/870/870  868/868/868  866/866/866
f 1071/1071/1071  880/880/880  1393/1393/1393
f 941/941/941  939/939/939  878/878/878
f 1073/1073/1073  878/878/878  939/939/939
f 963/963/963  941/941/941  878/878/878
f 1073/1073/1073  1071/1071/1071  878/878/878
f 1067/1067/1067  1065/1065/1065  880/880/880
f 1069/1069/1069  1067/1067/1067  880/880/880
f 1071/1071/1071  1069/1069/1069  880/880/880
f 909/909/909  884/884/884  882/882/882
f 912/912/912  909/909/909  882/882/882
f 914/914/914  912/912/912  882/882/882
f 906/906/906  886/886/886  884/884/884
f 909/909/909  906/906/906  884/884/884
f 1023/1023/1023  888/888/888  886/886/886
f 928/928/928  886/886/886  906/906/906
f 1025/1025/1025  1023/1023/1023  886/886/886
f 1018/1018/1018  890/890/890  888/888/888
f 1021/1021/1021  1018/1018/1018  888/888/888
f 1023/1023/1023  1021/1021/1021  888/888/888
f 898/898/898  892/892/892  890/890/890
f 900/900/900  898/898/898  890/890/890
f 902/902/902  900/900/900  890/890/890
f 1018/1018/1018  902/902/902  890/890/890
f 896/896/896  894/894/894  892/892/892
f 898/898/898  896/896/896  892/892/892
f 996/996/996  904/904/904  902/902/902
f 1018/1018/1018  996/996/996  902/902/902
f 994/994/994  904/904/904  974/974/974
f 996/996/996  974/974/974  904/904/904
f 1040/1040/1040  904/904/904  994/994/994
f 1060/1060/1060  904/904/904  1040/1040/1040
f 1060/1060/1060  1058/1058/1058  904/904/904
f 1078/1078/1078  933/933/933  930/930/930
f 1317/1317/1317  932/932/932  934/934/934
f 952/952/952  930/930/930  950/950/950
f 1314/1314/1314  951/951/951  931/931/931
f 1091/1091/1091  930/930/930  952/952/952
f 1080/1080/1080  1078/1078/1078  930/930/930
f 1091/1091/1091  1080/1080/1080  930/930/930
f 1316/1316/1316  1314/1314/1314  931/931/931
f 1078/1078/1078  935/935/935  933/933/933
f 1319/1319/1319  934/934/934  936/936/936
f 1319/1319/1319  1317/1317/1317  934/934/934
f 1078/1078/1078  937/937/937  935/935/935
f 1321/1321/1321  936/936/936  938/938/938
f 1321/1321/1321  1319/1319/1319  936/936/936
f 1073/1073/1073  939/939/939  937/937/937
f 1323/1323/1323  938/938/938  940/940/940
f 1076/1076/1076  1073/1073/1073  937/937/937
f 1078/1078/1078  1076/1076/1076  937/937/937
f 1323/1323/1323  1321/1321/1321  938/938/938
f 1325/1325/1325  940/940/940  943/943/943
f 1325/1325/1325  1323/1323/1323  940/940/940
f 961/961/961  944/944/944  941/941/941
f 1305/1305/1305  942/942/942  945/945/945
f 963/963/963  961/961/961  941/941/941
f 1325/1325/1325  943/943/943  1306/1306/1306
f 961/961/961  946/946/946  944/944/944
f 1308/1308/1308  945/945/945  947/947/947
f 1308/1308/1308  1305/1305/1305  945/945/945
f 959/959/959  948/948/948  946/946/946
f 1310/1310/1310  947/947/947  949/949/949
f 961/961/961  959/959/959  946/946/946
f 1310/1310/1310  1308/1308/1308  947/947/947
f 957/957/957  950/950/950  948/948/948
f 1312/1312/1312  949/949/949  951/951/951
f 959/959/959  957/957/957  948/948/948
f 1312/1312/1312  1310/1310/1310  949/949/949
f 955/955/955  952/952/952  950/950/950
f 957/957/957  955/955/955  950/950/950
f 1314/1314/1314  1312/1312/1312  951/951/951
f 1339/1339/1339  954/954/954  956/956/956
f 1091/1091/1091  952/952/952  972/972/972
f 1336/1336/1336  973/973/973  953/953/953
f 1338/1338/1338  1336/1336/1336  953/953/953
f 1341/1341/1341  956/956/956  958/958/958
f 1341/1341/1341  1339/1339/1339  956/956/956
f 1343/1343/1343  958/958/958  960/960/960
f 1343/1343/1343  1341/1341/1341  958/958/958
f 1345/1345/1345  960/960/960  962/962/962
f 1345/1345/1345  1343/1343/1343  960/960/960
f 1347/1347/1347  962/962/962  965/965/965
f 1347/1347/1347  1345/1345/1345  962/962/962
f 1095/1095/1095  966/966/966  963/963/963
f 1327/1327/1327  964/964/964  967/967/967
f 1347/1347/1347  965/965/965  1328/1328/1328
f 1095/1095/1095  968/968/968  966/966/966
f 1330/1330/1330  967/967/967  969/969/969
f 1330/1330/1330  1327/1327/1327  967/967/967
f 1095/1095/1095  970/970/970  968/968/968
f 1332/1332/1332  969/969/969  971/971/971
f 1332/1332/1332  1330/1330/1330  969/969/969
f 1093/1093/1093  972/972/972  970/970/970
f 1334/1334/1334  971/971/971  973/973/973
f 1095/1095/1095  1093/1093/1093  970/970/970
f 1334/1334/1334  1332/1332/1332  971/971/971
f 1093/1093/1093  1091/1091/1091  972/972/972
f 1336/1336/1336  1334/1334/1334  973/973/973
f 1016/1016/1016  977/977/977  974/974/974
f 1361/1361/1361  976/976/976  978/978/978
f 1358/1358/1358  995/995/995  975/975/975
f 1016/1016/1016  974/974/974  996/996/996
f 1360/1360/1360  1358/1358/1358  975/975/975
f 1016/1016/1016  979/979/979  977/977/977
f 1363/1363/1363  978/978/978  980/980/980
f 1363/1363/1363  1361/1361/1361  978/978/978
f 1014/1014/1014  981/981/981  979/979/979
f 1365/1365/1365  980/980/980  982/982/982
f 1016/1016/1016  1014/1014/1014  979/979/979
f 1365/1365/1365  1363/1363/1363  980/980/980
f 1012/1012/1012  983/983/983  981/981/981
f 1367/1367/1367  982/982/982  984/984/984
f 1014/1014/1014  1012/1012/1012  981/981/981
f 1367/1367/1367  1365/1365/1365  982/982/982
f 1007/1007/1007  985/985/985  983/983/983
f 1369/1369/1369  984/984/984  987/987/987
f 1010/1010/1010  1007/1007/1007  983/983/983
f 1012/1012/1012  1010/1010/1010  983/983/983
f 1369/1369/1369  1367/1367/1367  984/984/984
f 1045/1045/1045  988/988/988  985/985/985
f 1349/1349/1349  986/986/986  989/989/989
f 1036/1036/1036  985/985/985  1007/1007/1007
f 1047/1047/1047  985/985/985  1036/1036/1036
f 1047/1047/1047  1045/1045/1045  985/985/985
f 1369/1369/1369  987/987/987  1350/1350/1350
f 1045/1045/1045  990/990/990  988/988/988
f 1352/1352/1352  989/989/989  991/991/991
f 1352/1352/1352  1349/1349/1349  989/989/989
f 1045/1045/1045  992/992/992  990/990/990
f 1354/1354/1354  991/991/991  993/993/993
f 1354/1354/1354  1352/1352/1352  991/991/991
f 1040/1040/1040  994/994/994  992/992/992
f 1356/1356/1356  993/993/993  995/995/995
f 1043/1043/1043  1040/1040/1040  992/992/992
f 1045/1045/1045  1043/1043/1043  992/992/992
f 1356/1356/1356  1354/1354/1354  993/993/993
f 1358/1358/1358  1356/1356/1356  995/995/995
f 1018/1018/1018  999/999/999  996/996/996
f 1383/1383/1383  998/998/998  1000/1000/1000
f 1380/1380/1380  1017/1017/1017  997/997/997
f 1382/1382/1382  1380/1380/1380  997/997/997
f 1018/1018/1018  1001/1001/1001  999/999/999
f 1385/1385/1385  1000/1000/1000  1002/1002/1002
f 1385/1385/1385  1383/1383/1383  1000/1000/1000
f 1018/1018/1018  1003/1003/1003  1001/1001/1001
f 1387/1387/1387  1002/1002/1002  1004/1004/1004
f 1387/1387/1387  1385/1385/1385  1002/1002/1002
f 1038/1038/1038  1005/1005/1005  1003/1003/1003
f 1389/1389/1389  1004/1004/1004  1006/1006/1006
f 1038/1038/1038  1003/1003/1003  1018/1018/1018
f 1389/1389/1389  1387/1387/1387  1004/1004/1004
f 1036/1036/1036  1007/1007/1007  1005/1005/1005
f 1391/1391/1391  1006/1006/1006  1009/1009/1009
f 1038/1038/1038  1036/1036/1036  1005/1005/1005
f 1391/1391/1391  1389/1389/1389  1006/1006/1006
f 1371/1371/1371  1008/1008/1008  1011/1011/1011
f 1391/1391/1391  1009/1009/1009  1372/1372/1372
f 1374/1374/1374  1011/1011/1011  1013/1013/1013
f 1374/1374/1374  1371/1371/1371  1011/1011/1011
f 1376/1376/1376  1013/1013/1013  1015/1015/1015
f 1376/1376/1376  1374/1374/1374  1013/1013/1013
f 1378/1378/1378  1015/1015/1015  1017/1017/1017
f 1378/1378/1378  1376/1376/1376  1015/1015/1015
f 1380/1380/1380  1378/1378/1378  1017/1017/1017
f 1049/1049/1049  1032/1032/1032  1029/1029/1029
f 1051/1051/1051  1049/1049/1049  1029/1029/1029
f 1049/1049/1049  1034/1034/1034  1032/1032/1032
f 1047/1047/1047  1036/1036/1036  1034/1034/1034
f 1049/1049/1049  1047/1047/1047  1034/1034/1034
f 1084/1084/1084  1062/1062/1062  1082/1082/1082
f 1089/1089/1089  1082/1082/1082  1080/1080/1080
f 1091/1091/1091  1089/1089/1089  1080/1080/1080
f 1087/1087/1087  1084/1084/1084  1082/1082/1082
f 1089/1089/1089  1087/1087/1087  1082/1082/1082
f 1131/1131/1131  1119/1119/1119  1117/1117/1117
f 1133/1133/1133  1131/1131/1131  1117/1117/1117
f 1129/1129/1129  1121/1121/1121  1119/1119/1119
f 1179/1179/1179  1120/1120/1120  1122/1122/1122
f 1131/1131/1131  1129/1129/1129  1119/1119/1119
f 1126/1126/1126  1123/1123/1123  1121/1121/1121
f 1184/1184/1184  1122/1122/1122  1125/1125/1125
f 1129/1129/1129  1126/1126/1126  1121/1121/1121
f 1182/1182/1182  1179/1179/1179  1122/1122/1122
f 1184/1184/1184  1182/1182/1182  1122/1122/1122
f 1135/1135/1135  1127/1127/1127  1130/1130/1130
f 1140/1140/1140  1130/1130/1130  1132/1132/1132
f 1138/1138/1138  1135/1135/1135  1130/1130/1130
f 1140/1140/1140  1138/1138/1138  1130/1130/1130
f 1166/1166/1166  1136/1136/1136  1139/1139/1139
f 1164/1164/1164  1143/1143/1143  1136/1136/1136
f 1166/1166/1166  1164/1164/1164  1136/1136/1136
f 1157/1157/1157  1139/1139/1139  1141/1141/1141
f 1166/1166/1166  1139/1139/1139  1157/1157/1157
f 1159/1159/1159  1157/1157/1157  1141/1141/1141
f 1161/1161/1161  1145/1145/1145  1143/1143/1143
f 1164/1164/1164  1161/1161/1161  1143/1143/1143
f 1177/1177/1177  1147/1147/1147  1145/1145/1145
f 1177/1177/1177  1145/1145/1145  1161/1161/1161
f 1151/1151/1151  1149/1149/1149  1147/1147/1147
f 1175/1175/1175  1151/1151/1151  1147/1147/1147
f 1177/1177/1177  1175/1175/1175  1147/1147/1147
f 1175/1175/1175  1153/1153/1153  1151/1151/1151
f 1170/1170/1170  1155/1155/1155  1153/1153/1153
f 1173/1173/1173  1170/1170/1170  1153/1153/1153
f 1175/1175/1175  1173/1173/1173  1153/1153/1153
f 1168/1168/1168  1157/1157/1157  1155/1155/1155
f 1170/1170/1170  1168/1168/1168  1155/1155/1155
f 1168/1168/1168  1166/1166/1166  1157/1157/1157
f 1189/1189/1189  1180/1180/1180  1183/1183/1183
f 1189/1189/1189  1187/1187/1187  1180/1180/1180
f 1212/1212/1212  1183/1183/1183  1185/1185/1185
f 1212/1212/1212  1189/1189/1189  1183/1183/1183
f 1214/1214/1214  1185/1185/1185  1205/1205/1205
f 1214/1214/1214  1212/1212/1212  1185/1185/1185
f 1207/1207/1207  1191/1191/1191  1189/1189/1189
f 1210/1210/1210  1207/1207/1207  1189/1189/1189
f 1212/1212/1212  1210/1210/1210  1189/1189/1189
f 1223/1223/1223  1193/1193/1193  1191/1191/1191
f 1223/1223/1223  1191/1191/1191  1207/1207/1207
f 1223/1223/1223  1195/1195/1195  1193/1193/1193
f 1221/1221/1221  1197/1197/1197  1195/1195/1195
f 1223/1223/1223  1221/1221/1221  1195/1195/1195
f 1201/1201/1201  1199/1199/1199  1197/1197/1197
f 1221/1221/1221  1201/1201/1201  1197/1197/1197
f 1216/1216/1216  1203/1203/1203  1201/1201/1201
f 1219/1219/1219  1216/1216/1216  1201/1201/1201
f 1221/1221/1221  1219/1219/1219  1201/1201/1201
f 1214/1214/1214  1205/1205/1205  1203/1203/1203
f 1216/1216/1216  1214/1214/1214  1203/1203/1203
f 1247/1247/1247  1227/1227/1227  1229/1229/1229
f 1263/1263/1263  1246/1246/1246  1227/1227/1227
f 1263/1263/1263  1227/1227/1227  1247/1247/1247
f 1252/1252/1252  1229/1229/1229  1231/1231/1231
f 1250/1250/1250  1247/1247/1247  1229/1229/1229
f 1252/1252/1252  1250/1250/1250  1229/1229/1229
f 1235/1235/1235  1231/1231/1231  1233/1233/1233
f 1252/1252/1252  1231/1231/1231  1235/1235/1235
f 1254/1254/1254  1235/1235/1235  1238/1238/1238
f 1254/1254/1254  1252/1252/1252  1235/1235/1235
f 1256/1256/1256  1238/1238/1238  1240/1240/1240
f 1256/1256/1256  1254/1254/1254  1238/1238/1238
f 1261/1261/1261  1240/1240/1240  1242/1242/1242
f 1259/1259/1259  1256/1256/1256  1240/1240/1240
f 1261/1261/1261  1259/1259/1259  1240/1240/1240
f 1246/1246/1246  1242/1242/1242  1244/1244/1244
f 1261/1261/1261  1242/1242/1242  1246/1246/1246
f 1263/1263/1263  1261/1261/1261  1246/1246/1246
f 1296/1296/1296  1267/1267/1267  1269/1269/1269
f 1294/1294/1294  1286/1286/1286  1267/1267/1267
f 1296/1296/1296  1294/1294/1294  1267/1267/1267
f 1301/1301/1301  1269/1269/1269  1271/1271/1271
f 1299/1299/1299  1296/1296/1296  1269/1269/1269
f 1301/1301/1301  1299/1299/1299  1269/1269/1269
f 1275/1275/1275  1271/1271/1271  1273/1273/1273
f 1301/1301/1301  1271/1271/1271  1275/1275/1275
f 1303/1303/1303  1275/1275/1275  1278/1278/1278
f 1303/1303/1303  1301/1301/1301  1275/1275/1275
f 1287/1287/1287  1278/1278/1278  1280/1280/1280
f 1303/1303/1303  1278/1278/1278  1287/1287/1287
f 1292/1292/1292  1280/1280/1280  1282/1282/1282
f 1290/1290/1290  1287/1287/1287  1280/1280/1280
f 1292/1292/1292  1290/1290/1290  1280/1280/1280
f 1286/1286/1286  1282/1282/1282  1284/1284/1284
f 1292/1292/1292  1282/1282/1282  1286/1286/1286
f 1294/1294/1294  1292/1292/1292  1286/1286/1286
f 1326/1326/1326  1307/1307/1307  1309/1309/1309
f 1324/1324/1324  1309/1309/1309  1311/1311/1311
f 1326/1326/1326  1309/1309/1309  1324/1324/1324
f 1322/1322/1322  1311/1311/1311  1313/1313/1313
f 1324/1324/1324  1311/1311/1311  1322/1322/1322
f 1320/1320/1320  1313/1313/1313  1315/1315/1315
f 1322/1322/1322  1313/1313/1313  1320/1320/1320
f 1320/1320/1320  1315/1315/1315  1318/1318/1318
f 1348/1348/1348  1329/1329/1329  1331/1331/1331
f 1346/1346/1346  1331/1331/1331  1333/1333/1333
f 1348/1348/1348  1331/1331/1331  1346/1346/1346
f 1344/1344/1344  1333/1333/1333  1335/1335/1335
f 1346/1346/1346  1333/1333/1333  1344/1344/1344
f 1342/1342/1342  1335/1335/1335  1337/1337/1337
f 1344/1344/1344  1335/1335/1335  1342/1342/1342
f 1342/1342/1342  1337/1337/1337  1340/1340/1340
f 1370/1370/1370  1351/1351/1351  1353/1353/1353
f 1368/1368/1368  1353/1353/1353  1355/1355/1355
f 1370/1370/1370  1353/1353/1353  1368/1368/1368
f 1366/1366/1366  1355/1355/1355  1357/1357/1357
f 1368/1368/1368  1355/1355/1355  1366/1366/1366
f 1364/1364/1364  1357/1357/1357  1359/1359/1359
f 1366/1366/1366  1357/1357/1357  1364/1364/1364
f 1364/1364/1364  1359/1359/1359  1362/1362/1362
f 1392/1392/1392  1373/1373/1373  1375/1375/1375
f 1390/1390/1390  1375/1375/1375  1377/1377/1377
f 1392/1392/1392  1375/1375/1375  1390/1390/1390
f 1388/1388/1388  1377/1377/1377  1379/1379/1379
f 1390/1390/1390  1377/1377/1377  1388/1388/1388
f 1386/1386/1386  1379/1379/1379  1381/1381/1381
f 1388/1388/1388  1379/1379/1379  1386/1386/1386
f 1386/1386/1386  1381/1381/1381  1384/1384/1384
f 1393/1393/1393  878/878/878  1071/1071/1071
f 1394/1394/1394  881/881/881  652/652/652

v  -11.200000 11.904863 -12.833333
v  -11.200000 11.904863 -12.833333
v  -11.200000 11.904863 -12.833333
v  -11.200000 14.642287 -13.705111
v  -11.200000 14.642287 -13.705111
v  -11.200000 17.500000 -14.000000
v  -11.200000 17.500000 -14.000000
v  -11.200000 22.291139 -13.154489
v  -11.200000 22.291139 -13.154489
v  -11.200000 26.497661 -10.725737
v  -11.200000 26.497661 -10.725737
v  -11.200000 29.623409 -7.001544
v  -11.200000 29.623409 -7.001544
v  -11.200000 31.287552 -2.429376
v  -11.200000 31.287552 -2.429376
v  -11.200000 31.286508 2.435287
v  -11.200000 31.286508 2.435287
v  -11.200000 29.625489 6.997924
v  -11.200000 29.625489 6.997924
v  -11.200000 26.506910 10.717985
v  -11.200000 26.506910 10.717985
v  -11.200000 22.300958 13.150889
v  -11.200000 22.300958 13.150889
v  -11.200000 17.500000 14.000000
v  -11.200000 17.500000 14.000000
v  -11.200000 14.642287 13.705111
v  -11.200000 14.642287 13.705111
v  -11.200000 11.904863 12.833333
v  -11.200000 11.904863 12.833333
v  -11.200000 11.904863 12.833333
v  -19.750000 11.904863 12.833333
v  -19.750000 11.904863 12.833333
v  -19.750000 11.904863 12.833333
v  -19.750000 11.904863 12.833333
v  -19.750000 14.642287 13.705111
v  -19.750000 14.642287 13.705111
v  -19.750000 17.500000 14.000000
v  -19.750000 17.500000 14.000000
v  -19.750000 22.184412 13.192846
v  -19.750000 22.184412 13.192846
v  -19.750000 26.333296 10.861528
v  -19.750000 26.333296 10.861528
v  -19.750000 29.469015 7.262183
v  -19.750000 29.469015 7.262183
v  -19.750000 31.209828 2.835566
v  -19.750000 31.209828 2.835566
v  -19.750000 31.369417 -1.906953
v  -19.750000 31.369417 -1.906953
v  -19.750000 29.934938 -6.432124
v  -19.750000 29.934938 -6.432124
v  -19.750000 27.075046 -10.213416
v  -19.750000 27.075046 -10.213416
v  -19.750000 23.095137 -12.833333
v  -19.750000 23.095137 -12.833333
v  -19.750000 20.357713 -13.705111
v  -19.750000 20.357713 -13.705111
v  -19.750000 17.500000 -14.000000
v  -19.750000 17.500000 -14.000000
v  -19.750000 14.642287 -13.705111
v  -19.750000 14.642287 -13.705111
v  -19.750000 11.904863 -12.833333
v  -19.750000 11.904863 -12.833333
v  -19.750000 11.904863 -12.833333
v  -19.750000 11.904863 -12.833333
v  -19.736296 9.908623 -12.202099
v  -19.736296 9.908623 -12.202099
v  -19.560838 7.908337 -12.000000
v  -19.560838 7.908337 -12.000000
v  -19.560838 7.908337 -12.000000
v  -11.200000 7.908337 -12.000000
v  -11.200000 7.908337 -12.000000
v  -11.200000 7.908337 -12.000000
v  -11.200000 9.949561 -12.210635
v  -11.200000 9.949561 -12.210635
v  -19.750000 7.956952 -10.243546
v  -19.750000 7.956952 -10.243546
v  -19.750000 7.956952 -10.243546
v  -19.533880 6.823521 -11.173309
v  -19.533880 6.823521 -11.173309
v  -18.904582 5.768203 -12.000000
v  -18.904582 5.768203 -12.000000
v  -18.904582 5.768203 -12.000000
v  -19.283829 6.753739 -12.000000
v  -19.283829 6.753739 -12.000000
v  -19.750000 9.820975 -11.706024
v  -19.750000 9.820975 -11.706024
v  -19.750000 2.100000 -7.000729
v  -19.750000 2.100000 -7.000729
v  -19.750000 2.100000 -7.000729
v  -19.105072 2.100000 -9.457452
v  -19.105072 2.100000 -9.457452
v  -17.339968 2.100000 -11.278642
v  -17.339968 2.100000 -11.278642
v  -14.905239 2.100000 -12.000000
v  -14.905239 2.100000 -12.000000
v  -14.905239 2.100000 -12.000000
v  -16.376238 3.100591 -12.000000
v  -16.376238 3.100591 -12.000000
v  -16.617524 3.282691 -12.000000
v  -16.617524 3.282691 -12.000000
v  -16.617524 3.282691 -12.000000
v  -18.253536 3.809300 -11.067063
v  -19.360731 4.647580 -9.665601
v  -19.750000 5.640004 -8.005469
v  -19.750000 5.640004 -8.005469
v  -19.750000 5.640004 -8.005469
v  -19.750000 5.435208 -7.887520
v  -19.750000 5.435208 -7.887520
v  -17.490469 4.022621 -12.000000
v  -17.490469 4.022621 -12.000000
v  -19.750000 2.100000 7.000471
v  -19.750000 2.100000 7.000471
v  -19.750000 2.100000 7.000471
v  -19.108127 2.100000 9.452158
v  -19.108127 2.100000 9.452158
v  -17.350701 2.100000 11.272476
v  -17.350701 2.100000 11.272476
v  -14.924103 2.100000 12.000000
v  -14.924103 2.100000 12.000000
v  -14.924103 2.100000 12.000000
v  -11.200000 2.100000 12.000000
v  -11.200000 2.100000 12.000000
v  -11.200000 2.100000 12.000000
v  -11.200000 2.100000 -12.000000
v  -11.200000 2.100000 -12.000000
v  -11.200000 2.100000 -12.000000
v  -14.050000 2.100000 -9.500000
v  -14.050000 2.100000 -9.500000
v  -14.050000 2.100000 -9.500000
v  -13.968662 2.100000 -9.904753
v  -13.968662 2.100000 -9.904753
v  -13.737369 2.100000 -10.247514
v  -13.737369 2.100000 -10.247514
v  -12.995869 2.100000 -10.549986
v  -12.995869 2.100000 -10.549986
v  -12.258044 2.100000 -10.242963
v  -12.258044 2.100000 -10.242963
v  -11.950000 2.100000 -9.500000
v  -11.950000 2.100000 -9.500000
v  -11.950000 2.100000 -9.500000
v  -12.031338 2.100000 -9.095247
v  -12.031338 2.100000 -9.095247
v  -12.262631 2.100000 -8.752486
v  -12.262631 2.100000 -8.752486
v  -13.004131 2.100000 -8.450014
v  -13.004131 2.100000 -8.450014
v  -13.741956 2.100000 -8.757037
v  -13.741956 2.100000 -8.757037
v  -14.050000 2.100000 9.500000
v  -14.050000 2.100000 9.500000
v  -14.050000 2.100000 9.500000
v  -13.968662 2.100000 9.095247
v  -13.968662 2.100000 9.095247
v  -13.737369 2.100000 8.752486
v  -13.737369 2.100000 8.752486
v  -12.995869 2.100000 8.450014
v  -12.995869 2.100000 8.450014
v  -12.258044 2.100000 8.757037
v  -12.258044 2.100000 8.757037
v  -11.950000 2.100000 9.500000
v  -11.950000 2.100000 9.500000
v  -11.950000 2.100000 9.500000
v  -12.031338 2.100000 9.904753
v  -12.031338 2.100000 9.904753
v  -12.262631 2.100000 10.247514
v  -12.262631 2.100000 10.247514
v  -13.004131 2.100000 10.549986
v  -13.004131 2.100000 10.549986
v  -13.741956 2.100000 10.242963
v  -13.741956 2.100000 10.242963
v  -18.200000 2.100000 -3.000000
v  -18.200000 2.100000 -3.000000
v  -18.200000 2.100000 -3.000000
v  -18.016922 2.100000 -3.919371
v  -18.016922 2.100000 -3.919371
v  -17.497067 2.100000 -4.697040
v  -17.497067 2.100000 -4.697040
v  -16.719398 2.100000 -5.216911
v  -16.719398 2.100000 -5.216911
v  -15.800000 2.100000 -5.400000
v  -15.800000 2.100000 -5.400000
v  -14.880629 2.100000 -5.216922
v  -14.880629 2.100000 -5.216922
v  -14.102960 2.100000 -4.697067
v  -14.102960 2.100000 -4.697067
v  -13.583089 2.100000 -3.919398
v  -13.583089 2.100000 -3.919398
v  -13.400000 2.100000 -3.000000
v  -13.400000 2.100000 -3.000000
v  -13.400000 2.100000 -3.000000
v  -13.400000 2.100000 3.000000
v  -13.400000 2.100000 3.000000
v  -13.400000 2.100000 3.000000
v  -13.583078 2.100000 3.919371
v  -13.583078 2.100000 3.919371
v  -14.102933 2.100000 4.697040
v  -14.102933 2.100000 4.697040
v  -14.880602 2.100000 5.216911
v  -14.880602 2.100000 5.216911
v  -15.800000 2.100000 5.400000
v  -15.800000 2.100000 5.400000
v  -16.719371 2.100000 5.216922
v  -16.719371 2.100000 5.216922
v  -17.497040 2.100000 4.697067
v  -17.497040 2.100000 4.697067
v  -18.016911 2.100000 3.919398
v  -18.016911 2.100000 3.919398
v  -18.200000 2.100000 3.000000
v  -18.200000 2.100000 3.000000
v  -18.200000 2.100000 3.000000
v  -14.800000 2.100000 -6.000000
v  -14.800000 2.100000 -6.000000
v  -14.800000 2.100000 -6.000000
v  -14.738028 2.100000 -6.308384
v  -14.738028 2.100000 -6.308384
v  -14.561805 2.100000 -6.569535
v  -14.561805 2.100000 -6.569535
v  -13.996853 2.100000 -6.799989
v  -13.996853 2.100000 -6.799989
v  -13.434700 2.100000 -6.566067
v  -13.434700 2.100000 -6.566067
v  -13.200000 2.100000 -6.000000
v  -13.200000 2.100000 -6.000000
v  -13.200000 2.100000 -6.000000
v  -13.261972 2.100000 -5.691616
v  -13.261972 2.100000 -5.691616
v  -13.438195 2.100000 -5.430465
v  -13.438195 2.100000 -5.430465
v  -14.003147 2.100000 -5.200011
v  -14.003147 2.100000 -5.200011
v  -14.565300 2.100000 -5.433933
v  -14.565300 2.100000 -5.433933
v  -13.200000 2.100000 6.000000
v  -13.200000 2.100000 6.000000
v  -13.200000 2.100000 6.000000
v  -13.261972 2.100000 6.308384
v  -13.261972 2.100000 6.308384
v  -13.438195 2.100000 6.569535
v  -13.438195 2.100000 6.569535
v  -14.003147 2.100000 6.799989
v  -14.003147 2.100000 6.799989
v  -14.565300 2.100000 6.566067
v  -14.565300 2.100000 6.566067
v  -14.800000 2.100000 6.000000
v  -14.800000 2.100000 6.000000
v  -14.800000 2.100000 6.000000
v  -14.738028 2.100000 5.691616
v  -14.738028 2.100000 5.691616
v  -14.561805 2.100000 5.430465
v  -14.561805 2.100000 5.430465
v  -13.996853 2.100000 5.200011
v  -13.996853 2.100000 5.200011
v  -13.434700 2.100000 5.433933
v  -13.434700 2.100000 5.433933
v  -19.750000 9.254652 11.314335
v  -19.750000 9.254652 11.314335
v  -19.750000 9.254652 11.314335
v  -19.750000 6.996975 9.256698
v  -19.750000 6.996975 9.256698
v  -19.750000 6.996975 9.256698
v  -19.750000 4.786902 7.611199
v  -19.750000 4.786902 7.611199
v  -19.750000 4.786902 7.611199
v  -19.750000 12.555366 -10.603801
v  -19.750000 12.555366 -10.603801
v  -19.750000 8.915616 -7.949500
v  -19.750000 8.915616 -7.949500
v  -19.750000 6.556192 -4.137711
v  -19.750000 6.556192 -4.137711
v  -19.750000 5.803431 0.281912
v  -19.750000 5.803431 0.281912
v  -19.750000 6.769820 4.663999
v  -19.750000 6.769820 4.663999
v  -19.750000 9.326326 8.371261
v  -19.750000 9.326326 8.371261
v  -19.750000 13.089178 10.836569
v  -19.750000 13.089178 10.836569
v  -19.750000 17.500000 11.700000
v  -19.750000 17.500000 11.700000
v  -19.750000 17.500000 11.700000
v  -19.750000 20.032343 11.422662
v  -19.750000 20.032343 11.422662
v  -19.750000 22.444634 10.603801
v  -19.750000 22.444634 10.603801
v  -19.750000 26.084384 7.949500
v  -19.750000 26.084384 7.949500
v  -19.750000 28.443808 4.137711
v  -19.750000 28.443808 4.137711
v  -19.750000 29.196569 -0.281912
v  -19.750000 29.196569 -0.281912
v  -19.750000 28.230180 -4.663999
v  -19.750000 28.230180 -4.663999
v  -19.750000 25.673674 -8.371261
v  -19.750000 25.673674 -8.371261
v  -19.750000 21.910822 -10.836569
v  -19.750000 21.910822 -10.836569
v  -19.750000 17.500000 -11.700000
v  -19.750000 17.500000 -11.700000
v  -19.750000 17.500000 -11.700000
v  -19.750000 14.967657 -11.422662
v  -19.750000 14.967657 -11.422662
v  -19.750000 30.500000 -0.475000
v  -19.750000 30.500000 -0.475000
v  -19.750000 30.500000 -0.475000
v  -19.750000 30.259545 -0.409468
v  -19.750000 30.259545 -0.409468
v  -19.750000 30.087299 -0.235055
v  -19.750000 30.087299 -0.235055
v  -19.750000 30.089149 0.238236
v  -19.750000 30.089149 0.238236
v  -19.750000 30.500000 0.475000
v  -19.750000 30.500000 0.475000
v  -19.750000 30.500000 0.475000
v  -19.750000 30.740455 0.409468
v  -19.750000 30.740455 0.409468
v  -19.750000 30.912701 0.235055
v  -19.750000 30.912701 0.235055
v  -19.750000 30.910851 -0.238236
v  -19.750000 30.910851 -0.238236
v  -19.750000 11.000000 10.783330
v  -19.750000 11.000000 10.783330
v  -19.750000 11.000000 10.783330
v  -19.750000 10.759545 10.848862
v  -19.750000 10.759545 10.848862
v  -19.750000 10.587299 11.023275
v  -19.750000 10.587299 11.023275
v  -19.750000 10.589149 11.496566
v  -19.750000 10.589149 11.496566
v  -19.750000 11.000000 11.733330
v  -19.750000 11.000000 11.733330
v  -19.750000 11.000000 11.733330
v  -19.750000 11.240455 11.667798
v  -19.750000 11.240455 11.667798
v  -19.750000 11.412701 11.493385
v  -19.750000 11.412701 11.493385
v  -19.750000 11.410851 11.020095
v  -19.750000 11.410851 11.020095
v  -19.750000 11.000000 -11.733330
v  -19.750000 11.000000 -11.733330
v  -19.750000 11.000000 -11.733330
v  -19.750000 10.759545 -11.667798
v  -19.750000 10.759545 -11.667798
v  -19.750000 10.587299 -11.493385
v  -19.750000 10.587299 -11.493385
v  -19.750000 10.589149 -11.020095
v  -19.750000 10.589149 -11.020095
v  -19.750000 11.000000 -10.783330
v  -19.750000 11.000000 -10.783330
v  -19.750000 11.000000 -10.783330
v  -19.750000 11.240455 -10.848862
v  -19.750000 11.240455 -10.848862
v  -19.750000 11.412701 -11.023275
v  -19.750000 11.412701 -11.023275
v  -19.750000 11.410851 -11.496566
v  -19.750000 11.410851 -11.496566
v  -19.662820 8.657788 12.028123
v  -19.662820 8.657788 12.028123
v  -19.662820 8.657788 12.028123
v  -19.560838 7.908337 12.000000
v  -19.560838 7.908337 12.000000
v  -19.560838 7.908337 12.000000
v  -18.738946 5.437664 12.000000
v  -18.738946 5.437664 12.000000
v  -17.540275 3.884314 12.000000
v  -17.540275 3.884314 12.000000
v  -17.540275 3.884314 12.000000
v  -19.163127 5.233678 10.810756
v  -19.163127 5.233678 10.810756
v  -19.736330 9.909339 12.202246
v  -19.736330 9.909339 12.202246
v  -19.284399 3.905373 9.524731
v  -17.974311 3.187977 11.081978
v  -16.089921 2.800612 12.000000
v  -16.089921 2.800612 12.000000
v  -16.089921 2.800612 12.000000
v  -16.370366 2.983995 12.000000
v  -16.370366 2.983995 12.000000
v  -11.200000 7.908337 12.000000
v  -11.200000 7.908337 12.000000
v  -11.200000 7.908337 12.000000
v  -11.200000 9.949561 12.210635
v  -11.200000 9.949561 12.210635
v  -11.200000 17.500000 11.700000
v  -11.200000 17.500000 11.700000
v  -11.200000 17.500000 11.700000
v  -11.200000 13.009550 10.803829
v  -11.200000 13.009550 10.803829
v  -11.200000 9.219842 8.265982
v  -11.200000 9.219842 8.265982
v  -11.200000 6.689528 4.474584
v  -11.200000 6.689528 4.474584
v  -11.200000 5.800007 -0.001258
v  -11.200000 5.800007 -0.001258
v  -11.200000 6.691744 -4.479931
v  -11.200000 6.691744 -4.479931
v  -11.200000 9.227152 -8.273256
v  -11.200000 9.227152 -8.273256
v  -11.200000 13.019383 -10.807935
v  -11.200000 13.019383 -10.807935
v  -11.200000 17.500000 -11.700000
v  -11.200000 17.500000 -11.700000
v  -11.200000 17.500000 -11.700000
v  -11.200000 21.990450 -10.803829
v  -11.200000 21.990450 -10.803829
v  -11.200000 25.780158 -8.265982
v  -11.200000 25.780158 -8.265982
v  -11.200000 28.310472 -4.474584
v  -11.200000 28.310472 -4.474584
v  -11.200000 29.199993 0.001258
v  -11.200000 29.199993 0.001258
v  -11.200000 28.308256 4.479931
v  -11.200000 28.308256 4.479931
v  -11.200000 25.772848 8.273256
v  -11.200000 25.772848 8.273256
v  -11.200000 21.980617 10.807935
v  -11.200000 21.980617 10.807935
v  -19.000000 12.555366 10.603801
v  -19.000000 12.555366 10.603801
v  -19.000000 12.555366 10.603801
v  -14.950000 12.555366 10.603801
v  -14.950000 12.555366 10.603801
v  -14.950000 12.555366 10.603801
v  -14.950000 8.989728 8.029027
v  -14.950000 8.989728 8.029027
v  -14.950000 6.626634 4.319712
v  -14.950000 6.626634 4.319712
v  -14.950000 5.800000 -0.000000
v  -14.950000 5.800000 -0.000000
v  -14.950000 6.626634 -4.319712
v  -14.950000 6.626634 -4.319712
v  -14.950000 8.989728 -8.029027
v  -14.950000 8.989728 -8.029027
v  -14.950000 12.555366 -10.603801
v  -14.950000 12.555366 -10.603801
v  -14.950000 12.555366 -10.603801
v  -19.000000 12.555366 -10.603801
v  -19.000000 12.555366 -10.603801
v  -19.000000 12.555366 -10.603801
v  -19.000000 8.860954 -7.890298
v  -19.000000 8.860954 -7.890298
v  -19.000000 6.492578 -3.965687
v  -19.000000 6.492578 -3.965687
v  -19.000000 6.492578 -3.965687
v  -19.364050 6.348160 -3.539481
v  -19.364050 6.348160 -3.539481
v  -19.388210 6.191154 -3.000000
v  -19.388210 6.191154 -3.000000
v  -19.388210 6.191154 -3.000000
v  -18.996965 5.799909 0.000974
v  -18.996965 5.799909 0.000974
v  -19.388210 6.191154 3.000000
v  -19.388210 6.191154 3.000000
v  -19.388210 6.191154 3.000000
v  -19.361427 6.350303 3.546125
v  -19.361427 6.350303 3.546125
v  -19.000000 6.492578 3.965687
v  -19.000000 6.492578 3.965687
v  -19.000000 6.492578 3.965687
v  -19.000000 8.860954 7.890298
v  -19.000000 8.860954 7.890298
v  -19.000000 13.231556 7.553709
v  -19.000000 13.231556 7.553709
v  -19.000000 13.577855 7.591652
v  -19.000000 13.577855 7.591652
v  -19.000000 13.907745 7.703616
v  -19.000000 13.907745 7.703616
v  -19.000000 13.907745 7.703616
v  -16.700000 13.907745 7.703616
v  -16.700000 13.907745 7.703616
v  -16.700000 13.907745 7.703616
v  -16.700000 13.577855 7.591652
v  -16.700000 13.577855 7.591652
v  -16.700000 13.231556 7.553709
v  -16.700000 13.231556 7.553709
v  -16.700000 12.491784 7.735059
v  -16.700000 12.491784 7.735059
v  -16.700000 11.919622 8.237832
v  -16.700000 11.919622 8.237832
v  -16.700000 11.919622 8.237832
v  -15.700854 11.634180 9.245321
v  -15.700854 11.634180 9.245321
v  -15.119888 11.943546 10.102935
v  -15.119888 11.943546 10.102935
v  -19.000000 11.795840 9.859903
v  -19.000000 11.795840 9.859903
v  -19.000000 11.669483 8.807425
v  -19.000000 11.669483 8.807425
v  -19.000000 12.228783 7.906938
v  -19.000000 12.228783 7.906938
v  -19.000000 11.795827 -9.859877
v  -19.000000 11.795827 -9.859877
v  -19.000000 11.669491 -8.807388
v  -19.000000 11.669491 -8.807388
v  -19.000000 12.228806 -7.906920
v  -19.000000 12.228806 -7.906920
v  -19.000000 13.231556 -7.553709
v  -19.000000 13.231556 -7.553709
v  -19.000000 13.577855 -7.591652
v  -19.000000 13.577855 -7.591652
v  -19.000000 13.907745 -7.703616
v  -19.000000 13.907745 -7.703616
v  -19.000000 13.907745 -7.703616
v  -19.000000 15.660284 -8.298425
v  -19.000000 15.660284 -8.298425
v  -19.000000 17.500000 -8.500000
v  -19.000000 17.500000 -8.500000
v  -19.000000 21.196831 -7.653980
v  -19.000000 21.196831 -7.653980
v  -19.000000 24.147393 -5.297367
v  -19.000000 24.147393 -5.297367
v  -19.000000 25.785995 -1.895311
v  -19.000000 25.785995 -1.895311
v  -19.000000 25.791203 1.872396
v  -19.000000 25.791203 1.872396
v  -19.000000 24.153053 5.290257
v  -19.000000 24.153053 5.290257
v  -19.000000 21.187766 7.658352
v  -19.000000 21.187766 7.658352
v  -19.000000 17.500000 8.500000
v  -19.000000 17.500000 8.500000
v  -19.000000 15.660284 8.298425
v  -19.000000 15.660284 8.298425
v  -19.000000 6.982226 4.144209
v  -19.000000 6.982226 4.144209
v  -19.000000 7.500003 4.200482
v  -19.000000 7.500003 4.200482
v  -19.000000 8.483365 3.978042
v  -19.000000 8.483365 3.978042
v  -19.000000 9.038128 3.506997
v  -19.000000 9.038128 3.506997
v  -19.000000 9.197056 3.000000
v  -19.000000 9.197056 3.000000
v  -19.000000 9.197056 3.000000
v  -19.000000 9.197056 -3.000000
v  -19.000000 9.197056 -3.000000
v  -19.000000 9.197056 -3.000000
v  -19.000000 9.039408 -3.505041
v  -19.000000 9.039408 -3.505041
v  -19.000000 8.485172 -3.977132
v  -19.000000 8.485172 -3.977132
v  -19.000000 7.500000 -4.200007
v  -19.000000 7.500000 -4.200007
v  -19.000000 6.973550 -4.142218
v  -19.000000 6.973550 -4.142218
v  -19.000000 17.500000 -4.500000
v  -19.000000 17.500000 -4.500000
v  -19.000000 17.500000 -4.500000
v  -19.000000 14.850425 -3.637356
v  -19.000000 14.850425 -3.637356
v  -19.000000 13.220582 -1.391488
v  -19.000000 13.220582 -1.391488
v  -19.000000 13.218916 1.386379
v  -19.000000 13.218916 1.386379
v  -19.000000 14.856822 3.642019
v  -19.000000 14.856822 3.642019
v  -19.000000 17.500000 4.500000
v  -19.000000 17.500000 4.500000
v  -19.000000 17.500000 4.500000
v  -19.000000 20.149575 3.637356
v  -19.000000 20.149575 3.637356
v  -19.000000 21.779418 1.391488
v  -19.000000 21.779418 1.391488
v  -19.000000 21.781084 -1.386379
v  -19.000000 21.781084 -1.386379
v  -19.000000 20.143178 -3.642019
v  -19.000000 20.143178 -3.642019
v  -19.000000 17.500000 -6.500000
v  -19.000000 17.500000 -6.500000
v  -19.000000 17.500000 -6.500000
v  -19.000000 17.753110 -6.568981
v  -19.000000 17.753110 -6.568981
v  -19.000000 17.934422 -6.752574
v  -19.000000 17.934422 -6.752574
v  -19.000000 17.932475 -7.250774
v  -19.000000 17.932475 -7.250774
v  -19.000000 17.500000 -7.500000
v  -19.000000 17.500000 -7.500000
v  -19.000000 17.500000 -7.500000
v  -19.000000 17.246890 -7.431019
v  -19.000000 17.246890 -7.431019
v  -19.000000 17.065578 -7.247426
v  -19.000000 17.065578 -7.247426
v  -19.000000 17.067525 -6.749226
v  -19.000000 17.067525 -6.749226
v  -19.000000 17.500000 7.500000
v  -19.000000 17.500000 7.500000
v  -19.000000 17.500000 7.500000
v  -19.000000 17.753110 7.431019
v  -19.000000 17.753110 7.431019
v  -19.000000 17.934422 7.247426
v  -19.000000 17.934422 7.247426
v  -19.000000 17.932475 6.749226
v  -19.000000 17.932475 6.749226
v  -19.000000 17.500000 6.500000
v  -19.000000 17.500000 6.500000
v  -19.000000 17.500000 6.500000
v  -19.000000 17.246890 6.568981
v  -19.000000 17.246890 6.568981
v  -19.000000 17.065578 6.752574
v  -19.000000 17.065578 6.752574
v  -19.000000 17.067525 7.250774
v  -19.000000 17.067525 7.250774
v  -14.901704 5.098760 -3.000815
v  -14.901704 5.098760 -3.000815
v  -14.901704 5.098760 -3.000815
v  -15.172141 5.100000 -3.648569
v  -15.172141 5.100000 -3.648569
v  -16.131371 5.100000 -4.153340
v  -16.131371 5.100000 -4.153340
v  -16.131371 5.100000 -4.153340
v  -15.968381 4.706787 -4.188100
v  -15.968381 4.706787 -4.188100
v  -15.800000 4.300000 -4.200000
v  -15.800000 4.300000 -4.200000
v  -15.800000 4.300000 -4.200000
v  -15.800000 4.300000 -4.200000
v  -16.278565 4.101746 -4.100435
v  -16.278565 4.101746 -4.100435
v  -16.665811 3.941217 -3.830773
v  -16.665811 3.941217 -3.830773
v  -17.000000 3.802944 -3.000000
v  -17.000000 3.802944 -3.000000
v  -17.000000 3.802944 -3.000000
v  -17.000000 3.802944 -3.000000
v  -14.902944 5.100000 3.000000
v  -14.902944 5.100000 3.000000
v  -14.902944 5.100000 3.000000
v  -17.000000 3.802944 3.000000
v  -17.000000 3.802944 3.000000
v  -17.000000 3.802944 3.000000
v  -17.000000 3.802944 3.000000
v  -16.663259 3.942248 3.833407
v  -16.663259 3.942248 3.833407
v  -16.268983 4.105746 4.104563
v  -16.268983 4.105746 4.104563
v  -15.800000 4.300000 4.200000
v  -15.800000 4.300000 4.200000
v  -15.800000 4.300000 4.200000
v  -15.800000 4.300000 4.200000
v  -15.968381 4.706787 4.188100
v  -15.968381 4.706787 4.188100
v  -16.131371 5.100000 4.153340
v  -16.131371 5.100000 4.153340
v  -16.131371 5.100000 4.153340
v  -15.171362 5.100000 3.647701
v  -15.171362 5.100000 3.647701
v  -17.000000 3.000000 -3.000000
v  -17.000000 3.000000 -3.000000
v  -17.000000 3.000000 -3.000000
v  -17.000000 3.000000 3.000000
v  -17.000000 3.000000 3.000000
v  -17.000000 3.000000 3.000000
v  -18.200000 3.000000 -3.000000
v  -18.200000 3.000000 -3.000000
v  -18.200000 3.000000 -3.000000
v  -18.200000 3.000000 3.000000
v  -18.200000 3.000000 3.000000
v  -18.200000 3.000000 3.000000
v  -18.016922 3.000000 3.919371
v  -18.016922 3.000000 3.919371
v  -17.497067 3.000000 4.697040
v  -17.497067 3.000000 4.697040
v  -16.719398 3.000000 5.216911
v  -16.719398 3.000000 5.216911
v  -15.800000 3.000000 5.400000
v  -15.800000 3.000000 5.400000
v  -14.880629 3.000000 5.216922
v  -14.880629 3.000000 5.216922
v  -14.102960 3.000000 4.697067
v  -14.102960 3.000000 4.697067
v  -13.583089 3.000000 3.919398
v  -13.583089 3.000000 3.919398
v  -13.400000 3.000000 3.000000
v  -13.400000 3.000000 3.000000
v  -13.400000 3.000000 3.000000
v  -13.400000 3.000000 -3.000000
v  -13.400000 3.000000 -3.000000
v  -13.400000 3.000000 -3.000000
v  -13.583078 3.000000 -3.919371
v  -13.583078 3.000000 -3.919371
v  -14.102933 3.000000 -4.697040
v  -14.102933 3.000000 -4.697040
v  -14.880602 3.000000 -5.216911
v  -14.880602 3.000000 -5.216911
v  -15.800000 3.000000 -5.400000
v  -15.800000 3.000000 -5.400000
v  -16.719371 3.000000 -5.216922
v  -16.719371 3.000000 -5.216922
v  -17.497040 3.000000 -4.697067
v  -17.497040 3.000000 -4.697067
v  -18.016911 3.000000 -3.919398
v  -18.016911 3.000000 -3.919398
v  -14.600000 3.000000 -3.000000
v  -14.600000 3.000000 -3.000000
v  -14.600000 3.000000 -3.000000
v  -14.600000 3.000000 3.000000
v  -14.600000 3.000000 3.000000
v  -14.600000 3.000000 3.000000
v  -14.693073 3.000000 3.463087
v  -14.693073 3.000000 3.463087
v  -14.956789 3.000000 3.853831
v  -14.956789 3.000000 3.853831
v  -15.804385 3.000000 4.199910
v  -15.804385 3.000000 4.199910
v  -16.648282 3.000000 3.848798
v  -16.648282 3.000000 3.848798
v  -16.906927 3.000000 -3.463087
v  -16.906927 3.000000 -3.463087
v  -16.643211 3.000000 -3.853831
v  -16.643211 3.000000 -3.853831
v  -15.795615 3.000000 -4.199910
v  -15.795615 3.000000 -4.199910
v  -14.951718 3.000000 -3.848798
v  -14.951718 3.000000 -3.848798
v  -15.784565 4.262736 -4.199901
v  -15.784565 4.262736 -4.199901
v  -15.769134 4.225483 -4.199603
v  -15.769134 4.225483 -4.199603
v  -15.758238 4.236410 -4.199273
v  -15.758238 4.236410 -4.199273
v  -15.747322 4.247314 -4.200000
v  -15.747322 4.247314 -4.200000
v  -15.682965 4.311741 -4.194279
v  -15.682965 4.311741 -4.194279
v  -15.620101 4.374517 -4.186439
v  -15.620101 4.374517 -4.186439
v  -15.709757 4.337380 -4.196602
v  -15.709757 4.337380 -4.196602
v  -15.580950 5.100000 -4.179835
v  -15.580950 5.100000 -4.179835
v  -15.078063 5.100000 -3.958540
v  -15.078063 5.100000 -3.958540
v  -14.726519 5.100000 -3.536314
v  -14.726519 5.100000 -3.536314
v  -14.600000 5.100000 -3.000000
v  -14.600000 5.100000 -3.000000
v  -14.600000 5.100000 -3.000000
v  -15.580974 5.100000 4.179840
v  -15.580974 5.100000 4.179840
v  -15.078089 5.100000 3.958559
v  -15.078089 5.100000 3.958559
v  -14.726529 5.100000 3.536335
v  -14.726529 5.100000 3.536335
v  -14.600000 5.100000 3.000000
v  -14.600000 5.100000 3.000000
v  -14.600000 5.100000 3.000000
v  -15.709757 4.337380 4.196602
v  -15.709757 4.337380 4.196602
v  -15.620101 4.374517 4.186439
v  -15.620101 4.374517 4.186439
v  -15.682960 4.311746 4.194279
v  -15.682960 4.311746 4.194279
v  -15.747320 4.247315 4.200000
v  -15.747320 4.247315 4.200000
v  -15.758238 4.236410 4.199273
v  -15.758238 4.236410 4.199273
v  -15.769134 4.225483 4.199603
v  -15.769134 4.225483 4.199603
v  -15.784565 4.262736 4.199901
v  -15.784565 4.262736 4.199901
v  -15.119946 11.943464 -10.102825
v  -15.119946 11.943464 -10.102825
v  -15.701227 11.634154 -9.244863
v  -15.701227 11.634154 -9.244863
v  -16.700000 11.919622 -8.237832
v  -16.700000 11.919622 -8.237832
v  -16.700000 11.919622 -8.237832
v  -16.700000 12.491784 -7.735059
v  -16.700000 12.491784 -7.735059
v  -16.700000 13.231556 -7.553709
v  -16.700000 13.231556 -7.553709
v  -16.700000 13.577855 -7.591652
v  -16.700000 13.577855 -7.591652
v  -16.700000 13.907745 -7.703616
v  -16.700000 13.907745 -7.703616
v  -16.700000 13.907745 -7.703616
v  -16.700000 10.427867 6.999000
v  -16.700000 10.427867 6.999000
v  -16.700000 9.205163 5.495095
v  -16.700000 9.205163 5.495095
v  -16.700000 8.297735 3.784285
v  -16.700000 8.297735 3.784285
v  -16.700000 7.738573 1.927681
v  -16.700000 7.738573 1.927681
v  -16.700000 7.550125 -0.003189
v  -16.700000 7.550125 -0.003189
v  -16.700000 7.739563 -1.932689
v  -16.700000 7.739563 -1.932689
v  -16.700000 8.298727 -3.786692
v  -16.700000 8.298727 -3.786692
v  -16.700000 9.205474 -5.495564
v  -16.700000 9.205474 -5.495564
v  -16.700000 10.427562 -6.998701
v  -16.700000 10.427562 -6.998701
v  -16.700000 15.660284 8.298425
v  -16.700000 15.660284 8.298425
v  -16.700000 17.500000 8.500000
v  -16.700000 17.500000 8.500000
v  -16.700000 19.339716 8.298425
v  -16.700000 19.339716 8.298425
v  -16.700000 21.092255 7.703616
v  -16.700000 21.092255 7.703616
v  -16.700000 22.728573 6.701469
v  -16.700000 22.728573 6.701469
v  -16.700000 24.096513 5.360595
v  -16.700000 24.096513 5.360595
v  -16.700000 25.771457 1.957784
v  -16.700000 25.771457 1.957784
v  -16.700000 25.799769 -1.834048
v  -16.700000 25.799769 -1.834048
v  -16.700000 25.180362 -3.641467
v  -16.700000 25.180362 -3.641467
v  -16.700000 24.170031 -5.268834
v  -16.700000 24.170031 -5.268834
v  -16.700000 22.818072 -6.630584
v  -16.700000 22.818072 -6.630584
v  -16.700000 21.204282 -7.650377
v  -16.700000 21.204282 -7.650377
v  -16.700000 19.399276 -8.284955
v  -16.700000 19.399276 -8.284955
v  -16.700000 17.500000 -8.500000
v  -16.700000 17.500000 -8.500000
v  -16.700000 15.660284 -8.298425
v  -16.700000 15.660284 -8.298425
v  -16.700000 17.500000 -6.500000
v  -16.700000 17.500000 -6.500000
v  -16.700000 17.500000 -6.500000
v  -16.700000 17.246890 -6.568981
v  -16.700000 17.246890 -6.568981
v  -16.700000 17.065578 -6.752574
v  -16.700000 17.065578 -6.752574
v  -16.700000 17.067525 -7.250774
v  -16.700000 17.067525 -7.250774
v  -16.700000 17.500000 -7.500000
v  -16.700000 17.500000 -7.500000
v  -16.700000 17.500000 -7.500000
v  -16.700000 17.753110 -7.431019
v  -16.700000 17.753110 -7.431019
v  -16.700000 17.934422 -7.247426
v  -16.700000 17.934422 -7.247426
v  -16.700000 17.932475 -6.749226
v  -16.700000 17.932475 -6.749226
v  -16.700000 17.500000 7.500000
v  -16.700000 17.500000 7.500000
v  -16.700000 17.500000 7.500000
v  -16.700000 17.246890 7.431019
v  -16.700000 17.246890 7.431019
v  -16.700000 17.065578 7.247426
v  -16.700000 17.065578 7.247426
v  -16.700000 17.067525 6.749226
v  -16.700000 17.067525 6.749226
v  -16.700000 17.500000 6.500000
v  -16.700000 17.500000 6.500000
v  -16.700000 17.500000 6.500000
v  -16.700000 17.753110 6.568981
v  -16.700000 17.753110 6.568981
v  -16.700000 17.934422 6.752574
v  -16.700000 17.934422 6.752574
v  -16.700000 17.932475 7.250774
v  -16.700000 17.932475 7.250774
v  -16.700000 17.500000 -6.000000
v  -16.700000 17.500000 -6.000000
v  -16.700000 17.500000 -6.000000
v  -16.700000 20.506798 -5.192307
v  -16.700000 20.506798 -5.192307
v  -16.700000 22.696072 -3.000008
v  -16.700000 22.696072 -3.000008
v  -16.700000 23.499893 -0.010436
v  -16.700000 23.499893 -0.010436
v  -16.700000 22.700421 2.992432
v  -16.700000 22.700421 2.992432
v  -16.700000 20.499663 5.196407
v  -16.700000 20.499663 5.196407
v  -16.700000 17.500000 6.000000
v  -16.700000 17.500000 6.000000
v  -16.700000 17.500000 6.000000
v  -16.700000 14.493202 5.192307
v  -16.700000 14.493202 5.192307
v  -16.700000 12.303928 3.000008
v  -16.700000 12.303928 3.000008
v  -16.700000 11.500107 0.010436
v  -16.700000 11.500107 0.010436
v  -16.700000 12.299579 -2.992432
v  -16.700000 12.299579 -2.992432
v  -16.700000 14.500337 -5.196407
v  -16.700000 14.500337 -5.196407
v  -16.100000 17.500000 6.000000
v  -16.100000 17.500000 6.000000
v  -16.100000 17.500000 6.000000
v  -16.100000 14.500337 5.196407
v  -16.100000 14.500337 5.196407
v  -16.100000 12.299579 2.992432
v  -16.100000 12.299579 2.992432
v  -16.100000 11.500107 -0.010436
v  -16.100000 11.500107 -0.010436
v  -16.100000 12.303928 -3.000008
v  -16.100000 12.303928 -3.000008
v  -16.100000 14.493202 -5.192307
v  -16.100000 14.493202 -5.192307
v  -16.100000 17.500000 -6.000000
v  -16.100000 17.500000 -6.000000
v  -16.100000 17.500000 -6.000000
v  -16.100000 20.499663 -5.196407
v  -16.100000 20.499663 -5.196407
v  -16.100000 22.700421 -2.992432
v  -16.100000 22.700421 -2.992432
v  -16.100000 23.499893 0.010436
v  -16.100000 23.499893 0.010436
v  -16.100000 22.696072 3.000008
v  -16.100000 22.696072 3.000008
v  -16.100000 20.506798 5.192307
v  -16.100000 20.506798 5.192307
v  -16.100000 17.500000 -4.500000
v  -16.100000 17.500000 -4.500000
v  -16.100000 17.500000 -4.500000
v  -16.100000 20.149575 -3.637356
v  -16.100000 20.149575 -3.637356
v  -16.100000 21.779418 -1.391488
v  -16.100000 21.779418 -1.391488
v  -16.100000 21.781084 1.386379
v  -16.100000 21.781084 1.386379
v  -16.100000 20.143178 3.642019
v  -16.100000 20.143178 3.642019
v  -16.100000 17.500000 4.500000
v  -16.100000 17.500000 4.500000
v  -16.100000 17.500000 4.500000
v  -16.100000 14.850425 3.637356
v  -16.100000 14.850425 3.637356
v  -16.100000 13.220582 1.391488
v  -16.100000 13.220582 1.391488
v  -16.100000 13.218916 -1.386379
v  -16.100000 13.218916 -1.386379
v  -16.100000 14.856822 -3.642019
v  -16.100000 14.856822 -3.642019
v  -15.750000 30.500000 0.475000
v  -15.750000 30.500000 0.475000
v  -15.750000 30.500000 0.475000
v  -15.750000 30.500000 0.475000
v  -15.750000 30.911362 0.237500
v  -15.750000 30.911362 0.237500
v  -15.750000 30.911362 -0.237500
v  -15.750000 30.911362 -0.237500
v  -15.750000 30.500000 -0.475000
v  -15.750000 30.500000 -0.475000
v  -15.750000 30.500000 -0.475000
v  -15.750000 30.500000 -0.475000
v  -15.750000 30.088638 -0.237500
v  -15.750000 30.088638 -0.237500
v  -15.750000 30.088638 0.237500
v  -15.750000 30.088638 0.237500
v  -15.464591 30.500000 0.000000
v  -15.464591 30.500000 0.000000
v  -15.464591 30.500000 0.000000
v  -15.464591 30.500000 0.000000
v  -15.750000 11.000000 11.733330
v  -15.750000 11.000000 11.733330
v  -15.750000 11.000000 11.733330
v  -15.750000 11.000000 11.733330
v  -15.750000 11.411362 11.495830
v  -15.750000 11.411362 11.495830
v  -15.750000 11.411362 11.020830
v  -15.750000 11.411362 11.020830
v  -15.750000 11.000000 10.783330
v  -15.750000 11.000000 10.783330
v  -15.750000 11.000000 10.783330
v  -15.750000 11.000000 10.783330
v  -15.750000 10.588638 11.020830
v  -15.750000 10.588638 11.020830
v  -15.750000 10.588638 11.495830
v  -15.750000 10.588638 11.495830
v  -15.464591 11.000000 11.258330
v  -15.464591 11.000000 11.258330
v  -15.464591 11.000000 11.258330
v  -15.464591 11.000000 11.258330
v  -15.750000 11.000000 -10.783330
v  -15.750000 11.000000 -10.783330
v  -15.750000 11.000000 -10.783330
v  -15.750000 11.000000 -10.783330
v  -15.750000 11.411362 -11.020830
v  -15.750000 11.411362 -11.020830
v  -15.750000 11.411362 -11.495830
v  -15.750000 11.411362 -11.495830
v  -15.750000 11.000000 -11.733330
v  -15.750000 11.000000 -11.733330
v  -15.750000 11.000000 -11.733330
v  -15.750000 11.000000 -11.733330
v  -15.750000 10.588638 -11.495830
v  -15.750000 10.588638 -11.495830
v  -15.750000 10.588638 -11.020830
v  -15.750000 10.588638 -11.020830
v  -15.464591 11.000000 -11.258330
v  -15.464591 11.000000 -11.258330
v  -15.464591 11.000000 -11.258330
v  -15.464591 11.000000 -11.258330
v  -11.950000 7.000000 -9.500000
v  -11.950000 7.000000 -9.500000
v  -11.950000 7.000000 -9.500000
v  -12.258044 7.000000 -8.757037
v  -12.258044 7.000000 -8.757037
v  -12.995869 7.000000 -8.450014
v  -12.995869 7.000000 -8.450014
v  -13.737369 7.000000 -8.752486
v  -13.737369 7.000000 -8.752486
v  -13.968662 7.000000 -9.095247
v  -13.968662 7.000000 -9.095247
v  -14.050000 7.000000 -9.500000
v  -14.050000 7.000000 -9.500000
v  -14.050000 7.000000 -9.500000
v  -13.741956 7.000000 -10.242963
v  -13.741956 7.000000 -10.242963
v  -13.004131 7.000000 -10.549986
v  -13.004131 7.000000 -10.549986
v  -12.262631 7.000000 -10.247514
v  -12.262631 7.000000 -10.247514
v  -12.031338 7.000000 -9.904753
v  -12.031338 7.000000 -9.904753
v  -11.950000 7.000000 9.500000
v  -11.950000 7.000000 9.500000
v  -11.950000 7.000000 9.500000
v  -12.258044 7.000000 10.242963
v  -12.258044 7.000000 10.242963
v  -12.995869 7.000000 10.549986
v  -12.995869 7.000000 10.549986
v  -13.737369 7.000000 10.247514
v  -13.737369 7.000000 10.247514
v  -13.968662 7.000000 9.904753
v  -13.968662 7.000000 9.904753
v  -14.050000 7.000000 9.500000
v  -14.050000 7.000000 9.500000
v  -14.050000 7.000000 9.500000
v  -13.741956 7.000000 8.757037
v  -13.741956 7.000000 8.757037
v  -13.004131 7.000000 8.450014
v  -13.004131 7.000000 8.450014
v  -12.262631 7.000000 8.752486
v  -12.262631 7.000000 8.752486
v  -12.031338 7.000000 9.095247
v  -12.031338 7.000000 9.095247
v  -13.200000 5.100000 -6.000000
v  -13.200000 5.100000 -6.000000
v  -13.200000 5.100000 -6.000000
v  -13.434700 5.100000 -5.433933
v  -13.434700 5.100000 -5.433933
v  -13.996853 5.100000 -5.200011
v  -13.996853 5.100000 -5.200011
v  -14.561805 5.100000 -5.430465
v  -14.561805 5.100000 -5.430465
v  -14.738028 5.100000 -5.691616
v  -14.738028 5.100000 -5.691616
v  -14.800000 5.100000 -6.000000
v  -14.800000 5.100000 -6.000000
v  -14.800000 5.100000 -6.000000
v  -14.565300 5.100000 -6.566067
v  -14.565300 5.100000 -6.566067
v  -14.003147 5.100000 -6.799989
v  -14.003147 5.100000 -6.799989
v  -13.438195 5.100000 -6.569535
v  -13.438195 5.100000 -6.569535
v  -13.261972 5.100000 -6.308384
v  -13.261972 5.100000 -6.308384
v  -14.800000 5.100000 6.000000
v  -14.800000 5.100000 6.000000
v  -14.800000 5.100000 6.000000
v  -14.565300 5.100000 5.433933
v  -14.565300 5.100000 5.433933
v  -14.003147 5.100000 5.200011
v  -14.003147 5.100000 5.200011
v  -13.438195 5.100000 5.430465
v  -13.438195 5.100000 5.430465
v  -13.261972 5.100000 5.691616
v  -13.261972 5.100000 5.691616
v  -13.200000 5.100000 6.000000
v  -13.200000 5.100000 6.000000
v  -13.200000 5.100000 6.000000
v  -13.434700 5.100000 6.566067
v  -13.434700 5.100000 6.566067
v  -13.996853 5.100000 6.799989
v  -13.996853 5.100000 6.799989
v  -14.561805 5.100000 6.569535
v  -14.561805 5.100000 6.569535
v  -14.738028 5.100000 6.308384
v  -14.738028 5.100000 6.308384

vt  0.366729 0.089756 0.000000
vt  0.366729 0.089756 0.000000
vt  0.366729 0.089756 0.000000
vt  0.275814 0.105981 0.000000
vt  0.275814 0.105981 0.000000
vt  0.201190 0.134551 0.000000
vt  0.201190 0.134551 0.000000
vt  0.108680 0.200921 0.000000
vt  0.108680 0.200921 0.000000
vt  0.050081 0.280043 0.000000
vt  0.050081 0.280043 0.000000
vt  0.015797 0.365898 0.000000
vt  0.015797 0.365898 0.000000
vt  0.000000 0.455023 0.000000
vt  0.000000 0.455023 0.000000
vt  0.000009 0.545087 0.000000
vt  0.000009 0.545087 0.000000
vt  0.015777 0.634027 0.000000
vt  0.015777 0.634027 0.000000
vt  0.049969 0.719752 0.000000
vt  0.049969 0.719752 0.000000
vt  0.108522 0.798920 0.000000
vt  0.108522 0.798920 0.000000
vt  0.201190 0.865449 0.000000
vt  0.201190 0.865449 0.000000
vt  0.275814 0.894019 0.000000
vt  0.275814 0.894019 0.000000
vt  0.366729 0.910244 0.000000
vt  0.366729 0.910244 0.000000
vt  0.366729 0.910244 0.000000
vt  0.610628 0.812991 0.000000
vt  0.610628 0.812991 0.000000
vt  0.610628 0.812991 0.000000
vt  0.610628 0.812991 0.000000
vt  0.525441 0.813431 0.000000
vt  0.525441 0.813431 0.000000
vt  0.447745 0.800641 0.000000
vt  0.447745 0.800641 0.000000
vt  0.342209 0.757627 0.000000
vt  0.342209 0.757627 0.000000
vt  0.267365 0.696440 0.000000
vt  0.267365 0.696440 0.000000
vt  0.220036 0.624452 0.000000
vt  0.220036 0.624452 0.000000
vt  0.196628 0.547226 0.000000
vt  0.196628 0.547226 0.000000
vt  0.194574 0.468321 0.000000
vt  0.194574 0.468321 0.000000
vt  0.213585 0.390622 0.000000
vt  0.213585 0.390622 0.000000
vt  0.255519 0.317677 0.000000
vt  0.255519 0.317677 0.000000
vt  0.324433 0.253717 0.000000
vt  0.324433 0.253717 0.000000
vt  0.380418 0.222580 0.000000
vt  0.380418 0.222580 0.000000
vt  0.447745 0.199359 0.000000
vt  0.447745 0.199359 0.000000
vt  0.525441 0.186569 0.000000
vt  0.525441 0.186569 0.000000
vt  0.610628 0.187009 0.000000
vt  0.610628 0.187009 0.000000
vt  0.610628 0.187009 0.000000
vt  0.610628 0.187009 0.000000
vt  0.679464 0.188883 0.000000
vt  0.679464 0.188883 0.000000
vt  0.751789 0.181279 0.000000
vt  0.751789 0.181279 0.000000
vt  0.751789 0.181279 0.000000
vt  0.546094 0.056878 0.000000
vt  0.546094 0.056878 0.000000
vt  0.546094 0.056878 0.000000
vt  0.446608 0.078511 0.000000
vt  0.446608 0.078511 0.000000
vt  0.752871 0.223634 0.000000
vt  0.752871 0.223634 0.000000
vt  0.752871 0.223634 0.000000
vt  0.794725 0.194832 0.000000
vt  0.794725 0.194832 0.000000
vt  0.830330 0.163697 0.000000
vt  0.830330 0.163697 0.000000
vt  0.830330 0.163697 0.000000
vt  0.794001 0.172705 0.000000
vt  0.794001 0.172705 0.000000
vt  0.682880 0.199279 0.000000
vt  0.682880 0.199279 0.000000
vt  1.000000 0.291134 0.000000
vt  1.000000 0.291134 0.000000
vt  1.000000 0.291134 0.000000
vt  0.996835 0.218165 0.000000
vt  0.996835 0.218165 0.000000
vt  0.986987 0.146615 0.000000
vt  0.986987 0.146615 0.000000
vt  0.969639 0.085181 0.000000
vt  0.969639 0.085181 0.000000
vt  0.969639 0.085181 0.000000
vt  0.927582 0.115401 0.000000
vt  0.927582 0.115401 0.000000
vt  0.920524 0.120110 0.000000
vt  0.920524 0.120110 0.000000
vt  0.920524 0.120110 0.000000
vt  0.910977 0.169869 0.000000
vt  0.884344 0.221455 0.000000
vt  0.846371 0.270940 0.000000
vt  0.846371 0.270940 0.000000
vt  0.846371 0.270940 0.000000
vt  0.854946 0.273462 0.000000
vt  0.854946 0.273462 0.000000
vt  0.892850 0.136755 0.000000
vt  0.892850 0.136755 0.000000
vt  1.000000 0.708859 0.000000
vt  1.000000 0.708859 0.000000
vt  1.000000 0.708859 0.000000
vt  0.996851 0.781660 0.000000
vt  0.996851 0.781660 0.000000
vt  0.987052 0.853060 0.000000
vt  0.987052 0.853060 0.000000
vt  0.969795 0.914446 0.000000
vt  0.969795 0.914446 0.000000
vt  0.969795 0.914446 0.000000
vt  0.929162 1.000000 0.000000
vt  0.929162 1.000000 0.000000
vt  0.929162 1.000000 0.000000
vt  0.929162 0.000000 0.000000
vt  0.929162 0.000000 0.000000
vt  0.929162 0.000000 0.000000
vt  0.962147 0.136714 0.000000
vt  0.962147 0.136714 0.000000
vt  0.962147 0.136714 0.000000
vt  0.961388 0.123095 0.000000
vt  0.961388 0.123095 0.000000
vt  0.959181 0.108390 0.000000
vt  0.959181 0.108390 0.000000
vt  0.951589 0.083607 0.000000
vt  0.951589 0.083607 0.000000
vt  0.943147 0.075360 0.000000
vt  0.943147 0.075360 0.000000
vt  0.939323 0.090582 0.000000
vt  0.939323 0.090582 0.000000
vt  0.939323 0.090582 0.000000
vt  0.940352 0.105481 0.000000
vt  0.940352 0.105481 0.000000
vt  0.943203 0.122137 0.000000
vt  0.943203 0.122137 0.000000
vt  0.951678 0.148463 0.000000
vt  0.951678 0.148463 0.000000
vt  0.959226 0.153532 0.000000
vt  0.959226 0.153532 0.000000
vt  0.962147 0.863286 0.000000
vt  0.962147 0.863286 0.000000
vt  0.962147 0.863286 0.000000
vt  0.961388 0.852583 0.000000
vt  0.961388 0.852583 0.000000
vt  0.959181 0.846414 0.000000
vt  0.959181 0.846414 0.000000
vt  0.951589 0.851711 0.000000
vt  0.951589 0.851711 0.000000
vt  0.943147 0.878119 0.000000
vt  0.943147 0.878119 0.000000
vt  0.939323 0.909418 0.000000
vt  0.939323 0.909418 0.000000
vt  0.939323 0.909418 0.000000
vt  0.940352 0.919974 0.000000
vt  0.940352 0.919974 0.000000
vt  0.943203 0.924664 0.000000
vt  0.943203 0.924664 0.000000
vt  0.951678 0.916207 0.000000
vt  0.951678 0.916207 0.000000
vt  0.959226 0.891383 0.000000
vt  0.959226 0.891383 0.000000
vt  0.992021 0.399963 0.000000
vt  0.992021 0.399963 0.000000
vt  0.992021 0.399963 0.000000
vt  0.990989 0.368841 0.000000
vt  0.990989 0.368841 0.000000
vt  0.987943 0.339457 0.000000
vt  0.987943 0.339457 0.000000
vt  0.983037 0.314954 0.000000
vt  0.983037 0.314954 0.000000
vt  0.976625 0.298670 0.000000
vt  0.976625 0.298670 0.000000
vt  0.969435 0.294064 0.000000
vt  0.969435 0.294064 0.000000
vt  0.962637 0.303865 0.000000
vt  0.962637 0.303865 0.000000
vt  0.957668 0.328789 0.000000
vt  0.957668 0.328789 0.000000
vt  0.955829 0.365838 0.000000
vt  0.955829 0.365838 0.000000
vt  0.955829 0.365838 0.000000
vt  0.955829 0.634162 0.000000
vt  0.955829 0.634162 0.000000
vt  0.955829 0.634162 0.000000
vt  0.957668 0.671211 0.000000
vt  0.957668 0.671211 0.000000
vt  0.962637 0.696134 0.000000
vt  0.962637 0.696134 0.000000
vt  0.969435 0.705936 0.000000
vt  0.969435 0.705936 0.000000
vt  0.976625 0.701330 0.000000
vt  0.976625 0.701330 0.000000
vt  0.983037 0.685047 0.000000
vt  0.983037 0.685047 0.000000
vt  0.987942 0.660544 0.000000
vt  0.987942 0.660544 0.000000
vt  0.990989 0.631160 0.000000
vt  0.990989 0.631160 0.000000
vt  0.992021 0.600037 0.000000
vt  0.992021 0.600037 0.000000
vt  0.992021 0.600037 0.000000
vt  0.968763 0.264744 0.000000
vt  0.968763 0.264744 0.000000
vt  0.968763 0.264744 0.000000
vt  0.968242 0.252963 0.000000
vt  0.968242 0.252963 0.000000
vt  0.966734 0.241161 0.000000
vt  0.966734 0.241161 0.000000
vt  0.961652 0.223954 0.000000
vt  0.961652 0.223954 0.000000
vt  0.956181 0.222738 0.000000
vt  0.956181 0.222738 0.000000
vt  0.953762 0.239944 0.000000
vt  0.953762 0.239944 0.000000
vt  0.953762 0.239944 0.000000
vt  0.954409 0.252894 0.000000
vt  0.954409 0.252894 0.000000
vt  0.956216 0.265873 0.000000
vt  0.956216 0.265873 0.000000
vt  0.961711 0.283081 0.000000
vt  0.961711 0.283081 0.000000
vt  0.966765 0.281986 0.000000
vt  0.966765 0.281986 0.000000
vt  0.953762 0.760056 0.000000
vt  0.953762 0.760056 0.000000
vt  0.953762 0.760056 0.000000
vt  0.954409 0.770704 0.000000
vt  0.954409 0.770704 0.000000
vt  0.956216 0.777328 0.000000
vt  0.956216 0.777328 0.000000
vt  0.961711 0.775940 0.000000
vt  0.961711 0.775940 0.000000
vt  0.966765 0.758664 0.000000
vt  0.966765 0.758664 0.000000
vt  0.968763 0.735256 0.000000
vt  0.968763 0.735256 0.000000
vt  0.968763 0.735256 0.000000
vt  0.968242 0.725072 0.000000
vt  0.968242 0.725072 0.000000
vt  0.966734 0.717933 0.000000
vt  0.966734 0.717933 0.000000
vt  0.961652 0.717007 0.000000
vt  0.961652 0.717007 0.000000
vt  0.956181 0.734317 0.000000
vt  0.956181 0.734317 0.000000
vt  0.703620 0.794938 0.000000
vt  0.703620 0.794938 0.000000
vt  0.703620 0.794938 0.000000
vt  0.790788 0.756398 0.000000
vt  0.790788 0.756398 0.000000
vt  0.790788 0.756398 0.000000
vt  0.882386 0.720871 0.000000
vt  0.882386 0.720871 0.000000
vt  0.882386 0.720871 0.000000
vt  0.589392 0.237795 0.000000
vt  0.589392 0.237795 0.000000
vt  0.716257 0.283288 0.000000
vt  0.716257 0.283288 0.000000
vt  0.808598 0.379028 0.000000
vt  0.808598 0.379028 0.000000
vt  0.839561 0.508440 0.000000
vt  0.839561 0.508440 0.000000
vt  0.799936 0.635461 0.000000
vt  0.799936 0.635461 0.000000
vt  0.700969 0.725583 0.000000
vt  0.700969 0.725583 0.000000
vt  0.572432 0.764383 0.000000
vt  0.572432 0.764383 0.000000
vt  0.447745 0.757223 0.000000
vt  0.447745 0.757223 0.000000
vt  0.447745 0.757223 0.000000
vt  0.387602 0.737729 0.000000
vt  0.387602 0.737729 0.000000
vt  0.337047 0.710070 0.000000
vt  0.337047 0.710070 0.000000
vt  0.271436 0.646905 0.000000
vt  0.271436 0.646905 0.000000
vt  0.234739 0.573298 0.000000
vt  0.234739 0.573298 0.000000
vt  0.223874 0.495071 0.000000
vt  0.223874 0.495071 0.000000
vt  0.237893 0.417069 0.000000
vt  0.237893 0.417069 0.000000
vt  0.278263 0.344124 0.000000
vt  0.278263 0.344124 0.000000
vt  0.347710 0.283013 0.000000
vt  0.347710 0.283013 0.000000
vt  0.447745 0.242777 0.000000
vt  0.447745 0.242777 0.000000
vt  0.447745 0.242777 0.000000
vt  0.516033 0.233792 0.000000
vt  0.516033 0.233792 0.000000
vt  0.205946 0.491943 0.000000
vt  0.205946 0.491943 0.000000
vt  0.205946 0.491943 0.000000
vt  0.209172 0.493016 0.000000
vt  0.209172 0.493016 0.000000
vt  0.211505 0.495975 0.000000
vt  0.211505 0.495975 0.000000
vt  0.211480 0.504080 0.000000
vt  0.211480 0.504080 0.000000
vt  0.205946 0.508057 0.000000
vt  0.205946 0.508057 0.000000
vt  0.205946 0.508057 0.000000
vt  0.202755 0.506907 0.000000
vt  0.202755 0.506907 0.000000
vt  0.200491 0.503949 0.000000
vt  0.200491 0.503949 0.000000
vt  0.200516 0.495997 0.000000
vt  0.200516 0.495997 0.000000
vt  0.641211 0.774317 0.000000
vt  0.641211 0.774317 0.000000
vt  0.641211 0.774317 0.000000
vt  0.649542 0.777010 0.000000
vt  0.649542 0.777010 0.000000
vt  0.655563 0.781765 0.000000
vt  0.655563 0.781765 0.000000
vt  0.655498 0.792149 0.000000
vt  0.655498 0.792149 0.000000
vt  0.641211 0.795070 0.000000
vt  0.641211 0.795070 0.000000
vt  0.641211 0.795070 0.000000
vt  0.632965 0.792355 0.000000
vt  0.632965 0.792355 0.000000
vt  0.627111 0.787667 0.000000
vt  0.627111 0.787667 0.000000
vt  0.627174 0.777393 0.000000
vt  0.627174 0.777393 0.000000
vt  0.641211 0.204930 0.000000
vt  0.641211 0.204930 0.000000
vt  0.641211 0.204930 0.000000
vt  0.649542 0.205045 0.000000
vt  0.649542 0.205045 0.000000
vt  0.655563 0.207911 0.000000
vt  0.655563 0.207911 0.000000
vt  0.655498 0.218315 0.000000
vt  0.655498 0.218315 0.000000
vt  0.641211 0.225683 0.000000
vt  0.641211 0.225683 0.000000
vt  0.641211 0.225683 0.000000
vt  0.632965 0.225478 0.000000
vt  0.632965 0.225478 0.000000
vt  0.627111 0.222547 0.000000
vt  0.627111 0.222547 0.000000
vt  0.627174 0.212255 0.000000
vt  0.627174 0.212255 0.000000
vt  0.724525 0.814563 0.000000
vt  0.724525 0.814563 0.000000
vt  0.724525 0.814563 0.000000
vt  0.751789 0.818721 0.000000
vt  0.751789 0.818721 0.000000
vt  0.751789 0.818721 0.000000
vt  0.842573 0.839837 0.000000
vt  0.842573 0.839837 0.000000
vt  0.900096 0.862958 0.000000
vt  0.900096 0.862958 0.000000
vt  0.900096 0.862958 0.000000
vt  0.856678 0.807175 0.000000
vt  0.856678 0.807175 0.000000
vt  0.679438 0.811116 0.000000
vt  0.679438 0.811116 0.000000
vt  0.916260 0.777864 0.000000
vt  0.937913 0.836275 0.000000
vt  0.940771 0.890558 0.000000
vt  0.940771 0.890558 0.000000
vt  0.940771 0.890558 0.000000
vt  0.933664 0.885075 0.000000
vt  0.933664 0.885075 0.000000
vt  0.546094 0.943122 0.000000
vt  0.546094 0.943122 0.000000
vt  0.546094 0.943122 0.000000
vt  0.446608 0.921489 0.000000
vt  0.446608 0.921489 0.000000
vt  0.201190 0.816094 0.000000
vt  0.201190 0.816094 0.000000
vt  0.201190 0.816094 0.000000
vt  0.327385 0.846212 0.000000
vt  0.327385 0.846212 0.000000
vt  0.480160 0.819213 0.000000
vt  0.480160 0.819213 0.000000
vt  0.614234 0.703650 0.000000
vt  0.614234 0.703650 0.000000
vt  0.668274 0.499939 0.000000
vt  0.668274 0.499939 0.000000
vt  0.614104 0.296141 0.000000
vt  0.614104 0.296141 0.000000
vt  0.479813 0.180639 0.000000
vt  0.479813 0.180639 0.000000
vt  0.327052 0.153803 0.000000
vt  0.327052 0.153803 0.000000
vt  0.201190 0.183906 0.000000
vt  0.201190 0.183906 0.000000
vt  0.201190 0.183906 0.000000
vt  0.113559 0.245668 0.000000
vt  0.113559 0.245668 0.000000
vt  0.058945 0.323717 0.000000
vt  0.058945 0.323717 0.000000
vt  0.029401 0.410060 0.000000
vt  0.029401 0.410060 0.000000
vt  0.020068 0.500025 0.000000
vt  0.020068 0.500025 0.000000
vt  0.029425 0.590052 0.000000
vt  0.029425 0.590052 0.000000
vt  0.059038 0.676469 0.000000
vt  0.059038 0.676469 0.000000
vt  0.113721 0.754498 0.000000
vt  0.113721 0.754498 0.000000
vt  0.573632 0.768578 0.000000
vt  0.573632 0.768578 0.000000
vt  0.573632 0.768578 0.000000
vt  0.471393 0.806670 0.000000
vt  0.471393 0.806670 0.000000
vt  0.471393 0.806670 0.000000
vt  0.611582 0.765857 0.000000
vt  0.611582 0.765857 0.000000
vt  0.722330 0.659174 0.000000
vt  0.722330 0.659174 0.000000
vt  0.764382 0.500000 0.000000
vt  0.764382 0.500000 0.000000
vt  0.722330 0.340826 0.000000
vt  0.722330 0.340826 0.000000
vt  0.611582 0.234143 0.000000
vt  0.611582 0.234143 0.000000
vt  0.471393 0.193330 0.000000
vt  0.471393 0.193330 0.000000
vt  0.471393 0.193330 0.000000
vt  0.573632 0.231422 0.000000
vt  0.573632 0.231422 0.000000
vt  0.573632 0.231422 0.000000
vt  0.705248 0.278141 0.000000
vt  0.705248 0.278141 0.000000
vt  0.800783 0.379816 0.000000
vt  0.800783 0.379816 0.000000
vt  0.800783 0.379816 0.000000
vt  0.811918 0.394006 0.000000
vt  0.811918 0.394006 0.000000
vt  0.818786 0.409801 0.000000
vt  0.818786 0.409801 0.000000
vt  0.818786 0.409801 0.000000
vt  0.830179 0.500030 0.000000
vt  0.830179 0.500030 0.000000
vt  0.818786 0.590199 0.000000
vt  0.818786 0.590199 0.000000
vt  0.818786 0.590199 0.000000
vt  0.811793 0.606199 0.000000
vt  0.811793 0.606199 0.000000
vt  0.800783 0.620184 0.000000
vt  0.800783 0.620184 0.000000
vt  0.800783 0.620184 0.000000
vt  0.705248 0.721859 0.000000
vt  0.705248 0.721859 0.000000
vt  0.551896 0.694368 0.000000
vt  0.551896 0.694368 0.000000
vt  0.541041 0.693719 0.000000
vt  0.541041 0.693719 0.000000
vt  0.530874 0.694881 0.000000
vt  0.530874 0.694881 0.000000
vt  0.530874 0.694881 0.000000
vt  0.475080 0.709956 0.000000
vt  0.475080 0.709956 0.000000
vt  0.475080 0.709956 0.000000
vt  0.485586 0.708997 0.000000
vt  0.485586 0.708997 0.000000
vt  0.496835 0.709987 0.000000
vt  0.496835 0.709987 0.000000
vt  0.521638 0.718903 0.000000
vt  0.521638 0.718903 0.000000
vt  0.541558 0.735318 0.000000
vt  0.541558 0.735318 0.000000
vt  0.541558 0.735318 0.000000
vt  0.525667 0.772363 0.000000
vt  0.525667 0.772363 0.000000
vt  0.498144 0.797645 0.000000
vt  0.498144 0.797645 0.000000
vt  0.598909 0.755933 0.000000
vt  0.598909 0.755933 0.000000
vt  0.603203 0.731857 0.000000
vt  0.603203 0.731857 0.000000
vt  0.584388 0.707471 0.000000
vt  0.584388 0.707471 0.000000
vt  0.598909 0.244068 0.000000
vt  0.598909 0.244068 0.000000
vt  0.603203 0.268144 0.000000
vt  0.603203 0.268144 0.000000
vt  0.584387 0.292529 0.000000
vt  0.584387 0.292529 0.000000
vt  0.551896 0.305632 0.000000
vt  0.551896 0.305632 0.000000
vt  0.541041 0.306281 0.000000
vt  0.541041 0.306281 0.000000
vt  0.530874 0.305119 0.000000
vt  0.530874 0.305119 0.000000
vt  0.530874 0.305119 0.000000
vt  0.479615 0.299644 0.000000
vt  0.479615 0.299644 0.000000
vt  0.430568 0.304067 0.000000
vt  0.430568 0.304067 0.000000
vt  0.345233 0.338107 0.000000
vt  0.345233 0.338107 0.000000
vt  0.288022 0.394774 0.000000
vt  0.288022 0.394774 0.000000
vt  0.259800 0.463572 0.000000
vt  0.259800 0.463572 0.000000
vt  0.259714 0.535984 0.000000
vt  0.259714 0.535984 0.000000
vt  0.287921 0.605072 0.000000
vt  0.287921 0.605072 0.000000
vt  0.345423 0.662018 0.000000
vt  0.345423 0.662018 0.000000
vt  0.430568 0.695933 0.000000
vt  0.430568 0.695933 0.000000
vt  0.479615 0.700356 0.000000
vt  0.479615 0.700356 0.000000
vt  0.780364 0.624463 0.000000
vt  0.780364 0.624463 0.000000
vt  0.759140 0.624999 0.000000
vt  0.759140 0.624999 0.000000
vt  0.719918 0.616426 0.000000
vt  0.719918 0.616426 0.000000
vt  0.698440 0.601796 0.000000
vt  0.698440 0.601796 0.000000
vt  0.692376 0.587011 0.000000
vt  0.692376 0.587011 0.000000
vt  0.692376 0.587011 0.000000
vt  0.692376 0.412989 0.000000
vt  0.692376 0.412989 0.000000
vt  0.692376 0.412989 0.000000
vt  0.698391 0.398262 0.000000
vt  0.698391 0.398262 0.000000
vt  0.719847 0.383604 0.000000
vt  0.719847 0.383604 0.000000
vt  0.759140 0.375015 0.000000
vt  0.759140 0.375015 0.000000
vt  0.780723 0.375578 0.000000
vt  0.780723 0.375578 0.000000
vt  0.430568 0.393696 0.000000
vt  0.430568 0.393696 0.000000
vt  0.430568 0.393696 0.000000
vt  0.502733 0.407731 0.000000
vt  0.502733 0.407731 0.000000
vt  0.552243 0.462993 0.000000
vt  0.552243 0.462993 0.000000
vt  0.552296 0.536873 0.000000
vt  0.552296 0.536873 0.000000
vt  0.502547 0.592370 0.000000
vt  0.502547 0.592370 0.000000
vt  0.430568 0.606304 0.000000
vt  0.430568 0.606304 0.000000
vt  0.430568 0.606304 0.000000
vt  0.367748 0.580487 0.000000
vt  0.367748 0.580487 0.000000
vt  0.333232 0.529650 0.000000
vt  0.333232 0.529650 0.000000
vt  0.333198 0.470460 0.000000
vt  0.333198 0.470460 0.000000
vt  0.367890 0.419398 0.000000
vt  0.367890 0.419398 0.000000
vt  0.430568 0.348063 0.000000
vt  0.430568 0.348063 0.000000
vt  0.430568 0.348063 0.000000
vt  0.424182 0.347491 0.000000
vt  0.424182 0.347491 0.000000
vt  0.419659 0.344120 0.000000
vt  0.419659 0.344120 0.000000
vt  0.419708 0.333147 0.000000
vt  0.419708 0.333147 0.000000
vt  0.430568 0.325837 0.000000
vt  0.430568 0.325837 0.000000
vt  0.430568 0.325837 0.000000
vt  0.437040 0.326267 0.000000
vt  0.437040 0.326267 0.000000
vt  0.441729 0.329576 0.000000
vt  0.441729 0.329576 0.000000
vt  0.441678 0.340767 0.000000
vt  0.441678 0.340767 0.000000
vt  0.430568 0.674163 0.000000
vt  0.430568 0.674163 0.000000
vt  0.430568 0.674163 0.000000
vt  0.424182 0.671559 0.000000
vt  0.424182 0.671559 0.000000
vt  0.419659 0.666771 0.000000
vt  0.419659 0.666771 0.000000
vt  0.419708 0.655813 0.000000
vt  0.419708 0.655813 0.000000
vt  0.430568 0.651937 0.000000
vt  0.430568 0.651937 0.000000
vt  0.430568 0.651937 0.000000
vt  0.437040 0.654463 0.000000
vt  0.437040 0.654463 0.000000
vt  0.441729 0.659316 0.000000
vt  0.441729 0.659316 0.000000
vt  0.441678 0.670490 0.000000
vt  0.441678 0.670490 0.000000
vt  0.800428 0.383960 0.000000
vt  0.800428 0.383960 0.000000
vt  0.800428 0.383960 0.000000
vt  0.805241 0.361869 0.000000
vt  0.805241 0.361869 0.000000
vt  0.821356 0.351628 0.000000
vt  0.821356 0.351628 0.000000
vt  0.821356 0.351628 0.000000
vt  0.838813 0.348098 0.000000
vt  0.838813 0.348098 0.000000
vt  0.857476 0.345250 0.000000
vt  0.857476 0.345250 0.000000
vt  0.857476 0.345250 0.000000
vt  0.857476 0.345250 0.000000
vt  0.874318 0.352347 0.000000
vt  0.874318 0.352347 0.000000
vt  0.887354 0.364365 0.000000
vt  0.887354 0.364365 0.000000
vt  0.898183 0.394889 0.000000
vt  0.898183 0.394889 0.000000
vt  0.898183 0.394889 0.000000
vt  0.898183 0.394889 0.000000
vt  0.800384 0.615997 0.000000
vt  0.800384 0.615997 0.000000
vt  0.800384 0.615997 0.000000
vt  0.898183 0.605111 0.000000
vt  0.898183 0.605111 0.000000
vt  0.898183 0.605111 0.000000
vt  0.898183 0.605111 0.000000
vt  0.887272 0.635742 0.000000
vt  0.887272 0.635742 0.000000
vt  0.873988 0.647867 0.000000
vt  0.873988 0.647867 0.000000
vt  0.857476 0.654750 0.000000
vt  0.857476 0.654750 0.000000
vt  0.857476 0.654750 0.000000
vt  0.857476 0.654750 0.000000
vt  0.838813 0.651902 0.000000
vt  0.838813 0.651902 0.000000
vt  0.821356 0.648372 0.000000
vt  0.821356 0.648372 0.000000
vt  0.821356 0.648372 0.000000
vt  0.805228 0.638105 0.000000
vt  0.805228 0.638105 0.000000
vt  0.938685 0.393949 0.000000
vt  0.938685 0.393949 0.000000
vt  0.938685 0.393949 0.000000
vt  0.938685 0.606051 0.000000
vt  0.938685 0.606051 0.000000
vt  0.938685 0.606051 0.000000
vt  0.948769 0.400629 0.000000
vt  0.948769 0.400629 0.000000
vt  0.948769 0.400629 0.000000
vt  0.948769 0.599371 0.000000
vt  0.948769 0.599371 0.000000
vt  0.948769 0.599371 0.000000
vt  0.947315 0.630280 0.000000
vt  0.947315 0.630280 0.000000
vt  0.943025 0.659421 0.000000
vt  0.943025 0.659421 0.000000
vt  0.936124 0.683655 0.000000
vt  0.936124 0.683655 0.000000
vt  0.927118 0.699659 0.000000
vt  0.927118 0.699659 0.000000
vt  0.917040 0.704023 0.000000
vt  0.917040 0.704023 0.000000
vt  0.907533 0.694100 0.000000
vt  0.907533 0.694100 0.000000
vt  0.900596 0.669270 0.000000
vt  0.900596 0.669270 0.000000
vt  0.898032 0.632570 0.000000
vt  0.898032 0.632570 0.000000
vt  0.898032 0.632570 0.000000
vt  0.898032 0.367430 0.000000
vt  0.898032 0.367430 0.000000
vt  0.898032 0.367430 0.000000
vt  0.900596 0.330731 0.000000
vt  0.900596 0.330731 0.000000
vt  0.907532 0.305901 0.000000
vt  0.907532 0.305901 0.000000
vt  0.917040 0.295977 0.000000
vt  0.917040 0.295977 0.000000
vt  0.927118 0.300341 0.000000
vt  0.927118 0.300341 0.000000
vt  0.936124 0.316344 0.000000
vt  0.936124 0.316344 0.000000
vt  0.943025 0.340578 0.000000
vt  0.943025 0.340578 0.000000
vt  0.947315 0.369719 0.000000
vt  0.947315 0.369719 0.000000
vt  0.913721 0.377583 0.000000
vt  0.913721 0.377583 0.000000
vt  0.913721 0.377583 0.000000
vt  0.913721 0.622417 0.000000
vt  0.913721 0.622417 0.000000
vt  0.913721 0.622417 0.000000
vt  0.914836 0.639879 0.000000
vt  0.914836 0.639879 0.000000
vt  0.917920 0.652515 0.000000
vt  0.917920 0.652515 0.000000
vt  0.927163 0.657400 0.000000
vt  0.927163 0.657400 0.000000
vt  0.935462 0.637881 0.000000
vt  0.935462 0.637881 0.000000
vt  0.937844 0.377341 0.000000
vt  0.937844 0.377341 0.000000
vt  0.935414 0.361905 0.000000
vt  0.935414 0.361905 0.000000
vt  0.927073 0.342519 0.000000
vt  0.927073 0.342519 0.000000
vt  0.917862 0.347628 0.000000
vt  0.917862 0.347628 0.000000
vt  0.859216 0.345030 0.000000
vt  0.859216 0.345030 0.000000
vt  0.860961 0.344817 0.000000
vt  0.860961 0.344817 0.000000
vt  0.860230 0.344758 0.000000
vt  0.860230 0.344758 0.000000
vt  0.859499 0.344662 0.000000
vt  0.859499 0.344662 0.000000
vt  0.855169 0.344452 0.000000
vt  0.855169 0.344452 0.000000
vt  0.850924 0.344329 0.000000
vt  0.850924 0.344329 0.000000
vt  0.854204 0.344668 0.000000
vt  0.854204 0.344668 0.000000
vt  0.812328 0.346140 0.000000
vt  0.812328 0.346140 0.000000
vt  0.803562 0.349768 0.000000
vt  0.803562 0.349768 0.000000
vt  0.797115 0.362475 0.000000
vt  0.797115 0.362475 0.000000
vt  0.794727 0.381907 0.000000
vt  0.794727 0.381907 0.000000
vt  0.794727 0.381907 0.000000
vt  0.812329 0.653860 0.000000
vt  0.812329 0.653860 0.000000
vt  0.803562 0.650233 0.000000
vt  0.803562 0.650233 0.000000
vt  0.797115 0.637525 0.000000
vt  0.797115 0.637525 0.000000
vt  0.794727 0.618093 0.000000
vt  0.794727 0.618093 0.000000
vt  0.794727 0.618093 0.000000
vt  0.854204 0.655332 0.000000
vt  0.854204 0.655332 0.000000
vt  0.850924 0.655671 0.000000
vt  0.850924 0.655671 0.000000
vt  0.855168 0.655548 0.000000
vt  0.855168 0.655548 0.000000
vt  0.859499 0.655338 0.000000
vt  0.859499 0.655338 0.000000
vt  0.860230 0.655242 0.000000
vt  0.860230 0.655242 0.000000
vt  0.860961 0.655183 0.000000
vt  0.860961 0.655183 0.000000
vt  0.859216 0.654970 0.000000
vt  0.859216 0.654970 0.000000
vt  0.498148 0.202358 0.000000
vt  0.498148 0.202358 0.000000
vt  0.525678 0.227652 0.000000
vt  0.525678 0.227652 0.000000
vt  0.541558 0.264682 0.000000
vt  0.541558 0.264682 0.000000
vt  0.541558 0.264682 0.000000
vt  0.521638 0.281097 0.000000
vt  0.521638 0.281097 0.000000
vt  0.496835 0.290013 0.000000
vt  0.496835 0.290013 0.000000
vt  0.485586 0.291003 0.000000
vt  0.485586 0.291003 0.000000
vt  0.475080 0.290044 0.000000
vt  0.475080 0.290044 0.000000
vt  0.475080 0.290044 0.000000
vt  0.596601 0.710514 0.000000
vt  0.596601 0.710514 0.000000
vt  0.645138 0.672925 0.000000
vt  0.645138 0.672925 0.000000
vt  0.683162 0.623400 0.000000
vt  0.683162 0.623400 0.000000
vt  0.707432 0.564316 0.000000
vt  0.707432 0.564316 0.000000
vt  0.715754 0.499893 0.000000
vt  0.715754 0.499893 0.000000
vt  0.707389 0.435520 0.000000
vt  0.707389 0.435520 0.000000
vt  0.683119 0.376526 0.000000
vt  0.683119 0.376526 0.000000
vt  0.645125 0.327063 0.000000
vt  0.645125 0.327063 0.000000
vt  0.596613 0.289493 0.000000
vt  0.596613 0.289493 0.000000
vt  0.422581 0.714326 0.000000
vt  0.422581 0.714326 0.000000
vt  0.373071 0.708268 0.000000
vt  0.373071 0.708268 0.000000
vt  0.328717 0.693541 0.000000
vt  0.328717 0.693541 0.000000
vt  0.290729 0.671887 0.000000
vt  0.290729 0.671887 0.000000
vt  0.258599 0.643779 0.000000
vt  0.258599 0.643779 0.000000
vt  0.233953 0.611463 0.000000
vt  0.233953 0.611463 0.000000
vt  0.206236 0.539240 0.000000
vt  0.206236 0.539240 0.000000
vt  0.205790 0.463263 0.000000
vt  0.205790 0.463263 0.000000
vt  0.215726 0.426076 0.000000
vt  0.215726 0.426076 0.000000
vt  0.232682 0.390626 0.000000
vt  0.232682 0.390626 0.000000
vt  0.256927 0.358039 0.000000
vt  0.256927 0.358039 0.000000
vt  0.288431 0.329769 0.000000
vt  0.288431 0.329769 0.000000
vt  0.327360 0.307072 0.000000
vt  0.327360 0.307072 0.000000
vt  0.373071 0.291732 0.000000
vt  0.373071 0.291732 0.000000
vt  0.422581 0.285674 0.000000
vt  0.422581 0.285674 0.000000
vt  0.373071 0.338206 0.000000
vt  0.373071 0.338206 0.000000
vt  0.373071 0.338206 0.000000
vt  0.379564 0.335384 0.000000
vt  0.379564 0.335384 0.000000
vt  0.384276 0.330134 0.000000
vt  0.384276 0.330134 0.000000
vt  0.384225 0.318302 0.000000
vt  0.384225 0.318302 0.000000
vt  0.373071 0.314698 0.000000
vt  0.373071 0.314698 0.000000
vt  0.373071 0.314698 0.000000
vt  0.366677 0.317608 0.000000
vt  0.366677 0.317608 0.000000
vt  0.362155 0.322774 0.000000
vt  0.362155 0.322774 0.000000
vt  0.362203 0.334350 0.000000
vt  0.362203 0.334350 0.000000
vt  0.373071 0.685302 0.000000
vt  0.373071 0.685302 0.000000
vt  0.373071 0.685302 0.000000
vt  0.379564 0.685012 0.000000
vt  0.379564 0.685012 0.000000
vt  0.384276 0.681629 0.000000
vt  0.384276 0.681629 0.000000
vt  0.384225 0.669777 0.000000
vt  0.384225 0.669777 0.000000
vt  0.373071 0.661794 0.000000
vt  0.373071 0.661794 0.000000
vt  0.373071 0.661794 0.000000
vt  0.366677 0.662256 0.000000
vt  0.366677 0.662256 0.000000
vt  0.362155 0.665719 0.000000
vt  0.362155 0.665719 0.000000
vt  0.362203 0.677313 0.000000
vt  0.362203 0.677313 0.000000
vt  0.373071 0.350148 0.000000
vt  0.373071 0.350148 0.000000
vt  0.373071 0.350148 0.000000
vt  0.302987 0.380513 0.000000
vt  0.302987 0.380513 0.000000
vt  0.259208 0.434627 0.000000
vt  0.259208 0.434627 0.000000
vt  0.244468 0.499777 0.000000
vt  0.244468 0.499777 0.000000
vt  0.259127 0.565201 0.000000
vt  0.259127 0.565201 0.000000
vt  0.303139 0.619603 0.000000
vt  0.303139 0.619603 0.000000
vt  0.373071 0.649852 0.000000
vt  0.373071 0.649852 0.000000
vt  0.373071 0.649852 0.000000
vt  0.456931 0.642152 0.000000
vt  0.456931 0.642152 0.000000
vt  0.528106 0.588525 0.000000
vt  0.528106 0.588525 0.000000
vt  0.556579 0.500317 0.000000
vt  0.556579 0.500317 0.000000
vt  0.528257 0.411685 0.000000
vt  0.528257 0.411685 0.000000
vt  0.456714 0.357769 0.000000
vt  0.456714 0.357769 0.000000
vt  0.356788 0.652334 0.000000
vt  0.356788 0.652334 0.000000
vt  0.356788 0.652334 0.000000
vt  0.440519 0.645075 0.000000
vt  0.440519 0.645075 0.000000
vt  0.512591 0.590378 0.000000
vt  0.512591 0.590378 0.000000
vt  0.541237 0.499675 0.000000
vt  0.541237 0.499675 0.000000
vt  0.512439 0.409408 0.000000
vt  0.512439 0.409408 0.000000
vt  0.440737 0.355005 0.000000
vt  0.440737 0.355005 0.000000
vt  0.356788 0.347666 0.000000
vt  0.356788 0.347666 0.000000
vt  0.356788 0.347666 0.000000
vt  0.287220 0.378721 0.000000
vt  0.287220 0.378721 0.000000
vt  0.243636 0.433982 0.000000
vt  0.243636 0.433982 0.000000
vt  0.229153 0.500226 0.000000
vt  0.229153 0.500226 0.000000
vt  0.243716 0.566192 0.000000
vt  0.243716 0.566192 0.000000
vt  0.287069 0.621161 0.000000
vt  0.287069 0.621161 0.000000
vt  0.356788 0.384728 0.000000
vt  0.356788 0.384728 0.000000
vt  0.356788 0.384728 0.000000
vt  0.294698 0.413649 0.000000
vt  0.294698 0.413649 0.000000
vt  0.261184 0.468363 0.000000
vt  0.261184 0.468363 0.000000
vt  0.261151 0.531520 0.000000
vt  0.261151 0.531520 0.000000
vt  0.294836 0.586477 0.000000
vt  0.294836 0.586477 0.000000
vt  0.356788 0.615272 0.000000
vt  0.356788 0.615272 0.000000
vt  0.356788 0.615272 0.000000
vt  0.429925 0.601427 0.000000
vt  0.429925 0.601427 0.000000
vt  0.481249 0.541107 0.000000
vt  0.481249 0.541107 0.000000
vt  0.481304 0.459042 0.000000
vt  0.481304 0.459042 0.000000
vt  0.429734 0.398465 0.000000
vt  0.429734 0.398465 0.000000
vt  0.118560 0.508528 0.000000
vt  0.118560 0.508528 0.000000
vt  0.118560 0.508528 0.000000
vt  0.118560 0.508528 0.000000
vt  0.113708 0.504219 0.000000
vt  0.113708 0.504219 0.000000
vt  0.113708 0.495781 0.000000
vt  0.113708 0.495781 0.000000
vt  0.118560 0.491472 0.000000
vt  0.118560 0.491472 0.000000
vt  0.118560 0.491472 0.000000
vt  0.118560 0.491472 0.000000
vt  0.123518 0.495690 0.000000
vt  0.123518 0.495690 0.000000
vt  0.123518 0.504310 0.000000
vt  0.123518 0.504310 0.000000
vt  0.111946 0.500000 0.000000
vt  0.111946 0.500000 0.000000
vt  0.111946 0.500000 0.000000
vt  0.111946 0.500000 0.000000
vt  0.550687 0.837934 0.000000
vt  0.550687 0.837934 0.000000
vt  0.550687 0.837934 0.000000
vt  0.550687 0.837934 0.000000
vt  0.535219 0.829014 0.000000
vt  0.535219 0.829014 0.000000
vt  0.535219 0.817739 0.000000
vt  0.535219 0.817739 0.000000
vt  0.550687 0.815247 0.000000
vt  0.550687 0.815247 0.000000
vt  0.550687 0.815247 0.000000
vt  0.550687 0.815247 0.000000
vt  0.566538 0.824260 0.000000
vt  0.566538 0.824260 0.000000
vt  0.566538 0.835671 0.000000
vt  0.566538 0.835671 0.000000
vt  0.543006 0.830007 0.000000
vt  0.543006 0.830007 0.000000
vt  0.543006 0.830007 0.000000
vt  0.543006 0.830007 0.000000
vt  0.550687 0.184753 0.000000
vt  0.550687 0.184753 0.000000
vt  0.550687 0.184753 0.000000
vt  0.550687 0.184753 0.000000
vt  0.535219 0.182261 0.000000
vt  0.535219 0.182261 0.000000
vt  0.535219 0.170986 0.000000
vt  0.535219 0.170986 0.000000
vt  0.550687 0.162066 0.000000
vt  0.550687 0.162066 0.000000
vt  0.550687 0.162066 0.000000
vt  0.550687 0.162066 0.000000
vt  0.566538 0.164329 0.000000
vt  0.566538 0.164329 0.000000
vt  0.566538 0.175740 0.000000
vt  0.566538 0.175740 0.000000
vt  0.543006 0.169993 0.000000
vt  0.543006 0.169993 0.000000
vt  0.543006 0.169993 0.000000
vt  0.543006 0.169993 0.000000
vt  0.621836 0.129435 0.000000
vt  0.621836 0.129435 0.000000
vt  0.621836 0.129435 0.000000
vt  0.631675 0.157773 0.000000
vt  0.631675 0.157773 0.000000
vt  0.653786 0.179558 0.000000
vt  0.653786 0.179558 0.000000
vt  0.674131 0.181776 0.000000
vt  0.674131 0.181776 0.000000
vt  0.680126 0.175088 0.000000
vt  0.680126 0.175088 0.000000
vt  0.682197 0.164567 0.000000
vt  0.682197 0.164567 0.000000
vt  0.682197 0.164567 0.000000
vt  0.674251 0.138657 0.000000
vt  0.674251 0.138657 0.000000
vt  0.654023 0.117688 0.000000
vt  0.654023 0.117688 0.000000
vt  0.631819 0.113065 0.000000
vt  0.631819 0.113065 0.000000
vt  0.624471 0.118826 0.000000
vt  0.624471 0.118826 0.000000
vt  0.621836 0.870565 0.000000
vt  0.621836 0.870565 0.000000
vt  0.621836 0.870565 0.000000
vt  0.631675 0.886888 0.000000
vt  0.631675 0.886888 0.000000
vt  0.653786 0.882456 0.000000
vt  0.653786 0.882456 0.000000
vt  0.674131 0.861544 0.000000
vt  0.674131 0.861544 0.000000
vt  0.680126 0.848226 0.000000
vt  0.680126 0.848226 0.000000
vt  0.682197 0.835433 0.000000
vt  0.682197 0.835433 0.000000
vt  0.682197 0.835433 0.000000
vt  0.674251 0.818291 0.000000
vt  0.674251 0.818291 0.000000
vt  0.654023 0.820311 0.000000
vt  0.654023 0.820311 0.000000
vt  0.631819 0.842005 0.000000
vt  0.631819 0.842005 0.000000
vt  0.624471 0.856719 0.000000
vt  0.624471 0.856719 0.000000
vt  0.765620 0.252835 0.000000
vt  0.765620 0.252835 0.000000
vt  0.765620 0.252835 0.000000
vt  0.770871 0.277181 0.000000
vt  0.770871 0.277181 0.000000
vt  0.782817 0.293009 0.000000
vt  0.782817 0.293009 0.000000
vt  0.793999 0.291418 0.000000
vt  0.793999 0.291418 0.000000
vt  0.797330 0.284323 0.000000
vt  0.797330 0.284323 0.000000
vt  0.798485 0.274411 0.000000
vt  0.798485 0.274411 0.000000
vt  0.798485 0.274411 0.000000
vt  0.794065 0.252065 0.000000
vt  0.794065 0.252065 0.000000
vt  0.782946 0.236166 0.000000
vt  0.782946 0.236166 0.000000
vt  0.770948 0.235770 0.000000
vt  0.770948 0.235770 0.000000
vt  0.767023 0.242473 0.000000
vt  0.767023 0.242473 0.000000
vt  0.798485 0.725589 0.000000
vt  0.798485 0.725589 0.000000
vt  0.798485 0.725589 0.000000
vt  0.794065 0.708664 0.000000
vt  0.794065 0.708664 0.000000
vt  0.782946 0.706914 0.000000
vt  0.782946 0.706914 0.000000
vt  0.770948 0.722642 0.000000
vt  0.770948 0.722642 0.000000
vt  0.767023 0.734823 0.000000
vt  0.767023 0.734823 0.000000
vt  0.765620 0.747165 0.000000
vt  0.765620 0.747165 0.000000
vt  0.765620 0.747165 0.000000
vt  0.770871 0.764160 0.000000
vt  0.770871 0.764160 0.000000
vt  0.782817 0.763926 0.000000
vt  0.782817 0.763926 0.000000
vt  0.793999 0.748100 0.000000
vt  0.793999 0.748100 0.000000
vt  0.797330 0.736907 0.000000
vt  0.797330 0.736907 0.000000

vn  0.000000 -0.399653 -0.916667
vn  0.000000 -0.399653 -0.916667
vn  1.000000 0.000000 0.000000
vn  0.000000 -0.204124 -0.978945
vn  1.000000 0.000000 0.000000
vn  0.000000 0.000000 -1.000000
vn  1.000000 0.000000 0.000000
vn  0.000000 0.342218 -0.939621
vn  1.000000 0.000000 0.000000
vn  0.000000 0.642716 -0.766104
vn  1.000000 0.000000 0.000000
vn  0.000000 0.865945 -0.500139
vn  1.000000 0.000000 0.000000
vn  0.000000 0.984836 -0.173487
vn  1.000000 0.000000 0.000000
vn  0.000000 0.984762 0.173910
vn  1.000000 0.000000 0.000000
vn  0.000000 0.866094 0.499881
vn  1.000000 0.000000 0.000000
vn  0.000000 0.643376 0.765550
vn  1.000000 0.000000 0.000000
vn  0.000000 0.342920 0.939365
vn  1.000000 0.000000 0.000000
vn  0.000000 0.000000 1.000000
vn  1.000000 0.000000 0.000000
vn  0.000000 -0.204124 0.978945
vn  1.000000 0.000000 0.000000
vn  0.000000 -0.399653 0.916667
vn  0.000000 -0.399653 0.916667
vn  1.000000 0.000000 0.000000
vn  0.000000 -0.399653 0.916667
vn  -1.000000 0.000000 0.000000
vn  -1.000000 -0.000000 0.000000
vn  0.000000 -0.399653 0.916667
vn  0.000000 -0.204124 0.978945
vn  -1.000000 0.000000 0.000000
vn  0.000000 0.000000 1.000000
vn  -1.000000 0.000000 0.000000
vn  0.000000 0.334606 0.942358
vn  -1.000000 0.000000 0.000000
vn  0.000000 0.630950 0.775824
vn  -1.000000 0.000000 0.000000
vn  0.000000 0.854937 0.518731
vn  -1.000000 0.000000 0.000000
vn  0.000000 0.979274 0.202541
vn  -1.000000 0.000000 0.000000
vn  0.000000 0.990680 -0.136212
vn  -1.000000 0.000000 0.000000
vn  0.000000 0.888210 -0.459438
vn  -1.000000 0.000000 0.000000
vn  0.000000 0.683941 -0.729537
vn  -1.000000 0.000000 0.000000
vn  0.000000 0.399653 -0.916667
vn  -1.000000 0.000000 0.000000
vn  0.000000 0.204124 -0.978945
vn  -1.000000 0.000000 0.000000
vn  0.000000 0.000000 -1.000000
vn  -1.000000 0.000000 0.000000
vn  0.000000 -0.204124 -0.978945
vn  -1.000000 0.000000 0.000000
vn  0.000000 -0.399653 -0.916667
vn  0.000000 -0.399653 -0.916667
vn  -1.000000 -0.000000 -0.000000
vn  -1.000000 0.000000 0.000000
vn  0.000000 -0.200029 -0.979790
vn  -0.997244 -0.039191 -0.062996
vn  0.000000 0.000000 -1.000000
vn  -0.962168 -0.170113 -0.212826
vn  0.000000 0.000000 -1.000000
vn  0.000000 0.000000 -1.000000
vn  1.000000 0.000000 0.000000
vn  0.000000 0.000000 -1.000000
vn  0.000000 -0.204124 -0.978945
vn  1.000000 0.000000 0.000000
vn  -1.000000 -0.000000 -0.000000
vn  -1.000000 0.000000 0.000000
vn  -1.000000 0.000000 0.000000
vn  -0.956776 -0.200917 -0.210266
vn  -0.956776 -0.248822 -0.150556
vn  -0.830916 -0.388961 -0.397853
vn  -0.830917 -0.486463 -0.270059
vn  0.000000 0.000000 -1.000000
vn  -0.906760 -0.281294 -0.314102
vn  0.000000 0.000000 -1.000000
vn  -1.000000 -0.000000 -0.000000
vn  -1.000000 0.000000 0.000000
vn  -1.000000 0.000000 0.000000
vn  0.000000 -1.000000 0.000000
vn  -1.000000 0.000000 0.000000
vn  -0.871007 -0.010598 -0.491156
vn  0.000000 -1.000000 0.000000
vn  -0.517999 -0.030386 -0.854842
vn  0.000000 -1.000000 0.000000
vn  -0.030909 -0.047728 -0.998382
vn  0.000000 -1.000000 0.000000
vn  0.000000 0.000000 -1.000000
vn  -0.325248 -0.440293 -0.836873
vn  0.000000 0.000000 -1.000000
vn  -0.370163 -0.476862 -0.797234
vn  -0.370163 -0.476862 -0.797234
vn  0.000000 0.000000 -1.000000
vn  -0.700707 -0.366232 -0.612278
vn  -0.922146 -0.198576 -0.331985
vn  -1.000000 0.000000 0.000000
vn  -1.000000 0.000000 0.000000
vn  -1.000000 0.000000 0.000000
vn  -1.000000 0.000000 0.000000
vn  -1.000000 0.000000 0.000000
vn  -0.548094 -0.581394 -0.601311
vn  0.000000 0.000000 -1.000000
vn  0.000000 -1.000000 0.000000
vn  -1.000000 0.000000 0.000000
vn  -1.000000 0.000000 -0.000000
vn  0.000000 -1.000000 0.000000
vn  -0.871616 -0.011644 0.490051
vn  0.000000 -1.000000 0.000000
vn  -0.520142 -0.035731 0.853332
vn  0.000000 -1.000000 0.000000
vn  -0.034684 -0.060073 0.997591
vn  0.000000 0.000000 1.000000
vn  0.000000 -1.000000 0.000000
vn  0.000000 0.000000 1.000000
vn  1.000000 0.000000 0.000000
vn  0.000000 -1.000000 0.000000
vn  1.000000 0.000000 0.000000
vn  0.000000 0.000000 -1.000000
vn  0.000000 -1.000000 0.000000
vn  1.000000 0.000000 -0.000000
vn  1.000000 0.000000 0.000000
vn  0.000000 -1.000000 0.000000
vn  0.922691 0.000000 0.385541
vn  0.000000 -1.000000 0.000000
vn  0.702259 0.000000 0.711921
vn  0.000000 -1.000000 0.000000
vn  -0.003934 0.000000 0.999992
vn  0.000000 -1.000000 0.000000
vn  -0.706627 0.000000 0.707586
vn  0.000000 -1.000000 0.000000
vn  -1.000000 0.000000 0.000000
vn  -1.000000 0.000000 0.000000
vn  0.000000 -1.000000 0.000000
vn  -0.922691 0.000000 -0.385541
vn  0.000000 -1.000000 0.000000
vn  -0.702259 0.000000 -0.711921
vn  0.000000 -1.000000 0.000000
vn  0.003934 0.000000 -0.999992
vn  0.000000 -1.000000 0.000000
vn  0.706627 0.000000 -0.707586
vn  0.000000 -1.000000 0.000000
vn  1.000000 0.000000 -0.000000
vn  1.000000 0.000000 0.000000
vn  0.000000 -1.000000 0.000000
vn  0.922691 0.000000 0.385541
vn  0.000000 -1.000000 0.000000
vn  0.702259 0.000000 0.711921
vn  0.000000 -1.000000 0.000000
vn  -0.003934 0.000000 0.999992
vn  0.000000 -1.000000 0.000000
vn  -0.706627 0.000000 0.707586
vn  0.000000 -1.000000 0.000000
vn  -1.000000 0.000000 0.000000
vn  -1.000000 0.000000 0.000000
vn  0.000000 -1.000000 0.000000
vn  -0.922691 0.000000 -0.385541
vn  0.000000 -1.000000 0.000000
vn  -0.702259 0.000000 -0.711921
vn  0.000000 -1.000000 0.000000
vn  0.003934 0.000000 -0.999992
vn  0.000000 -1.000000 0.000000
vn  0.706627 0.000000 -0.707586
vn  0.000000 -1.000000 0.000000
vn  1.000000 0.000000 0.000000
vn  1.000000 0.000000 -0.000000
vn  0.000000 -1.000000 0.000000
vn  0.923719 0.000000 0.383072
vn  0.000000 -1.000000 0.000000
vn  0.707113 0.000000 0.707101
vn  0.000000 -1.000000 0.000000
vn  0.383083 0.000000 0.923714
vn  0.000000 -1.000000 0.000000
vn  0.000000 0.000000 1.000000
vn  0.000000 -1.000000 0.000000
vn  -0.383072 0.000000 0.923719
vn  0.000000 -1.000000 0.000000
vn  -0.707101 0.000000 0.707113
vn  0.000000 -1.000000 0.000000
vn  -0.923714 0.000000 0.383083
vn  0.000000 -1.000000 0.000000
vn  -1.000000 0.000000 0.000000
vn  -1.000000 0.000000 0.000000
vn  0.000000 -1.000000 0.000000
vn  -1.000000 0.000000 -0.000000
vn  -1.000000 0.000000 0.000000
vn  0.000000 -1.000000 0.000000
vn  -0.923719 0.000000 -0.383072
vn  0.000000 -1.000000 0.000000
vn  -0.707113 0.000000 -0.707101
vn  0.000000 -1.000000 0.000000
vn  -0.383083 0.000000 -0.923714
vn  0.000000 -1.000000 0.000000
vn  0.000000 0.000000 -1.000000
vn  0.000000 -1.000000 0.000000
vn  0.383072 0.000000 -0.923719
vn  0.000000 -1.000000 0.000000
vn  0.707101 0.000000 -0.707113
vn  0.000000 -1.000000 0.000000
vn  0.923714 0.000000 -0.383083
vn  0.000000 -1.000000 0.000000
vn  1.000000 0.000000 0.000000
vn  1.000000 0.000000 -0.000000
vn  0.000000 -1.000000 0.000000
vn  1.000000 0.000000 -0.000000
vn  1.000000 0.000000 0.000000
vn  0.000000 -1.000000 0.000000
vn  0.922691 0.000000 0.385541
vn  0.000000 -1.000000 0.000000
vn  0.702259 0.000000 0.711921
vn  0.000000 -1.000000 0.000000
vn  -0.003934 0.000000 0.999992
vn  0.000000 -1.000000 0.000000
vn  -0.706627 0.000000 0.707586
vn  0.000000 -1.000000 0.000000
vn  -1.000000 0.000000 0.000000
vn  -1.000000 0.000000 0.000000
vn  0.000000 -1.000000 0.000000
vn  -0.922691 0.000000 -0.385541
vn  0.000000 -1.000000 0.000000
vn  -0.702259 0.000000 -0.711921
vn  0.000000 -1.000000 0.000000
vn  0.003934 0.000000 -0.999992
vn  0.000000 -1.000000 0.000000
vn  0.706627 0.000000 -0.707586
vn  0.000000 -1.000000 0.000000
vn  -1.000000 0.000000 -0.000000
vn  -1.000000 0.000000 -0.000000
vn  0.000000 -1.000000 0.000000
vn  -0.922691 0.000000 -0.385541
vn  0.000000 -1.000000 0.000000
vn  -0.702259 0.000000 -0.711921
vn  0.000000 -1.000000 0.000000
vn  0.003934 0.000000 -0.999992
vn  0.000000 -1.000000 0.000000
vn  0.706627 0.000000 -0.707586
vn  0.000000 -1.000000 0.000000
vn  1.000000 0.000000 0.000000
vn  1.000000 0.000000 0.000000
vn  0.000000 -1.000000 0.000000
vn  0.922691 0.000000 0.385541
vn  0.000000 -1.000000 0.000000
vn  0.702259 0.000000 0.711921
vn  0.000000 -1.000000 0.000000
vn  -0.003934 0.000000 0.999992
vn  0.000000 -1.000000 0.000000
vn  -0.706627 0.000000 0.707586
vn  -1.000000 0.000000 0.000000
vn  -1.000000 -0.000000 0.000000
vn  -1.000000 -0.000000 0.000000
vn  -1.000000 0.000000 0.000000
vn  -1.000000 -0.000000 0.000000
vn  -1.000000 0.000000 -0.000000
vn  -1.000000 0.000000 0.000000
vn  -1.000000 0.000000 -0.000000
vn  -1.000000 0.000000 -0.000000
vn  -1.000000 0.000000 0.000000
vn  0.000000 0.422618 0.906308
vn  -1.000000 0.000000 0.000000
vn  0.000000 0.733690 0.679484
vn  -1.000000 0.000000 0.000000
vn  0.000000 0.935383 0.353637
vn  -1.000000 0.000000 0.000000
vn  0.000000 0.999709 -0.024137
vn  -1.000000 0.000000 0.000000
vn  0.000000 0.917127 -0.398594
vn  -1.000000 0.000000 0.000000
vn  0.000000 0.698625 -0.715488
vn  -1.000000 0.000000 0.000000
vn  0.000000 0.376960 -0.926230
vn  -1.000000 0.000000 0.000000
vn  0.000000 -0.000000 -1.000000
vn  0.000000 -0.000000 -1.000000
vn  -1.000000 0.000000 0.000000
vn  0.000000 -0.216440 -0.976296
vn  -1.000000 0.000000 0.000000
vn  0.000000 -0.422618 -0.906308
vn  -1.000000 0.000000 0.000000
vn  0.000000 -0.733690 -0.679484
vn  -1.000000 0.000000 0.000000
vn  0.000000 -0.935383 -0.353637
vn  -1.000000 0.000000 0.000000
vn  0.000000 -0.999709 0.024137
vn  -1.000000 0.000000 0.000000
vn  0.000000 -0.917127 0.398594
vn  -1.000000 0.000000 0.000000
vn  0.000000 -0.698625 0.715488
vn  -1.000000 0.000000 0.000000
vn  0.000000 -0.376960 0.926230
vn  -1.000000 0.000000 0.000000
vn  0.000000 0.000000 1.000000
vn  0.000000 0.000000 1.000000
vn  -1.000000 0.000000 0.000000
vn  0.000000 0.216440 0.976296
vn  -1.000000 0.000000 0.000000
vn  0.000000 0.000000 1.000000
vn  0.000000 0.000000 1.000000
vn  -1.000000 0.000000 0.000000
vn  0.000000 0.506064 0.862496
vn  -1.000000 0.000000 0.000000
vn  0.000000 0.869132 0.494581
vn  -1.000000 0.000000 0.000000
vn  0.000000 0.865264 -0.501316
vn  -1.000000 0.000000 0.000000
vn  0.000000 -0.000000 -1.000000
vn  0.000000 0.000000 -1.000000
vn  -1.000000 0.000000 0.000000
vn  0.000000 -0.506064 -0.862496
vn  -1.000000 0.000000 0.000000
vn  0.000000 -0.869132 -0.494581
vn  -1.000000 0.000000 0.000000
vn  0.000000 -0.865264 0.501316
vn  -1.000000 0.000000 0.000000
vn  0.000000 0.000000 1.000000
vn  0.000000 0.000000 1.000000
vn  -1.000000 0.000000 0.000000
vn  0.000000 0.506064 0.862496
vn  -1.000000 0.000000 0.000000
vn  0.000000 0.869132 0.494581
vn  -1.000000 0.000000 0.000000
vn  0.000000 0.865264 -0.501316
vn  -1.000000 0.000000 0.000000
vn  0.000000 -0.000000 -1.000000
vn  0.000000 0.000000 -1.000000
vn  -1.000000 0.000000 0.000000
vn  0.000000 -0.506064 -0.862496
vn  -1.000000 0.000000 0.000000
vn  0.000000 -0.869132 -0.494581
vn  -1.000000 0.000000 0.000000
vn  0.000000 -0.865264 0.501316
vn  -1.000000 0.000000 0.000000
vn  0.000000 0.000000 1.000000
vn  0.000000 0.000000 1.000000
vn  -1.000000 0.000000 0.000000
vn  0.000000 0.506064 0.862496
vn  -1.000000 0.000000 0.000000
vn  0.000000 0.869132 0.494581
vn  -1.000000 0.000000 0.000000
vn  0.000000 0.865264 -0.501316
vn  -1.000000 0.000000 0.000000
vn  0.000000 -0.000000 -1.000000
vn  0.000000 0.000000 -1.000000
vn  -1.000000 0.000000 0.000000
vn  0.000000 -0.506064 -0.862496
vn  -1.000000 0.000000 0.000000
vn  0.000000 -0.869132 -0.494581
vn  -1.000000 0.000000 0.000000
vn  0.000000 -0.865264 0.501316
vn  -0.980134 -0.116811 0.160290
vn  -0.980134 -0.116811 0.160290
vn  0.000000 -0.076097 0.997100
vn  -0.962168 -0.170113 0.212826
vn  0.000000 0.000000 1.000000
vn  0.000000 -0.000000 1.000000
vn  -0.797788 -0.427445 0.425235
vn  0.000000 0.000000 1.000000
vn  -0.558055 -0.622532 0.548660
vn  -0.558055 -0.622532 0.548660
vn  0.000000 0.000000 1.000000
vn  -0.882625 -0.352659 0.310812
vn  -0.882625 -0.352659 0.310812
vn  -0.997250 -0.039147 0.062931
vn  0.000000 -0.200100 0.979775
vn  -0.906880 -0.176316 0.382729
vn  -0.644862 -0.319795 0.694178
vn  -0.262745 -0.403716 0.876344
vn  -0.262745 -0.403716 0.876344
vn  0.000000 0.000000 1.000000
vn  -0.324073 -0.482188 0.813923
vn  0.000000 0.000000 1.000000
vn  0.000000 0.000000 1.000000
vn  0.000000 -0.000000 1.000000
vn  1.000000 0.000000 0.000000
vn  0.000000 -0.204124 0.978945
vn  1.000000 0.000000 0.000000
vn  1.000000 0.000000 0.000000
vn  0.000000 -0.000000 -1.000000
vn  0.000000 -0.000000 -1.000000
vn  1.000000 0.000000 0.000000
vn  0.000000 0.383762 -0.923432
vn  1.000000 0.000000 0.000000
vn  0.000000 0.707712 -0.706501
vn  1.000000 0.000000 0.000000
vn  0.000000 0.923995 -0.382404
vn  1.000000 0.000000 0.000000
vn  0.000000 1.000000 0.000108
vn  1.000000 0.000000 0.000000
vn  0.000000 0.923806 0.382861
vn  1.000000 0.000000 0.000000
vn  0.000000 0.707089 0.707124
vn  1.000000 0.000000 0.000000
vn  0.000000 0.382921 0.923781
vn  1.000000 0.000000 0.000000
vn  0.000000 0.000000 1.000000
vn  0.000000 0.000000 1.000000
vn  1.000000 0.000000 0.000000
vn  0.000000 -0.383762 0.923432
vn  1.000000 0.000000 0.000000
vn  0.000000 -0.707712 0.706501
vn  1.000000 0.000000 0.000000
vn  0.000000 -0.923995 0.382404
vn  1.000000 0.000000 0.000000
vn  0.000000 -1.000000 -0.000108
vn  1.000000 0.000000 0.000000
vn  0.000000 -0.923806 -0.382861
vn  1.000000 0.000000 0.000000
vn  0.000000 -0.707089 -0.707124
vn  1.000000 0.000000 0.000000
vn  0.000000 -0.382921 -0.923781
vn  0.000000 0.422618 -0.906308
vn  0.000000 0.422618 -0.906308
vn  -1.000000 0.000000 0.000000
vn  0.000000 0.422618 -0.906308
vn  0.000000 0.422618 -0.906308
vn  0.707107 0.298836 -0.640856
vn  0.000000 0.727374 -0.686242
vn  0.707107 0.514331 -0.485246
vn  0.000000 0.929348 -0.369206
vn  0.707107 0.657148 -0.261068
vn  0.000000 1.000000 0.000000
vn  0.707107 0.707107 0.000000
vn  0.000000 0.929348 0.369206
vn  0.707107 0.657148 0.261068
vn  0.000000 0.727374 0.686242
vn  0.707107 0.514331 0.485246
vn  0.000000 0.422618 0.906308
vn  0.000000 0.422618 0.906308
vn  0.707107 0.298836 0.640856
vn  0.000000 0.422618 0.906308
vn  -1.000000 0.000000 0.000000
vn  0.000000 0.422618 0.906308
vn  0.000000 0.738380 0.674385
vn  -1.000000 0.000000 0.000000
vn  0.000000 0.940805 0.338948
vn  -1.000000 0.000000 0.000000
vn  0.419759 0.419759 0.804739
vn  0.000000 0.953145 0.302515
vn  0.631621 0.631621 0.449567
vn  0.000000 0.966568 0.256410
vn  0.707107 0.707107 -0.000000
vn  0.707107 0.707107 0.000000
vn  0.000000 1.000000 -0.000083
vn  0.707107 0.707107 0.000000
vn  0.000000 0.966568 -0.256410
vn  0.707107 0.707107 -0.000000
vn  0.707107 0.707107 0.000000
vn  0.000000 0.952964 -0.303084
vn  0.629635 0.629635 -0.455104
vn  0.000000 0.940805 -0.338948
vn  -1.000000 0.000000 0.000000
vn  0.419759 0.419759 -0.804739
vn  0.000000 0.738380 -0.674385
vn  -1.000000 0.000000 0.000000
vn  0.000000 0.000000 1.000000
vn  -1.000000 0.000000 0.000000
vn  0.000000 -0.216440 0.976296
vn  -1.000000 0.000000 0.000000
vn  0.000000 -0.422618 0.906308
vn  -1.000000 0.000000 0.000000
vn  0.000000 -0.422618 0.906308
vn  0.000000 -0.422618 0.906308
vn  1.000000 0.000000 0.000000
vn  0.000000 -0.422618 0.906308
vn  0.000000 -0.216440 0.976296
vn  1.000000 0.000000 0.000000
vn  0.000000 0.000000 1.000000
vn  1.000000 0.000000 0.000000
vn  0.000000 0.462373 0.886686
vn  1.000000 0.000000 0.000000
vn  0.000000 0.819959 0.572423
vn  0.707107 0.396575 -0.585430
vn  1.000000 0.000000 0.000000
vn  0.000000 0.998359 -0.057258
vn  0.707107 0.378820 -0.597072
vn  0.000000 0.805006 -0.593267
vn  0.707107 0.340760 -0.619582
vn  0.000000 0.897324 -0.441372
vn  -1.000000 0.000000 0.000000
vn  0.000000 0.976299 0.216428
vn  -1.000000 0.000000 0.000000
vn  0.000000 0.626734 0.779233
vn  -1.000000 0.000000 0.000000
vn  -1.000000 0.000000 0.000000
vn  0.000000 0.897332 0.441356
vn  -1.000000 0.000000 0.000000
vn  0.000000 0.976293 -0.216451
vn  -1.000000 0.000000 0.000000
vn  0.000000 0.626720 -0.779245
vn  -1.000000 0.000000 0.000000
vn  0.000000 -0.000000 -1.000000
vn  -1.000000 0.000000 0.000000
vn  0.000000 -0.216440 -0.976296
vn  -1.000000 0.000000 0.000000
vn  0.000000 -0.422618 -0.906308
vn  0.000000 -0.422618 -0.906308
vn  -1.000000 0.000000 0.000000
vn  0.000000 -0.216440 -0.976296
vn  -1.000000 0.000000 0.000000
vn  0.000000 0.000000 -1.000000
vn  -1.000000 0.000000 0.000000
vn  0.000000 0.434921 -0.900468
vn  -1.000000 0.000000 0.000000
vn  0.000000 0.782047 -0.623220
vn  -1.000000 0.000000 0.000000
vn  0.000000 0.974824 -0.222978
vn  -1.000000 0.000000 0.000000
vn  0.000000 0.975436 0.220282
vn  -1.000000 0.000000 0.000000
vn  0.000000 0.782713 0.622383
vn  -1.000000 0.000000 0.000000
vn  0.000000 0.433855 0.900983
vn  -1.000000 0.000000 0.000000
vn  0.000000 0.000000 1.000000
vn  -1.000000 0.000000 0.000000
vn  0.000000 -0.216440 0.976296
vn  -1.000000 0.000000 0.000000
vn  0.215423 0.215423 -0.952463
vn  -1.000000 0.000000 0.000000
vn  -0.000001 -0.000001 -1.000000
vn  -1.000000 0.000000 0.000000
vn  -0.409749 -0.409749 -0.814992
vn  -1.000000 0.000000 0.000000
vn  -0.640892 -0.640892 -0.422511
vn  -1.000000 0.000000 0.000000
vn  -0.707107 -0.707107 0.000000
vn  -0.707107 -0.707107 -0.000000
vn  -1.000000 0.000000 0.000000
vn  -0.707107 -0.707107 0.000000
vn  -0.707107 -0.707107 0.000000
vn  -1.000000 0.000000 0.000000
vn  -0.641427 -0.641427 0.420883
vn  -1.000000 0.000000 0.000000
vn  -0.410502 -0.410502 0.814234
vn  -1.000000 0.000000 0.000000
vn  -0.000000 -0.000000 1.000000
vn  -1.000000 0.000000 0.000000
vn  0.219055 0.219055 0.950805
vn  -1.000000 0.000000 0.000000
vn  0.000000 -0.000000 1.000000
vn  0.000000 -0.000000 1.000000
vn  -1.000000 0.000000 0.000000
vn  0.000000 0.588752 0.808314
vn  -1.000000 0.000000 0.000000
vn  0.000000 0.951016 0.309142
vn  -1.000000 0.000000 0.000000
vn  0.000000 0.951385 -0.308004
vn  -1.000000 0.000000 0.000000
vn  0.000000 0.587328 -0.809349
vn  -1.000000 0.000000 0.000000
vn  0.000000 0.000000 -1.000000
vn  0.000000 0.000000 -1.000000
vn  -1.000000 0.000000 0.000000
vn  0.000000 -0.588752 -0.808314
vn  -1.000000 0.000000 0.000000
vn  0.000000 -0.951016 -0.309142
vn  -1.000000 0.000000 0.000000
vn  0.000000 -0.951385 0.308004
vn  -1.000000 0.000000 0.000000
vn  0.000000 -0.587328 0.809349
vn  -1.000000 0.000000 0.000000
vn  0.000000 0.000000 -1.000000
vn  0.000000 0.000000 -1.000000
vn  -1.000000 0.000000 0.000000
vn  0.000000 -0.506064 -0.862496
vn  -1.000000 0.000000 0.000000
vn  0.000000 -0.869132 -0.494581
vn  -1.000000 0.000000 0.000000
vn  0.000000 -0.865264 0.501316
vn  -1.000000 0.000000 0.000000
vn  0.000000 -0.000000 1.000000
vn  0.000000 0.000000 1.000000
vn  -1.000000 0.000000 0.000000
vn  0.000000 0.506064 0.862496
vn  -1.000000 0.000000 0.000000
vn  0.000000 0.869132 0.494581
vn  -1.000000 0.000000 0.000000
vn  0.000000 0.865264 -0.501316
vn  -1.000000 0.000000 0.000000
vn  0.000000 0.000000 -1.000000
vn  0.000000 0.000000 -1.000000
vn  -1.000000 0.000000 0.000000
vn  0.000000 -0.506064 -0.862496
vn  -1.000000 0.000000 0.000000
vn  0.000000 -0.869132 -0.494581
vn  -1.000000 0.000000 0.000000
vn  0.000000 -0.865264 0.501316
vn  -1.000000 0.000000 0.000000
vn  0.000000 -0.000000 1.000000
vn  0.000000 0.000000 1.000000
vn  -1.000000 0.000000 0.000000
vn  0.000000 0.506064 0.862496
vn  -1.000000 0.000000 0.000000
vn  0.000000 0.869132 0.494581
vn  -1.000000 0.000000 0.000000
vn  0.000000 0.865264 -0.501316
vn  -0.707106 -0.707106 0.001358
vn  -0.707107 -0.707107 0.000000
vn  0.000000 -1.000000 0.000000
vn  -0.594938 -0.594938 0.540460
vn  0.000000 -1.000000 0.000000
vn  -0.195262 -0.195262 0.961117
vn  0.276142 0.000000 0.961117
vn  0.000000 -1.000000 0.000000
vn  -0.099336 -0.099336 0.990083
vn  0.140322 0.000000 0.990106
vn  0.000000 0.000000 1.000000
vn  -0.000000 0.000000 1.000000
vn  0.000000 0.000000 1.000000
vn  0.000000 0.000000 1.000000
vn  0.282008 0.282008 0.917030
vn  0.398762 0.000000 0.917054
vn  0.510248 0.510248 0.692311
vn  0.721558 0.000000 0.692354
vn  0.707107 0.707107 -0.000000
vn  0.707107 0.707107 0.000000
vn  1.000000 0.000000 0.000000
vn  1.000000 0.000000 0.000000
vn  -0.707107 -0.707107 0.000000
vn  -0.707107 -0.707107 -0.000000
vn  0.000000 -1.000000 0.000000
vn  0.707107 0.707107 -0.000000
vn  0.707107 0.707107 0.000000
vn  1.000000 0.000000 0.000000
vn  1.000000 0.000000 -0.000000
vn  0.508754 0.508754 -0.694506
vn  0.719443 0.000000 -0.694551
vn  0.276349 0.276349 -0.920469
vn  0.390767 0.000000 -0.920490
vn  0.000000 0.000000 -1.000000
vn  0.000000 0.000000 -1.000000
vn  -0.000000 0.000000 -1.000000
vn  -0.000000 -0.000000 -1.000000
vn  -0.099336 -0.099336 -0.990083
vn  0.140322 0.000000 -0.990106
vn  -0.195262 -0.195262 -0.961117
vn  0.000000 -1.000000 0.000000
vn  0.276142 0.000000 -0.961117
vn  -0.595266 -0.595266 -0.539738
vn  0.000000 -1.000000 0.000000
vn  1.000000 0.000000 0.000000
vn  0.000000 -1.000000 0.000000
vn  1.000000 0.000000 0.000000
vn  1.000000 0.000000 0.000000
vn  0.000000 -1.000000 0.000000
vn  1.000000 0.000000 -0.000000
vn  0.000000 -1.000000 0.000000
vn  1.000000 0.000000 0.000000
vn  1.000000 0.000000 -0.000000
vn  0.000000 -1.000000 0.000000
vn  1.000000 0.000000 0.000000
vn  1.000000 0.000000 -0.000000
vn  0.000000 -1.000000 0.000000
vn  0.923719 0.000000 -0.383072
vn  0.000000 -1.000000 0.000000
vn  0.707113 0.000000 -0.707101
vn  0.000000 -1.000000 0.000000
vn  0.383083 0.000000 -0.923714
vn  0.000000 -1.000000 0.000000
vn  0.000000 0.000000 -1.000000
vn  0.000000 -1.000000 0.000000
vn  -0.383072 0.000000 -0.923719
vn  0.000000 -1.000000 0.000000
vn  -0.707101 0.000000 -0.707113
vn  0.000000 -1.000000 0.000000
vn  -0.923714 0.000000 -0.383083
vn  0.000000 -1.000000 0.000000
vn  -1.000000 0.000000 -0.000000
vn  -1.000000 0.000000 0.000000
vn  0.000000 -1.000000 0.000000
vn  -1.000000 0.000000 0.000000
vn  -1.000000 0.000000 0.000000
vn  0.000000 -1.000000 0.000000
vn  -0.923719 0.000000 0.383072
vn  0.000000 -1.000000 0.000000
vn  -0.707113 0.000000 0.707101
vn  0.000000 -1.000000 0.000000
vn  -0.383083 0.000000 0.923714
vn  0.000000 -1.000000 0.000000
vn  0.000000 0.000000 1.000000
vn  0.000000 -1.000000 0.000000
vn  0.383072 0.000000 0.923719
vn  0.000000 -1.000000 0.000000
vn  0.707101 0.000000 0.707113
vn  0.000000 -1.000000 0.000000
vn  0.923714 0.000000 0.383083
vn  0.000000 -1.000000 0.000000
vn  -1.000000 0.000000 0.000000
vn  -1.000000 0.000000 0.000000
vn  0.000000 -1.000000 0.000000
vn  -1.000000 0.000000 0.000000
vn  -1.000000 0.000000 0.000000
vn  0.000000 -1.000000 0.000000
vn  -0.922579 0.000000 -0.385808
vn  0.000000 -1.000000 0.000000
vn  -0.702505 0.000000 -0.711678
vn  0.000000 -1.000000 0.000000
vn  0.003653 0.000000 -0.999993
vn  0.000000 -1.000000 0.000000
vn  0.706737 0.000000 -0.707476
vn  0.000000 -1.000000 0.000000
vn  0.922579 0.000000 0.385808
vn  0.000000 -1.000000 0.000000
vn  0.702505 0.000000 0.711678
vn  0.000000 -1.000000 0.000000
vn  -0.003653 0.000000 0.999993
vn  0.000000 -1.000000 0.000000
vn  -0.706737 0.000000 0.707476
vn  -0.012863 0.000000 0.999917
vn  0.009095 0.009095 0.999917
vn  -0.025721 0.000000 0.999669
vn  0.018188 0.018188 0.999669
vn  -0.034802 0.000000 0.999394
vn  0.009101 0.009101 0.999917
vn  -0.043868 0.000000 0.999037
vn  0.000004 0.000004 1.000000
vn  -0.097530 0.000000 0.995233
vn  -0.053757 -0.053757 0.997106
vn  -0.149916 0.000000 0.988699
vn  -0.106006 -0.106006 0.988699
vn  -0.075202 0.000000 0.997168
vn  -0.053176 -0.053176 0.997168
vn  -0.182542 0.000000 0.983198
vn  0.000000 -1.000000 0.000000
vn  -0.601616 0.000000 0.798786
vn  0.000000 -1.000000 0.000000
vn  -0.894569 0.000000 0.446929
vn  0.000000 -1.000000 0.000000
vn  -1.000000 0.000000 0.000000
vn  0.000000 -1.000000 0.000000
vn  -1.000000 0.000000 0.000000
vn  0.000000 -1.000000 0.000000
vn  -0.182522 0.000000 -0.983202
vn  0.000000 -1.000000 0.000000
vn  -0.601595 0.000000 -0.798802
vn  0.000000 -1.000000 0.000000
vn  -0.894561 0.000000 -0.446947
vn  0.000000 -1.000000 0.000000
vn  -1.000000 0.000000 0.000000
vn  -1.000000 0.000000 0.000000
vn  -0.075202 0.000000 -0.997168
vn  -0.053176 -0.053176 -0.997168
vn  -0.149916 0.000000 -0.988699
vn  -0.106006 -0.106006 -0.988699
vn  -0.097534 0.000000 -0.995232
vn  -0.053761 -0.053761 -0.997106
vn  -0.043868 0.000000 -0.999037
vn  0.000002 0.000002 -1.000000
vn  -0.034802 0.000000 -0.999394
vn  0.009101 0.009101 -0.999917
vn  -0.025721 0.000000 -0.999669
vn  0.018188 0.018188 -0.999669
vn  -0.012863 0.000000 -0.999917
vn  0.009095 0.009095 -0.999917
vn  0.000000 0.805057 0.593198
vn  0.707107 0.340767 0.619579
vn  0.000000 0.998376 0.056971
vn  0.707107 0.378835 0.597063
vn  0.000000 0.819959 -0.572423
vn  0.707107 0.396575 0.585430
vn  1.000000 0.000000 0.000000
vn  0.000000 0.462373 -0.886686
vn  1.000000 0.000000 0.000000
vn  0.000000 -0.000000 -1.000000
vn  1.000000 0.000000 0.000000
vn  0.000000 -0.216440 -0.976296
vn  1.000000 0.000000 0.000000
vn  0.000000 -0.422618 -0.906308
vn  1.000000 0.000000 0.000000
vn  0.000000 -0.422618 -0.906308
vn  0.707107 0.502616 -0.497371
vn  1.000000 0.000000 0.000000
vn  0.707107 0.589477 -0.390534
vn  1.000000 0.000000 0.000000
vn  0.707107 0.653957 -0.268961
vn  1.000000 0.000000 0.000000
vn  0.707107 0.693717 -0.136956
vn  1.000000 0.000000 0.000000
vn  0.707107 0.707107 0.000227
vn  1.000000 0.000000 0.000000
vn  0.707107 0.693647 0.137312
vn  1.000000 0.000000 0.000000
vn  0.707107 0.653887 0.269132
vn  1.000000 0.000000 0.000000
vn  0.707107 0.589455 0.390568
vn  1.000000 0.000000 0.000000
vn  0.707107 0.502637 0.497349
vn  1.000000 0.000000 0.000000
vn  1.000000 0.000000 0.000000
vn  0.000000 -0.216440 0.976296
vn  1.000000 0.000000 0.000000
vn  0.000000 0.000000 1.000000
vn  1.000000 0.000000 0.000000
vn  0.000000 0.216440 0.976296
vn  1.000000 0.000000 0.000000
vn  0.000000 0.422618 0.906308
vn  1.000000 0.000000 0.000000
vn  0.000000 0.615137 0.788420
vn  1.000000 0.000000 0.000000
vn  0.000000 0.776061 0.630658
vn  1.000000 0.000000 0.000000
vn  0.000000 0.973113 0.230328
vn  1.000000 0.000000 0.000000
vn  0.000000 0.976444 -0.215770
vn  1.000000 0.000000 0.000000
vn  0.000000 0.903583 -0.428412
vn  1.000000 0.000000 0.000000
vn  0.000000 0.784710 -0.619863
vn  1.000000 0.000000 0.000000
vn  0.000000 0.625669 -0.780088
vn  1.000000 0.000000 0.000000
vn  0.000000 0.435798 -0.900045
vn  1.000000 0.000000 0.000000
vn  0.000000 0.223447 -0.974716
vn  1.000000 0.000000 0.000000
vn  0.000000 0.000000 -1.000000
vn  1.000000 0.000000 0.000000
vn  0.000000 -0.216440 -0.976296
vn  1.000000 0.000000 0.000000
vn  0.000000 0.000000 -1.000000
vn  0.000000 0.000000 -1.000000
vn  1.000000 0.000000 0.000000
vn  0.000000 0.506064 -0.862496
vn  1.000000 0.000000 0.000000
vn  0.000000 0.869132 -0.494581
vn  1.000000 0.000000 0.000000
vn  0.000000 0.865264 0.501316
vn  1.000000 0.000000 0.000000
vn  0.000000 -0.000000 1.000000
vn  0.000000 0.000000 1.000000
vn  1.000000 0.000000 0.000000
vn  0.000000 -0.506064 0.862496
vn  1.000000 0.000000 0.000000
vn  0.000000 -0.869132 0.494581
vn  1.000000 0.000000 0.000000
vn  0.000000 -0.865264 -0.501316
vn  1.000000 0.000000 0.000000
vn  0.000000 0.000000 -1.000000
vn  0.000000 0.000000 -1.000000
vn  1.000000 0.000000 0.000000
vn  0.000000 0.506064 -0.862496
vn  1.000000 0.000000 0.000000
vn  0.000000 0.869132 -0.494581
vn  1.000000 0.000000 0.000000
vn  0.000000 0.865264 0.501316
vn  1.000000 0.000000 0.000000
vn  0.000000 -0.000000 1.000000
vn  0.000000 0.000000 1.000000
vn  1.000000 0.000000 0.000000
vn  0.000000 -0.506064 0.862496
vn  1.000000 0.000000 0.000000
vn  0.000000 -0.869132 0.494581
vn  1.000000 0.000000 0.000000
vn  0.000000 -0.865264 -0.501316
vn  1.000000 0.000000 0.000000
vn  0.000000 -0.000000 -1.000000
vn  0.000000 0.000000 -1.000000
vn  1.000000 0.000000 0.000000
vn  0.000000 0.501187 -0.865339
vn  1.000000 0.000000 0.000000
vn  0.000000 0.866050 -0.499958
vn  1.000000 0.000000 0.000000
vn  0.000000 0.999998 -0.001740
vn  1.000000 0.000000 0.000000
vn  0.000000 0.866777 0.498695
vn  1.000000 0.000000 0.000000
vn  0.000000 0.499999 0.866026
vn  1.000000 0.000000 0.000000
vn  0.000000 0.000000 1.000000
vn  0.000000 0.000000 1.000000
vn  1.000000 0.000000 0.000000
vn  0.000000 -0.501187 0.865339
vn  1.000000 0.000000 0.000000
vn  0.000000 -0.866050 0.499958
vn  1.000000 0.000000 0.000000
vn  0.000000 -0.999998 0.001740
vn  1.000000 0.000000 0.000000
vn  0.000000 -0.866777 -0.498695
vn  1.000000 0.000000 0.000000
vn  0.000000 -0.499999 -0.866026
vn  0.000000 0.000000 1.000000
vn  0.000000 0.000000 1.000000
vn  1.000000 0.000000 0.000000
vn  0.000000 -0.499999 0.866026
vn  1.000000 0.000000 0.000000
vn  0.000000 -0.866777 0.498695
vn  1.000000 0.000000 0.000000
vn  0.000000 -0.999998 -0.001740
vn  1.000000 0.000000 0.000000
vn  0.000000 -0.866050 -0.499958
vn  1.000000 0.000000 0.000000
vn  0.000000 -0.501187 -0.865339
vn  1.000000 0.000000 0.000000
vn  0.000000 -0.000000 -1.000000
vn  0.000000 0.000000 -1.000000
vn  1.000000 0.000000 0.000000
vn  0.000000 0.499999 -0.866026
vn  1.000000 0.000000 0.000000
vn  0.000000 0.866777 -0.498695
vn  1.000000 0.000000 0.000000
vn  0.000000 0.999998 0.001740
vn  1.000000 0.000000 0.000000
vn  0.000000 0.866050 0.499958
vn  1.000000 0.000000 0.000000
vn  0.000000 0.501187 0.865339
vn  1.000000 0.000000 0.000000
vn  1.000000 0.000000 0.000000
vn  0.000000 -0.000000 1.000000
vn  0.000000 -0.000000 1.000000
vn  1.000000 0.000000 0.000000
vn  0.000000 -0.588752 0.808314
vn  1.000000 0.000000 0.000000
vn  0.000000 -0.951016 0.309142
vn  1.000000 0.000000 0.000000
vn  0.000000 -0.951385 -0.308004
vn  1.000000 0.000000 0.000000
vn  0.000000 -0.587328 -0.809349
vn  1.000000 0.000000 0.000000
vn  0.000000 0.000000 -1.000000
vn  0.000000 0.000000 -1.000000
vn  1.000000 0.000000 0.000000
vn  0.000000 0.588752 -0.808314
vn  1.000000 0.000000 0.000000
vn  0.000000 0.951016 -0.309142
vn  1.000000 0.000000 0.000000
vn  0.000000 0.951385 0.308004
vn  1.000000 0.000000 0.000000
vn  0.000000 0.587328 0.809349
vn  0.000000 -0.000000 -1.000000
vn  0.000000 0.000000 -1.000000
vn  -0.857167 0.000000 -0.515038
vn  -0.857167 0.000000 -0.515038
vn  0.000000 -0.866025 -0.500000
vn  -0.857167 -0.446036 -0.257519
vn  0.000000 -0.866025 0.500000
vn  -0.857167 -0.446036 0.257519
vn  0.000000 0.000000 1.000000
vn  0.000000 0.000000 1.000000
vn  -0.857167 0.000000 0.515038
vn  -0.857167 -0.000000 0.515038
vn  0.000000 0.866025 0.500000
vn  -0.857167 0.446036 0.257519
vn  0.000000 0.866025 -0.500000
vn  -0.857167 0.446036 -0.257519
vn  -0.857167 0.000000 0.515038
vn  -0.857167 0.000000 -0.515038
vn  -0.857167 0.000000 -0.515038
vn  -0.857167 -0.000000 0.515038
vn  0.000000 -0.000000 -1.000000
vn  0.000000 0.000000 -1.000000
vn  -0.857167 0.000000 -0.515038
vn  -0.857167 0.000000 -0.515038
vn  0.000000 -0.866025 -0.500000
vn  -0.857167 -0.446036 -0.257519
vn  0.000000 -0.866025 0.500000
vn  -0.857167 -0.446036 0.257519
vn  0.000000 0.000000 1.000000
vn  0.000000 0.000000 1.000000
vn  -0.857167 0.000000 0.515038
vn  -0.857167 -0.000000 0.515038
vn  0.000000 0.866025 0.500000
vn  -0.857167 0.446036 0.257519
vn  0.000000 0.866025 -0.500000
vn  -0.857167 0.446036 -0.257519
vn  -0.857167 0.000000 0.515038
vn  -0.857167 0.000000 -0.515038
vn  -0.857167 0.000000 -0.515038
vn  -0.857167 -0.000000 0.515038
vn  0.000000 -0.000000 -1.000000
vn  0.000000 0.000000 -1.000000
vn  -0.857167 0.000000 -0.515038
vn  -0.857167 0.000000 -0.515038
vn  0.000000 -0.866025 -0.500000
vn  -0.857167 -0.446036 -0.257519
vn  0.000000 -0.866025 0.500000
vn  -0.857167 -0.446036 0.257519
vn  0.000000 0.000000 1.000000
vn  0.000000 0.000000 1.000000
vn  -0.857167 0.000000 0.515038
vn  -0.857167 -0.000000 0.515038
vn  0.000000 0.866025 0.500000
vn  -0.857167 0.446036 0.257519
vn  0.000000 0.866025 -0.500000
vn  -0.857167 0.446036 -0.257519
vn  -0.857167 0.000000 0.515038
vn  -0.857167 0.000000 -0.515038
vn  -0.857167 0.000000 -0.515038
vn  -0.857167 -0.000000 0.515038
vn  -1.000000 0.000000 0.000000
vn  -1.000000 0.000000 0.000000
vn  0.000000 -1.000000 0.000000
vn  -0.706627 0.000000 -0.707586
vn  0.000000 -1.000000 0.000000
vn  -0.003934 0.000000 -0.999992
vn  0.000000 -1.000000 0.000000
vn  0.702259 0.000000 -0.711921
vn  0.000000 -1.000000 0.000000
vn  0.922691 0.000000 -0.385541
vn  0.000000 -1.000000 0.000000
vn  1.000000 0.000000 -0.000000
vn  1.000000 0.000000 0.000000
vn  0.000000 -1.000000 0.000000
vn  0.706627 0.000000 0.707586
vn  0.000000 -1.000000 0.000000
vn  0.003934 0.000000 0.999992
vn  0.000000 -1.000000 0.000000
vn  -0.702259 0.000000 0.711921
vn  0.000000 -1.000000 0.000000
vn  -0.922691 0.000000 0.385541
vn  0.000000 -1.000000 0.000000
vn  -1.000000 0.000000 0.000000
vn  -1.000000 0.000000 0.000000
vn  0.000000 -1.000000 0.000000
vn  -0.706627 0.000000 -0.707586
vn  0.000000 -1.000000 0.000000
vn  -0.003934 0.000000 -0.999992
vn  0.000000 -1.000000 0.000000
vn  0.702259 0.000000 -0.711921
vn  0.000000 -1.000000 0.000000
vn  0.922691 0.000000 -0.385541
vn  0.000000 -1.000000 0.000000
vn  1.000000 0.000000 -0.000000
vn  1.000000 0.000000 0.000000
vn  0.000000 -1.000000 0.000000
vn  0.706627 0.000000 0.707586
vn  0.000000 -1.000000 0.000000
vn  0.003934 0.000000 0.999992
vn  0.000000 -1.000000 0.000000
vn  -0.702259 0.000000 0.711921
vn  0.000000 -1.000000 0.000000
vn  -0.922691 0.000000 0.385541
vn  0.000000 -1.000000 0.000000
vn  -1.000000 0.000000 0.000000
vn  -1.000000 0.000000 0.000000
vn  0.000000 -1.000000 0.000000
vn  -0.706627 0.000000 -0.707586
vn  0.000000 -1.000000 0.000000
vn  -0.003934 0.000000 -0.999992
vn  0.000000 -1.000000 0.000000
vn  0.702259 0.000000 -0.711921
vn  0.000000 -1.000000 0.000000
vn  0.922691 0.000000 -0.385541
vn  0.000000 -1.000000 0.000000
vn  1.000000 0.000000 -0.000000
vn  1.000000 0.000000 0.000000
vn  0.000000 -1.000000 0.000000
vn  0.706627 0.000000 0.707586
vn  0.000000 -1.000000 0.000000
vn  0.003934 0.000000 0.999992
vn  0.000000 -1.000000 0.000000
vn  -0.702259 0.000000 0.711921
vn  0.000000 -1.000000 0.000000
vn  -0.922691 0.000000 0.385541
vn  0.000000 -1.000000 0.000000
vn  1.000000 0.000000 0.000000
vn  1.000000 0.000000 0.000000
vn  0.000000 -1.000000 0.000000
vn  0.706627 0.000000 0.707586
vn  0.000000 -1.000000 0.000000
vn  0.003934 0.000000 0.999992
vn  0.000000 -1.000000 0.000000
vn  -0.702259 0.000000 0.711921
vn  0.000000 -1.000000 0.000000
vn  -0.922691 0.000000 0.385541
vn  0.000000 -1.000000 0.000000
vn  -1.000000 0.000000 -0.000000
vn  -1.000000 0.000000 -0.000000
vn  0.000000 -1.000000 0.000000
vn  -0.706627 0.000000 -0.707586
vn  0.000000 -1.000000 0.000000
vn  -0.003934 0.000000 -0.999992
vn  0.000000 -1.000000 0.000000
vn  0.702259 0.000000 -0.711921
vn  0.000000 -1.000000 0.000000
vn  0.922691 0.000000 -0.385541
vn  0.000000 -1.000000 0.000000


g 2
f 1453/1453/1453  1398/1398/1398  1395/1395/1395
f 1792/1792/1792  1397/1397/1397  1399/1399/1399
f 1455/1455/1455  1453/1453/1453  1395/1395/1395
f 1467/1467/1467  1456/1456/1456  1396/1396/1396
f 1790/1790/1790  1468/1468/1468  1397/1397/1397
f 1792/1792/1792  1790/1790/1790  1397/1397/1397
f 1451/1451/1451  1400/1400/1400  1398/1398/1398
f 1792/1792/1792  1399/1399/1399  1401/1401/1401
f 1453/1453/1453  1451/1451/1451  1398/1398/1398
f 1449/1449/1449  1402/1402/1402  1400/1400/1400
f 1794/1794/1794  1401/1401/1401  1403/1403/1403
f 1451/1451/1451  1449/1449/1449  1400/1400/1400
f 1794/1794/1794  1792/1792/1792  1401/1401/1401
f 1447/1447/1447  1404/1404/1404  1402/1402/1402
f 1799/1799/1799  1403/1403/1403  1405/1405/1405
f 1449/1449/1449  1447/1447/1447  1402/1402/1402
f 1797/1797/1797  1794/1794/1794  1403/1403/1403
f 1799/1799/1799  1797/1797/1797  1403/1403/1403
f 1445/1445/1445  1406/1406/1406  1404/1404/1404
f 1801/1801/1801  1405/1405/1405  1407/1407/1407
f 1447/1447/1447  1445/1445/1445  1404/1404/1404
f 1801/1801/1801  1799/1799/1799  1405/1405/1405
f 1413/1413/1413  1407/1407/1407  1409/1409/1409
f 1443/1443/1443  1408/1408/1408  1406/1406/1406
f 1803/1803/1803  1407/1407/1407  1413/1413/1413
f 1445/1445/1445  1443/1443/1443  1406/1406/1406
f 1803/1803/1803  1801/1801/1801  1407/1407/1407
f 1413/1413/1413  1409/1409/1409  1411/1411/1411
f 1441/1441/1441  1410/1410/1410  1408/1408/1408
f 1443/1443/1443  1441/1441/1441  1408/1408/1408
f 1439/1439/1439  1412/1412/1412  1410/1410/1410
f 1441/1441/1441  1439/1439/1439  1410/1410/1410
f 1437/1437/1437  1414/1414/1414  1412/1412/1412
f 1805/1805/1805  1413/1413/1413  1415/1415/1415
f 1439/1439/1439  1437/1437/1437  1412/1412/1412
f 1805/1805/1805  1803/1803/1803  1413/1413/1413
f 1435/1435/1435  1416/1416/1416  1414/1414/1414
f 1807/1807/1807  1415/1415/1415  1417/1417/1417
f 1437/1437/1437  1435/1435/1435  1414/1414/1414
f 1807/1807/1807  1805/1805/1805  1415/1415/1415
f 1431/1431/1431  1418/1418/1418  1416/1416/1416
f 1809/1809/1809  1417/1417/1417  1419/1419/1419
f 1433/1433/1433  1431/1431/1431  1416/1416/1416
f 1435/1435/1435  1433/1433/1433  1416/1416/1416
f 1809/1809/1809  1807/1807/1807  1417/1417/1417
f 1429/1429/1429  1420/1420/1420  1418/1418/1418
f 1777/1777/1777  1419/1419/1419  1421/1421/1421
f 1431/1431/1431  1429/1429/1429  1418/1418/1418
f 1809/1809/1809  1419/1419/1419  1777/1777/1777
f 1425/1425/1425  1422/1422/1422  1420/1420/1420
f 1780/1780/1780  1421/1421/1421  1424/1424/1424
f 1429/1429/1429  1425/1425/1425  1420/1420/1420
f 1780/1780/1780  1777/1777/1777  1421/1421/1421
f 1764/1764/1764  1423/1423/1423  1428/1428/1428
f 1775/1775/1775  1423/1423/1423  1764/1764/1764
f 1780/1780/1780  1424/1424/1424  1776/1776/1776
f 1670/1670/1670  1426/1426/1426  1430/1430/1430
f 1721/1721/1721  1649/1649/1649  1426/1426/1426
f 1763/1763/1763  1427/1427/1427  1650/1650/1650
f 1730/1730/1730  1426/1426/1426  1670/1670/1670
f 1723/1723/1723  1721/1721/1721  1426/1426/1426
f 1726/1726/1726  1723/1723/1723  1426/1426/1426
f 1728/1728/1728  1726/1726/1726  1426/1426/1426
f 1730/1730/1730  1728/1728/1728  1426/1426/1426
f 1670/1670/1670  1430/1430/1430  1432/1432/1432
f 1672/1672/1672  1432/1432/1432  1434/1434/1434
f 1672/1672/1672  1670/1670/1670  1432/1432/1432
f 1677/1677/1677  1434/1434/1434  1436/1436/1436
f 1675/1675/1675  1672/1672/1672  1434/1434/1434
f 1677/1677/1677  1675/1675/1675  1434/1434/1434
f 1681/1681/1681  1436/1436/1436  1438/1438/1438
f 1679/1679/1679  1677/1677/1677  1436/1436/1436
f 1681/1681/1681  1679/1679/1679  1436/1436/1436
f 1703/1703/1703  1438/1438/1438  1440/1440/1440
f 1683/1683/1683  1438/1438/1438  1444/1444/1444
f 1703/1703/1703  1444/1444/1444  1438/1438/1438
f 1683/1683/1683  1681/1681/1681  1438/1438/1438
f 1712/1712/1712  1440/1440/1440  1442/1442/1442
f 1705/1705/1705  1703/1703/1703  1440/1440/1440
f 1708/1708/1708  1705/1705/1705  1440/1440/1440
f 1710/1710/1710  1708/1708/1708  1440/1440/1440
f 1712/1712/1712  1710/1710/1710  1440/1440/1440
f 1712/1712/1712  1442/1442/1442  1444/1444/1444
f 1683/1683/1683  1444/1444/1444  1446/1446/1446
f 1699/1699/1699  1696/1696/1696  1444/1444/1444
f 1712/1712/1712  1444/1444/1444  1696/1696/1696
f 1701/1701/1701  1699/1699/1699  1444/1444/1444
f 1703/1703/1703  1701/1701/1701  1444/1444/1444
f 1687/1687/1687  1446/1446/1446  1448/1448/1448
f 1685/1685/1685  1683/1683/1683  1446/1446/1446
f 1687/1687/1687  1685/1685/1685  1446/1446/1446
f 1689/1689/1689  1448/1448/1448  1450/1450/1450
f 1689/1689/1689  1687/1687/1687  1448/1448/1448
f 1689/1689/1689  1450/1450/1450  1452/1452/1452
f 1691/1691/1691  1452/1452/1452  1454/1454/1454
f 1691/1691/1691  1689/1689/1689  1452/1452/1452
f 1658/1658/1658  1454/1454/1454  1458/1458/1458
f 1694/1694/1694  1454/1454/1454  1658/1658/1658
f 1694/1694/1694  1691/1691/1691  1454/1454/1454
f 1467/1467/1467  1459/1459/1459  1456/1456/1456
f 1479/1479/1479  1457/1457/1457  1460/1460/1460
f 1732/1732/1732  1458/1458/1458  1480/1480/1480
f 1746/1746/1746  1658/1658/1658  1458/1458/1458
f 1748/1748/1748  1458/1458/1458  1732/1732/1732
f 1748/1748/1748  1746/1746/1746  1458/1458/1458
f 1464/1464/1464  1461/1461/1461  1459/1459/1459
f 1479/1479/1479  1460/1460/1460  1462/1462/1462
f 1467/1467/1467  1464/1464/1464  1459/1459/1459
f 1478/1478/1478  1463/1463/1463  1466/1466/1466
f 1479/1479/1479  1462/1462/1462  1477/1477/1477
f 1790/1790/1790  1465/1465/1465  1468/1468/1468
f 1478/1478/1478  1466/1466/1466  1476/1476/1476
f 1504/1504/1504  1476/1476/1476  1466/1466/1466
f 1492/1492/1492  1466/1466/1466  1490/1490/1490
f 1520/1520/1520  1490/1490/1490  1466/1466/1466
f 1495/1495/1495  1466/1466/1466  1492/1492/1492
f 1504/1504/1504  1466/1466/1466  1495/1495/1495
f 1519/1519/1519  1465/1465/1465  1517/1517/1517
f 1786/1786/1786  1517/1517/1517  1465/1465/1465
f 1788/1788/1788  1786/1786/1786  1465/1465/1465
f 1790/1790/1790  1788/1788/1788  1465/1465/1465
f 1474/1474/1474  1472/1472/1472  1469/1469/1469
f 1498/1498/1498  1470/1470/1470  1473/1473/1473
f 1477/1477/1477  1474/1474/1474  1469/1469/1469
f 1479/1479/1479  1477/1477/1477  1469/1469/1469
f 1660/1660/1660  1480/1480/1480  1471/1471/1471
f 1662/1662/1662  1471/1471/1471  1500/1500/1500
f 1662/1662/1662  1660/1660/1660  1471/1471/1471
f 1497/1497/1497  1473/1473/1473  1475/1475/1475
f 1498/1498/1498  1473/1473/1473  1497/1497/1497
f 1497/1497/1497  1475/1475/1475  1496/1496/1496
f 1503/1503/1503  1496/1496/1496  1475/1475/1475
f 1739/1739/1739  1480/1480/1480  1660/1660/1660
f 1735/1735/1735  1732/1732/1732  1480/1480/1480
f 1737/1737/1737  1735/1735/1735  1480/1480/1480
f 1739/1739/1739  1737/1737/1737  1480/1480/1480
f 1497/1497/1497  1484/1484/1484  1481/1481/1481
f 1539/1539/1539  1482/1482/1482  1485/1485/1485
f 1501/1501/1501  1497/1497/1497  1481/1481/1481
f 1655/1655/1655  1502/1502/1502  1483/1483/1483
f 1602/1602/1602  1505/1505/1505  1482/1482/1482
f 1655/1655/1655  1483/1483/1483  1506/1506/1506
f 1612/1612/1612  1482/1482/1482  1539/1539/1539
f 1568/1568/1568  1565/1565/1565  1482/1482/1482
f 1602/1602/1602  1482/1482/1482  1565/1565/1565
f 1570/1570/1570  1568/1568/1568  1482/1482/1482
f 1572/1572/1572  1570/1570/1570  1482/1482/1482
f 1574/1574/1574  1572/1572/1572  1482/1482/1482
f 1625/1625/1625  1574/1574/1574  1482/1482/1482
f 1608/1608/1608  1605/1605/1605  1482/1482/1482
f 1625/1625/1625  1482/1482/1482  1605/1605/1605
f 1610/1610/1610  1608/1608/1608  1482/1482/1482
f 1612/1612/1612  1610/1610/1610  1482/1482/1482
f 1496/1496/1496  1486/1486/1486  1484/1484/1484
f 1521/1521/1521  1485/1485/1485  1487/1487/1487
f 1497/1497/1497  1496/1496/1496  1484/1484/1484
f 1541/1541/1541  1485/1485/1485  1521/1521/1521
f 1541/1541/1541  1539/1539/1539  1485/1485/1485
f 1491/1491/1491  1488/1488/1488  1486/1486/1486
f 1528/1528/1528  1487/1487/1487  1489/1489/1489
f 1493/1493/1493  1491/1491/1491  1486/1486/1486
f 1496/1496/1496  1493/1493/1493  1486/1486/1486
f 1524/1524/1524  1521/1521/1521  1487/1487/1487
f 1526/1526/1526  1524/1524/1524  1487/1487/1487
f 1528/1528/1528  1526/1526/1526  1487/1487/1487
f 1530/1530/1530  1489/1489/1489  1518/1518/1518
f 1530/1530/1530  1528/1528/1528  1489/1489/1489
f 1503/1503/1503  1493/1493/1493  1496/1496/1496
f 1501/1501/1501  1498/1498/1498  1497/1497/1497
f 1664/1664/1664  1500/1500/1500  1502/1502/1502
f 1664/1664/1664  1662/1662/1662  1500/1500/1500
f 1664/1664/1664  1502/1502/1502  1655/1655/1655
f 1546/1546/1546  1508/1508/1508  1505/1505/1505
f 1656/1656/1656  1507/1507/1507  1509/1509/1509
f 1548/1548/1548  1546/1546/1546  1505/1505/1505
f 1550/1550/1550  1548/1548/1548  1505/1505/1505
f 1634/1634/1634  1550/1550/1550  1505/1505/1505
f 1598/1598/1598  1596/1596/1596  1505/1505/1505
f 1636/1636/1636  1505/1505/1505  1596/1596/1596
f 1600/1600/1600  1598/1598/1598  1505/1505/1505
f 1602/1602/1602  1600/1600/1600  1505/1505/1505
f 1636/1636/1636  1634/1634/1634  1505/1505/1505
f 1561/1561/1561  1510/1510/1510  1508/1508/1508
f 1766/1766/1766  1509/1509/1509  1511/1511/1511
f 1546/1546/1546  1543/1543/1543  1508/1508/1508
f 1563/1563/1563  1508/1508/1508  1543/1543/1543
f 1563/1563/1563  1561/1561/1561  1508/1508/1508
f 1765/1765/1765  1656/1656/1656  1509/1509/1509
f 1766/1766/1766  1765/1765/1765  1509/1509/1509
f 1515/1515/1515  1512/1512/1512  1510/1510/1510
f 1767/1767/1767  1511/1511/1511  1513/1513/1513
f 1561/1561/1561  1515/1515/1515  1510/1510/1510
f 1767/1767/1767  1766/1766/1766  1511/1511/1511
f 1754/1754/1754  1514/1514/1514  1516/1516/1516
f 1769/1769/1769  1514/1514/1514  1754/1754/1754
f 1532/1532/1532  1518/1518/1518  1515/1515/1515
f 1535/1535/1535  1532/1532/1532  1515/1515/1515
f 1537/1537/1537  1535/1535/1535  1515/1515/1515
f 1539/1539/1539  1537/1537/1537  1515/1515/1515
f 1616/1616/1616  1539/1539/1539  1515/1515/1515
f 1557/1557/1557  1554/1554/1554  1515/1515/1515
f 1588/1588/1588  1515/1515/1515  1554/1554/1554
f 1559/1559/1559  1557/1557/1557  1515/1515/1515
f 1561/1561/1561  1559/1559/1559  1515/1515/1515
f 1585/1585/1585  1582/1582/1582  1515/1515/1515
f 1621/1621/1621  1515/1515/1515  1582/1582/1582
f 1588/1588/1588  1585/1585/1585  1515/1515/1515
f 1619/1619/1619  1616/1616/1616  1515/1515/1515
f 1621/1621/1621  1619/1619/1619  1515/1515/1515
f 1772/1772/1772  1754/1754/1754  1516/1516/1516
f 1784/1784/1784  1774/1774/1774  1517/1517/1517
f 1786/1786/1786  1784/1784/1784  1517/1517/1517
f 1532/1532/1532  1530/1530/1530  1518/1518/1518
f 2401/2401/2401  1523/1523/1523  1525/1525/1525
f 2398/2398/2398  1542/1542/1542  1522/1522/1522
f 2400/2400/2400  2398/2398/2398  1522/1522/1522
f 2403/2403/2403  1525/1525/1525  1527/1527/1527
f 2403/2403/2403  2401/2401/2401  1525/1525/1525
f 2405/2405/2405  1527/1527/1527  1529/1529/1529
f 2405/2405/2405  2403/2403/2403  1527/1527/1527
f 2407/2407/2407  1529/1529/1529  1531/1531/1531
f 2407/2407/2407  2405/2405/2405  1529/1529/1529
f 2409/2409/2409  1531/1531/1531  1534/1534/1534
f 2409/2409/2409  2407/2407/2407  1531/1531/1531
f 2389/2389/2389  1533/1533/1533  1536/1536/1536
f 2409/2409/2409  1534/1534/1534  2390/2390/2390
f 2392/2392/2392  1536/1536/1536  1538/1538/1538
f 2392/2392/2392  2389/2389/2389  1536/1536/1536
f 2394/2394/2394  1538/1538/1538  1540/1540/1540
f 2394/2394/2394  2392/2392/2392  1538/1538/1538
f 2396/2396/2396  1540/1540/1540  1542/1542/1542
f 1614/1614/1614  1612/1612/1612  1539/1539/1539
f 1616/1616/1616  1614/1614/1614  1539/1539/1539
f 2396/2396/2396  2394/2394/2394  1540/1540/1540
f 2398/2398/2398  2396/2396/2396  1542/1542/1542
f 2423/2423/2423  1545/1545/1545  1547/1547/1547
f 2420/2420/2420  1564/1564/1564  1544/1544/1544
f 2422/2422/2422  2420/2420/2420  1544/1544/1544
f 2425/2425/2425  1547/1547/1547  1549/1549/1549
f 2425/2425/2425  2423/2423/2423  1547/1547/1547
f 2427/2427/2427  1549/1549/1549  1551/1551/1551
f 2427/2427/2427  2425/2425/2425  1549/1549/1549
f 1634/1634/1634  1552/1552/1552  1550/1550/1550
f 2429/2429/2429  1551/1551/1551  1553/1553/1553
f 2429/2429/2429  2427/2427/2427  1551/1551/1551
f 1630/1630/1630  1554/1554/1554  1552/1552/1552
f 2431/2431/2431  1553/1553/1553  1556/1556/1556
f 1632/1632/1632  1630/1630/1630  1552/1552/1552
f 1634/1634/1634  1632/1632/1632  1552/1552/1552
f 2431/2431/2431  2429/2429/2429  1553/1553/1553
f 2411/2411/2411  1555/1555/1555  1558/1558/1558
f 1627/1627/1627  1588/1588/1588  1554/1554/1554
f 1630/1630/1630  1627/1627/1627  1554/1554/1554
f 2431/2431/2431  1556/1556/1556  2412/2412/2412
f 2414/2414/2414  1558/1558/1558  1560/1560/1560
f 2414/2414/2414  2411/2411/2411  1558/1558/1558
f 2416/2416/2416  1560/1560/1560  1562/1562/1562
f 2416/2416/2416  2414/2414/2414  1560/1560/1560
f 2418/2418/2418  1562/1562/1562  1564/1564/1564
f 2418/2418/2418  2416/2416/2416  1562/1562/1562
f 2420/2420/2420  2418/2418/2418  1564/1564/1564
f 2049/2049/2049  1567/1567/1567  1569/1569/1569
f 2051/2051/2051  1603/1603/1603  1566/1566/1566
f 2051/2051/2051  1566/1566/1566  2048/2048/2048
f 2086/2086/2086  1569/1569/1569  1571/1571/1571
f 2086/2086/2086  2049/2049/2049  1569/1569/1569
f 2084/2084/2084  1571/1571/1571  1573/1573/1573
f 2086/2086/2086  1571/1571/1571  2084/2084/2084
f 2082/2082/2082  1573/1573/1573  1575/1575/1575
f 2084/2084/2084  1573/1573/1573  2082/2082/2082
f 1623/1623/1623  1576/1576/1576  1574/1574/1574
f 2080/2080/2080  1575/1575/1575  1577/1577/1577
f 1625/1625/1625  1623/1623/1623  1574/1574/1574
f 2082/2082/2082  1575/1575/1575  2080/2080/2080
f 1623/1623/1623  1578/1578/1578  1576/1576/1576
f 2078/2078/2078  1577/1577/1577  1579/1579/1579
f 2080/2080/2080  1577/1577/1577  2078/2078/2078
f 1623/1623/1623  1580/1580/1580  1578/1578/1578
f 2076/2076/2076  1579/1579/1579  1581/1581/1581
f 2078/2078/2078  1579/1579/1579  2076/2076/2076
f 1621/1621/1621  1582/1582/1582  1580/1580/1580
f 2074/2074/2074  1581/1581/1581  1584/1584/1584
f 1623/1623/1623  1621/1621/1621  1580/1580/1580
f 2076/2076/2076  1581/1581/1581  2074/2074/2074
f 2071/2071/2071  1583/1583/1583  1587/1587/1587
f 2074/2074/2074  1584/1584/1584  2072/2072/2072
f 2068/2068/2068  1586/1586/1586  1589/1589/1589
f 2071/2071/2071  1587/1587/1587  2069/2069/2069
f 1647/1647/1647  1590/1590/1590  1588/1588/1588
f 2066/2066/2066  1589/1589/1589  1591/1591/1591
f 1647/1647/1647  1588/1588/1588  1627/1627/1627
f 2068/2068/2068  1589/1589/1589  2066/2066/2066
f 1645/1645/1645  1592/1592/1592  1590/1590/1590
f 2064/2064/2064  1591/1591/1591  1593/1593/1593
f 1647/1647/1647  1645/1645/1645  1590/1590/1590
f 2066/2066/2066  1591/1591/1591  2064/2064/2064
f 1643/1643/1643  1594/1594/1594  1592/1592/1592
f 2062/2062/2062  1593/1593/1593  1595/1595/1595
f 1645/1645/1645  1643/1643/1643  1592/1592/1592
f 2064/2064/2064  1593/1593/1593  2062/2062/2062
f 1641/1641/1641  1596/1596/1596  1594/1594/1594
f 2060/2060/2060  1595/1595/1595  1597/1597/1597
f 1643/1643/1643  1641/1641/1641  1594/1594/1594
f 2062/2062/2062  1595/1595/1595  2060/2060/2060
f 2058/2058/2058  1597/1597/1597  1599/1599/1599
f 1638/1638/1638  1636/1636/1636  1596/1596/1596
f 1641/1641/1641  1638/1638/1638  1596/1596/1596
f 2060/2060/2060  1597/1597/1597  2058/2058/2058
f 2056/2056/2056  1599/1599/1599  1601/1601/1601
f 2058/2058/2058  1599/1599/1599  2056/2056/2056
f 2054/2054/2054  1601/1601/1601  1604/1604/1604
f 2056/2056/2056  1601/1601/1601  2054/2054/2054
f 2054/2054/2054  1604/1604/1604  2052/2052/2052
f 2445/2445/2445  1607/1607/1607  1609/1609/1609
f 2442/2442/2442  1626/1626/1626  1606/1606/1606
f 2444/2444/2444  2442/2442/2442  1606/1606/1606
f 2447/2447/2447  1609/1609/1609  1611/1611/1611
f 2447/2447/2447  2445/2445/2445  1609/1609/1609
f 2449/2449/2449  1611/1611/1611  1613/1613/1613
f 2449/2449/2449  2447/2447/2447  1611/1611/1611
f 2451/2451/2451  1613/1613/1613  1615/1615/1615
f 2451/2451/2451  2449/2449/2449  1613/1613/1613
f 2453/2453/2453  1615/1615/1615  1618/1618/1618
f 2453/2453/2453  2451/2451/2451  1615/1615/1615
f 2433/2433/2433  1617/1617/1617  1620/1620/1620
f 2453/2453/2453  1618/1618/1618  2434/2434/2434
f 2436/2436/2436  1620/1620/1620  1622/1622/1622
f 2436/2436/2436  2433/2433/2433  1620/1620/1620
f 2438/2438/2438  1622/1622/1622  1624/1624/1624
f 2438/2438/2438  2436/2436/2436  1622/1622/1622
f 2440/2440/2440  1624/1624/1624  1626/1626/1626
f 2440/2440/2440  2438/2438/2438  1624/1624/1624
f 2442/2442/2442  2440/2440/2440  1626/1626/1626
f 2467/2467/2467  1629/1629/1629  1631/1631/1631
f 2464/2464/2464  1648/1648/1648  1628/1628/1628
f 2466/2466/2466  2464/2464/2464  1628/1628/1628
f 2469/2469/2469  1631/1631/1631  1633/1633/1633
f 2469/2469/2469  2467/2467/2467  1631/1631/1631
f 2471/2471/2471  1633/1633/1633  1635/1635/1635
f 2471/2471/2471  2469/2469/2469  1633/1633/1633
f 2473/2473/2473  1635/1635/1635  1637/1637/1637
f 2473/2473/2473  2471/2471/2471  1635/1635/1635
f 2475/2475/2475  1637/1637/1637  1640/1640/1640
f 2475/2475/2475  2473/2473/2473  1637/1637/1637
f 2455/2455/2455  1639/1639/1639  1642/1642/1642
f 2475/2475/2475  1640/1640/1640  2456/2456/2456
f 2458/2458/2458  1642/1642/1642  1644/1644/1644
f 2458/2458/2458  2455/2455/2455  1642/1642/1642
f 2460/2460/2460  1644/1644/1644  1646/1646/1646
f 2460/2460/2460  2458/2458/2458  1644/1644/1644
f 2462/2462/2462  1646/1646/1646  1648/1648/1648
f 2462/2462/2462  2460/2460/2460  1646/1646/1646
f 2464/2464/2464  2462/2462/2462  1648/1648/1648
f 1666/1666/1666  1652/1652/1652  1649/1649/1649
f 1761/1761/1761  1650/1650/1650  1653/1653/1653
f 1668/1668/1668  1666/1666/1666  1649/1649/1649
f 1721/1721/1721  1668/1668/1668  1649/1649/1649
f 1761/1761/1761  1750/1750/1750  1650/1650/1650
f 1763/1763/1763  1650/1650/1650  1750/1750/1750
f 1664/1664/1664  1655/1655/1655  1652/1652/1652
f 1765/1765/1765  1654/1654/1654  1656/1656/1656
f 1666/1666/1666  1664/1664/1664  1652/1652/1652
f 1765/1765/1765  1762/1762/1762  1654/1654/1654
f 1741/1741/1741  1660/1660/1660  1658/1658/1658
f 1830/1830/1830  1659/1659/1659  1661/1661/1661
f 1793/1793/1793  1695/1695/1695  1659/1659/1659
f 1744/1744/1744  1741/1741/1741  1658/1658/1658
f 1746/1746/1746  1744/1744/1744  1658/1658/1658
f 1830/1830/1830  1793/1793/1793  1659/1659/1659
f 1833/1833/1833  1661/1661/1661  1663/1663/1663
f 1741/1741/1741  1739/1739/1739  1660/1660/1660
f 1833/1833/1833  1830/1830/1830  1661/1661/1661
f 1838/1838/1838  1663/1663/1663  1665/1665/1665
f 1835/1835/1835  1833/1833/1833  1663/1663/1663
f 1838/1838/1838  1835/1835/1835  1663/1663/1663
f 1845/1845/1845  1665/1665/1665  1667/1667/1667
f 1840/1840/1840  1838/1838/1838  1665/1665/1665
f 1843/1843/1843  1840/1840/1840  1665/1665/1665
f 1845/1845/1845  1843/1843/1843  1665/1665/1665
f 1853/1853/1853  1667/1667/1667  1669/1669/1669
f 1848/1848/1848  1845/1845/1845  1667/1667/1667
f 1850/1850/1850  1848/1848/1848  1667/1667/1667
f 1853/1853/1853  1850/1850/1850  1667/1667/1667
f 1730/1730/1730  1670/1670/1670  1668/1668/1668
f 1811/1811/1811  1669/1669/1669  1671/1671/1671
f 1717/1717/1717  1714/1714/1714  1668/1668/1668
f 1730/1730/1730  1668/1668/1668  1714/1714/1714
f 1719/1719/1719  1717/1717/1717  1668/1668/1668
f 1721/1721/1721  1719/1719/1719  1668/1668/1668
f 1853/1853/1853  1669/1669/1669  1811/1811/1811
f 1781/1781/1781  1671/1671/1671  1674/1674/1674
f 1814/1814/1814  1671/1671/1671  1781/1781/1781
f 1814/1814/1814  1811/1811/1811  1671/1671/1671
f 1778/1778/1778  1673/1673/1673  1676/1676/1676
f 1781/1781/1781  1674/1674/1674  1779/1779/1779
f 1810/1810/1810  1676/1676/1676  1678/1678/1678
f 1810/1810/1810  1778/1778/1778  1676/1676/1676
f 1808/1808/1808  1678/1678/1678  1680/1680/1680
f 1810/1810/1810  1678/1678/1678  1808/1808/1808
f 1806/1806/1806  1680/1680/1680  1682/1682/1682
f 1808/1808/1808  1680/1680/1680  1806/1806/1806
f 1804/1804/1804  1682/1682/1682  1684/1684/1684
f 1806/1806/1806  1682/1682/1682  1804/1804/1804
f 1802/1802/1802  1684/1684/1684  1686/1686/1686
f 1804/1804/1804  1684/1684/1684  1802/1802/1802
f 1800/1800/1800  1686/1686/1686  1688/1688/1688
f 1802/1802/1802  1686/1686/1686  1800/1800/1800
f 1798/1798/1798  1688/1688/1688  1690/1690/1690
f 1800/1800/1800  1688/1688/1688  1798/1798/1798
f 1798/1798/1798  1690/1690/1690  1692/1692/1692
f 1796/1796/1796  1693/1693/1693  1695/1695/1695
f 1798/1798/1798  1692/1692/1692  1795/1795/1795
f 1796/1796/1796  1695/1695/1695  1793/1793/1793
f 2338/2338/2338  1698/1698/1698  1700/1700/1700
f 2335/2335/2335  1713/1713/1713  1697/1697/1697
f 2337/2337/2337  2335/2335/2335  1697/1697/1697
f 2341/2341/2341  1700/1700/1700  1702/1702/1702
f 2341/2341/2341  2338/2338/2338  1700/1700/1700
f 2343/2343/2343  1702/1702/1702  1704/1704/1704
f 2343/2343/2343  2341/2341/2341  1702/1702/1702
f 2343/2343/2343  1704/1704/1704  1707/1707/1707
f 2329/2329/2329  1706/1706/1706  1709/1709/1709
f 2343/2343/2343  1707/1707/1707  2330/2330/2330
f 2333/2333/2333  1709/1709/1709  1711/1711/1711
f 2333/2333/2333  2329/2329/2329  1709/1709/1709
f 2335/2335/2335  1711/1711/1711  1713/1713/1713
f 2335/2335/2335  2333/2333/2333  1711/1711/1711
f 2358/2358/2358  1716/1716/1716  1718/1718/1718
f 2355/2355/2355  1731/1731/1731  1715/1715/1715
f 2357/2357/2357  2355/2355/2355  1715/1715/1715
f 2361/2361/2361  1718/1718/1718  1720/1720/1720
f 2361/2361/2361  2358/2358/2358  1718/1718/1718
f 2363/2363/2363  1720/1720/1720  1722/1722/1722
f 2363/2363/2363  2361/2361/2361  1720/1720/1720
f 2363/2363/2363  1722/1722/1722  1725/1725/1725
f 2349/2349/2349  1724/1724/1724  1727/1727/1727
f 2363/2363/2363  1725/1725/1725  2350/2350/2350
f 2353/2353/2353  1727/1727/1727  1729/1729/1729
f 2353/2353/2353  2349/2349/2349  1727/1727/1727
f 2355/2355/2355  1729/1729/1729  1731/1731/1731
f 2355/2355/2355  2353/2353/2353  1729/1729/1729
f 2378/2378/2378  1734/1734/1734  1736/1736/1736
f 2375/2375/2375  1749/1749/1749  1733/1733/1733
f 2377/2377/2377  2375/2375/2375  1733/1733/1733
f 2381/2381/2381  1736/1736/1736  1738/1738/1738
f 2381/2381/2381  2378/2378/2378  1736/1736/1736
f 2383/2383/2383  1738/1738/1738  1740/1740/1740
f 2383/2383/2383  2381/2381/2381  1738/1738/1738
f 2383/2383/2383  1740/1740/1740  1743/1743/1743
f 2369/2369/2369  1742/1742/1742  1745/1745/1745
f 2383/2383/2383  1743/1743/1743  2370/2370/2370
f 2373/2373/2373  1745/1745/1745  1747/1747/1747
f 2373/2373/2373  2369/2369/2369  1745/1745/1745
f 2375/2375/2375  1747/1747/1747  1749/1749/1749
f 2375/2375/2375  2373/2373/2373  1747/1747/1747
f 1761/1761/1761  1753/1753/1753  1750/1750/1750
f 1775/1775/1775  1752/1752/1752  1755/1755/1755
f 1775/1775/1775  1764/1764/1764  1752/1752/1752
f 1760/1760/1760  1754/1754/1754  1757/1757/1757
f 1761/1761/1761  1756/1756/1756  1753/1753/1753
f 1771/1771/1771  1754/1754/1754  1760/1760/1760
f 1771/1771/1771  1769/1769/1769  1754/1754/1754
f 1775/1775/1775  1755/1755/1755  1773/1773/1773
f 1761/1761/1761  1758/1758/1758  1756/1756/1756
f 1766/1766/1766  1759/1759/1759  1762/1762/1762
f 1767/1767/1767  1759/1759/1759  1766/1766/1766
f 1770/1770/1770  1759/1759/1759  1767/1767/1767
f 1766/1766/1766  1762/1762/1762  1765/1765/1765
f 1782/1782/1782  1776/1776/1776  1774/1774/1774
f 1784/1784/1784  1782/1782/1782  1774/1774/1774
f 1782/1782/1782  1780/1780/1780  1776/1776/1776
f 1814/1814/1814  1781/1781/1781  1783/1783/1783
f 1817/1817/1817  1783/1783/1783  1785/1785/1785
f 1817/1817/1817  1814/1814/1814  1783/1783/1783
f 1819/1819/1819  1785/1785/1785  1787/1787/1787
f 1819/1819/1819  1817/1817/1817  1785/1785/1785
f 1823/1823/1823  1787/1787/1787  1789/1789/1789
f 1821/1821/1821  1819/1819/1819  1787/1787/1787
f 1823/1823/1823  1821/1821/1821  1787/1787/1787
f 1825/1825/1825  1789/1789/1789  1791/1791/1791
f 1825/1825/1825  1823/1823/1823  1789/1789/1789
f 1827/1827/1827  1791/1791/1791  1793/1793/1793
f 1827/1827/1827  1825/1825/1825  1791/1791/1791
f 1830/1830/1830  1827/1827/1827  1793/1793/1793
f 1876/1876/1876  1812/1812/1812  1815/1815/1815
f 1879/1879/1879  1854/1854/1854  1813/1813/1813
f 1878/1878/1878  1812/1812/1812  1876/1876/1876
f 1877/1877/1877  1816/1816/1816  1818/1818/1818
f 2173/2173/2173  1818/1818/1818  1820/1820/1820
f 1875/1875/1875  1818/1818/1818  1872/1872/1872
f 2171/2171/2171  1872/1872/1872  1818/1818/1818
f 1877/1877/1877  1818/1818/1818  1875/1875/1875
f 2173/2173/2173  2171/2171/2171  1818/1818/1818
f 2177/2177/2177  1820/1820/1820  1822/1822/1822
f 2175/2175/2175  2173/2173/2173  1820/1820/1820
f 2177/2177/2177  2175/2175/2175  1820/1820/1820
f 2179/2179/2179  1822/1822/1822  1824/1824/1824
f 2179/2179/2179  2177/2177/2177  1822/1822/1822
f 2183/2183/2183  1824/1824/1824  1826/1826/1826
f 2181/2181/2181  2179/2179/2179  1824/1824/1824
f 2183/2183/2183  2181/2181/2181  1824/1824/1824
f 2156/2156/2156  1826/1826/1826  1829/1829/1829
f 2187/2187/2187  1826/1826/1826  2156/2156/2156
f 2185/2185/2185  2183/2183/2183  1826/1826/1826
f 2187/2187/2187  2185/2185/2185  1826/1826/1826
f 1885/1885/1885  1828/1828/1828  1832/1832/1832
f 2155/2155/2155  1828/1828/1828  1885/1885/1885
f 1884/1884/1884  1831/1831/1831  1834/1834/1834
f 1890/1890/1890  1834/1834/1834  1836/1836/1836
f 1886/1886/1886  1884/1884/1884  1834/1834/1834
f 1888/1888/1888  1886/1886/1886  1834/1834/1834
f 1890/1890/1890  1888/1888/1888  1834/1834/1834
f 2013/2013/2013  1837/1837/1837  1839/1839/1839
f 1937/1937/1937  1890/1890/1890  1836/1836/1836
f 2011/2011/2011  1938/1938/1938  1837/1837/1837
f 2013/2013/2013  2011/2011/2011  1837/1837/1837
f 2013/2013/2013  1839/1839/1839  1841/1841/1841
f 2016/2016/2016  1842/1842/1842  1844/1844/1844
f 2015/2015/2015  2013/2013/2013  1841/1841/1841
f 2016/2016/2016  1844/1844/1844  1847/1847/1847
f 2022/2022/2022  1846/1846/1846  1849/1849/1849
f 2023/2023/2023  2016/2016/2016  1847/1847/1847
f 2026/2026/2026  1849/1849/1849  1852/1852/1852
f 2026/2026/2026  2022/2022/2022  1849/1849/1849
f 1917/1917/1917  1851/1851/1851  1854/1854/1854
f 2028/2028/2028  1852/1852/1852  1918/1918/1918
f 2028/2028/2028  2026/2026/2026  1852/1852/1852
f 1883/1883/1883  1856/1856/1856  1854/1854/1854
f 1995/1995/1995  1854/1854/1854  1856/1856/1856
f 1881/1881/1881  1854/1854/1854  1879/1879/1879
f 1883/1883/1883  1854/1854/1854  1881/1881/1881
f 1950/1950/1950  1854/1854/1854  1909/1909/1909
f 1988/1988/1988  1909/1909/1909  1854/1854/1854
f 1919/1919/1919  1917/1917/1917  1854/1854/1854
f 1950/1950/1950  1919/1919/1919  1854/1854/1854
f 1991/1991/1991  1988/1988/1988  1854/1854/1854
f 1993/1993/1993  1991/1991/1991  1854/1854/1854
f 1995/1995/1995  1993/1993/1993  1854/1854/1854
f 1865/1865/1865  1857/1857/1857  1855/1855/1855
f 1979/1979/1979  1856/1856/1856  1858/1858/1858
f 1867/1867/1867  1865/1865/1865  1855/1855/1855
f 1882/1882/1882  1867/1867/1867  1855/1855/1855
f 1995/1995/1995  1856/1856/1856  1979/1979/1979
f 1862/1862/1862  1859/1859/1859  1857/1857/1857
f 1911/1911/1911  1858/1858/1858  1860/1860/1860
f 1865/1865/1865  1862/1862/1862  1857/1857/1857
f 1979/1979/1979  1858/1858/1858  1911/1911/1911
f 2190/2190/2190  1861/1861/1861  1864/1864/1864
f 1915/1915/1915  1911/1911/1911  1860/1860/1860
f 2190/2190/2190  1916/1916/1916  1861/1861/1861
f 2271/2271/2271  1863/1863/1863  1866/1866/1866
f 2271/2271/2271  2189/2189/2189  1863/1863/1863
f 2271/2271/2271  1866/1866/1866  1868/1868/1868
f 1882/1882/1882  1869/1869/1869  1867/1867/1867
f 2271/2271/2271  1868/1868/1868  1870/1870/1870
f 1882/1882/1882  1871/1871/1871  1869/1869/1869
f 2273/2273/2273  1870/1870/1870  1873/1873/1873
f 2273/2273/2273  2271/2271/2271  1870/1870/1870
f 1880/1880/1880  1874/1874/1874  1871/1871/1871
f 1882/1882/1882  1880/1880/1880  1871/1871/1871
f 2275/2275/2275  1873/1873/1873  2172/2172/2172
f 2275/2275/2275  2273/2273/2273  1873/1873/1873
f 1878/1878/1878  1876/1876/1876  1874/1874/1874
f 1880/1880/1880  1878/1878/1878  1874/1874/1874
f 2157/2157/2157  1885/1885/1885  1887/1887/1887
f 2157/2157/2157  2155/2155/2155  1885/1885/1885
f 2159/2159/2159  1887/1887/1887  1889/1889/1889
f 2159/2159/2159  2157/2157/2157  1887/1887/1887
f 2162/2162/2162  1889/1889/1889  1891/1891/1891
f 2162/2162/2162  2159/2159/2159  1889/1889/1889
f 1901/1901/1901  1892/1892/1892  1890/1890/1890
f 2164/2164/2164  1891/1891/1891  1893/1893/1893
f 1970/1970/1970  1901/1901/1901  1890/1890/1890
f 1973/1973/1973  1890/1890/1890  1937/1937/1937
f 1973/1973/1973  1970/1970/1970  1890/1890/1890
f 2164/2164/2164  2162/2162/2162  1891/1891/1891
f 1901/1901/1901  1894/1894/1894  1892/1892/1892
f 2166/2166/2166  1893/1893/1893  1895/1895/1895
f 2166/2166/2166  2164/2164/2164  1893/1893/1893
f 1899/1899/1899  1897/1897/1897  1894/1894/1894
f 2170/2170/2170  1896/1896/1896  1898/1898/1898
f 1901/1901/1901  1899/1899/1899  1894/1894/1894
f 2168/2168/2168  2166/2166/2166  1895/1895/1895
f 2218/2218/2218  1898/1898/1898  1900/1900/1900
f 2218/2218/2218  2170/2170/2170  1898/1898/1898
f 2216/2216/2216  1900/1900/1900  1902/1902/1902
f 2218/2218/2218  1900/1900/1900  2216/2216/2216
f 1964/1964/1964  1903/1903/1903  1901/1901/1901
f 2212/2212/2212  1902/1902/1902  1904/1904/1904
f 1966/1966/1966  1964/1964/1964  1901/1901/1901
f 1968/1968/1968  1966/1966/1966  1901/1901/1901
f 1970/1970/1970  1968/1968/1968  1901/1901/1901
f 2214/2214/2214  1902/1902/1902  2212/2212/2212
f 2216/2216/2216  1902/1902/1902  2214/2214/2214
f 1959/1959/1959  1905/1905/1905  1903/1903/1903
f 2208/2208/2208  1904/1904/1904  1906/1906/1906
f 1939/1939/1939  1903/1903/1903  1935/1935/1935
f 1961/1961/1961  1935/1935/1935  1903/1903/1903
f 1959/1959/1959  1903/1903/1903  1939/1939/1939
f 1964/1964/1964  1961/1961/1961  1903/1903/1903
f 2210/2210/2210  1904/1904/1904  2208/2208/2208
f 2212/2212/2212  1904/1904/1904  2210/2210/2210
f 1955/1955/1955  1907/1907/1907  1905/1905/1905
f 2204/2204/2204  1906/1906/1906  1908/1908/1908
f 1957/1957/1957  1955/1955/1955  1905/1905/1905
f 1959/1959/1959  1957/1957/1957  1905/1905/1905
f 2206/2206/2206  1906/1906/1906  2204/2204/2204
f 2208/2208/2208  1906/1906/1906  2206/2206/2206
f 1950/1950/1950  1909/1909/1909  1907/1907/1907
f 2202/2202/2202  1908/1908/1908  1910/1910/1910
f 1953/1953/1953  1950/1950/1950  1907/1907/1907
f 1955/1955/1955  1953/1953/1953  1907/1907/1907
f 2204/2204/2204  1908/1908/1908  2202/2202/2202
f 1982/1982/1982  1911/1911/1911  1909/1909/1909
f 2200/2200/2200  1910/1910/1910  1912/1912/1912
f 1984/1984/1984  1982/1982/1982  1909/1909/1909
f 1986/1986/1986  1984/1984/1984  1909/1909/1909
f 1988/1988/1988  1986/1986/1986  1909/1909/1909
f 2202/2202/2202  1910/1910/1910  2200/2200/2200
f 1915/1915/1915  1913/1913/1913  1911/1911/1911
f 2196/2196/2196  1912/1912/1912  1914/1914/1914
f 1982/1982/1982  1979/1979/1979  1911/1911/1911
f 2198/2198/2198  1912/1912/1912  2196/2196/2196
f 2200/2200/2200  1912/1912/1912  2198/2198/2198
f 2192/2192/2192  1914/1914/1914  1916/1916/1916
f 2194/2194/2194  1914/1914/1914  2192/2192/2192
f 2196/2196/2196  1914/1914/1914  2194/2194/2194
f 2192/2192/2192  1916/1916/1916  2190/2190/2190
f 2028/2028/2028  1918/1918/1918  1920/1920/1920
f 1948/1948/1948  1921/1921/1921  1919/1919/1919
f 2030/2030/2030  1920/1920/1920  1922/1922/1922
f 1950/1950/1950  1948/1948/1948  1919/1919/1919
f 2030/2030/2030  2028/2028/2028  1920/1920/1920
f 1948/1948/1948  1923/1923/1923  1921/1921/1921
f 2039/2039/2039  1922/1922/1922  1924/1924/1924
f 2034/2034/2034  2030/2030/2030  1922/1922/1922
f 2036/2036/2036  2034/2034/2034  1922/1922/1922
f 2039/2039/2039  2036/2036/2036  1922/1922/1922
f 1946/1946/1946  1925/1925/1925  1923/1923/1923
f 2039/2039/2039  1924/1924/1924  1927/1927/1927
f 1948/1948/1948  1946/1946/1946  1923/1923/1923
f 1944/1944/1944  1928/1928/1928  1925/1925/1925
f 2019/2019/2019  1926/1926/1926  1930/1930/1930
f 1946/1946/1946  1944/1944/1944  1925/1925/1925
f 2039/2039/2039  1927/1927/1927  2020/2020/2020
f 1942/1942/1942  1931/1931/1931  1928/1928/1928
f 1997/1997/1997  1929/1929/1929  1932/1932/1932
f 1944/1944/1944  1942/1942/1942  1928/1928/1928
f 2019/2019/2019  1930/1930/1930  1998/1998/1998
f 1942/1942/1942  1933/1933/1933  1931/1931/1931
f 2000/2000/2000  1932/1932/1932  1934/1934/1934
f 2000/2000/2000  1997/1997/1997  1932/1932/1932
f 1939/1939/1939  1935/1935/1935  1933/1933/1933
f 2002/2002/2002  1934/1934/1934  1936/1936/1936
f 1942/1942/1942  1939/1939/1939  1933/1933/1933
f 2002/2002/2002  2000/2000/2000  1934/1934/1934
f 1961/1961/1961  1937/1937/1937  1935/1935/1935
f 2007/2007/2007  1936/1936/1936  1938/1938/1938
f 2005/2005/2005  2002/2002/2002  1936/1936/1936
f 2007/2007/2007  2005/2005/2005  1936/1936/1936
f 1977/1977/1977  1937/1937/1937  1961/1961/1961
f 1975/1975/1975  1973/1973/1973  1937/1937/1937
f 1977/1977/1977  1975/1975/1975  1937/1937/1937
f 2011/2011/2011  2007/2007/2007  1938/1938/1938
f 2308/2308/2308  1940/1940/1940  1943/1943/1943
f 2311/2311/2311  1960/1960/1960  1941/1941/1941
f 2311/2311/2311  1941/1941/1941  2309/2309/2309
f 2328/2328/2328  1943/1943/1943  1945/1945/1945
f 2328/2328/2328  2308/2308/2308  1943/1943/1943
f 2326/2326/2326  1945/1945/1945  1947/1947/1947
f 2328/2328/2328  1945/1945/1945  2326/2326/2326
f 2324/2324/2324  1947/1947/1947  1949/1949/1949
f 2326/2326/2326  1947/1947/1947  2324/2324/2324
f 2322/2322/2322  1949/1949/1949  1951/1951/1951
f 2324/2324/2324  1949/1949/1949  2322/2322/2322
f 2320/2320/2320  1952/1952/1952  1954/1954/1954
f 2322/2322/2322  1951/1951/1951  2319/2319/2319
f 2317/2317/2317  1954/1954/1954  1956/1956/1956
f 2320/2320/2320  1954/1954/1954  2317/2317/2317
f 2315/2315/2315  1956/1956/1956  1958/1958/1958
f 2317/2317/2317  1956/1956/1956  2315/2315/2315
f 2313/2313/2313  1958/1958/1958  1960/1960/1960
f 2315/2315/2315  1958/1958/1958  2313/2313/2313
f 2313/2313/2313  1960/1960/1960  2311/2311/2311
f 2220/2220/2220  1962/1962/1962  1965/1965/1965
f 2223/2223/2223  1978/1978/1978  1963/1963/1963
f 2223/2223/2223  1963/1963/1963  2221/2221/2221
f 2236/2236/2236  1965/1965/1965  1967/1967/1967
f 2236/2236/2236  2220/2220/2220  1965/1965/1965
f 2234/2234/2234  1967/1967/1967  1969/1969/1969
f 2236/2236/2236  1967/1967/1967  2234/2234/2234
f 2232/2232/2232  1969/1969/1969  1971/1971/1971
f 2234/2234/2234  1969/1969/1969  2232/2232/2232
f 2230/2230/2230  1972/1972/1972  1974/1974/1974
f 2232/2232/2232  1971/1971/1971  2229/2229/2229
f 2227/2227/2227  1974/1974/1974  1976/1976/1976
f 2230/2230/2230  1974/1974/1974  2227/2227/2227
f 2225/2225/2225  1976/1976/1976  1978/1978/1978
f 2227/2227/2227  1976/1976/1976  2225/2225/2225
f 2225/2225/2225  1978/1978/1978  2223/2223/2223
f 2238/2238/2238  1980/1980/1980  1983/1983/1983
f 2241/2241/2241  1996/1996/1996  1981/1981/1981
f 2241/2241/2241  1981/1981/1981  2239/2239/2239
f 2254/2254/2254  1983/1983/1983  1985/1985/1985
f 2254/2254/2254  2238/2238/2238  1983/1983/1983
f 2252/2252/2252  1985/1985/1985  1987/1987/1987
f 2254/2254/2254  1985/1985/1985  2252/2252/2252
f 2250/2250/2250  1987/1987/1987  1989/1989/1989
f 2252/2252/2252  1987/1987/1987  2250/2250/2250
f 2248/2248/2248  1990/1990/1990  1992/1992/1992
f 2250/2250/2250  1989/1989/1989  2247/2247/2247
f 2245/2245/2245  1992/1992/1992  1994/1994/1994
f 2248/2248/2248  1992/1992/1992  2245/2245/2245
f 2243/2243/2243  1994/1994/1994  1996/1996/1996
f 2245/2245/2245  1994/1994/1994  2243/2243/2243
f 2243/2243/2243  1996/1996/1996  2241/2241/2241
f 2128/2128/2128  1999/1999/1999  2001/2001/2001
f 2138/2138/2138  2021/2021/2021  1999/1999/1999
f 2130/2130/2130  1999/1999/1999  2128/2128/2128
f 2138/2138/2138  1999/1999/1999  2130/2130/2130
f 2126/2126/2126  2001/2001/2001  2004/2004/2004
f 2128/2128/2128  2001/2001/2001  2126/2126/2126
f 2121/2121/2121  2003/2003/2003  2006/2006/2006
f 2121/2121/2121  2119/2119/2119  2003/2003/2003
f 2123/2123/2123  2003/2003/2003  2119/2119/2119
f 2126/2126/2126  2004/2004/2004  2124/2124/2124
f 2121/2121/2121  2006/2006/2006  2008/2008/2008
f 2106/2106/2106  2008/2008/2008  2012/2012/2012
f 2109/2109/2109  2008/2008/2008  2106/2106/2106
f 2116/2116/2116  2010/2010/2010  2110/2110/2110
f 2118/2118/2118  2010/2010/2010  2116/2116/2116
f 2122/2122/2122  2010/2010/2010  2118/2118/2118
f 2104/2104/2104  2012/2012/2012  2014/2014/2014
f 2106/2106/2106  2012/2012/2012  2104/2104/2104
f 2102/2102/2102  2014/2014/2014  2018/2018/2018
f 2104/2104/2104  2014/2014/2014  2102/2102/2102
f 2041/2041/2041  2017/2017/2017  2024/2024/2024
f 2102/2102/2102  2018/2018/2018  2043/2043/2043
f 2136/2136/2136  2040/2040/2040  2021/2021/2021
f 2138/2138/2138  2136/2136/2136  2021/2021/2021
f 2046/2046/2046  2025/2025/2025  2027/2027/2027
f 2044/2044/2044  2041/2041/2041  2024/2024/2024
f 2100/2100/2100  2027/2027/2027  2029/2029/2029
f 2100/2100/2100  2046/2046/2046  2027/2027/2027
f 2098/2098/2098  2029/2029/2029  2031/2031/2031
f 2100/2100/2100  2029/2029/2029  2098/2098/2098
f 2133/2133/2133  2031/2031/2031  2035/2035/2035
f 2153/2153/2153  2098/2098/2098  2031/2031/2031
f 2141/2141/2141  2031/2031/2031  2133/2133/2133
f 2148/2148/2148  2033/2033/2033  2142/2142/2142
f 2154/2154/2154  2033/2033/2033  2148/2148/2148
f 2133/2133/2133  2035/2035/2035  2038/2038/2038
f 2134/2134/2134  2037/2037/2037  2040/2040/2040
f 2134/2134/2134  2132/2132/2132  2037/2037/2037
f 2136/2136/2136  2134/2134/2134  2040/2040/2040
f 2047/2047/2047  2042/2042/2042  2045/2045/2045
f 2085/2085/2085  2042/2042/2042  2047/2047/2047
f 2101/2101/2101  2042/2042/2042  2085/2085/2085
f 2050/2050/2050  2047/2047/2047  2045/2045/2045
f 2099/2099/2099  2050/2050/2050  2045/2045/2045
f 2099/2099/2099  2053/2053/2053  2050/2050/2050
f 2097/2097/2097  2055/2055/2055  2053/2053/2053
f 2099/2099/2099  2097/2097/2097  2053/2053/2053
f 2063/2063/2063  2057/2057/2057  2055/2055/2055
f 2097/2097/2097  2063/2063/2063  2055/2055/2055
f 2061/2061/2061  2059/2059/2059  2057/2057/2057
f 2063/2063/2063  2061/2061/2061  2057/2057/2057
f 2097/2097/2097  2065/2065/2065  2063/2063/2063
f 2090/2090/2090  2067/2067/2067  2065/2065/2065
f 2093/2093/2093  2090/2090/2090  2065/2065/2065
f 2095/2095/2095  2093/2093/2093  2065/2065/2065
f 2097/2097/2097  2095/2095/2095  2065/2065/2065
f 2087/2087/2087  2070/2070/2070  2067/2067/2067
f 2090/2090/2090  2087/2087/2087  2067/2067/2067
f 2107/2107/2107  2073/2073/2073  2070/2070/2070
f 2107/2107/2107  2070/2070/2070  2087/2087/2087
f 2105/2105/2105  2075/2075/2075  2073/2073/2073
f 2107/2107/2107  2105/2105/2105  2073/2073/2073
f 2083/2083/2083  2077/2077/2077  2075/2075/2075
f 2105/2105/2105  2083/2083/2083  2075/2075/2075
f 2081/2081/2081  2079/2079/2079  2077/2077/2077
f 2083/2083/2083  2081/2081/2081  2077/2077/2077
f 2105/2105/2105  2085/2085/2085  2083/2083/2083
f 2103/2103/2103  2101/2101/2101  2085/2085/2085
f 2105/2105/2105  2103/2103/2103  2085/2085/2085
f 2131/2131/2131  2089/2089/2089  2092/2092/2092
f 2127/2127/2127  2108/2108/2108  2088/2088/2088
f 2129/2129/2129  2127/2127/2127  2088/2088/2088
f 2139/2139/2139  2091/2091/2091  2094/2094/2094
f 2140/2140/2140  2131/2131/2131  2092/2092/2092
f 2137/2137/2137  2094/2094/2094  2096/2096/2096
f 2139/2139/2139  2094/2094/2094  2137/2137/2137
f 2135/2135/2135  2096/2096/2096  2098/2098/2098
f 2137/2137/2137  2096/2096/2096  2135/2135/2135
f 2143/2143/2143  2135/2135/2135  2098/2098/2098
f 2145/2145/2145  2143/2143/2143  2098/2098/2098
f 2147/2147/2147  2145/2145/2145  2098/2098/2098
f 2149/2149/2149  2147/2147/2147  2098/2098/2098
f 2151/2151/2151  2149/2149/2149  2098/2098/2098
f 2153/2153/2153  2151/2151/2151  2098/2098/2098
f 2111/2111/2111  2106/2106/2106  2108/2108/2108
f 2111/2111/2111  2109/2109/2109  2106/2106/2106
f 2113/2113/2113  2111/2111/2111  2108/2108/2108
f 2115/2115/2115  2113/2113/2113  2108/2108/2108
f 2117/2117/2117  2115/2115/2115  2108/2108/2108
f 2119/2119/2119  2117/2117/2117  2108/2108/2108
f 2123/2123/2123  2119/2119/2119  2108/2108/2108
f 2125/2125/2125  2123/2123/2123  2108/2108/2108
f 2127/2127/2127  2125/2125/2125  2108/2108/2108
f 2114/2114/2114  2110/2110/2110  2112/2112/2112
f 2116/2116/2116  2110/2110/2110  2114/2114/2114
f 2122/2122/2122  2118/2118/2118  2120/2120/2120
f 2143/2143/2143  2133/2133/2133  2135/2135/2135
f 2143/2143/2143  2141/2141/2141  2133/2133/2133
f 2146/2146/2146  2142/2142/2142  2144/2144/2144
f 2148/2148/2148  2142/2142/2142  2146/2146/2146
f 2154/2154/2154  2148/2148/2148  2150/2150/2150
f 2154/2154/2154  2150/2150/2150  2152/2152/2152
f 2187/2187/2187  2156/2156/2156  2158/2158/2158
f 2187/2187/2187  2158/2158/2158  2160/2160/2160
f 2277/2277/2277  2161/2161/2161  2163/2163/2163
f 2188/2188/2188  2161/2161/2161  2172/2172/2172
f 2275/2275/2275  2172/2172/2172  2161/2161/2161
f 2277/2277/2277  2275/2275/2275  2161/2161/2161
f 2277/2277/2277  2163/2163/2163  2165/2165/2165
f 2277/2277/2277  2165/2165/2165  2167/2167/2167
f 2277/2277/2277  2167/2167/2167  2169/2169/2169
f 2279/2279/2279  2169/2169/2169  2217/2217/2217
f 2279/2279/2279  2277/2277/2277  2169/2169/2169
f 2188/2188/2188  2172/2172/2172  2174/2174/2174
f 2184/2184/2184  2174/2174/2174  2176/2176/2176
f 2186/2186/2186  2174/2174/2174  2184/2184/2184
f 2188/2188/2188  2174/2174/2174  2186/2186/2186
f 2182/2182/2182  2176/2176/2176  2178/2178/2178
f 2184/2184/2184  2176/2176/2176  2182/2182/2182
f 2182/2182/2182  2178/2178/2178  2180/2180/2180
f 2237/2237/2237  2191/2191/2191  2189/2189/2189
f 2240/2240/2240  2237/2237/2237  2189/2189/2189
f 2242/2242/2242  2240/2240/2240  2189/2189/2189
f 2244/2244/2244  2242/2242/2242  2189/2189/2189
f 2268/2268/2268  2244/2244/2244  2189/2189/2189
f 2271/2271/2271  2268/2268/2268  2189/2189/2189
f 2253/2253/2253  2193/2193/2193  2191/2191/2191
f 2253/2253/2253  2191/2191/2191  2237/2237/2237
f 2266/2266/2266  2195/2195/2195  2193/2193/2193
f 2253/2253/2253  2251/2251/2251  2193/2193/2193
f 2266/2266/2266  2193/2193/2193  2251/2251/2251
f 2264/2264/2264  2197/2197/2197  2195/2195/2195
f 2266/2266/2266  2264/2264/2264  2195/2195/2195
f 2262/2262/2262  2199/2199/2199  2197/2197/2197
f 2264/2264/2264  2262/2262/2262  2197/2197/2197
f 2205/2205/2205  2201/2201/2201  2199/2199/2199
f 2207/2207/2207  2205/2205/2205  2199/2199/2199
f 2262/2262/2262  2207/2207/2207  2199/2199/2199
f 2205/2205/2205  2203/2203/2203  2201/2201/2201
f 2262/2262/2262  2209/2209/2209  2207/2207/2207
f 2260/2260/2260  2211/2211/2211  2209/2209/2209
f 2262/2262/2262  2260/2260/2260  2209/2209/2209
f 2258/2258/2258  2213/2213/2213  2211/2211/2211
f 2260/2260/2260  2258/2258/2258  2211/2211/2211
f 2228/2228/2228  2215/2215/2215  2213/2213/2213
f 2231/2231/2231  2228/2228/2228  2213/2213/2213
f 2233/2233/2233  2231/2231/2231  2213/2213/2213
f 2235/2235/2235  2233/2233/2233  2213/2213/2213
f 2255/2255/2255  2235/2235/2235  2213/2213/2213
f 2258/2258/2258  2255/2255/2255  2213/2213/2213
f 2226/2226/2226  2217/2217/2217  2215/2215/2215
f 2228/2228/2228  2226/2226/2226  2215/2215/2215
f 2226/2226/2226  2224/2224/2224  2217/2217/2217
f 2279/2279/2279  2217/2217/2217  2224/2224/2224
f 2279/2279/2279  2222/2222/2222  2219/2219/2219
f 2255/2255/2255  2219/2219/2219  2235/2235/2235
f 2279/2279/2279  2219/2219/2219  2255/2255/2255
f 2279/2279/2279  2224/2224/2224  2222/2222/2222
f 2268/2268/2268  2246/2246/2246  2244/2244/2244
f 2266/2266/2266  2249/2249/2249  2246/2246/2246
f 2268/2268/2268  2266/2266/2266  2246/2246/2246
f 2266/2266/2266  2251/2251/2251  2249/2249/2249
f 2295/2295/2295  2257/2257/2257  2259/2259/2259
f 2292/2292/2292  2280/2280/2280  2256/2256/2256
f 2294/2294/2294  2292/2292/2292  2256/2256/2256
f 2297/2297/2297  2259/2259/2259  2261/2261/2261
f 2297/2297/2297  2295/2295/2295  2259/2259/2259
f 2299/2299/2299  2261/2261/2261  2263/2263/2263
f 2299/2299/2299  2297/2297/2297  2261/2261/2261
f 2301/2301/2301  2263/2263/2263  2265/2265/2265
f 2301/2301/2301  2299/2299/2299  2263/2263/2263
f 2303/2303/2303  2265/2265/2265  2267/2267/2267
f 2303/2303/2303  2301/2301/2301  2265/2265/2265
f 2305/2305/2305  2267/2267/2267  2270/2270/2270
f 2305/2305/2305  2303/2303/2303  2267/2267/2267
f 2281/2281/2281  2269/2269/2269  2272/2272/2272
f 2305/2305/2305  2270/2270/2270  2282/2282/2282
f 2284/2284/2284  2272/2272/2272  2274/2274/2274
f 2284/2284/2284  2281/2281/2281  2272/2272/2272
f 2286/2286/2286  2274/2274/2274  2276/2276/2276
f 2286/2286/2286  2284/2284/2284  2274/2274/2274
f 2288/2288/2288  2276/2276/2276  2278/2278/2278
f 2288/2288/2288  2286/2286/2286  2276/2276/2276
f 2290/2290/2290  2278/2278/2278  2280/2280/2280
f 2290/2290/2290  2288/2288/2288  2278/2278/2278
f 2292/2292/2292  2290/2290/2290  2280/2280/2280
f 2318/2318/2318  2283/2283/2283  2285/2285/2285
f 2316/2316/2316  2306/2306/2306  2283/2283/2283
f 2318/2318/2318  2316/2316/2316  2283/2283/2283
f 2323/2323/2323  2285/2285/2285  2287/2287/2287
f 2321/2321/2321  2318/2318/2318  2285/2285/2285
f 2323/2323/2323  2321/2321/2321  2285/2285/2285
f 2291/2291/2291  2287/2287/2287  2289/2289/2289
f 2325/2325/2325  2287/2287/2287  2291/2291/2291
f 2325/2325/2325  2323/2323/2323  2287/2287/2287
f 2325/2325/2325  2291/2291/2291  2293/2293/2293
f 2327/2327/2327  2293/2293/2293  2296/2296/2296
f 2327/2327/2327  2325/2325/2325  2293/2293/2293
f 2307/2307/2307  2296/2296/2296  2298/2298/2298
f 2327/2327/2327  2296/2296/2296  2307/2307/2307
f 2312/2312/2312  2298/2298/2298  2300/2300/2300
f 2310/2310/2310  2307/2307/2307  2298/2298/2298
f 2312/2312/2312  2310/2310/2310  2298/2298/2298
f 2304/2304/2304  2300/2300/2300  2302/2302/2302
f 2314/2314/2314  2300/2300/2300  2304/2304/2304
f 2314/2314/2314  2312/2312/2312  2300/2300/2300
f 2314/2314/2314  2304/2304/2304  2306/2306/2306
f 2316/2316/2316  2314/2314/2314  2306/2306/2306
f 2347/2347/2347  2332/2332/2332  2334/2334/2334
f 2345/2345/2345  2344/2344/2344  2331/2331/2331
f 2347/2347/2347  2334/2334/2334  2336/2336/2336
f 2347/2347/2347  2336/2336/2336  2340/2340/2340
f 2345/2345/2345  2339/2339/2339  2342/2342/2342
f 2345/2345/2345  2342/2342/2342  2344/2344/2344
f 2367/2367/2367  2352/2352/2352  2354/2354/2354
f 2365/2365/2365  2364/2364/2364  2351/2351/2351
f 2367/2367/2367  2354/2354/2354  2356/2356/2356
f 2367/2367/2367  2356/2356/2356  2360/2360/2360
f 2365/2365/2365  2359/2359/2359  2362/2362/2362
f 2365/2365/2365  2362/2362/2362  2364/2364/2364
f 2387/2387/2387  2372/2372/2372  2374/2374/2374
f 2385/2385/2385  2384/2384/2384  2371/2371/2371
f 2387/2387/2387  2374/2374/2374  2376/2376/2376
f 2387/2387/2387  2376/2376/2376  2380/2380/2380
f 2385/2385/2385  2379/2379/2379  2382/2382/2382
f 2385/2385/2385  2382/2382/2382  2384/2384/2384
f 2410/2410/2410  2391/2391/2391  2393/2393/2393
f 2408/2408/2408  2393/2393/2393  2395/2395/2395
f 2410/2410/2410  2393/2393/2393  2408/2408/2408
f 2406/2406/2406  2395/2395/2395  2397/2397/2397
f 2408/2408/2408  2395/2395/2395  2406/2406/2406
f 2404/2404/2404  2397/2397/2397  2399/2399/2399
f 2406/2406/2406  2397/2397/2397  2404/2404/2404
f 2404/2404/2404  2399/2399/2399  2402/2402/2402
f 2432/2432/2432  2413/2413/2413  2415/2415/2415
f 2430/2430/2430  2415/2415/2415  2417/2417/2417
f 2432/2432/2432  2415/2415/2415  2430/2430/2430
f 2428/2428/2428  2417/2417/2417  2419/2419/2419
f 2430/2430/2430  2417/2417/2417  2428/2428/2428
f 2426/2426/2426  2419/2419/2419  2421/2421/2421
f 2428/2428/2428  2419/2419/2419  2426/2426/2426
f 2426/2426/2426  2421/2421/2421  2424/2424/2424
f 2454/2454/2454  2435/2435/2435  2437/2437/2437
f 2452/2452/2452  2437/2437/2437  2439/2439/2439
f 2454/2454/2454  2437/2437/2437  2452/2452/2452
f 2450/2450/2450  2439/2439/2439  2441/2441/2441
f 2452/2452/2452  2439/2439/2439  2450/2450/2450
f 2448/2448/2448  2441/2441/2441  2443/2443/2443
f 2450/2450/2450  2441/2441/2441  2448/2448/2448
f 2448/2448/2448  2443/2443/2443  2446/2446/2446
f 2476/2476/2476  2457/2457/2457  2459/2459/2459
f 2474/2474/2474  2459/2459/2459  2461/2461/2461
f 2476/2476/2476  2459/2459/2459  2474/2474/2474
f 2472/2472/2472  2461/2461/2461  2463/2463/2463
f 2474/2474/2474  2461/2461/2461  2472/2472/2472
f 2470/2470/2470  2463/2463/2463  2465/2465/2465
f 2472/2472/2472  2463/2463/2463  2470/2470/2470
f 2470/2470/2470  2465/2465/2465  2468/2468/2468

v  19.750000 2.100000 -7.000751
v  19.750000 2.100000 -7.000751
v  19.750000 2.100000 -7.000751
v  19.750000 2.100000 7.000751
v  19.750000 2.100000 7.000751
v  19.750000 2.100000 7.000751
v  19.750000 4.786901 7.611201
v  19.750000 4.786901 7.611201
v  19.750000 4.786901 7.611201
v  19.750000 6.996975 9.256698
v  19.750000 6.996975 9.256698
v  19.750000 6.996975 9.256698
v  19.750000 9.254652 11.314335
v  19.750000 9.254652 11.314335
v  19.750000 9.254652 11.314335
v  19.750000 11.904863 12.833333
v  19.750000 11.904863 12.833333
v  19.750000 11.904863 12.833333
v  19.750000 11.904863 12.833333
v  19.750000 14.642287 13.705111
v  19.750000 14.642287 13.705111
v  19.750000 17.500000 14.000000
v  19.750000 17.500000 14.000000
v  19.750000 20.357713 13.705111
v  19.750000 20.357713 13.705111
v  19.750000 23.095137 12.833333
v  19.750000 23.095137 12.833333
v  19.750000 27.074998 10.213452
v  19.750000 27.074998 10.213452
v  19.750000 29.934985 6.432034
v  19.750000 29.934985 6.432034
v  19.750000 31.369509 1.906281
v  19.750000 31.369509 1.906281
v  19.750000 31.209680 -2.836282
v  19.750000 31.209680 -2.836282
v  19.750000 29.468645 -7.262791
v  19.750000 29.468645 -7.262791
v  19.750000 26.332562 -10.862124
v  19.750000 26.332562 -10.862124
v  19.750000 22.184087 -13.192957
v  19.750000 22.184087 -13.192957
v  19.750000 17.500000 -14.000000
v  19.750000 17.500000 -14.000000
v  19.750000 14.642287 -13.705111
v  19.750000 14.642287 -13.705111
v  19.750000 11.904863 -12.833333
v  19.750000 11.904863 -12.833333
v  19.750000 11.904863 -12.833333
v  19.750000 11.904863 -12.833333
v  19.750000 9.254652 -11.314335
v  19.750000 9.254652 -11.314335
v  19.750000 9.254652 -11.314335
v  19.750000 6.996975 -9.256698
v  19.750000 6.996975 -9.256698
v  19.750000 6.996975 -9.256698
v  19.750000 4.786901 -7.611201
v  19.750000 4.786901 -7.611201
v  19.750000 4.786901 -7.611201
v  19.750000 17.500000 13.000000
v  19.750000 17.500000 13.000000
v  19.750000 17.500000 13.000000
v  19.750000 12.511570 12.004739
v  19.750000 12.511570 12.004739
v  19.750000 8.299934 9.184602
v  19.750000 8.299934 9.184602
v  19.750000 5.489058 4.973473
v  19.750000 5.489058 4.973473
v  19.750000 4.500112 0.000704
v  19.750000 4.500112 0.000704
v  19.750000 5.490714 -4.977478
v  19.750000 5.490714 -4.977478
v  19.750000 8.307414 -9.192071
v  19.750000 8.307414 -9.192071
v  19.750000 12.522065 -12.009108
v  19.750000 12.522065 -12.009108
v  19.750000 17.500000 -13.000000
v  19.750000 17.500000 -13.000000
v  19.750000 17.500000 -13.000000
v  19.750000 22.488430 -12.004739
v  19.750000 22.488430 -12.004739
v  19.750000 26.700066 -9.184602
v  19.750000 26.700066 -9.184602
v  19.750000 29.510942 -4.973473
v  19.750000 29.510942 -4.973473
v  19.750000 30.499888 -0.000704
v  19.750000 30.499888 -0.000704
v  19.750000 29.509286 4.977478
v  19.750000 29.509286 4.977478
v  19.750000 26.692586 9.192071
v  19.750000 26.692586 9.192071
v  19.750000 22.477935 12.009108
v  19.750000 22.477935 12.009108
v  19.108127 2.100000 -9.452158
v  19.108127 2.100000 -9.452158
v  17.350701 2.100000 -11.272476
v  17.350701 2.100000 -11.272476
v  14.924104 2.100000 -12.000000
v  14.924104 2.100000 -12.000000
v  14.924104 2.100000 -12.000000
v  6.900000 2.100000 -12.000000
v  6.900000 2.100000 -12.000000
v  6.900000 2.100000 -12.000000
v  6.900000 2.100000 12.000000
v  6.900000 2.100000 12.000000
v  6.900000 2.100000 12.000000
v  14.923411 2.100000 12.000000
v  14.923411 2.100000 12.000000
v  14.923411 2.100000 12.000000
v  17.350740 2.100000 11.272443
v  17.350740 2.100000 11.272443
v  19.108154 2.100000 9.452113
v  19.108154 2.100000 9.452113
v  10.500000 2.100000 -8.450000
v  10.500000 2.100000 -8.450000
v  10.500000 2.100000 -8.450000
v  10.095247 2.100000 -8.531338
v  10.095247 2.100000 -8.531338
v  9.752486 2.100000 -8.762631
v  9.752486 2.100000 -8.762631
v  9.450014 2.100000 -9.504131
v  9.450014 2.100000 -9.504131
v  9.757037 2.100000 -10.241956
v  9.757037 2.100000 -10.241956
v  10.500000 2.100000 -10.550000
v  10.500000 2.100000 -10.550000
v  10.500000 2.100000 -10.550000
v  10.904753 2.100000 -10.468662
v  10.904753 2.100000 -10.468662
v  11.247514 2.100000 -10.237369
v  11.247514 2.100000 -10.237369
v  11.549986 2.100000 -9.495869
v  11.549986 2.100000 -9.495869
v  11.242963 2.100000 -8.758044
v  11.242963 2.100000 -8.758044
v  10.500000 2.100000 10.550000
v  10.500000 2.100000 10.550000
v  10.500000 2.100000 10.550000
v  10.095247 2.100000 10.468662
v  10.095247 2.100000 10.468662
v  9.752486 2.100000 10.237369
v  9.752486 2.100000 10.237369
v  9.450014 2.100000 9.495869
v  9.450014 2.100000 9.495869
v  9.757037 2.100000 8.758044
v  9.757037 2.100000 8.758044
v  10.500000 2.100000 8.450000
v  10.500000 2.100000 8.450000
v  10.500000 2.100000 8.450000
v  10.904753 2.100000 8.531338
v  10.904753 2.100000 8.531338
v  11.247514 2.100000 8.762631
v  11.247514 2.100000 8.762631
v  11.549986 2.100000 9.504131
v  11.549986 2.100000 9.504131
v  11.242963 2.100000 10.241956
v  11.242963 2.100000 10.241956
v  17.300000 2.100000 7.558500
v  17.300000 2.100000 7.558500
v  17.300000 2.100000 7.558500
v  16.897374 2.100000 9.059547
v  16.897374 2.100000 9.059547
v  15.801084 2.100000 10.155853
v  15.801084 2.100000 10.155853
v  14.300000 2.100000 10.558500
v  14.300000 2.100000 10.558500
v  12.798953 2.100000 10.155874
v  12.798953 2.100000 10.155874
v  11.702647 2.100000 9.059584
v  11.702647 2.100000 9.059584
v  11.300000 2.100000 7.558500
v  11.300000 2.100000 7.558500
v  11.300000 2.100000 7.558500
v  11.300000 2.100000 -7.558500
v  11.300000 2.100000 -7.558500
v  11.300000 2.100000 -7.558500
v  11.702626 2.100000 -9.059547
v  11.702626 2.100000 -9.059547
v  12.798916 2.100000 -10.155853
v  12.798916 2.100000 -10.155853
v  14.300000 2.100000 -10.558500
v  14.300000 2.100000 -10.558500
v  15.801047 2.100000 -10.155874
v  15.801047 2.100000 -10.155874
v  16.897353 2.100000 -9.059584
v  16.897353 2.100000 -9.059584
v  17.300000 2.100000 -7.558500
v  17.300000 2.100000 -7.558500
v  17.300000 2.100000 -7.558500
v  10.000000 2.100000 6.800000
v  10.000000 2.100000 6.800000
v  10.000000 2.100000 6.800000
v  9.691795 2.100000 6.738048
v  9.691795 2.100000 6.738048
v  9.430444 2.100000 6.561650
v  9.430444 2.100000 6.561650
v  9.200107 2.100000 5.996836
v  9.200107 2.100000 5.996836
v  9.433910 2.100000 5.434815
v  9.433910 2.100000 5.434815
v  10.000000 2.100000 5.200000
v  10.000000 2.100000 5.200000
v  10.000000 2.100000 5.200000
v  10.308205 2.100000 5.261952
v  10.308205 2.100000 5.261952
v  10.569556 2.100000 5.438350
v  10.569556 2.100000 5.438350
v  10.799893 2.100000 6.003164
v  10.799893 2.100000 6.003164
v  10.566090 2.100000 6.565185
v  10.566090 2.100000 6.565185
v  10.000000 2.100000 -5.200000
v  10.000000 2.100000 -5.200000
v  10.000000 2.100000 -5.200000
v  9.691795 2.100000 -5.261952
v  9.691795 2.100000 -5.261952
v  9.430444 2.100000 -5.438350
v  9.430444 2.100000 -5.438350
v  9.200107 2.100000 -6.003164
v  9.200107 2.100000 -6.003164
v  9.433910 2.100000 -6.565185
v  9.433910 2.100000 -6.565185
v  10.000000 2.100000 -6.800000
v  10.000000 2.100000 -6.800000
v  10.000000 2.100000 -6.800000
v  10.308205 2.100000 -6.738048
v  10.308205 2.100000 -6.738048
v  10.569556 2.100000 -6.561650
v  10.569556 2.100000 -6.561650
v  10.799893 2.100000 -5.996836
v  10.799893 2.100000 -5.996836
v  10.566090 2.100000 -5.434815
v  10.566090 2.100000 -5.434815
v  19.284380 3.905356 -9.524768
v  17.974243 3.187953 -11.082031
v  16.089444 2.800305 -12.000000
v  16.089444 2.800305 -12.000000
v  16.089444 2.800305 -12.000000
v  19.163127 5.233678 -10.810756
v  19.163127 5.233678 -10.810756
v  17.540275 3.884314 -12.000000
v  17.540275 3.884314 -12.000000
v  17.540275 3.884314 -12.000000
v  16.368995 2.983075 -12.000000
v  16.368995 2.983075 -12.000000
v  19.560838 7.908337 -12.000000
v  19.560838 7.908337 -12.000000
v  19.560838 7.908337 -12.000000
v  18.738923 5.437644 -12.000000
v  18.738923 5.437644 -12.000000
v  19.662820 8.657789 -12.028123
v  19.662820 8.657789 -12.028123
v  19.662820 8.657789 -12.028123
v  19.736330 9.909342 -12.202246
v  19.736330 9.909342 -12.202246
v  6.900000 11.904863 -12.833333
v  6.900000 11.904863 -12.833333
v  6.900000 11.904863 -12.833333
v  6.900000 9.949561 -12.210635
v  6.900000 9.949561 -12.210635
v  6.900000 7.908337 -12.000000
v  6.900000 7.908337 -12.000000
v  6.900000 7.908337 -12.000000
v  6.900000 11.904863 12.833333
v  6.900000 11.904863 12.833333
v  6.900000 11.904863 12.833333
v  6.900000 14.642287 13.705111
v  6.900000 14.642287 13.705111
v  6.900000 17.500000 14.000000
v  6.900000 17.500000 14.000000
v  6.900000 22.291133 13.154480
v  6.900000 22.291133 13.154480
v  6.900000 26.497611 10.725779
v  6.900000 26.497611 10.725779
v  6.900000 29.622878 7.002450
v  6.900000 29.622878 7.002450
v  6.900000 31.287258 2.431026
v  6.900000 31.287258 2.431026
v  6.900000 31.286564 -2.434958
v  6.900000 31.286564 -2.434958
v  6.900000 29.625370 -6.998116
v  6.900000 29.625370 -6.998116
v  6.900000 26.507130 -10.717802
v  6.900000 26.507130 -10.717802
v  6.900000 22.301120 -13.150818
v  6.900000 22.301120 -13.150818
v  6.900000 17.500000 -14.000000
v  6.900000 17.500000 -14.000000
v  6.900000 14.642287 -13.705111
v  6.900000 14.642287 -13.705111
v  19.736296 9.908626 12.202100
v  19.736296 9.908626 12.202100
v  19.662771 8.657411 12.028095
v  19.662771 8.657411 12.028095
v  19.662771 8.657411 12.028095
v  19.560838 7.908337 12.000000
v  19.560838 7.908337 12.000000
v  19.560838 7.908337 12.000000
v  6.900000 7.908337 12.000000
v  6.900000 7.908337 12.000000
v  6.900000 7.908337 12.000000
v  6.900000 9.949561 12.210635
v  6.900000 9.949561 12.210635
v  19.163127 5.233678 10.810756
v  19.163127 5.233678 10.810756
v  17.540275 3.884314 12.000000
v  17.540275 3.884314 12.000000
v  17.540275 3.884314 12.000000
v  18.738128 5.436159 12.000000
v  18.738128 5.436159 12.000000
v  16.095826 2.804724 12.000000
v  16.095826 2.804724 12.000000
v  16.095826 2.804724 12.000000
v  17.977124 3.188971 11.079821
v  19.285175 3.906071 9.523214
v  16.431325 3.025599 12.000000
v  16.431325 3.025599 12.000000
v  6.900000 17.500000 12.750000
v  6.900000 17.500000 12.750000
v  6.900000 17.500000 12.750000
v  6.900000 22.392293 11.773887
v  6.900000 22.392293 11.773887
v  6.900000 26.523330 9.007711
v  6.900000 26.523330 9.007711
v  6.900000 29.280174 4.877272
v  6.900000 29.280174 4.877272
v  6.900000 30.249994 0.000169
v  6.900000 30.249994 0.000169
v  6.900000 29.278310 -4.881757
v  6.900000 29.278310 -4.881757
v  6.900000 26.515800 -9.015208
v  6.900000 26.515800 -9.015208
v  6.900000 22.381873 -11.778236
v  6.900000 22.381873 -11.778236
v  6.900000 17.500000 -12.750000
v  6.900000 17.500000 -12.750000
v  6.900000 17.500000 -12.750000
v  6.900000 12.607707 -11.773887
v  6.900000 12.607707 -11.773887
v  6.900000 8.476670 -9.007711
v  6.900000 8.476670 -9.007711
v  6.900000 5.719826 -4.877272
v  6.900000 5.719826 -4.877272
v  6.900000 4.750006 -0.000169
v  6.900000 4.750006 -0.000169
v  6.900000 5.721690 4.881757
v  6.900000 5.721690 4.881757
v  6.900000 8.484200 9.015208
v  6.900000 8.484200 9.015208
v  6.900000 12.618127 11.778236
v  6.900000 12.618127 11.778236
v  7.600000 17.500000 -12.750000
v  7.600000 17.500000 -12.750000
v  7.600000 17.500000 -12.750000
v  7.600000 12.618127 -11.778236
v  7.600000 12.618127 -11.778236
v  7.600000 8.484200 -9.015208
v  7.600000 8.484200 -9.015208
v  7.600000 5.721690 -4.881757
v  7.600000 5.721690 -4.881757
v  7.600000 4.750006 0.000169
v  7.600000 4.750006 0.000169
v  7.600000 5.719826 4.877272
v  7.600000 5.719826 4.877272
v  7.600000 8.476670 9.007711
v  7.600000 8.476670 9.007711
v  7.600000 12.607707 11.773887
v  7.600000 12.607707 11.773887
v  7.600000 17.500000 12.750000
v  7.600000 17.500000 12.750000
v  7.600000 17.500000 12.750000
v  7.600000 22.381873 11.778236
v  7.600000 22.381873 11.778236
v  7.600000 26.515800 9.015208
v  7.600000 26.515800 9.015208
v  7.600000 29.278310 4.881757
v  7.600000 29.278310 4.881757
v  7.600000 30.249994 -0.000169
v  7.600000 30.249994 -0.000169
v  7.600000 29.280174 -4.877272
v  7.600000 29.280174 -4.877272
v  7.600000 26.523330 -9.007711
v  7.600000 26.523330 -9.007711
v  7.600000 22.392293 -11.773887
v  7.600000 22.392293 -11.773887
v  7.600000 17.500000 11.750000
v  7.600000 17.500000 11.750000
v  7.600000 17.500000 11.750000
v  7.600000 22.009799 10.849926
v  7.600000 22.009799 10.849926
v  7.600000 25.815473 8.301381
v  7.600000 25.815473 8.301381
v  7.600000 28.356528 4.494053
v  7.600000 28.356528 4.494053
v  7.600000 29.249993 -0.001983
v  7.600000 29.249993 -0.001983
v  7.600000 28.354022 -4.500102
v  7.600000 28.354022 -4.500102
v  7.600000 25.807921 -8.308895
v  7.600000 25.807921 -8.308895
v  7.600000 21.999772 -10.854113
v  7.600000 21.999772 -10.854113
v  7.600000 17.500000 -11.750000
v  7.600000 17.500000 -11.750000
v  7.600000 17.500000 -11.750000
v  7.600000 12.990201 -10.849926
v  7.600000 12.990201 -10.849926
v  7.600000 9.184527 -8.301381
v  7.600000 9.184527 -8.301381
v  7.600000 6.643472 -4.494053
v  7.600000 6.643472 -4.494053
v  7.600000 5.750007 0.001983
v  7.600000 5.750007 0.001983
v  7.600000 6.645978 4.500102
v  7.600000 6.645978 4.500102
v  7.600000 9.192079 8.308895
v  7.600000 9.192079 8.308895
v  7.600000 13.000228 10.854113
v  7.600000 13.000228 10.854113
v  6.900000 17.500000 -11.750000
v  6.900000 17.500000 -11.750000
v  6.900000 17.500000 -11.750000
v  6.900000 13.000228 -10.854113
v  6.900000 13.000228 -10.854113
v  6.900000 9.192079 -8.308895
v  6.900000 9.192079 -8.308895
v  6.900000 6.645978 -4.500102
v  6.900000 6.645978 -4.500102
v  6.900000 5.750007 -0.001983
v  6.900000 5.750007 -0.001983
v  6.900000 6.643472 4.494053
v  6.900000 6.643472 4.494053
v  6.900000 9.184527 8.301381
v  6.900000 9.184527 8.301381
v  6.900000 12.990201 10.849926
v  6.900000 12.990201 10.849926
v  6.900000 17.500000 11.750000
v  6.900000 17.500000 11.750000
v  6.900000 17.500000 11.750000
v  6.900000 22.009799 -10.849926
v  6.900000 22.009799 -10.849926
v  6.900000 25.815473 -8.301381
v  6.900000 25.815473 -8.301381
v  6.900000 28.356528 -4.494053
v  6.900000 28.356528 -4.494053
v  6.900000 29.249993 0.001983
v  6.900000 29.249993 0.001983
v  6.900000 28.354022 4.500102
v  6.900000 28.354022 4.500102
v  6.900000 25.807921 8.308895
v  6.900000 25.807921 8.308895
v  6.900000 21.999772 10.854113
v  6.900000 21.999772 10.854113
v  6.900000 17.500000 -10.500000
v  6.900000 17.500000 -10.500000
v  6.900000 17.500000 -10.500000
v  6.900000 13.468091 -9.694847
v  6.900000 13.468091 -9.694847
v  6.900000 10.066872 -7.416016
v  6.900000 10.066872 -7.416016
v  6.900000 7.795882 -4.009925
v  6.900000 7.795882 -4.009925
v  6.900000 7.000134 0.004168
v  6.900000 7.000134 0.004168
v  6.900000 7.799006 4.017485
v  6.900000 7.799006 4.017485
v  6.900000 10.074513 7.423635
v  6.900000 10.074513 7.423635
v  6.900000 13.477615 9.698831
v  6.900000 13.477615 9.698831
v  6.900000 17.500000 10.500000
v  6.900000 17.500000 10.500000
v  6.900000 17.500000 10.500000
v  6.900000 21.531909 9.694847
v  6.900000 21.531909 9.694847
v  6.900000 24.933128 7.416016
v  6.900000 24.933128 7.416016
v  6.900000 27.204118 4.009925
v  6.900000 27.204118 4.009925
v  6.900000 27.999866 -0.004168
v  6.900000 27.999866 -0.004168
v  6.900000 27.200994 -4.017485
v  6.900000 27.200994 -4.017485
v  6.900000 24.925487 -7.423635
v  6.900000 24.925487 -7.423635
v  6.900000 21.522385 -9.698831
v  6.900000 21.522385 -9.698831
v  11.900000 17.500000 10.500000
v  11.900000 17.500000 10.500000
v  11.900000 17.500000 10.500000
v  11.900000 21.522385 9.698831
v  11.900000 21.522385 9.698831
v  11.900000 24.925487 7.423635
v  11.900000 24.925487 7.423635
v  11.900000 27.200994 4.017485
v  11.900000 27.200994 4.017485
v  11.900000 27.999866 0.004168
v  11.900000 27.999866 0.004168
v  11.900000 27.204118 -4.009925
v  11.900000 27.204118 -4.009925
v  11.900000 24.933128 -7.416016
v  11.900000 24.933128 -7.416016
v  11.900000 21.531909 -9.694847
v  11.900000 21.531909 -9.694847
v  11.900000 17.500000 -10.500000
v  11.900000 17.500000 -10.500000
v  11.900000 17.500000 -10.500000
v  11.900000 13.468091 9.694847
v  11.900000 13.468091 9.694847
v  11.900000 10.066872 7.416016
v  11.900000 10.066872 7.416016
v  11.900000 7.795882 4.009925
v  11.900000 7.795882 4.009925
v  11.900000 7.000134 -0.004168
v  11.900000 7.000134 -0.004168
v  11.900000 7.799006 -4.017485
v  11.900000 7.799006 -4.017485
v  11.900000 10.074513 -7.423635
v  11.900000 10.074513 -7.423635
v  11.900000 13.477615 -9.698831
v  11.900000 13.477615 -9.698831
v  11.900000 17.500000 9.300000
v  11.900000 17.500000 9.300000
v  11.900000 17.500000 9.300000
v  11.900000 21.547588 8.372992
v  11.900000 21.547588 8.372992
v  11.900000 24.777618 5.790180
v  11.900000 24.777618 5.790180
v  11.900000 26.568109 2.063803
v  11.900000 26.568109 2.063803
v  11.900000 26.565985 -2.073115
v  11.900000 26.565985 -2.073115
v  11.900000 24.771487 -5.797879
v  11.900000 24.771487 -5.797879
v  11.900000 21.537713 -8.377759
v  11.900000 21.537713 -8.377759
v  11.900000 17.500000 -9.300000
v  11.900000 17.500000 -9.300000
v  11.900000 17.500000 -9.300000
v  11.900000 13.452412 -8.372992
v  11.900000 13.452412 -8.372992
v  11.900000 10.222382 -5.790180
v  11.900000 10.222382 -5.790180
v  11.900000 8.431891 -2.063803
v  11.900000 8.431891 -2.063803
v  11.900000 8.434015 2.073115
v  11.900000 8.434015 2.073115
v  11.900000 10.228513 5.797879
v  11.900000 10.228513 5.797879
v  11.900000 13.462287 8.377759
v  11.900000 13.462287 8.377759
v  12.900000 17.500000 -9.300000
v  12.900000 17.500000 -9.300000
v  12.900000 17.500000 -9.300000
v  12.900000 13.462287 -8.377759
v  12.900000 13.462287 -8.377759
v  12.900000 10.228513 -5.797879
v  12.900000 10.228513 -5.797879
v  12.900000 8.434015 -2.073115
v  12.900000 8.434015 -2.073115
v  12.900000 8.431891 2.063803
v  12.900000 8.431891 2.063803
v  12.900000 10.222382 5.790180
v  12.900000 10.222382 5.790180
v  12.900000 13.452412 8.372992
v  12.900000 13.452412 8.372992
v  12.900000 17.500000 9.300000
v  12.900000 17.500000 9.300000
v  12.900000 17.500000 9.300000
v  12.900000 3.000000 -8.500000
v  12.900000 3.000000 -8.500000
v  12.900000 3.000000 -8.500000
v  12.900000 3.000000 8.500000
v  12.900000 3.000000 8.500000
v  12.900000 3.000000 8.500000
v  12.900000 7.929734 8.500000
v  12.900000 7.929734 8.500000
v  12.900000 7.929734 8.500000
v  12.900000 10.667866 10.824132
v  12.900000 10.667866 10.824132
v  12.900000 13.944008 12.296130
v  12.900000 13.944008 12.296130
v  12.900000 17.500000 12.800000
v  12.900000 17.500000 12.800000
v  12.900000 17.500000 12.800000
v  12.900000 21.055992 12.296130
v  12.900000 21.055992 12.296130
v  12.900000 24.332134 10.824132
v  12.900000 24.332134 10.824132
v  12.900000 27.070266 8.500000
v  12.900000 27.070266 8.500000
v  12.900000 29.556333 4.299110
v  12.900000 29.556333 4.299110
v  12.900000 30.289825 -0.507870
v  12.900000 30.289825 -0.507870
v  12.900000 29.176127 -5.244577
v  12.900000 29.176127 -5.244577
v  12.900000 26.368982 -9.229206
v  12.900000 26.368982 -9.229206
v  12.900000 22.281571 -11.873269
v  12.900000 22.281571 -11.873269
v  12.900000 17.500000 -12.800000
v  12.900000 17.500000 -12.800000
v  12.900000 17.500000 -12.800000
v  12.900000 13.944008 -12.296130
v  12.900000 13.944008 -12.296130
v  12.900000 10.667866 -10.824132
v  12.900000 10.667866 -10.824132
v  12.900000 7.929734 -8.500000
v  12.900000 7.929734 -8.500000
v  12.900000 7.929734 -8.500000
v  12.900000 21.547588 -8.372992
v  12.900000 21.547588 -8.372992
v  12.900000 24.777618 -5.790180
v  12.900000 24.777618 -5.790180
v  12.900000 26.568109 -2.063803
v  12.900000 26.568109 -2.063803
v  12.900000 26.565985 2.073115
v  12.900000 26.565985 2.073115
v  12.900000 24.771487 5.797879
v  12.900000 24.771487 5.797879
v  12.900000 21.537713 8.377759
v  12.900000 21.537713 8.377759
v  17.300000 3.000000 7.558500
v  17.300000 3.000000 7.558500
v  17.300000 3.000000 7.558500
v  17.300000 3.000000 -7.558500
v  17.300000 3.000000 -7.558500
v  17.300000 3.000000 -7.558500
v  16.897374 3.000000 -9.059547
v  16.897374 3.000000 -9.059547
v  15.801084 3.000000 -10.155853
v  15.801084 3.000000 -10.155853
v  14.300000 3.000000 -10.558500
v  14.300000 3.000000 -10.558500
v  12.798953 3.000000 -10.155874
v  12.798953 3.000000 -10.155874
v  11.702647 3.000000 -9.059584
v  11.702647 3.000000 -9.059584
v  11.300000 3.000000 -7.558500
v  11.300000 3.000000 -7.558500
v  11.300000 3.000000 -7.558500
v  11.300000 3.000000 7.558500
v  11.300000 3.000000 7.558500
v  11.300000 3.000000 7.558500
v  11.702626 3.000000 9.059547
v  11.702626 3.000000 9.059547
v  12.798916 3.000000 10.155853
v  12.798916 3.000000 10.155853
v  14.300000 3.000000 10.558500
v  14.300000 3.000000 10.558500
v  15.801047 3.000000 10.155874
v  15.801047 3.000000 10.155874
v  16.897353 3.000000 9.059584
v  16.897353 3.000000 9.059584
v  13.046509 3.000000 -8.853470
v  13.046509 3.000000 -8.853470
v  13.400000 3.000000 -9.000000
v  13.400000 3.000000 -9.000000
v  13.400000 3.000000 -9.000000
v  15.200000 3.000000 -9.000000
v  15.200000 3.000000 -9.000000
v  15.200000 3.000000 -9.000000
v  15.553470 3.000000 -8.853491
v  15.553470 3.000000 -8.853491
v  15.700000 3.000000 -8.500000
v  15.700000 3.000000 -8.500000
v  15.700000 3.000000 -8.500000
v  15.700000 3.000000 8.500000
v  15.700000 3.000000 8.500000
v  15.700000 3.000000 8.500000
v  15.553491 3.000000 8.853470
v  15.553491 3.000000 8.853470
v  15.200000 3.000000 9.000000
v  15.200000 3.000000 9.000000
v  15.200000 3.000000 9.000000
v  13.400000 3.000000 9.000000
v  13.400000 3.000000 9.000000
v  13.400000 3.000000 9.000000
v  13.046530 3.000000 8.853491
v  13.046530 3.000000 8.853491
v  12.952577 8.132638 -8.723103
v  12.952577 8.132638 -8.723103
v  13.082805 8.287510 -8.886509
v  13.082805 8.287510 -8.886509
v  13.400000 8.398352 -9.000000
v  13.400000 8.398352 -9.000000
v  13.400000 8.398352 -9.000000
v  16.250000 17.500000 -12.800000
v  16.250000 17.500000 -12.800000
v  16.250000 17.500000 -12.800000
v  16.250000 12.598684 -11.824367
v  16.250000 12.598684 -11.824367
v  16.250000 8.448584 -9.050396
v  16.250000 8.448584 -9.050396
v  16.250000 5.675204 -4.900260
v  16.250000 5.675204 -4.900260
v  16.250000 4.700110 0.000250
v  16.250000 4.700110 0.000250
v  16.250000 5.673389 4.895866
v  16.250000 5.673389 4.895866
v  16.250000 8.441100 9.042923
v  16.250000 8.441100 9.042923
v  16.250000 12.588257 11.820026
v  16.250000 12.588257 11.820026
v  16.250000 17.500000 12.800000
v  16.250000 17.500000 12.800000
v  16.250000 17.500000 12.800000
v  12.952511 8.132516 8.722972
v  12.952511 8.132516 8.722972
v  13.082704 8.287430 8.886425
v  13.082704 8.287430 8.886425
v  13.400000 8.398352 9.000000
v  13.400000 8.398352 9.000000
v  13.400000 8.398352 9.000000
v  15.200000 8.398352 9.000000
v  15.200000 8.398352 9.000000
v  15.200000 8.398352 9.000000
v  15.517195 8.287510 8.886509
v  15.517195 8.287510 8.886509
v  15.647423 8.132638 8.723103
v  15.647423 8.132638 8.723103
v  15.700000 7.929734 8.500000
v  15.700000 7.929734 8.500000
v  15.700000 7.929734 8.500000
v  15.700000 5.533680 4.543758
v  15.700000 5.533680 4.543758
v  15.700000 4.700093 -0.000033
v  15.700000 4.700093 -0.000033
v  15.700000 5.533697 -4.543805
v  15.700000 5.533697 -4.543805
v  15.700000 7.929734 -8.500000
v  15.700000 7.929734 -8.500000
v  15.700000 7.929734 -8.500000
v  15.647489 8.132516 -8.722972
v  15.647489 8.132516 -8.722972
v  15.517296 8.287430 -8.886425
v  15.517296 8.287430 -8.886425
v  15.200000 8.398352 -9.000000
v  15.200000 8.398352 -9.000000
v  15.200000 8.398352 -9.000000
v  16.250000 17.500000 13.000000
v  16.250000 17.500000 13.000000
v  16.250000 17.500000 13.000000
v  16.250000 22.488430 12.004739
v  16.250000 22.488430 12.004739
v  16.250000 26.700066 9.184602
v  16.250000 26.700066 9.184602
v  16.250000 29.510942 4.973473
v  16.250000 29.510942 4.973473
v  16.250000 30.499888 0.000704
v  16.250000 30.499888 0.000704
v  16.250000 29.509286 -4.977478
v  16.250000 29.509286 -4.977478
v  16.250000 26.692586 -9.192071
v  16.250000 26.692586 -9.192071
v  16.250000 22.477935 -12.009108
v  16.250000 22.477935 -12.009108
v  16.250000 17.500000 -13.000000
v  16.250000 17.500000 -13.000000
v  16.250000 17.500000 -13.000000
v  16.250000 12.511570 -12.004739
v  16.250000 12.511570 -12.004739
v  16.250000 8.299934 -9.184602
v  16.250000 8.299934 -9.184602
v  16.250000 5.489058 -4.973473
v  16.250000 5.489058 -4.973473
v  16.250000 4.500112 -0.000704
v  16.250000 4.500112 -0.000704
v  16.250000 5.490714 4.977478
v  16.250000 5.490714 4.977478
v  16.250000 8.307414 9.192071
v  16.250000 8.307414 9.192071
v  16.250000 12.522065 12.009108
v  16.250000 12.522065 12.009108
v  16.250000 22.411743 -11.820026
v  16.250000 22.411743 -11.820026
v  16.250000 26.558900 -9.042923
v  16.250000 26.558900 -9.042923
v  16.250000 29.326611 -4.895866
v  16.250000 29.326611 -4.895866
v  16.250000 30.299890 -0.000250
v  16.250000 30.299890 -0.000250
v  16.250000 29.324796 4.900260
v  16.250000 29.324796 4.900260
v  16.250000 26.551416 9.050396
v  16.250000 26.551416 9.050396
v  16.250000 22.401316 11.824367
v  16.250000 22.401316 11.824367
v  10.500000 9.000000 -10.550000
v  10.500000 9.000000 -10.550000
v  10.500000 9.000000 -10.550000
v  11.242963 9.000000 -10.241956
v  11.242963 9.000000 -10.241956
v  11.549986 9.000000 -9.504131
v  11.549986 9.000000 -9.504131
v  11.247514 9.000000 -8.762631
v  11.247514 9.000000 -8.762631
v  10.904753 9.000000 -8.531338
v  10.904753 9.000000 -8.531338
v  10.500000 9.000000 -8.450000
v  10.500000 9.000000 -8.450000
v  10.500000 9.000000 -8.450000
v  9.757037 9.000000 -8.758044
v  9.757037 9.000000 -8.758044
v  9.450014 9.000000 -9.495869
v  9.450014 9.000000 -9.495869
v  9.752486 9.000000 -10.237369
v  9.752486 9.000000 -10.237369
v  10.095247 9.000000 -10.468662
v  10.095247 9.000000 -10.468662
v  10.500000 9.000000 8.450000
v  10.500000 9.000000 8.450000
v  10.500000 9.000000 8.450000
v  11.242963 9.000000 8.758044
v  11.242963 9.000000 8.758044
v  11.549986 9.000000 9.495869
v  11.549986 9.000000 9.495869
v  11.247514 9.000000 10.237369
v  11.247514 9.000000 10.237369
v  10.904753 9.000000 10.468662
v  10.904753 9.000000 10.468662
v  10.500000 9.000000 10.550000
v  10.500000 9.000000 10.550000
v  10.500000 9.000000 10.550000
v  9.757037 9.000000 10.241956
v  9.757037 9.000000 10.241956
v  9.450014 9.000000 9.504131
v  9.450014 9.000000 9.504131
v  9.752486 9.000000 8.762631
v  9.752486 9.000000 8.762631
v  10.095247 9.000000 8.531338
v  10.095247 9.000000 8.531338
v  10.000000 6.100000 5.200000
v  10.000000 6.100000 5.200000
v  10.000000 6.100000 5.200000
v  10.000000 6.100000 5.200000
v  10.565685 6.100000 5.434315
v  10.565685 6.100000 5.434315
v  10.800000 6.100000 6.000000
v  10.800000 6.100000 6.000000
v  10.565685 6.100000 6.565685
v  10.565685 6.100000 6.565685
v  10.000000 6.100000 6.800000
v  10.000000 6.100000 6.800000
v  10.000000 6.100000 6.800000
v  10.000000 6.100000 6.800000
v  9.434315 6.100000 6.565685
v  9.434315 6.100000 6.565685
v  9.200000 6.100000 6.000000
v  9.200000 6.100000 6.000000
v  9.434315 6.100000 5.434315
v  9.434315 6.100000 5.434315
v  10.000000 6.580688 6.000000
v  10.000000 6.580688 6.000000
v  10.000000 6.580688 6.000000
v  10.000000 6.580688 6.000000
v  10.000000 6.100000 -6.800000
v  10.000000 6.100000 -6.800000
v  10.000000 6.100000 -6.800000
v  10.000000 6.100000 -6.800000
v  10.565685 6.100000 -6.565685
v  10.565685 6.100000 -6.565685
v  10.800000 6.100000 -6.000000
v  10.800000 6.100000 -6.000000
v  10.565685 6.100000 -5.434315
v  10.565685 6.100000 -5.434315
v  10.000000 6.100000 -5.200000
v  10.000000 6.100000 -5.200000
v  10.000000 6.100000 -5.200000
v  10.000000 6.100000 -5.200000
v  9.434315 6.100000 -5.434315
v  9.434315 6.100000 -5.434315
v  9.200000 6.100000 -6.000000
v  9.200000 6.100000 -6.000000
v  9.434315 6.100000 -6.565685
v  9.434315 6.100000 -6.565685
v  10.000000 6.580688 -6.000000
v  10.000000 6.580688 -6.000000
v  10.000000 6.580688 -6.000000
v  10.000000 6.580688 -6.000000

vt  0.000000 0.335431 0.000000
vt  0.000000 0.335431 0.000000
vt  0.000000 0.335431 0.000000
vt  0.000000 0.664569 0.000000
vt  0.000000 0.664569 0.000000
vt  0.000000 0.664569 0.000000
vt  0.105672 0.674027 0.000000
vt  0.105672 0.674027 0.000000
vt  0.105672 0.674027 0.000000
vt  0.187970 0.702020 0.000000
vt  0.187970 0.702020 0.000000
vt  0.187970 0.702020 0.000000
vt  0.266287 0.732386 0.000000
vt  0.266287 0.732386 0.000000
vt  0.266287 0.732386 0.000000
vt  0.349838 0.746610 0.000000
vt  0.349838 0.746610 0.000000
vt  0.349838 0.746610 0.000000
vt  0.349838 0.746610 0.000000
vt  0.426375 0.746956 0.000000
vt  0.426375 0.746956 0.000000
vt  0.496182 0.736879 0.000000
vt  0.496182 0.736879 0.000000
vt  0.556673 0.718583 0.000000
vt  0.556673 0.718583 0.000000
vt  0.606974 0.694050 0.000000
vt  0.606974 0.694050 0.000000
vt  0.668890 0.643656 0.000000
vt  0.668890 0.643656 0.000000
vt  0.706568 0.586179 0.000000
vt  0.706568 0.586179 0.000000
vt  0.723648 0.524951 0.000000
vt  0.723648 0.524951 0.000000
vt  0.721801 0.462781 0.000000
vt  0.721801 0.462781 0.000000
vt  0.700766 0.401934 0.000000
vt  0.700766 0.401934 0.000000
vt  0.658237 0.345212 0.000000
vt  0.658237 0.345212 0.000000
vt  0.590997 0.297009 0.000000
vt  0.590997 0.297009 0.000000
vt  0.496182 0.263121 0.000000
vt  0.496182 0.263121 0.000000
vt  0.426375 0.253044 0.000000
vt  0.426375 0.253044 0.000000
vt  0.349838 0.253390 0.000000
vt  0.349838 0.253390 0.000000
vt  0.349838 0.253390 0.000000
vt  0.349838 0.253390 0.000000
vt  0.266287 0.267614 0.000000
vt  0.266287 0.267614 0.000000
vt  0.266287 0.267614 0.000000
vt  0.187970 0.297980 0.000000
vt  0.187970 0.297980 0.000000
vt  0.187970 0.297980 0.000000
vt  0.105672 0.325973 0.000000
vt  0.105672 0.325973 0.000000
vt  0.105672 0.325973 0.000000
vt  0.496182 0.722294 0.000000
vt  0.496182 0.722294 0.000000
vt  0.496182 0.722294 0.000000
vt  0.367650 0.730362 0.000000
vt  0.367650 0.730362 0.000000
vt  0.233939 0.696686 0.000000
vt  0.233939 0.696686 0.000000
vt  0.132356 0.615590 0.000000
vt  0.132356 0.615590 0.000000
vt  0.094645 0.500017 0.000000
vt  0.094645 0.500017 0.000000
vt  0.132418 0.384323 0.000000
vt  0.132418 0.384323 0.000000
vt  0.234197 0.303195 0.000000
vt  0.234197 0.303195 0.000000
vt  0.367954 0.269613 0.000000
vt  0.367954 0.269613 0.000000
vt  0.496182 0.277706 0.000000
vt  0.496182 0.277706 0.000000
vt  0.496182 0.277706 0.000000
vt  0.596416 0.314760 0.000000
vt  0.596416 0.314760 0.000000
vt  0.663558 0.368974 0.000000
vt  0.663558 0.368974 0.000000
vt  0.701298 0.432424 0.000000
vt  0.701298 0.432424 0.000000
vt  0.713429 0.499991 0.000000
vt  0.713429 0.499991 0.000000
vt  0.701277 0.567632 0.000000
vt  0.701277 0.567632 0.000000
vt  0.663451 0.631150 0.000000
vt  0.663451 0.631150 0.000000
vt  0.596230 0.685346 0.000000
vt  0.596230 0.685346 0.000000
vt  0.002829 0.278076 0.000000
vt  0.002829 0.278076 0.000000
vt  0.011633 0.221819 0.000000
vt  0.011633 0.221819 0.000000
vt  0.027138 0.173452 0.000000
vt  0.027138 0.173452 0.000000
vt  0.027138 0.173452 0.000000
vt  0.151875 0.000000 0.000000
vt  0.151875 0.000000 0.000000
vt  0.151875 0.000000 0.000000
vt  0.151875 1.000000 0.000000
vt  0.151875 1.000000 0.000000
vt  0.151875 1.000000 0.000000
vt  0.027143 0.826558 0.000000
vt  0.027143 0.826558 0.000000
vt  0.027143 0.826558 0.000000
vt  0.011633 0.778180 0.000000
vt  0.011633 0.778180 0.000000
vt  0.002829 0.721923 0.000000
vt  0.002829 0.721923 0.000000
vt  0.073300 0.175567 0.000000
vt  0.073300 0.175567 0.000000
vt  0.073300 0.175567 0.000000
vt  0.079470 0.164334 0.000000
vt  0.079470 0.164334 0.000000
vt  0.085078 0.149997 0.000000
vt  0.085078 0.149997 0.000000
vt  0.090349 0.123060 0.000000
vt  0.090349 0.123060 0.000000
vt  0.085001 0.112316 0.000000
vt  0.085001 0.112316 0.000000
vt  0.073300 0.122203 0.000000
vt  0.073300 0.122203 0.000000
vt  0.073300 0.122203 0.000000
vt  0.067572 0.132917 0.000000
vt  0.067572 0.132917 0.000000
vt  0.063032 0.145549 0.000000
vt  0.063032 0.145549 0.000000
vt  0.059242 0.169711 0.000000
vt  0.059242 0.169711 0.000000
vt  0.063091 0.182649 0.000000
vt  0.063091 0.182649 0.000000
vt  0.073300 0.877797 0.000000
vt  0.073300 0.877797 0.000000
vt  0.073300 0.877797 0.000000
vt  0.079470 0.885081 0.000000
vt  0.079470 0.885081 0.000000
vt  0.085078 0.887683 0.000000
vt  0.085078 0.887683 0.000000
vt  0.090349 0.876729 0.000000
vt  0.090349 0.876729 0.000000
vt  0.085001 0.849770 0.000000
vt  0.085001 0.849770 0.000000
vt  0.073300 0.824433 0.000000
vt  0.073300 0.824433 0.000000
vt  0.073300 0.824433 0.000000
vt  0.067572 0.818115 0.000000
vt  0.067572 0.818115 0.000000
vt  0.063032 0.817382 0.000000
vt  0.063032 0.817382 0.000000
vt  0.059242 0.830496 0.000000
vt  0.059242 0.830496 0.000000
vt  0.063091 0.854654 0.000000
vt  0.063091 0.854654 0.000000
vt  0.011913 0.698733 0.000000
vt  0.011913 0.698733 0.000000
vt  0.011913 0.698733 0.000000
vt  0.014197 0.737451 0.000000
vt  0.014197 0.737451 0.000000
vt  0.020994 0.775479 0.000000
vt  0.020994 0.775479 0.000000
vt  0.031960 0.806386 0.000000
vt  0.031960 0.806386 0.000000
vt  0.045437 0.822599 0.000000
vt  0.045437 0.822599 0.000000
vt  0.057401 0.816198 0.000000
vt  0.057401 0.816198 0.000000
vt  0.062360 0.782496 0.000000
vt  0.062360 0.782496 0.000000
vt  0.062360 0.782496 0.000000
vt  0.062360 0.217504 0.000000
vt  0.062360 0.217504 0.000000
vt  0.062360 0.217504 0.000000
vt  0.057402 0.183802 0.000000
vt  0.057402 0.183802 0.000000
vt  0.045437 0.177401 0.000000
vt  0.045437 0.177401 0.000000
vt  0.031960 0.193614 0.000000
vt  0.031960 0.193614 0.000000
vt  0.020995 0.224520 0.000000
vt  0.020995 0.224520 0.000000
vt  0.014197 0.262548 0.000000
vt  0.014197 0.262548 0.000000
vt  0.011913 0.301267 0.000000
vt  0.011913 0.301267 0.000000
vt  0.011913 0.301267 0.000000
vt  0.080991 0.785148 0.000000
vt  0.080991 0.785148 0.000000
vt  0.080991 0.785148 0.000000
vt  0.086110 0.789823 0.000000
vt  0.086110 0.789823 0.000000
vt  0.090701 0.789722 0.000000
vt  0.090701 0.789722 0.000000
vt  0.094953 0.774909 0.000000
vt  0.094953 0.774909 0.000000
vt  0.090639 0.748764 0.000000
vt  0.090639 0.748764 0.000000
vt  0.080991 0.728602 0.000000
vt  0.080991 0.728602 0.000000
vt  0.080991 0.728602 0.000000
vt  0.076166 0.725230 0.000000
vt  0.076166 0.725230 0.000000
vt  0.072286 0.726966 0.000000
vt  0.072286 0.726966 0.000000
vt  0.069016 0.742560 0.000000
vt  0.069016 0.742560 0.000000
vt  0.072336 0.765790 0.000000
vt  0.072336 0.765790 0.000000
vt  0.080991 0.271398 0.000000
vt  0.080991 0.271398 0.000000
vt  0.080991 0.271398 0.000000
vt  0.086110 0.263096 0.000000
vt  0.086110 0.263096 0.000000
vt  0.090701 0.251029 0.000000
vt  0.090701 0.251029 0.000000
vt  0.094953 0.224859 0.000000
vt  0.094953 0.224859 0.000000
vt  0.090639 0.210236 0.000000
vt  0.090639 0.210236 0.000000
vt  0.080991 0.214852 0.000000
vt  0.080991 0.214852 0.000000
vt  0.080991 0.214852 0.000000
vt  0.076166 0.223357 0.000000
vt  0.076166 0.223357 0.000000
vt  0.072286 0.234394 0.000000
vt  0.072286 0.234394 0.000000
vt  0.069016 0.257655 0.000000
vt  0.069016 0.257655 0.000000
vt  0.072336 0.273100 0.000000
vt  0.072336 0.273100 0.000000
vt  0.075237 0.281066 0.000000
vt  0.055783 0.235043 0.000000
vt  0.053205 0.192267 0.000000
vt  0.053205 0.192267 0.000000
vt  0.053205 0.192267 0.000000
vt  0.128769 0.257973 0.000000
vt  0.128769 0.257973 0.000000
vt  0.089760 0.214021 0.000000
vt  0.089760 0.214021 0.000000
vt  0.089760 0.214021 0.000000
vt  0.059569 0.196574 0.000000
vt  0.059569 0.196574 0.000000
vt  0.223009 0.248875 0.000000
vt  0.223009 0.248875 0.000000
vt  0.223009 0.248875 0.000000
vt  0.141442 0.232238 0.000000
vt  0.141442 0.232238 0.000000
vt  0.247505 0.252152 0.000000
vt  0.247505 0.252152 0.000000
vt  0.247505 0.252152 0.000000
vt  0.288014 0.254867 0.000000
vt  0.288014 0.254867 0.000000
vt  0.752991 0.135509 0.000000
vt  0.752991 0.135509 0.000000
vt  0.752991 0.135509 0.000000
vt  0.688023 0.116546 0.000000
vt  0.688023 0.116546 0.000000
vt  0.599017 0.086161 0.000000
vt  0.599017 0.086161 0.000000
vt  0.599017 0.086161 0.000000
vt  0.752991 0.864491 0.000000
vt  0.752991 0.864491 0.000000
vt  0.752991 0.864491 0.000000
vt  0.821036 0.841183 0.000000
vt  0.821036 0.841183 0.000000
vt  0.872970 0.810701 0.000000
vt  0.872970 0.810701 0.000000
vt  0.933384 0.749281 0.000000
vt  0.933384 0.749281 0.000000
vt  0.969802 0.681305 0.000000
vt  0.969802 0.681305 0.000000
vt  0.990555 0.609886 0.000000
vt  0.990555 0.609886 0.000000
vt  1.000000 0.536777 0.000000
vt  1.000000 0.536777 0.000000
vt  0.999996 0.463163 0.000000
vt  0.999996 0.463163 0.000000
vt  0.990570 0.390188 0.000000
vt  0.990570 0.390188 0.000000
vt  0.969872 0.318873 0.000000
vt  0.969872 0.318873 0.000000
vt  0.933485 0.250862 0.000000
vt  0.933485 0.250862 0.000000
vt  0.872970 0.189299 0.000000
vt  0.872970 0.189299 0.000000
vt  0.821036 0.158817 0.000000
vt  0.821036 0.158817 0.000000
vt  0.287991 0.745134 0.000000
vt  0.287991 0.745134 0.000000
vt  0.247493 0.747850 0.000000
vt  0.247493 0.747850 0.000000
vt  0.247493 0.747850 0.000000
vt  0.223009 0.751125 0.000000
vt  0.223009 0.751125 0.000000
vt  0.223009 0.751125 0.000000
vt  0.599017 0.913839 0.000000
vt  0.599017 0.913839 0.000000
vt  0.599017 0.913839 0.000000
vt  0.688023 0.883454 0.000000
vt  0.688023 0.883454 0.000000
vt  0.128769 0.742027 0.000000
vt  0.128769 0.742027 0.000000
vt  0.089760 0.785979 0.000000
vt  0.089760 0.785979 0.000000
vt  0.089760 0.785979 0.000000
vt  0.141392 0.767775 0.000000
vt  0.141392 0.767775 0.000000
vt  0.053365 0.807633 0.000000
vt  0.053365 0.807633 0.000000
vt  0.053365 0.807633 0.000000
vt  0.055805 0.764879 0.000000
vt  0.075259 0.718894 0.000000
vt  0.061039 0.802474 0.000000
vt  0.061039 0.802474 0.000000
vt  0.872970 0.789266 0.000000
vt  0.872970 0.789266 0.000000
vt  0.872970 0.789266 0.000000
vt  0.934407 0.726121 0.000000
vt  0.934407 0.726121 0.000000
vt  0.969992 0.654210 0.000000
vt  0.969992 0.654210 0.000000
vt  0.988484 0.578055 0.000000
vt  0.988484 0.578055 0.000000
vt  0.994230 0.500003 0.000000
vt  0.994230 0.500003 0.000000
vt  0.988473 0.421870 0.000000
vt  0.988473 0.421870 0.000000
vt  0.969936 0.345632 0.000000
vt  0.969936 0.345632 0.000000
vt  0.934302 0.273724 0.000000
vt  0.934302 0.273724 0.000000
vt  0.872970 0.210734 0.000000
vt  0.872970 0.210734 0.000000
vt  0.872970 0.210734 0.000000
vt  0.772646 0.166699 0.000000
vt  0.772646 0.166699 0.000000
vt  0.626418 0.165271 0.000000
vt  0.626418 0.165271 0.000000
vt  0.469802 0.257982 0.000000
vt  0.469802 0.257982 0.000000
vt  0.398277 0.499990 0.000000
vt  0.398277 0.499990 0.000000
vt  0.469931 0.742178 0.000000
vt  0.469931 0.742178 0.000000
vt  0.626767 0.834800 0.000000
vt  0.626767 0.834800 0.000000
vt  0.772924 0.833238 0.000000
vt  0.772924 0.833238 0.000000
vt  0.845611 0.213915 0.000000
vt  0.845611 0.213915 0.000000
vt  0.845611 0.213915 0.000000
vt  0.739500 0.172451 0.000000
vt  0.739500 0.172451 0.000000
vt  0.588543 0.174868 0.000000
vt  0.588543 0.174868 0.000000
vt  0.432275 0.269756 0.000000
vt  0.432275 0.269756 0.000000
vt  0.362773 0.500009 0.000000
vt  0.362773 0.500009 0.000000
vt  0.432150 0.730086 0.000000
vt  0.432150 0.730086 0.000000
vt  0.588189 0.825052 0.000000
vt  0.588189 0.825052 0.000000
vt  0.739208 0.827605 0.000000
vt  0.739208 0.827605 0.000000
vt  0.845611 0.786085 0.000000
vt  0.845611 0.786085 0.000000
vt  0.845611 0.786085 0.000000
vt  0.911619 0.724494 0.000000
vt  0.911619 0.724494 0.000000
vt  0.950252 0.653402 0.000000
vt  0.950252 0.653402 0.000000
vt  0.970420 0.577703 0.000000
vt  0.970420 0.577703 0.000000
vt  0.976693 0.499997 0.000000
vt  0.976693 0.499997 0.000000
vt  0.970432 0.422372 0.000000
vt  0.970432 0.422372 0.000000
vt  0.950312 0.346755 0.000000
vt  0.950312 0.346755 0.000000
vt  0.911733 0.275658 0.000000
vt  0.911733 0.275658 0.000000
vt  0.845611 0.768062 0.000000
vt  0.845611 0.768062 0.000000
vt  0.845611 0.768062 0.000000
vt  0.907502 0.711754 0.000000
vt  0.907502 0.711754 0.000000
vt  0.944506 0.645305 0.000000
vt  0.944506 0.645305 0.000000
vt  0.964098 0.573767 0.000000
vt  0.964098 0.573767 0.000000
vt  0.970231 0.499968 0.000000
vt  0.970231 0.499968 0.000000
vt  0.964080 0.426130 0.000000
vt  0.964080 0.426130 0.000000
vt  0.944442 0.354535 0.000000
vt  0.944442 0.354535 0.000000
vt  0.907389 0.288099 0.000000
vt  0.907389 0.288099 0.000000
vt  0.845611 0.231938 0.000000
vt  0.845611 0.231938 0.000000
vt  0.845611 0.231938 0.000000
vt  0.749723 0.196668 0.000000
vt  0.749723 0.196668 0.000000
vt  0.619964 0.204610 0.000000
vt  0.619964 0.204610 0.000000
vt  0.490792 0.296594 0.000000
vt  0.490792 0.296594 0.000000
vt  0.434177 0.500101 0.000000
vt  0.434177 0.500101 0.000000
vt  0.490942 0.703620 0.000000
vt  0.490942 0.703620 0.000000
vt  0.620287 0.795485 0.000000
vt  0.620287 0.795485 0.000000
vt  0.749992 0.803289 0.000000
vt  0.749992 0.803289 0.000000
vt  0.872970 0.228863 0.000000
vt  0.872970 0.228863 0.000000
vt  0.872970 0.228863 0.000000
vt  0.782907 0.191418 0.000000
vt  0.782907 0.191418 0.000000
vt  0.657917 0.196032 0.000000
vt  0.657917 0.196032 0.000000
vt  0.529504 0.286744 0.000000
vt  0.529504 0.286744 0.000000
vt  0.471876 0.499893 0.000000
vt  0.471876 0.499893 0.000000
vt  0.529353 0.713039 0.000000
vt  0.529353 0.713039 0.000000
vt  0.657601 0.803880 0.000000
vt  0.657601 0.803880 0.000000
vt  0.782651 0.808632 0.000000
vt  0.782651 0.808632 0.000000
vt  0.872970 0.771137 0.000000
vt  0.872970 0.771137 0.000000
vt  0.872970 0.771137 0.000000
vt  0.930494 0.286484 0.000000
vt  0.930494 0.286484 0.000000
vt  0.964647 0.353727 0.000000
vt  0.964647 0.353727 0.000000
vt  0.982666 0.425802 0.000000
vt  0.982666 0.425802 0.000000
vt  0.988300 0.500032 0.000000
vt  0.988300 0.500032 0.000000
vt  0.982650 0.574302 0.000000
vt  0.982650 0.574302 0.000000
vt  0.964588 0.646435 0.000000
vt  0.964588 0.646435 0.000000
vt  0.930389 0.713666 0.000000
vt  0.930389 0.713666 0.000000
vt  0.872970 0.252770 0.000000
vt  0.872970 0.252770 0.000000
vt  0.872970 0.252770 0.000000
vt  0.794524 0.223305 0.000000
vt  0.794524 0.223305 0.000000
vt  0.692412 0.234842 0.000000
vt  0.692412 0.234842 0.000000
vt  0.593325 0.321459 0.000000
vt  0.593325 0.321459 0.000000
vt  0.550304 0.500206 0.000000
vt  0.550304 0.500206 0.000000
vt  0.593485 0.678811 0.000000
vt  0.593485 0.678811 0.000000
vt  0.692696 0.765268 0.000000
vt  0.692696 0.765268 0.000000
vt  0.794753 0.776662 0.000000
vt  0.794753 0.776662 0.000000
vt  0.872970 0.747230 0.000000
vt  0.872970 0.747230 0.000000
vt  0.872970 0.747230 0.000000
vt  0.925427 0.696708 0.000000
vt  0.925427 0.696708 0.000000
vt  0.957589 0.635573 0.000000
vt  0.957589 0.635573 0.000000
vt  0.974886 0.568918 0.000000
vt  0.974886 0.568918 0.000000
vt  0.980323 0.499930 0.000000
vt  0.980323 0.499930 0.000000
vt  0.974864 0.430947 0.000000
vt  0.974864 0.430947 0.000000
vt  0.957526 0.364258 0.000000
vt  0.957526 0.364258 0.000000
vt  0.925324 0.303149 0.000000
vt  0.925324 0.303149 0.000000
vt  0.695373 0.723661 0.000000
vt  0.695373 0.723661 0.000000
vt  0.695373 0.723661 0.000000
vt  0.769183 0.682420 0.000000
vt  0.769183 0.682420 0.000000
vt  0.816990 0.627508 0.000000
vt  0.816990 0.627508 0.000000
vt  0.843457 0.565314 0.000000
vt  0.843457 0.565314 0.000000
vt  0.851892 0.500067 0.000000
vt  0.851892 0.500067 0.000000
vt  0.843491 0.434813 0.000000
vt  0.843491 0.434813 0.000000
vt  0.817085 0.372647 0.000000
vt  0.817085 0.372647 0.000000
vt  0.769333 0.317704 0.000000
vt  0.769333 0.317704 0.000000
vt  0.695373 0.276339 0.000000
vt  0.695373 0.276339 0.000000
vt  0.695373 0.276339 0.000000
vt  0.594006 0.740235 0.000000
vt  0.594006 0.740235 0.000000
vt  0.477808 0.715658 0.000000
vt  0.477808 0.715658 0.000000
vt  0.379894 0.633419 0.000000
vt  0.379894 0.633419 0.000000
vt  0.341241 0.499853 0.000000
vt  0.341241 0.499853 0.000000
vt  0.380041 0.366357 0.000000
vt  0.380041 0.366357 0.000000
vt  0.478108 0.284208 0.000000
vt  0.478108 0.284208 0.000000
vt  0.594287 0.259763 0.000000
vt  0.594287 0.259763 0.000000
vt  0.695373 0.701070 0.000000
vt  0.695373 0.701070 0.000000
vt  0.695373 0.701070 0.000000
vt  0.769580 0.659224 0.000000
vt  0.769580 0.659224 0.000000
vt  0.815132 0.600822 0.000000
vt  0.815132 0.600822 0.000000
vt  0.836474 0.534370 0.000000
vt  0.836474 0.534370 0.000000
vt  0.836450 0.465473 0.000000
vt  0.836450 0.465473 0.000000
vt  0.815055 0.399028 0.000000
vt  0.815055 0.399028 0.000000
vt  0.769424 0.340640 0.000000
vt  0.769424 0.340640 0.000000
vt  0.695373 0.298930 0.000000
vt  0.695373 0.298930 0.000000
vt  0.695373 0.298930 0.000000
vt  0.593543 0.288155 0.000000
vt  0.593543 0.288155 0.000000
vt  0.483873 0.328296 0.000000
vt  0.483873 0.328296 0.000000
vt  0.409134 0.431735 0.000000
vt  0.409134 0.431735 0.000000
vt  0.409229 0.568564 0.000000
vt  0.409229 0.568564 0.000000
vt  0.484111 0.671874 0.000000
vt  0.484111 0.671874 0.000000
vt  0.593834 0.711874 0.000000
vt  0.593834 0.711874 0.000000
vt  0.664884 0.303706 0.000000
vt  0.664884 0.303706 0.000000
vt  0.664884 0.303706 0.000000
vt  0.561622 0.294926 0.000000
vt  0.561622 0.294926 0.000000
vt  0.452372 0.335564 0.000000
vt  0.452372 0.335564 0.000000
vt  0.379155 0.435069 0.000000
vt  0.379155 0.435069 0.000000
vt  0.379062 0.564647 0.000000
vt  0.379062 0.564647 0.000000
vt  0.452138 0.664269 0.000000
vt  0.452138 0.664269 0.000000
vt  0.561328 0.705040 0.000000
vt  0.561328 0.705040 0.000000
vt  0.664884 0.696294 0.000000
vt  0.664884 0.696294 0.000000
vt  0.664884 0.696294 0.000000
vt  0.098225 0.222915 0.000000
vt  0.098225 0.222915 0.000000
vt  0.098225 0.222915 0.000000
vt  0.098225 0.777085 0.000000
vt  0.098225 0.777085 0.000000
vt  0.098225 0.777085 0.000000
vt  0.356814 0.748398 0.000000
vt  0.356814 0.748398 0.000000
vt  0.356814 0.748398 0.000000
vt  0.468854 0.778743 0.000000
vt  0.468854 0.778743 0.000000
vt  0.575683 0.778978 0.000000
vt  0.575683 0.778978 0.000000
vt  0.664884 0.758404 0.000000
vt  0.664884 0.758404 0.000000
vt  0.664884 0.758404 0.000000
vt  0.733445 0.724360 0.000000
vt  0.733445 0.724360 0.000000
vt  0.783280 0.681857 0.000000
vt  0.783280 0.681857 0.000000
vt  0.817568 0.634134 0.000000
vt  0.817568 0.634134 0.000000
vt  0.844150 0.564359 0.000000
vt  0.844150 0.564359 0.000000
vt  0.851292 0.492509 0.000000
vt  0.851292 0.492509 0.000000
vt  0.840329 0.420870 0.000000
vt  0.840329 0.420870 0.000000
vt  0.809331 0.352074 0.000000
vt  0.809331 0.352074 0.000000
vt  0.753376 0.290165 0.000000
vt  0.753376 0.290165 0.000000
vt  0.664884 0.241596 0.000000
vt  0.664884 0.241596 0.000000
vt  0.664884 0.241596 0.000000
vt  0.575683 0.221022 0.000000
vt  0.575683 0.221022 0.000000
vt  0.468854 0.221257 0.000000
vt  0.468854 0.221257 0.000000
vt  0.356814 0.251602 0.000000
vt  0.356814 0.251602 0.000000
vt  0.356814 0.251602 0.000000
vt  0.741640 0.343722 0.000000
vt  0.741640 0.343722 0.000000
vt  0.789267 0.400748 0.000000
vt  0.789267 0.400748 0.000000
vt  0.811706 0.466121 0.000000
vt  0.811706 0.466121 0.000000
vt  0.811681 0.534034 0.000000
vt  0.811681 0.534034 0.000000
vt  0.789186 0.599399 0.000000
vt  0.789186 0.599399 0.000000
vt  0.741478 0.656410 0.000000
vt  0.741478 0.656410 0.000000
vt  0.052710 0.697407 0.000000
vt  0.052710 0.697407 0.000000
vt  0.052710 0.697407 0.000000
vt  0.052710 0.302593 0.000000
vt  0.052710 0.302593 0.000000
vt  0.052710 0.302593 0.000000
vt  0.055923 0.264127 0.000000
vt  0.055923 0.264127 0.000000
vt  0.065472 0.226487 0.000000
vt  0.065472 0.226487 0.000000
vt  0.080830 0.196123 0.000000
vt  0.080830 0.196123 0.000000
vt  0.099620 0.180569 0.000000
vt  0.099620 0.180569 0.000000
vt  0.116218 0.187534 0.000000
vt  0.116218 0.187534 0.000000
vt  0.123072 0.221298 0.000000
vt  0.123072 0.221298 0.000000
vt  0.123072 0.221298 0.000000
vt  0.123072 0.778702 0.000000
vt  0.123072 0.778702 0.000000
vt  0.123072 0.778702 0.000000
vt  0.116218 0.812465 0.000000
vt  0.116218 0.812465 0.000000
vt  0.099621 0.819431 0.000000
vt  0.099621 0.819431 0.000000
vt  0.080830 0.803877 0.000000
vt  0.080830 0.803877 0.000000
vt  0.065472 0.773514 0.000000
vt  0.065472 0.773514 0.000000
vt  0.055923 0.735874 0.000000
vt  0.055923 0.735874 0.000000
vt  0.096238 0.216246 0.000000
vt  0.096238 0.216246 0.000000
vt  0.091615 0.218256 0.000000
vt  0.091615 0.218256 0.000000
vt  0.091615 0.218256 0.000000
vt  0.071272 0.244439 0.000000
vt  0.071272 0.244439 0.000000
vt  0.071272 0.244439 0.000000
vt  0.067809 0.252494 0.000000
vt  0.067809 0.252494 0.000000
vt  0.066417 0.262655 0.000000
vt  0.066417 0.262655 0.000000
vt  0.066417 0.262655 0.000000
vt  0.066417 0.737345 0.000000
vt  0.066417 0.737345 0.000000
vt  0.066417 0.737345 0.000000
vt  0.067809 0.747506 0.000000
vt  0.067809 0.747506 0.000000
vt  0.071272 0.755561 0.000000
vt  0.071272 0.755561 0.000000
vt  0.071272 0.755561 0.000000
vt  0.091615 0.781744 0.000000
vt  0.091615 0.781744 0.000000
vt  0.091615 0.781744 0.000000
vt  0.096238 0.783754 0.000000
vt  0.096238 0.783754 0.000000
vt  0.364429 0.248284 0.000000
vt  0.364429 0.248284 0.000000
vt  0.367633 0.247021 0.000000
vt  0.367633 0.247021 0.000000
vt  0.363776 0.248744 0.000000
vt  0.363776 0.248744 0.000000
vt  0.363776 0.248744 0.000000
vt  0.574199 0.261065 0.000000
vt  0.574199 0.261065 0.000000
vt  0.574199 0.261065 0.000000
vt  0.443635 0.246564 0.000000
vt  0.443635 0.246564 0.000000
vt  0.299342 0.277121 0.000000
vt  0.299342 0.277121 0.000000
vt  0.184380 0.365311 0.000000
vt  0.184380 0.365311 0.000000
vt  0.140746 0.500007 0.000000
vt  0.140746 0.500007 0.000000
vt  0.184300 0.634578 0.000000
vt  0.184300 0.634578 0.000000
vt  0.299051 0.722756 0.000000
vt  0.299051 0.722756 0.000000
vt  0.443313 0.753424 0.000000
vt  0.443313 0.753424 0.000000
vt  0.574199 0.738935 0.000000
vt  0.574199 0.738935 0.000000
vt  0.574199 0.738935 0.000000
vt  0.364425 0.751714 0.000000
vt  0.364425 0.751714 0.000000
vt  0.367632 0.752978 0.000000
vt  0.367632 0.752978 0.000000
vt  0.363776 0.751256 0.000000
vt  0.363776 0.751256 0.000000
vt  0.363776 0.751256 0.000000
vt  0.319640 0.732198 0.000000
vt  0.319640 0.732198 0.000000
vt  0.319640 0.732198 0.000000
vt  0.308231 0.727155 0.000000
vt  0.308231 0.727155 0.000000
vt  0.299235 0.723076 0.000000
vt  0.299235 0.723076 0.000000
vt  0.289927 0.718609 0.000000
vt  0.289927 0.718609 0.000000
vt  0.289927 0.718609 0.000000
vt  0.186678 0.629399 0.000000
vt  0.186678 0.629399 0.000000
vt  0.148218 0.499999 0.000000
vt  0.148218 0.499999 0.000000
vt  0.186678 0.370599 0.000000
vt  0.186678 0.370599 0.000000
vt  0.289927 0.281391 0.000000
vt  0.289927 0.281391 0.000000
vt  0.289927 0.281391 0.000000
vt  0.299228 0.276927 0.000000
vt  0.299228 0.276927 0.000000
vt  0.308226 0.272847 0.000000
vt  0.308226 0.272847 0.000000
vt  0.319640 0.267802 0.000000
vt  0.319640 0.267802 0.000000
vt  0.319640 0.267802 0.000000
vt  0.574199 0.742083 0.000000
vt  0.574199 0.742083 0.000000
vt  0.574199 0.742083 0.000000
vt  0.672491 0.698306 0.000000
vt  0.672491 0.698306 0.000000
vt  0.735803 0.638792 0.000000
vt  0.735803 0.638792 0.000000
vt  0.770577 0.571177 0.000000
vt  0.770577 0.571177 0.000000
vt  0.781640 0.500010 0.000000
vt  0.781640 0.500010 0.000000
vt  0.770558 0.428763 0.000000
vt  0.770558 0.428763 0.000000
vt  0.735703 0.361075 0.000000
vt  0.735703 0.361075 0.000000
vt  0.672313 0.301575 0.000000
vt  0.672313 0.301575 0.000000
vt  0.574199 0.257917 0.000000
vt  0.574199 0.257917 0.000000
vt  0.574199 0.257917 0.000000
vt  0.440944 0.242826 0.000000
vt  0.440944 0.242826 0.000000
vt  0.293549 0.273544 0.000000
vt  0.293549 0.273544 0.000000
vt  0.176168 0.362946 0.000000
vt  0.176168 0.362946 0.000000
vt  0.131614 0.499980 0.000000
vt  0.131614 0.499980 0.000000
vt  0.176242 0.637154 0.000000
vt  0.176242 0.637154 0.000000
vt  0.293842 0.726578 0.000000
vt  0.293842 0.726578 0.000000
vt  0.441269 0.757185 0.000000
vt  0.441269 0.757185 0.000000
vt  0.671191 0.304031 0.000000
vt  0.671191 0.304031 0.000000
vt  0.733914 0.362735 0.000000
vt  0.733914 0.362735 0.000000
vt  0.768452 0.429585 0.000000
vt  0.768452 0.429585 0.000000
vt  0.779448 0.499996 0.000000
vt  0.779448 0.499996 0.000000
vt  0.768431 0.570480 0.000000
vt  0.768431 0.570480 0.000000
vt  0.733813 0.637399 0.000000
vt  0.733813 0.637399 0.000000
vt  0.671013 0.696087 0.000000
vt  0.671013 0.696087 0.000000
vt  0.483005 0.183527 0.000000
vt  0.483005 0.183527 0.000000
vt  0.483005 0.183527 0.000000
vt  0.456094 0.199798 0.000000
vt  0.456094 0.199798 0.000000
vt  0.445592 0.220415 0.000000
vt  0.445592 0.220415 0.000000
vt  0.455936 0.234608 0.000000
vt  0.455936 0.234608 0.000000
vt  0.468074 0.236354 0.000000
vt  0.468074 0.236354 0.000000
vt  0.483005 0.233645 0.000000
vt  0.483005 0.233645 0.000000
vt  0.483005 0.233645 0.000000
vt  0.512203 0.216774 0.000000
vt  0.512203 0.216774 0.000000
vt  0.524988 0.194524 0.000000
vt  0.524988 0.194524 0.000000
vt  0.512390 0.180912 0.000000
vt  0.512390 0.180912 0.000000
vt  0.498615 0.180115 0.000000
vt  0.498615 0.180115 0.000000
vt  0.483005 0.766355 0.000000
vt  0.483005 0.766355 0.000000
vt  0.483005 0.766355 0.000000
vt  0.456094 0.765332 0.000000
vt  0.456094 0.765332 0.000000
vt  0.445592 0.779392 0.000000
vt  0.445592 0.779392 0.000000
vt  0.455936 0.800043 0.000000
vt  0.455936 0.800043 0.000000
vt  0.468074 0.809501 0.000000
vt  0.468074 0.809501 0.000000
vt  0.483005 0.816473 0.000000
vt  0.483005 0.816473 0.000000
vt  0.483005 0.816473 0.000000
vt  0.512203 0.819134 0.000000
vt  0.512203 0.819134 0.000000
vt  0.524988 0.805677 0.000000
vt  0.524988 0.805677 0.000000
vt  0.512390 0.783399 0.000000
vt  0.512390 0.783399 0.000000
vt  0.498615 0.773288 0.000000
vt  0.498615 0.773288 0.000000
vt  0.354070 0.702888 0.000000
vt  0.354070 0.702888 0.000000
vt  0.354070 0.702888 0.000000
vt  0.354070 0.702888 0.000000
vt  0.334717 0.703498 0.000000
vt  0.334717 0.703498 0.000000
vt  0.327147 0.718794 0.000000
vt  0.327147 0.718794 0.000000
vt  0.334717 0.739756 0.000000
vt  0.334717 0.739756 0.000000
vt  0.354070 0.755422 0.000000
vt  0.354070 0.755422 0.000000
vt  0.354070 0.755422 0.000000
vt  0.354070 0.755422 0.000000
vt  0.375086 0.756836 0.000000
vt  0.375086 0.756836 0.000000
vt  0.384323 0.741779 0.000000
vt  0.384323 0.741779 0.000000
vt  0.375086 0.718788 0.000000
vt  0.375086 0.718788 0.000000
vt  0.381547 0.725626 0.000000
vt  0.381547 0.725626 0.000000
vt  0.381547 0.725626 0.000000
vt  0.381547 0.725626 0.000000
vt  0.354070 0.244578 0.000000
vt  0.354070 0.244578 0.000000
vt  0.354070 0.244578 0.000000
vt  0.354070 0.244578 0.000000
vt  0.334717 0.260244 0.000000
vt  0.334717 0.260244 0.000000
vt  0.327147 0.281206 0.000000
vt  0.327147 0.281206 0.000000
vt  0.334717 0.296502 0.000000
vt  0.334717 0.296502 0.000000
vt  0.354070 0.297112 0.000000
vt  0.354070 0.297112 0.000000
vt  0.354070 0.297112 0.000000
vt  0.354070 0.297112 0.000000
vt  0.375086 0.281212 0.000000
vt  0.375086 0.281212 0.000000
vt  0.384323 0.258221 0.000000
vt  0.384323 0.258221 0.000000
vt  0.375086 0.243164 0.000000
vt  0.375086 0.243164 0.000000
vt  0.381547 0.274374 0.000000
vt  0.381547 0.274374 0.000000
vt  0.381547 0.274374 0.000000
vt  0.381547 0.274374 0.000000

vn  1.000000 0.000000 0.000000
vn  0.000000 -1.000000 0.000000
vn  1.000000 0.000000 0.000000
vn  1.000000 0.000000 0.000000
vn  0.000000 -1.000000 0.000000
vn  1.000000 0.000000 -0.000000
vn  1.000000 0.000000 0.000000
vn  1.000000 0.000000 -0.000000
vn  1.000000 0.000000 -0.000000
vn  1.000000 0.000000 0.000000
vn  1.000000 0.000000 -0.000000
vn  1.000000 0.000000 -0.000000
vn  1.000000 0.000000 0.000000
vn  1.000000 0.000000 -0.000000
vn  1.000000 0.000000 -0.000000
vn  1.000000 0.000000 0.000000
vn  0.000000 -0.399653 0.916667
vn  0.000000 -0.399653 0.916667
vn  1.000000 0.000000 -0.000000
vn  1.000000 0.000000 0.000000
vn  0.000000 -0.204124 0.978945
vn  1.000000 0.000000 0.000000
vn  0.000000 0.000000 1.000000
vn  1.000000 0.000000 0.000000
vn  0.000000 0.204124 0.978945
vn  1.000000 0.000000 0.000000
vn  0.000000 0.399653 0.916667
vn  1.000000 0.000000 0.000000
vn  0.000000 0.683938 0.729540
vn  1.000000 0.000000 0.000000
vn  0.000000 0.888213 0.459431
vn  1.000000 0.000000 0.000000
vn  0.000000 0.990686 0.136164
vn  1.000000 0.000000 0.000000
vn  0.000000 0.979263 -0.202592
vn  1.000000 0.000000 0.000000
vn  0.000000 0.854911 -0.518775
vn  1.000000 0.000000 0.000000
vn  0.000000 0.630897 -0.775866
vn  1.000000 0.000000 0.000000
vn  0.000000 0.334583 -0.942366
vn  1.000000 0.000000 0.000000
vn  0.000000 0.000000 -1.000000
vn  1.000000 0.000000 0.000000
vn  0.000000 -0.204124 -0.978945
vn  1.000000 0.000000 0.000000
vn  1.000000 0.000000 0.000000
vn  0.000000 -0.399653 -0.916667
vn  0.000000 -0.399653 -0.916667
vn  1.000000 0.000000 0.000000
vn  1.000000 0.000000 0.000000
vn  1.000000 0.000000 0.000000
vn  1.000000 0.000000 0.000000
vn  1.000000 0.000000 0.000000
vn  1.000000 0.000000 0.000000
vn  1.000000 0.000000 0.000000
vn  1.000000 0.000000 0.000000
vn  1.000000 0.000000 0.000000
vn  1.000000 0.000000 0.000000
vn  0.000000 -0.000000 -1.000000
vn  0.000000 -0.000000 -1.000000
vn  1.000000 0.000000 0.000000
vn  0.000000 0.383695 -0.923460
vn  1.000000 0.000000 0.000000
vn  0.000000 0.707673 -0.706540
vn  1.000000 0.000000 0.000000
vn  0.000000 0.923914 -0.382600
vn  1.000000 0.000000 0.000000
vn  0.000000 1.000000 -0.000054
vn  1.000000 0.000000 0.000000
vn  0.000000 0.923786 0.382908
vn  1.000000 0.000000 0.000000
vn  0.000000 0.707098 0.707115
vn  1.000000 0.000000 0.000000
vn  0.000000 0.382888 0.923795
vn  1.000000 0.000000 0.000000
vn  0.000000 0.000000 1.000000
vn  0.000000 0.000000 1.000000
vn  1.000000 0.000000 0.000000
vn  0.000000 -0.383695 0.923460
vn  1.000000 0.000000 0.000000
vn  0.000000 -0.707673 0.706540
vn  1.000000 0.000000 0.000000
vn  0.000000 -0.923914 0.382600
vn  1.000000 0.000000 0.000000
vn  0.000000 -1.000000 0.000054
vn  1.000000 0.000000 0.000000
vn  0.000000 -0.923786 -0.382908
vn  1.000000 0.000000 0.000000
vn  0.000000 -0.707098 -0.707115
vn  1.000000 0.000000 0.000000
vn  0.000000 -0.382888 -0.923795
vn  0.000000 -1.000000 0.000000
vn  0.871616 -0.011644 -0.490051
vn  0.000000 -1.000000 0.000000
vn  0.520142 -0.035731 -0.853332
vn  0.000000 -1.000000 0.000000
vn  0.034684 -0.060073 -0.997591
vn  0.000000 0.000000 -1.000000
vn  0.000000 -1.000000 0.000000
vn  -1.000000 0.000000 0.000000
vn  0.000000 0.000000 -1.000000
vn  0.000000 -1.000000 0.000000
vn  0.000000 0.000000 1.000000
vn  -1.000000 0.000000 0.000000
vn  0.000000 -1.000000 0.000000
vn  0.034684 -0.060073 0.997591
vn  0.000000 0.000000 1.000000
vn  0.000000 -1.000000 0.000000
vn  0.520151 -0.035730 0.853327
vn  0.000000 -1.000000 0.000000
vn  0.871621 -0.011644 0.490041
vn  0.000000 -1.000000 0.000000
vn  -0.000000 0.000000 -1.000000
vn  0.000000 0.000000 -1.000000
vn  0.000000 -1.000000 0.000000
vn  0.385541 0.000000 -0.922691
vn  0.000000 -1.000000 0.000000
vn  0.711921 0.000000 -0.702259
vn  0.000000 -1.000000 0.000000
vn  0.999992 0.000000 0.003934
vn  0.000000 -1.000000 0.000000
vn  0.707586 0.000000 0.706627
vn  0.000000 -1.000000 0.000000
vn  0.000000 0.000000 1.000000
vn  0.000000 0.000000 1.000000
vn  0.000000 -1.000000 0.000000
vn  -0.385541 0.000000 0.922691
vn  0.000000 -1.000000 0.000000
vn  -0.711921 0.000000 0.702259
vn  0.000000 -1.000000 0.000000
vn  -0.999992 0.000000 -0.003934
vn  0.000000 -1.000000 0.000000
vn  -0.707586 0.000000 -0.706627
vn  0.000000 -1.000000 0.000000
vn  -0.000000 0.000000 -1.000000
vn  0.000000 0.000000 -1.000000
vn  0.000000 -1.000000 0.000000
vn  0.385541 0.000000 -0.922691
vn  0.000000 -1.000000 0.000000
vn  0.711921 0.000000 -0.702259
vn  0.000000 -1.000000 0.000000
vn  0.999992 0.000000 0.003934
vn  0.000000 -1.000000 0.000000
vn  0.707586 0.000000 0.706627
vn  0.000000 -1.000000 0.000000
vn  0.000000 0.000000 1.000000
vn  0.000000 0.000000 1.000000
vn  0.000000 -1.000000 0.000000
vn  -0.385541 0.000000 0.922691
vn  0.000000 -1.000000 0.000000
vn  -0.711921 0.000000 0.702259
vn  0.000000 -1.000000 0.000000
vn  -0.999992 0.000000 -0.003934
vn  0.000000 -1.000000 0.000000
vn  -0.707586 0.000000 -0.706627
vn  0.000000 -1.000000 0.000000
vn  -1.000000 0.000000 0.000000
vn  -1.000000 0.000000 0.000000
vn  0.000000 -1.000000 0.000000
vn  -0.865862 0.000000 -0.500283
vn  0.000000 -1.000000 0.000000
vn  -0.500295 0.000000 -0.865855
vn  0.000000 -1.000000 0.000000
vn  -0.000000 0.000000 -1.000000
vn  0.000000 -1.000000 0.000000
vn  0.500283 0.000000 -0.865862
vn  0.000000 -1.000000 0.000000
vn  0.865855 0.000000 -0.500295
vn  0.000000 -1.000000 0.000000
vn  1.000000 0.000000 0.000000
vn  1.000000 0.000000 -0.000000
vn  0.000000 -1.000000 0.000000
vn  1.000000 0.000000 0.000000
vn  1.000000 0.000000 0.000000
vn  0.000000 -1.000000 0.000000
vn  0.865862 0.000000 0.500283
vn  0.000000 -1.000000 0.000000
vn  0.500295 0.000000 0.865855
vn  0.000000 -1.000000 0.000000
vn  0.000000 0.000000 1.000000
vn  0.000000 -1.000000 0.000000
vn  -0.500283 0.000000 0.865862
vn  0.000000 -1.000000 0.000000
vn  -0.865855 0.000000 0.500295
vn  0.000000 -1.000000 0.000000
vn  -1.000000 0.000000 0.000000
vn  -1.000000 0.000000 0.000000
vn  0.000000 -1.000000 0.000000
vn  0.000000 0.000000 -1.000000
vn  0.000000 0.000000 -1.000000
vn  0.000000 -1.000000 0.000000
vn  0.385565 0.000000 -0.922681
vn  0.000000 -1.000000 0.000000
vn  0.711781 0.000000 -0.702402
vn  0.000000 -1.000000 0.000000
vn  0.999992 0.000000 0.003955
vn  0.000000 -1.000000 0.000000
vn  0.707423 0.000000 0.706791
vn  0.000000 -1.000000 0.000000
vn  -0.000000 0.000000 1.000000
vn  0.000000 0.000000 1.000000
vn  0.000000 -1.000000 0.000000
vn  -0.385565 0.000000 0.922681
vn  0.000000 -1.000000 0.000000
vn  -0.711781 0.000000 0.702402
vn  0.000000 -1.000000 0.000000
vn  -0.999992 0.000000 -0.003955
vn  0.000000 -1.000000 0.000000
vn  -0.707423 0.000000 -0.706791
vn  0.000000 -1.000000 0.000000
vn  -0.000000 0.000000 -1.000000
vn  0.000000 0.000000 -1.000000
vn  0.000000 -1.000000 0.000000
vn  0.385565 0.000000 -0.922681
vn  0.000000 -1.000000 0.000000
vn  0.711781 0.000000 -0.702402
vn  0.000000 -1.000000 0.000000
vn  0.999992 0.000000 0.003955
vn  0.000000 -1.000000 0.000000
vn  0.707423 0.000000 0.706791
vn  0.000000 -1.000000 0.000000
vn  0.000000 0.000000 1.000000
vn  0.000000 0.000000 1.000000
vn  0.000000 -1.000000 0.000000
vn  -0.385565 0.000000 0.922681
vn  0.000000 -1.000000 0.000000
vn  -0.711781 0.000000 0.702402
vn  0.000000 -1.000000 0.000000
vn  -0.999992 0.000000 -0.003955
vn  0.000000 -1.000000 0.000000
vn  -0.707423 0.000000 -0.706791
vn  0.906876 -0.176320 -0.382736
vn  0.644849 -0.319800 -0.694189
vn  0.262719 -0.403719 -0.876350
vn  0.262719 -0.403719 -0.876350
vn  0.000000 0.000000 -1.000000
vn  0.882625 -0.352659 -0.310812
vn  0.882625 -0.352659 -0.310812
vn  0.558055 -0.622532 -0.548660
vn  0.558055 -0.622532 -0.548660
vn  0.000000 0.000000 -1.000000
vn  0.323799 -0.481902 -0.814202
vn  0.000000 0.000000 -1.000000
vn  0.962168 -0.170113 -0.212826
vn  0.000000 -0.000000 -1.000000
vn  0.000000 0.000000 -1.000000
vn  0.797785 -0.427448 -0.425238
vn  0.000000 0.000000 -1.000000
vn  0.980134 -0.116811 -0.160290
vn  0.980134 -0.116811 -0.160290
vn  0.000000 -0.076097 -0.997100
vn  0.997250 -0.039147 -0.062931
vn  0.000000 -0.200100 -0.979775
vn  0.000000 -0.399653 -0.916667
vn  0.000000 -0.399653 -0.916667
vn  -1.000000 0.000000 0.000000
vn  0.000000 -0.204124 -0.978945
vn  -1.000000 0.000000 0.000000
vn  0.000000 -0.000000 -1.000000
vn  -1.000000 0.000000 0.000000
vn  0.000000 0.000000 -1.000000
vn  0.000000 -0.399653 0.916667
vn  0.000000 -0.399653 0.916667
vn  -1.000000 0.000000 0.000000
vn  0.000000 -0.204124 0.978945
vn  -1.000000 0.000000 0.000000
vn  0.000000 0.000000 1.000000
vn  -1.000000 0.000000 0.000000
vn  0.000000 0.342217 0.939621
vn  -1.000000 0.000000 0.000000
vn  0.000000 0.642713 0.766107
vn  -1.000000 0.000000 0.000000
vn  0.000000 0.865907 0.500204
vn  -1.000000 0.000000 0.000000
vn  0.000000 0.984815 0.173605
vn  -1.000000 0.000000 0.000000
vn  0.000000 0.984766 -0.173886
vn  -1.000000 0.000000 0.000000
vn  0.000000 0.866086 -0.499895
vn  -1.000000 0.000000 0.000000
vn  0.000000 0.643392 -0.765537
vn  -1.000000 0.000000 0.000000
vn  0.000000 0.342931 -0.939360
vn  -1.000000 0.000000 0.000000
vn  0.000000 0.000000 -1.000000
vn  -1.000000 0.000000 0.000000
vn  0.000000 -0.204124 -0.978945
vn  -1.000000 0.000000 0.000000
vn  0.000000 -0.200029 0.979790
vn  0.997244 -0.039191 0.062996
vn  0.000000 -0.076098 0.997100
vn  0.980134 -0.116812 0.160291
vn  0.980134 -0.116812 0.160291
vn  0.000000 0.000000 1.000000
vn  0.962168 -0.170113 0.212826
vn  0.000000 0.000000 1.000000
vn  0.000000 0.000000 1.000000
vn  0.000000 0.000000 1.000000
vn  -1.000000 0.000000 0.000000
vn  0.000000 -0.204124 0.978945
vn  -1.000000 0.000000 0.000000
vn  0.882625 -0.352659 0.310812
vn  0.882625 -0.352659 0.310812
vn  0.558055 -0.622532 0.548660
vn  0.558055 -0.622532 0.548660
vn  0.000000 0.000000 1.000000
vn  0.797626 -0.427624 0.425361
vn  0.000000 0.000000 1.000000
vn  0.263811 -0.403594 0.876080
vn  0.263811 -0.403594 0.876080
vn  0.000000 0.000000 1.000000
vn  0.645425 -0.319597 0.693747
vn  0.907035 -0.176177 0.382426
vn  0.336265 -0.494844 0.801283
vn  0.000000 0.000000 1.000000
vn  -1.000000 0.000000 0.000000
vn  0.000000 0.000000 -1.000000
vn  0.000000 0.000000 -1.000000
vn  -1.000000 0.000000 0.000000
vn  0.000000 -0.383672 -0.923470
vn  -1.000000 0.000000 0.000000
vn  0.000000 -0.707719 -0.706494
vn  -1.000000 0.000000 0.000000
vn  0.000000 -0.923959 -0.382492
vn  -1.000000 0.000000 0.000000
vn  0.000000 -1.000000 -0.000013
vn  -1.000000 0.000000 0.000000
vn  0.000000 -0.923813 0.382844
vn  -1.000000 0.000000 0.000000
vn  0.000000 -0.707130 0.707083
vn  -1.000000 0.000000 0.000000
vn  0.000000 -0.382854 0.923809
vn  -1.000000 0.000000 0.000000
vn  0.000000 -0.000000 1.000000
vn  0.000000 -0.000000 1.000000
vn  -1.000000 0.000000 0.000000
vn  0.000000 0.383672 0.923470
vn  -1.000000 0.000000 0.000000
vn  0.000000 0.707719 0.706494
vn  -1.000000 0.000000 0.000000
vn  0.000000 0.923959 0.382492
vn  -1.000000 0.000000 0.000000
vn  0.000000 1.000000 0.000013
vn  -1.000000 0.000000 0.000000
vn  0.000000 0.923813 -0.382844
vn  -1.000000 0.000000 0.000000
vn  0.000000 0.707130 -0.707083
vn  -1.000000 0.000000 0.000000
vn  0.000000 0.382854 -0.923809
vn  0.000000 -0.000000 1.000000
vn  0.000000 -0.000000 1.000000
vn  -1.000000 0.000000 0.000000
vn  0.000000 0.382854 0.923809
vn  -1.000000 0.000000 0.000000
vn  0.000000 0.707130 0.707083
vn  -1.000000 0.000000 0.000000
vn  0.000000 0.923813 0.382844
vn  -1.000000 0.000000 0.000000
vn  0.000000 1.000000 -0.000013
vn  -1.000000 0.000000 0.000000
vn  0.000000 0.923959 -0.382492
vn  -1.000000 0.000000 0.000000
vn  0.000000 0.707719 -0.706494
vn  -1.000000 0.000000 0.000000
vn  0.000000 0.383672 -0.923470
vn  -1.000000 0.000000 0.000000
vn  0.000000 0.000000 -1.000000
vn  0.000000 0.000000 -1.000000
vn  -1.000000 0.000000 0.000000
vn  0.000000 -0.382854 -0.923809
vn  -1.000000 0.000000 0.000000
vn  0.000000 -0.707130 -0.707083
vn  -1.000000 0.000000 0.000000
vn  0.000000 -0.923813 -0.382844
vn  -1.000000 0.000000 0.000000
vn  0.000000 -1.000000 0.000013
vn  -1.000000 0.000000 0.000000
vn  0.000000 -0.923959 0.382492
vn  -1.000000 0.000000 0.000000
vn  0.000000 -0.707719 0.706494
vn  -1.000000 0.000000 0.000000
vn  0.000000 -0.383672 0.923470
vn  -1.000000 0.000000 0.000000
vn  -1.000000 0.000000 0.000000
vn  0.000000 -0.000000 1.000000
vn  0.000000 0.000000 1.000000
vn  -1.000000 0.000000 0.000000
vn  0.000000 0.383776 0.923426
vn  -1.000000 0.000000 0.000000
vn  0.000000 0.707706 0.706507
vn  -1.000000 0.000000 0.000000
vn  0.000000 0.923983 0.382433
vn  -1.000000 0.000000 0.000000
vn  0.000000 1.000000 -0.000169
vn  -1.000000 0.000000 0.000000
vn  0.000000 0.923770 -0.382948
vn  -1.000000 0.000000 0.000000
vn  0.000000 0.707065 -0.707148
vn  -1.000000 0.000000 0.000000
vn  0.000000 0.382922 -0.923781
vn  -1.000000 0.000000 0.000000
vn  0.000000 0.000000 -1.000000
vn  0.000000 0.000000 -1.000000
vn  -1.000000 0.000000 0.000000
vn  0.000000 -0.383776 -0.923426
vn  -1.000000 0.000000 0.000000
vn  0.000000 -0.707706 -0.706507
vn  -1.000000 0.000000 0.000000
vn  0.000000 -0.923983 -0.382433
vn  -1.000000 0.000000 0.000000
vn  0.000000 -1.000000 0.000169
vn  -1.000000 0.000000 0.000000
vn  0.000000 -0.923770 0.382948
vn  -1.000000 0.000000 0.000000
vn  0.000000 -0.707065 0.707148
vn  -1.000000 0.000000 0.000000
vn  0.000000 -0.382922 0.923781
vn  0.000000 0.000000 -1.000000
vn  -1.000000 0.000000 0.000000
vn  0.000000 0.000000 -1.000000
vn  0.000000 -0.382922 -0.923781
vn  -1.000000 0.000000 0.000000
vn  0.000000 -0.707065 -0.707148
vn  -1.000000 0.000000 0.000000
vn  0.000000 -0.923770 -0.382948
vn  -1.000000 0.000000 0.000000
vn  0.000000 -1.000000 -0.000169
vn  -1.000000 0.000000 0.000000
vn  0.000000 -0.923983 0.382433
vn  -1.000000 0.000000 0.000000
vn  0.000000 -0.707706 0.706507
vn  -1.000000 0.000000 0.000000
vn  0.000000 -0.383776 0.923426
vn  -1.000000 0.000000 0.000000
vn  0.000000 -0.000000 1.000000
vn  -1.000000 0.000000 0.000000
vn  0.000000 0.000000 1.000000
vn  -1.000000 0.000000 0.000000
vn  0.000000 0.383776 -0.923426
vn  -1.000000 0.000000 0.000000
vn  0.000000 0.707706 -0.706507
vn  -1.000000 0.000000 0.000000
vn  0.000000 0.923983 -0.382433
vn  -1.000000 0.000000 0.000000
vn  0.000000 1.000000 0.000169
vn  -1.000000 0.000000 0.000000
vn  0.000000 0.923770 0.382948
vn  -1.000000 0.000000 0.000000
vn  0.000000 0.707065 0.707148
vn  -1.000000 0.000000 0.000000
vn  0.000000 0.382922 0.923781
vn  -1.000000 0.000000 0.000000
vn  0.000000 -0.000000 1.000000
vn  0.000000 -0.000000 1.000000
vn  -1.000000 0.000000 0.000000
vn  0.000000 0.383968 0.923346
vn  -1.000000 0.000000 0.000000
vn  0.000000 0.707958 0.706254
vn  -1.000000 0.000000 0.000000
vn  0.000000 0.924187 0.381941
vn  -1.000000 0.000000 0.000000
vn  0.000000 1.000000 -0.000397
vn  -1.000000 0.000000 0.000000
vn  0.000000 0.923889 -0.382661
vn  -1.000000 0.000000 0.000000
vn  0.000000 0.707232 -0.706981
vn  -1.000000 0.000000 0.000000
vn  0.000000 0.383060 -0.923723
vn  -1.000000 0.000000 0.000000
vn  0.000000 0.000000 -1.000000
vn  0.000000 0.000000 -1.000000
vn  -1.000000 0.000000 0.000000
vn  0.000000 -0.383968 -0.923346
vn  -1.000000 0.000000 0.000000
vn  0.000000 -0.707958 -0.706254
vn  -1.000000 0.000000 0.000000
vn  0.000000 -0.924187 -0.381941
vn  -1.000000 0.000000 0.000000
vn  0.000000 -1.000000 0.000397
vn  -1.000000 0.000000 0.000000
vn  0.000000 -0.923889 0.382661
vn  -1.000000 0.000000 0.000000
vn  0.000000 -0.707232 0.706981
vn  -1.000000 0.000000 0.000000
vn  0.000000 -0.383060 0.923723
vn  0.000000 0.000000 -1.000000
vn  -1.000000 0.000000 0.000000
vn  0.000000 0.000000 -1.000000
vn  0.000000 -0.383060 -0.923723
vn  -1.000000 0.000000 0.000000
vn  0.000000 -0.707232 -0.706981
vn  -1.000000 0.000000 0.000000
vn  0.000000 -0.923889 -0.382661
vn  -1.000000 0.000000 0.000000
vn  0.000000 -1.000000 -0.000397
vn  -1.000000 0.000000 0.000000
vn  0.000000 -0.924187 0.381941
vn  -1.000000 0.000000 0.000000
vn  0.000000 -0.707958 0.706254
vn  -1.000000 0.000000 0.000000
vn  0.000000 -0.383968 0.923346
vn  -1.000000 0.000000 0.000000
vn  0.000000 -0.000000 1.000000
vn  -1.000000 0.000000 0.000000
vn  0.000000 -0.000000 1.000000
vn  -1.000000 0.000000 0.000000
vn  0.000000 0.383968 -0.923346
vn  -1.000000 0.000000 0.000000
vn  0.000000 0.707958 -0.706254
vn  -1.000000 0.000000 0.000000
vn  0.000000 0.924187 -0.381941
vn  -1.000000 0.000000 0.000000
vn  0.000000 1.000000 0.000397
vn  -1.000000 0.000000 0.000000
vn  0.000000 0.923889 0.382661
vn  -1.000000 0.000000 0.000000
vn  0.000000 0.707232 0.706981
vn  -1.000000 0.000000 0.000000
vn  0.000000 0.383060 0.923723
vn  -1.000000 0.000000 0.000000
vn  0.000000 -0.000000 -1.000000
vn  0.000000 -0.000000 -1.000000
vn  -1.000000 0.000000 0.000000
vn  0.000000 -0.435225 -0.900322
vn  -1.000000 0.000000 0.000000
vn  0.000000 -0.782540 -0.622600
vn  -1.000000 0.000000 0.000000
vn  0.000000 -0.975066 -0.221914
vn  -1.000000 0.000000 0.000000
vn  0.000000 -0.974838 0.222916
vn  -1.000000 0.000000 0.000000
vn  0.000000 -0.781881 0.623428
vn  -1.000000 0.000000 0.000000
vn  0.000000 -0.434163 0.900834
vn  -1.000000 0.000000 0.000000
vn  0.000000 0.000000 1.000000
vn  0.000000 0.000000 1.000000
vn  -1.000000 0.000000 0.000000
vn  0.000000 0.435225 0.900322
vn  -1.000000 0.000000 0.000000
vn  0.000000 0.782540 0.622600
vn  -1.000000 0.000000 0.000000
vn  0.000000 0.975066 0.221914
vn  -1.000000 0.000000 0.000000
vn  0.000000 0.974838 -0.222916
vn  -1.000000 0.000000 0.000000
vn  0.000000 0.781881 -0.623428
vn  -1.000000 0.000000 0.000000
vn  0.000000 0.434163 -0.900834
vn  0.000000 0.000000 1.000000
vn  1.000000 0.000000 0.000000
vn  0.000000 0.000000 1.000000
vn  0.000000 0.434163 0.900834
vn  1.000000 0.000000 0.000000
vn  0.000000 0.781881 0.623428
vn  1.000000 0.000000 0.000000
vn  0.000000 0.974838 0.222916
vn  1.000000 0.000000 0.000000
vn  0.000000 0.975066 -0.221914
vn  1.000000 0.000000 0.000000
vn  0.000000 0.782540 -0.622600
vn  1.000000 0.000000 0.000000
vn  0.000000 0.435225 -0.900322
vn  1.000000 0.000000 0.000000
vn  0.000000 -0.000000 -1.000000
vn  1.000000 0.000000 0.000000
vn  0.000000 -0.000000 -1.000000
vn  1.000000 0.000000 0.000000
vn  0.000000 -1.000000 0.000000
vn  1.000000 0.000000 0.000000
vn  1.000000 0.000000 0.000000
vn  0.000000 -1.000000 0.000000
vn  1.000000 0.000000 -0.000000
vn  1.000000 0.000000 0.000000
vn  0.000000 0.747677 -0.664062
vn  1.000000 0.000000 -0.000000
vn  1.000000 0.000000 0.000000
vn  0.000000 0.533761 -0.845636
vn  1.000000 0.000000 0.000000
vn  0.000000 0.277812 -0.960635
vn  1.000000 0.000000 0.000000
vn  0.000000 -0.000000 -1.000000
vn  0.000000 -0.000000 -1.000000
vn  1.000000 0.000000 0.000000
vn  0.000000 -0.277812 -0.960635
vn  1.000000 0.000000 0.000000
vn  0.000000 -0.533761 -0.845636
vn  1.000000 0.000000 0.000000
vn  0.000000 -0.747677 -0.664062
vn  1.000000 0.000000 0.000000
vn  0.000000 -0.941895 -0.335906
vn  1.000000 0.000000 0.000000
vn  0.000000 -0.999214 0.039647
vn  1.000000 0.000000 0.000000
vn  0.000000 -0.912204 0.409735
vn  1.000000 0.000000 0.000000
vn  0.000000 -0.692873 0.721059
vn  1.000000 0.000000 0.000000
vn  0.000000 -0.373528 0.927619
vn  1.000000 0.000000 0.000000
vn  0.000000 0.000000 1.000000
vn  0.000000 0.000000 1.000000
vn  1.000000 0.000000 0.000000
vn  0.000000 0.277812 0.960635
vn  1.000000 0.000000 0.000000
vn  0.000000 0.533761 0.845636
vn  1.000000 0.000000 0.000000
vn  1.000000 0.000000 0.000000
vn  0.000000 0.747677 0.664062
vn  1.000000 0.000000 0.000000
vn  0.000000 -0.435225 0.900322
vn  1.000000 0.000000 0.000000
vn  0.000000 -0.782540 0.622600
vn  1.000000 0.000000 0.000000
vn  0.000000 -0.975066 0.221914
vn  1.000000 0.000000 0.000000
vn  0.000000 -0.974838 -0.222916
vn  1.000000 0.000000 0.000000
vn  0.000000 -0.781881 -0.623428
vn  1.000000 0.000000 0.000000
vn  0.000000 -0.434163 -0.900834
vn  0.000000 -1.000000 0.000000
vn  -1.000000 0.000000 0.000000
vn  -1.000000 0.000000 0.000000
vn  0.000000 -1.000000 0.000000
vn  -1.000000 0.000000 0.000000
vn  -1.000000 0.000000 0.000000
vn  0.000000 -1.000000 0.000000
vn  -0.865862 0.000000 0.500283
vn  0.000000 -1.000000 0.000000
vn  -0.500295 0.000000 0.865855
vn  0.000000 -1.000000 0.000000
vn  0.000000 0.000000 1.000000
vn  0.000000 -1.000000 0.000000
vn  0.500283 0.000000 0.865862
vn  0.000000 -1.000000 0.000000
vn  0.865855 0.000000 0.500295
vn  0.000000 -1.000000 0.000000
vn  1.000000 0.000000 0.000000
vn  1.000000 0.000000 0.000000
vn  0.000000 -1.000000 0.000000
vn  1.000000 0.000000 0.000000
vn  1.000000 0.000000 -0.000000
vn  0.000000 -1.000000 0.000000
vn  0.865862 0.000000 -0.500283
vn  0.000000 -1.000000 0.000000
vn  0.500295 0.000000 -0.865855
vn  0.000000 -1.000000 0.000000
vn  -0.000000 0.000000 -1.000000
vn  0.000000 -1.000000 0.000000
vn  -0.500283 0.000000 -0.865862
vn  0.000000 -1.000000 0.000000
vn  -0.865855 0.000000 -0.500295
vn  0.000000 -1.000000 0.000000
vn  0.707128 0.000000 0.707085
vn  0.000000 -1.000000 0.000000
vn  0.000000 0.000000 1.000000
vn  0.000000 0.000000 1.000000
vn  0.000000 -1.000000 0.000000
vn  0.000000 0.000000 1.000000
vn  0.000000 0.000000 1.000000
vn  0.000000 -1.000000 0.000000
vn  -0.707085 0.000000 0.707128
vn  0.000000 -1.000000 0.000000
vn  -1.000000 0.000000 0.000000
vn  -1.000000 0.000000 0.000000
vn  0.000000 -1.000000 0.000000
vn  -1.000000 0.000000 0.000000
vn  -1.000000 0.000000 0.000000
vn  0.000000 -1.000000 0.000000
vn  -0.707128 0.000000 -0.707085
vn  0.000000 -1.000000 0.000000
vn  0.000000 0.000000 -1.000000
vn  -0.000000 0.000000 -1.000000
vn  0.000000 -1.000000 0.000000
vn  -0.000000 0.000000 -1.000000
vn  0.000000 0.000000 -1.000000
vn  0.000000 -1.000000 0.000000
vn  0.707085 0.000000 -0.707128
vn  0.894942 0.000000 0.446183
vn  0.000000 0.731825 0.681492
vn  0.634369 0.000000 0.773030
vn  0.000000 0.719726 0.694258
vn  0.000000 0.000000 1.000000
vn  0.000000 0.711066 0.703125
vn  0.000000 0.000000 1.000000
vn  0.000000 0.000000 1.000000
vn  1.000000 0.000000 0.000000
vn  0.000000 0.000000 1.000000
vn  0.000000 0.382885 0.923796
vn  1.000000 0.000000 0.000000
vn  0.000000 0.707118 0.707095
vn  1.000000 0.000000 0.000000
vn  0.000000 0.923807 0.382858
vn  1.000000 0.000000 0.000000
vn  0.000000 1.000000 -0.000020
vn  1.000000 0.000000 0.000000
vn  0.000000 0.923949 -0.382515
vn  1.000000 0.000000 0.000000
vn  0.000000 0.707703 -0.706510
vn  1.000000 0.000000 0.000000
vn  0.000000 0.383700 -0.923458
vn  1.000000 0.000000 0.000000
vn  0.000000 -0.000000 -1.000000
vn  1.000000 0.000000 0.000000
vn  0.000000 -0.000000 -1.000000
vn  0.000000 0.731835 -0.681482
vn  0.895072 0.000000 -0.445921
vn  0.000000 0.719732 -0.694252
vn  0.634571 0.000000 -0.772864
vn  0.000000 0.711066 -0.703125
vn  -0.000000 0.000000 -1.000000
vn  0.000000 0.000000 -1.000000
vn  0.000000 0.711066 -0.703125
vn  0.000000 0.000000 -1.000000
vn  -0.000000 0.000000 -1.000000
vn  0.000000 0.719726 -0.694258
vn  -0.634369 0.000000 -0.773030
vn  0.000000 0.731825 -0.681492
vn  -0.894942 0.000000 -0.446183
vn  0.000000 0.747677 -0.664062
vn  -1.000000 0.000000 0.000000
vn  -1.000000 0.000000 0.000000
vn  0.000000 0.934860 -0.355016
vn  -1.000000 0.000000 0.000000
vn  0.000000 1.000000 0.000003
vn  -1.000000 0.000000 0.000000
vn  0.000000 0.934859 0.355020
vn  -1.000000 0.000000 0.000000
vn  0.000000 0.747677 0.664062
vn  -1.000000 0.000000 0.000000
vn  -1.000000 0.000000 0.000000
vn  0.000000 0.731835 0.681482
vn  -0.895072 0.000000 0.445921
vn  0.000000 0.719732 0.694252
vn  -0.634571 0.000000 0.772864
vn  0.000000 0.711066 0.703125
vn  0.000000 0.000000 1.000000
vn  0.000000 0.000000 1.000000
vn  1.000000 0.000000 0.000000
vn  0.000000 -0.000000 -1.000000
vn  0.000000 -0.000000 -1.000000
vn  1.000000 0.000000 0.000000
vn  0.000000 -0.383695 -0.923460
vn  1.000000 0.000000 0.000000
vn  0.000000 -0.707673 -0.706540
vn  1.000000 0.000000 0.000000
vn  0.000000 -0.923914 -0.382600
vn  1.000000 0.000000 0.000000
vn  0.000000 -1.000000 -0.000054
vn  1.000000 0.000000 0.000000
vn  0.000000 -0.923786 0.382908
vn  1.000000 0.000000 0.000000
vn  0.000000 -0.707098 0.707115
vn  1.000000 0.000000 0.000000
vn  0.000000 -0.382888 0.923795
vn  1.000000 0.000000 0.000000
vn  0.000000 0.000000 1.000000
vn  0.000000 0.000000 1.000000
vn  1.000000 0.000000 0.000000
vn  0.000000 0.383695 0.923460
vn  1.000000 0.000000 0.000000
vn  0.000000 0.707673 0.706540
vn  1.000000 0.000000 0.000000
vn  0.000000 0.923914 0.382600
vn  1.000000 0.000000 0.000000
vn  0.000000 1.000000 0.000054
vn  1.000000 0.000000 0.000000
vn  0.000000 0.923786 -0.382908
vn  1.000000 0.000000 0.000000
vn  0.000000 0.707098 -0.707115
vn  1.000000 0.000000 0.000000
vn  0.000000 0.382888 -0.923795
vn  1.000000 0.000000 0.000000
vn  0.000000 -0.383700 0.923458
vn  1.000000 0.000000 0.000000
vn  0.000000 -0.707703 0.706510
vn  1.000000 0.000000 0.000000
vn  0.000000 -0.923949 0.382515
vn  1.000000 0.000000 0.000000
vn  0.000000 -1.000000 0.000020
vn  1.000000 0.000000 0.000000
vn  0.000000 -0.923807 -0.382858
vn  1.000000 0.000000 0.000000
vn  0.000000 -0.707118 -0.707095
vn  1.000000 0.000000 0.000000
vn  0.000000 -0.382885 -0.923796
vn  0.000000 0.000000 1.000000
vn  0.000000 0.000000 1.000000
vn  0.000000 -1.000000 0.000000
vn  -0.707586 0.000000 0.706627
vn  0.000000 -1.000000 0.000000
vn  -0.999992 0.000000 0.003934
vn  0.000000 -1.000000 0.000000
vn  -0.711921 0.000000 -0.702259
vn  0.000000 -1.000000 0.000000
vn  -0.385541 0.000000 -0.922691
vn  0.000000 -1.000000 0.000000
vn  -0.000000 0.000000 -1.000000
vn  0.000000 0.000000 -1.000000
vn  0.000000 -1.000000 0.000000
vn  0.707586 0.000000 -0.706627
vn  0.000000 -1.000000 0.000000
vn  0.999992 0.000000 -0.003934
vn  0.000000 -1.000000 0.000000
vn  0.711921 0.000000 0.702259
vn  0.000000 -1.000000 0.000000
vn  0.385541 0.000000 0.922691
vn  0.000000 -1.000000 0.000000
vn  0.000000 0.000000 1.000000
vn  0.000000 0.000000 1.000000
vn  0.000000 -1.000000 0.000000
vn  -0.707586 0.000000 0.706627
vn  0.000000 -1.000000 0.000000
vn  -0.999992 0.000000 0.003934
vn  0.000000 -1.000000 0.000000
vn  -0.711921 0.000000 -0.702259
vn  0.000000 -1.000000 0.000000
vn  -0.385541 0.000000 -0.922691
vn  0.000000 -1.000000 0.000000
vn  -0.000000 0.000000 -1.000000
vn  0.000000 0.000000 -1.000000
vn  0.000000 -1.000000 0.000000
vn  0.707586 0.000000 -0.706627
vn  0.000000 -1.000000 0.000000
vn  0.999992 0.000000 -0.003934
vn  0.000000 -1.000000 0.000000
vn  0.711921 0.000000 0.702259
vn  0.000000 -1.000000 0.000000
vn  0.385541 0.000000 0.922691
vn  0.000000 -1.000000 0.000000
vn  -0.000000 0.000000 1.000000
vn  0.000000 0.000000 1.000000
vn  0.000000 -0.857167 0.515038
vn  0.000000 -0.857167 0.515038
vn  -0.707107 0.000000 0.707107
vn  -0.364187 -0.857167 0.364187
vn  -1.000000 0.000000 -0.000000
vn  -0.515038 -0.857167 0.000000
vn  -0.707107 0.000000 -0.707107
vn  -0.364187 -0.857167 -0.364187
vn  0.000000 0.000000 -1.000000
vn  0.000000 0.000000 -1.000000
vn  0.000000 -0.857167 -0.515038
vn  -0.000000 -0.857167 -0.515038
vn  0.707107 0.000000 -0.707107
vn  0.364187 -0.857167 -0.364187
vn  1.000000 0.000000 -0.000000
vn  0.515038 -0.857167 -0.000000
vn  0.707107 0.000000 0.707107
vn  0.364187 -0.857167 0.364187
vn  0.000000 -0.857167 -0.515038
vn  0.000000 -0.857167 0.515038
vn  0.000000 -0.857167 0.515038
vn  -0.000000 -0.857167 -0.515038
vn  0.000000 0.000000 1.000000
vn  0.000000 0.000000 1.000000
vn  0.000000 -0.857167 0.515038
vn  0.000000 -0.857167 0.515038
vn  -0.707107 0.000000 0.707107
vn  -0.364187 -0.857167 0.364187
vn  -1.000000 0.000000 -0.000000
vn  -0.515038 -0.857167 -0.000000
vn  -0.707107 0.000000 -0.707107
vn  -0.364187 -0.857167 -0.364187
vn  -0.000000 0.000000 -1.000000
vn  0.000000 0.000000 -1.000000
vn  0.000000 -0.857167 -0.515038
vn  -0.000000 -0.857167 -0.515038
vn  0.707107 0.000000 -0.707107
vn  0.364187 -0.857167 -0.364187
vn  1.000000 0.000000 -0.000000
vn  0.515038 -0.857167 -0.000000
vn  0.707107 0.000000 0.707107
vn  0.364187 -0.857167 0.364187
vn  0.000000 -0.857167 -0.515038
vn  0.000000 -0.857167 0.515038
vn  0.000000 -0.857167 0.515038
vn  -0.000000 -0.857167 -0.515038


g 3
f 2532/2532/2532  2480/2480/2480  2477/2477/2477
f 2662/2662/2662  2478/2478/2478  2481/2481/2481
f 2570/2570/2570  2533/2533/2533  2479/2479/2479
f 2660/2660/2660  2569/2569/2569  2478/2478/2478
f 2662/2662/2662  2660/2660/2660  2478/2478/2478
f 2544/2544/2544  2483/2483/2483  2480/2480/2480
f 2790/2790/2790  2482/2482/2482  2484/2484/2484
f 2544/2544/2544  2480/2480/2480  2532/2532/2532
f 2633/2633/2633  2481/2481/2481  2587/2587/2587
f 2790/2790/2790  2588/2588/2588  2482/2482/2482
f 2662/2662/2662  2481/2481/2481  2633/2633/2633
f 2542/2542/2542  2486/2486/2486  2483/2483/2483
f 2780/2780/2780  2484/2484/2484  2488/2488/2488
f 2544/2544/2544  2542/2542/2542  2483/2483/2483
f 2790/2790/2790  2484/2484/2484  2780/2780/2780
f 2540/2540/2540  2489/2489/2489  2486/2486/2486
f 2769/2769/2769  2487/2487/2487  2490/2490/2490
f 2542/2542/2542  2540/2540/2540  2486/2486/2486
f 2772/2772/2772  2487/2487/2487  2769/2769/2769
f 2779/2779/2779  2487/2487/2487  2772/2772/2772
f 2538/2538/2538  2492/2492/2492  2489/2489/2489
f 2767/2767/2767  2490/2490/2490  2495/2495/2495
f 2540/2540/2540  2538/2538/2538  2489/2489/2489
f 2769/2769/2769  2490/2490/2490  2767/2767/2767
f 2538/2538/2538  2496/2496/2496  2492/2492/2492
f 2739/2739/2739  2493/2493/2493  2497/2497/2497
f 2777/2777/2777  2494/2494/2494  2740/2740/2740
f 2777/2777/2777  2766/2766/2766  2494/2494/2494
f 2535/2535/2535  2498/2498/2498  2496/2496/2496
f 2742/2742/2742  2497/2497/2497  2499/2499/2499
f 2538/2538/2538  2535/2535/2535  2496/2496/2496
f 2742/2742/2742  2739/2739/2739  2497/2497/2497
f 2567/2567/2567  2500/2500/2500  2498/2498/2498
f 2744/2744/2744  2499/2499/2499  2501/2501/2501
f 2567/2567/2567  2498/2498/2498  2535/2535/2535
f 2744/2744/2744  2742/2742/2742  2499/2499/2499
f 2567/2567/2567  2502/2502/2502  2500/2500/2500
f 2746/2746/2746  2501/2501/2501  2503/2503/2503
f 2746/2746/2746  2744/2744/2744  2501/2501/2501
f 2565/2565/2565  2504/2504/2504  2502/2502/2502
f 2748/2748/2748  2503/2503/2503  2505/2505/2505
f 2567/2567/2567  2565/2565/2565  2502/2502/2502
f 2748/2748/2748  2746/2746/2746  2503/2503/2503
f 2563/2563/2563  2506/2506/2506  2504/2504/2504
f 2750/2750/2750  2505/2505/2505  2507/2507/2507
f 2565/2565/2565  2563/2563/2563  2504/2504/2504
f 2750/2750/2750  2748/2748/2748  2505/2505/2505
f 2510/2510/2510  2508/2508/2508  2506/2506/2506
f 2752/2752/2752  2507/2507/2507  2509/2509/2509
f 2561/2561/2561  2510/2510/2510  2506/2506/2506
f 2563/2563/2563  2561/2561/2561  2506/2506/2506
f 2752/2752/2752  2750/2750/2750  2507/2507/2507
f 2754/2754/2754  2509/2509/2509  2511/2511/2511
f 2754/2754/2754  2752/2752/2752  2509/2509/2509
f 2559/2559/2559  2512/2512/2512  2510/2510/2510
f 2756/2756/2756  2511/2511/2511  2513/2513/2513
f 2561/2561/2561  2559/2559/2559  2510/2510/2510
f 2756/2756/2756  2754/2754/2754  2511/2511/2511
f 2557/2557/2557  2514/2514/2514  2512/2512/2512
f 2758/2758/2758  2513/2513/2513  2515/2515/2515
f 2559/2559/2559  2557/2557/2557  2512/2512/2512
f 2758/2758/2758  2756/2756/2756  2513/2513/2513
f 2555/2555/2555  2516/2516/2516  2514/2514/2514
f 2760/2760/2760  2515/2515/2515  2517/2517/2517
f 2557/2557/2557  2555/2555/2555  2514/2514/2514
f 2760/2760/2760  2758/2758/2758  2515/2515/2515
f 2552/2552/2552  2518/2518/2518  2516/2516/2516
f 2760/2760/2760  2517/2517/2517  2519/2519/2519
f 2555/2555/2555  2552/2552/2552  2516/2516/2516
f 2550/2550/2550  2520/2520/2520  2518/2518/2518
f 2762/2762/2762  2519/2519/2519  2521/2521/2521
f 2552/2552/2552  2550/2550/2550  2518/2518/2518
f 2762/2762/2762  2760/2760/2760  2519/2519/2519
f 2550/2550/2550  2522/2522/2522  2520/2520/2520
f 2764/2764/2764  2521/2521/2521  2525/2525/2525
f 2764/2764/2764  2762/2762/2762  2521/2521/2521
f 2548/2548/2548  2526/2526/2526  2522/2522/2522
f 2729/2729/2729  2523/2523/2523  2527/2527/2527
f 2550/2550/2550  2548/2548/2548  2522/2522/2522
f 2731/2731/2731  2524/2524/2524  2730/2730/2730
f 2764/2764/2764  2525/2525/2525  2732/2732/2732
f 2548/2548/2548  2529/2529/2529  2526/2526/2526
f 2715/2715/2715  2527/2527/2527  2531/2531/2531
f 2726/2726/2726  2527/2527/2527  2715/2715/2715
f 2729/2729/2729  2527/2527/2527  2726/2726/2726
f 2546/2546/2546  2532/2532/2532  2529/2529/2529
f 2709/2709/2709  2530/2530/2530  2533/2533/2533
f 2548/2548/2548  2546/2546/2546  2529/2529/2529
f 2714/2714/2714  2530/2530/2530  2709/2709/2709
f 2546/2546/2546  2544/2544/2544  2532/2532/2532
f 2709/2709/2709  2533/2533/2533  2570/2570/2570
f 3218/3218/3218  2536/2536/2536  2539/2539/2539
f 3221/3221/3221  2568/2568/2568  2537/2537/2537
f 3221/3221/3221  2537/2537/2537  3219/3219/3219
f 3248/3248/3248  2539/2539/2539  2541/2541/2541
f 3250/3250/3250  3218/3218/3218  2539/2539/2539
f 3250/3250/3250  2539/2539/2539  3248/3248/3248
f 3246/3246/3246  2541/2541/2541  2543/2543/2543
f 3248/3248/3248  2541/2541/2541  3246/3246/3246
f 3246/3246/3246  2543/2543/2543  2545/2545/2545
f 3244/3244/3244  2545/2545/2545  2547/2547/2547
f 3246/3246/3246  2545/2545/2545  3244/3244/3244
f 3240/3240/3240  2547/2547/2547  2549/2549/2549
f 3242/3242/3242  2547/2547/2547  3240/3240/3240
f 3244/3244/3244  2547/2547/2547  3242/3242/3242
f 3238/3238/3238  2549/2549/2549  2551/2551/2551
f 3240/3240/3240  2549/2549/2549  3238/3238/3238
f 3238/3238/3238  2551/2551/2551  2553/2553/2553
f 3236/3236/3236  2554/2554/2554  2556/2556/2556
f 3238/3238/3238  2553/2553/2553  3235/3235/3235
f 3231/3231/3231  2556/2556/2556  2558/2558/2558
f 3233/3233/3233  2556/2556/2556  3231/3231/3231
f 3236/3236/3236  2556/2556/2556  3233/3233/3233
f 3229/3229/3229  2558/2558/2558  2560/2560/2560
f 3231/3231/3231  2558/2558/2558  3229/3229/3229
f 3229/3229/3229  2560/2560/2560  2562/2562/2562
f 3227/3227/3227  2562/2562/2562  2564/2564/2564
f 3229/3229/3229  2562/2562/2562  3227/3227/3227
f 3223/3223/3223  2564/2564/2564  2566/2566/2566
f 3225/3225/3225  2564/2564/2564  3223/3223/3223
f 3227/3227/3227  2564/2564/2564  3225/3225/3225
f 3221/3221/3221  2566/2566/2566  2568/2568/2568
f 3223/3223/3223  2566/2566/2566  3221/3221/3221
f 2656/2656/2656  2571/2571/2571  2569/2569/2569
f 2710/2710/2710  2570/2570/2570  2572/2572/2572
f 2658/2658/2658  2656/2656/2656  2569/2569/2569
f 2660/2660/2660  2658/2658/2658  2569/2569/2569
f 2710/2710/2710  2709/2709/2709  2570/2570/2570
f 2576/2576/2576  2573/2573/2573  2571/2571/2571
f 2711/2711/2711  2572/2572/2572  2574/2574/2574
f 2656/2656/2656  2576/2576/2576  2571/2571/2571
f 2711/2711/2711  2710/2710/2710  2572/2572/2572
f 2723/2723/2723  2575/2575/2575  2578/2578/2578
f 2723/2723/2723  2713/2713/2713  2575/2575/2575
f 2618/2618/2618  2579/2579/2579  2576/2576/2576
f 2821/2821/2821  2577/2577/2577  2581/2581/2581
f 2596/2596/2596  2594/2594/2594  2576/2576/2576
f 2698/2698/2698  2576/2576/2576  2594/2594/2594
f 2598/2598/2598  2596/2596/2596  2576/2576/2576
f 2600/2600/2600  2598/2598/2598  2576/2576/2576
f 2656/2656/2656  2600/2600/2600  2576/2576/2576
f 2672/2672/2672  2618/2618/2618  2576/2576/2576
f 2674/2674/2674  2672/2672/2672  2576/2576/2576
f 2676/2676/2676  2674/2674/2674  2576/2576/2576
f 2694/2694/2694  2676/2676/2676  2576/2576/2576
f 2696/2696/2696  2694/2694/2694  2576/2576/2576
f 2698/2698/2698  2696/2696/2696  2576/2576/2576
f 2738/2738/2738  2723/2723/2723  2578/2578/2578
f 2817/2817/2817  2737/2737/2737  2577/2577/2577
f 2819/2819/2819  2817/2817/2817  2577/2577/2577
f 2821/2821/2821  2819/2819/2819  2577/2577/2577
f 2614/2614/2614  2582/2582/2582  2579/2579/2579
f 2775/2775/2775  2580/2580/2580  2584/2584/2584
f 2616/2616/2616  2614/2614/2614  2579/2579/2579
f 2618/2618/2618  2616/2616/2616  2579/2579/2579
f 2821/2821/2821  2581/2581/2581  2776/2776/2776
f 2611/2611/2611  2585/2585/2585  2582/2582/2582
f 2786/2786/2786  2583/2583/2583  2586/2586/2586
f 2614/2614/2614  2611/2611/2611  2582/2582/2582
f 2788/2788/2788  2775/2775/2775  2584/2584/2584
f 2638/2638/2638  2587/2587/2587  2585/2585/2585
f 2789/2789/2789  2586/2586/2586  2588/2588/2588
f 2640/2640/2640  2585/2585/2585  2611/2611/2611
f 2640/2640/2640  2638/2638/2638  2585/2585/2585
f 2789/2789/2789  2786/2786/2786  2586/2586/2586
f 2636/2636/2636  2633/2633/2633  2587/2587/2587
f 2638/2638/2638  2636/2636/2636  2587/2587/2587
f 2790/2790/2790  2789/2789/2789  2588/2588/2588
f 2649/2649/2649  2592/2592/2592  2589/2589/2589
f 3277/3277/3277  2591/2591/2591  2593/2593/2593
f 2649/2649/2649  2589/2589/2589  2609/2609/2609
f 3274/3274/3274  2610/2610/2610  2590/2590/2590
f 3276/3276/3276  3274/3274/3274  2590/2590/2590
f 2649/2649/2649  2594/2594/2594  2592/2592/2592
f 3279/3279/3279  2593/2593/2593  2595/2595/2595
f 3279/3279/3279  3277/3277/3277  2593/2593/2593
f 3281/3281/3281  2595/2595/2595  2597/2597/2597
f 2698/2698/2698  2594/2594/2594  2649/2649/2649
f 3281/3281/3281  3279/3279/3279  2595/2595/2595
f 3283/3283/3283  2597/2597/2597  2599/2599/2599
f 3283/3283/3283  3281/3281/3281  2597/2597/2597
f 3285/3285/3285  2599/2599/2599  2602/2602/2602
f 3285/3285/3285  3283/3283/3283  2599/2599/2599
f 2654/2654/2654  2603/2603/2603  2600/2600/2600
f 3265/3265/3265  2601/2601/2601  2604/2604/2604
f 2656/2656/2656  2654/2654/2654  2600/2600/2600
f 3285/3285/3285  2602/2602/2602  3266/3266/3266
f 2654/2654/2654  2605/2605/2605  2603/2603/2603
f 3268/3268/3268  2604/2604/2604  2606/2606/2606
f 3268/3268/3268  3265/3265/3265  2604/2604/2604
f 2654/2654/2654  2607/2607/2607  2605/2605/2605
f 3270/3270/3270  2606/2606/2606  2608/2608/2608
f 3270/3270/3270  3268/3268/3268  2606/2606/2606
f 2652/2652/2652  2609/2609/2609  2607/2607/2607
f 3272/3272/3272  2608/2608/2608  2610/2610/2610
f 2654/2654/2654  2652/2652/2652  2607/2607/2607
f 3272/3272/3272  3270/3270/3270  2608/2608/2608
f 2652/2652/2652  2649/2649/2649  2609/2609/2609
f 3274/3274/3274  3272/3272/3272  2610/2610/2610
f 3299/3299/3299  2613/2613/2613  2615/2615/2615
f 2640/2640/2640  2611/2611/2611  2631/2631/2631
f 3296/3296/3296  2632/2632/2632  2612/2612/2612
f 3298/3298/3298  3296/3296/3296  2612/2612/2612
f 3301/3301/3301  2615/2615/2615  2617/2617/2617
f 3301/3301/3301  3299/3299/3299  2615/2615/2615
f 3303/3303/3303  2617/2617/2617  2619/2619/2619
f 3303/3303/3303  3301/3301/3301  2617/2617/2617
f 2672/2672/2672  2620/2620/2620  2618/2618/2618
f 3305/3305/3305  2619/2619/2619  2621/2621/2621
f 3305/3305/3305  3303/3303/3303  2619/2619/2619
f 2670/2670/2670  2622/2622/2622  2620/2620/2620
f 3307/3307/3307  2621/2621/2621  2624/2624/2624
f 2672/2672/2672  2670/2670/2670  2620/2620/2620
f 3307/3307/3307  3305/3305/3305  2621/2621/2621
f 2646/2646/2646  2625/2625/2625  2622/2622/2622
f 3287/3287/3287  2623/2623/2623  2626/2626/2626
f 2668/2668/2668  2646/2646/2646  2622/2622/2622
f 2670/2670/2670  2668/2668/2668  2622/2622/2622
f 3307/3307/3307  2624/2624/2624  3288/3288/3288
f 2644/2644/2644  2627/2627/2627  2625/2625/2625
f 3290/3290/3290  2626/2626/2626  2628/2628/2628
f 2646/2646/2646  2644/2644/2644  2625/2625/2625
f 3290/3290/3290  3287/3287/3287  2626/2626/2626
f 2644/2644/2644  2629/2629/2629  2627/2627/2627
f 3292/3292/3292  2628/2628/2628  2630/2630/2630
f 3292/3292/3292  3290/3290/3290  2628/2628/2628
f 2642/2642/2642  2631/2631/2631  2629/2629/2629
f 3294/3294/3294  2630/2630/2630  2632/2632/2632
f 2644/2644/2644  2642/2642/2642  2629/2629/2629
f 3294/3294/3294  3292/3292/3292  2630/2630/2630
f 2642/2642/2642  2640/2640/2640  2631/2631/2631
f 3296/3296/3296  3294/3294/3294  2632/2632/2632
f 3101/3101/3101  2635/2635/2635  2637/2637/2637
f 3103/3103/3103  2663/2663/2663  2634/2634/2634
f 3103/3103/3103  2634/2634/2634  3100/3100/3100
f 3130/3130/3130  2637/2637/2637  2639/2639/2639
f 3130/3130/3130  3101/3101/3101  2637/2637/2637
f 3128/3128/3128  2639/2639/2639  2641/2641/2641
f 3130/3130/3130  2639/2639/2639  3128/3128/3128
f 3126/3126/3126  2641/2641/2641  2643/2643/2643
f 3128/3128/3128  2641/2641/2641  3126/3126/3126
f 3124/3124/3124  2643/2643/2643  2645/2645/2645
f 3126/3126/3126  2643/2643/2643  3124/3124/3124
f 3122/3122/3122  2645/2645/2645  2648/2648/2648
f 3124/3124/3124  2645/2645/2645  3122/3122/3122
f 2705/2705/2705  2649/2649/2649  2646/2646/2646
f 3119/3119/3119  2647/2647/2647  2651/2651/2651
f 2668/2668/2668  2665/2665/2665  2646/2646/2646
f 2685/2685/2685  2646/2646/2646  2665/2665/2665
f 2685/2685/2685  2683/2683/2683  2646/2646/2646
f 2687/2687/2687  2646/2646/2646  2683/2683/2683
f 2707/2707/2707  2646/2646/2646  2687/2687/2687
f 2707/2707/2707  2705/2705/2705  2646/2646/2646
f 3122/3122/3122  2648/2648/2648  3120/3120/3120
f 3116/3116/3116  2650/2650/2650  2653/2653/2653
f 2701/2701/2701  2698/2698/2698  2649/2649/2649
f 2703/2703/2703  2701/2701/2701  2649/2649/2649
f 2705/2705/2705  2703/2703/2703  2649/2649/2649
f 3119/3119/3119  2651/2651/2651  3117/3117/3117
f 3114/3114/3114  2653/2653/2653  2655/2655/2655
f 3116/3116/3116  2653/2653/2653  3114/3114/3114
f 3112/3112/3112  2655/2655/2655  2657/2657/2657
f 3114/3114/3114  2655/2655/2655  3112/3112/3112
f 3110/3110/3110  2657/2657/2657  2659/2659/2659
f 3112/3112/3112  2657/2657/2657  3110/3110/3110
f 3108/3108/3108  2659/2659/2659  2661/2661/2661
f 3110/3110/3110  2659/2659/2659  3108/3108/3108
f 3106/3106/3106  2661/2661/2661  2664/2664/2664
f 3108/3108/3108  2661/2661/2661  3106/3106/3106
f 3106/3106/3106  2664/2664/2664  3104/3104/3104
f 3320/3320/3320  2667/2667/2667  2669/2669/2669
f 3317/3317/3317  2686/2686/2686  2666/2666/2666
f 3319/3319/3319  3317/3317/3317  2666/2666/2666
f 3323/3323/3323  2669/2669/2669  2671/2671/2671
f 3323/3323/3323  3320/3320/3320  2669/2669/2669
f 3325/3325/3325  2671/2671/2671  2673/2673/2673
f 3325/3325/3325  3323/3323/3323  2671/2671/2671
f 3325/3325/3325  2673/2673/2673  2675/2675/2675
f 3327/3327/3327  2675/2675/2675  2678/2678/2678
f 3327/3327/3327  3325/3325/3325  2675/2675/2675
f 2687/2687/2687  2679/2679/2679  2676/2676/2676
f 3309/3309/3309  2677/2677/2677  2680/2680/2680
f 2690/2690/2690  2687/2687/2687  2676/2676/2676
f 2692/2692/2692  2690/2690/2690  2676/2676/2676
f 2694/2694/2694  2692/2692/2692  2676/2676/2676
f 3327/3327/3327  2678/2678/2678  3310/3310/3310
f 2687/2687/2687  2681/2681/2681  2679/2679/2679
f 3313/3313/3313  2680/2680/2680  2682/2682/2682
f 3313/3313/3313  3309/3309/3309  2680/2680/2680
f 2687/2687/2687  2683/2683/2683  2681/2681/2681
f 3315/3315/3315  2682/2682/2682  2684/2684/2684
f 3315/3315/3315  3313/3313/3313  2682/2682/2682
f 3315/3315/3315  2684/2684/2684  2686/2686/2686
f 3317/3317/3317  3315/3315/3315  2686/2686/2686
f 3344/3344/3344  2689/2689/2689  2691/2691/2691
f 3341/3341/3341  2708/2708/2708  2688/2688/2688
f 3343/3343/3343  3341/3341/3341  2688/2688/2688
f 3347/3347/3347  2691/2691/2691  2693/2693/2693
f 3347/3347/3347  3344/3344/3344  2691/2691/2691
f 3349/3349/3349  2693/2693/2693  2695/2695/2695
f 3349/3349/3349  3347/3347/3347  2693/2693/2693
f 3349/3349/3349  2695/2695/2695  2697/2697/2697
f 3351/3351/3351  2697/2697/2697  2700/2700/2700
f 3351/3351/3351  3349/3349/3349  2697/2697/2697
f 3333/3333/3333  2699/2699/2699  2702/2702/2702
f 3351/3351/3351  2700/2700/2700  3334/3334/3334
f 3337/3337/3337  2702/2702/2702  2704/2704/2704
f 3337/3337/3337  3333/3333/3333  2702/2702/2702
f 3339/3339/3339  2704/2704/2704  2706/2706/2706
f 3339/3339/3339  3337/3337/3337  2704/2704/2704
f 3339/3339/3339  2706/2706/2706  2708/2708/2708
f 3341/3341/3341  3339/3339/3339  2708/2708/2708
f 2714/2714/2714  2709/2709/2709  2710/2710/2710
f 2716/2716/2716  2710/2710/2710  2711/2711/2711
f 2716/2716/2716  2714/2714/2714  2710/2710/2710
f 2719/2719/2719  2716/2716/2716  2711/2711/2711
f 2723/2723/2723  2720/2720/2720  2713/2713/2713
f 2724/2724/2724  2715/2715/2715  2717/2717/2717
f 2724/2724/2724  2721/2721/2721  2715/2715/2715
f 2726/2726/2726  2715/2715/2715  2721/2721/2721
f 2723/2723/2723  2718/2718/2718  2720/2720/2720
f 2725/2725/2725  2718/2718/2718  2723/2723/2723
f 2734/2734/2734  2728/2728/2728  2722/2722/2722
f 2736/2736/2736  2734/2734/2734  2722/2722/2722
f 2734/2734/2734  2730/2730/2730  2728/2728/2728
f 2734/2734/2734  2731/2731/2731  2730/2730/2730
f 2813/2813/2813  2733/2733/2733  2735/2735/2735
f 2813/2813/2813  2765/2765/2765  2733/2733/2733
f 2815/2815/2815  2735/2735/2735  2737/2737/2737
f 2815/2815/2815  2813/2813/2813  2735/2735/2735
f 2817/2817/2817  2815/2815/2815  2737/2737/2737
f 2825/2825/2825  2741/2741/2741  2743/2743/2743
f 2823/2823/2823  2778/2778/2778  2741/2741/2741
f 2825/2825/2825  2823/2823/2823  2741/2741/2741
f 2825/2825/2825  2743/2743/2743  2745/2745/2745
f 2793/2793/2793  2745/2745/2745  2747/2747/2747
f 2825/2825/2825  2745/2745/2745  2793/2793/2793
f 2796/2796/2796  2747/2747/2747  2749/2749/2749
f 2796/2796/2796  2793/2793/2793  2747/2747/2747
f 2798/2798/2798  2749/2749/2749  2751/2751/2751
f 2798/2798/2798  2796/2796/2796  2749/2749/2749
f 2802/2802/2802  2751/2751/2751  2753/2753/2753
f 2800/2800/2800  2798/2798/2798  2751/2751/2751
f 2802/2802/2802  2800/2800/2800  2751/2751/2751
f 2802/2802/2802  2753/2753/2753  2755/2755/2755
f 2802/2802/2802  2755/2755/2755  2757/2757/2757
f 2804/2804/2804  2757/2757/2757  2759/2759/2759
f 2804/2804/2804  2802/2802/2802  2757/2757/2757
f 2808/2808/2808  2759/2759/2759  2761/2761/2761
f 2806/2806/2806  2804/2804/2804  2759/2759/2759
f 2808/2808/2808  2806/2806/2806  2759/2759/2759
f 2808/2808/2808  2761/2761/2761  2763/2763/2763
f 2810/2810/2810  2763/2763/2763  2765/2765/2765
f 2810/2810/2810  2808/2808/2808  2763/2763/2763
f 2813/2813/2813  2810/2810/2810  2765/2765/2765
f 2774/2774/2774  2768/2768/2768  2766/2766/2766
f 2777/2777/2777  2774/2774/2774  2766/2766/2766
f 2774/2774/2774  2771/2771/2771  2768/2768/2768
f 2785/2785/2785  2773/2773/2773  2775/2775/2775
f 2784/2784/2784  2779/2779/2779  2772/2772/2772
f 2823/2823/2823  2776/2776/2776  2778/2778/2778
f 2785/2785/2785  2775/2775/2775  2783/2783/2783
f 2792/2792/2792  2783/2783/2783  2775/2775/2775
f 2792/2792/2792  2775/2775/2775  2788/2788/2788
f 2823/2823/2823  2821/2821/2821  2776/2776/2776
f 2784/2784/2784  2781/2781/2781  2779/2779/2779
f 2789/2789/2789  2780/2780/2780  2782/2782/2782
f 2790/2790/2790  2780/2780/2780  2789/2789/2789
f 2791/2791/2791  2789/2789/2789  2782/2782/2782
f 2791/2791/2791  2786/2786/2786  2789/2789/2789
f 2845/2845/2845  2795/2795/2795  2797/2797/2797
f 2842/2842/2842  2826/2826/2826  2794/2794/2794
f 2844/2844/2844  2842/2842/2842  2794/2794/2794
f 2849/2849/2849  2797/2797/2797  2799/2799/2799
f 2847/2847/2847  2845/2845/2845  2797/2797/2797
f 2849/2849/2849  2847/2847/2847  2797/2797/2797
f 2851/2851/2851  2799/2799/2799  2801/2801/2801
f 2851/2851/2851  2849/2849/2849  2799/2799/2799
f 2851/2851/2851  2801/2801/2801  2803/2803/2803
f 2853/2853/2853  2803/2803/2803  2805/2805/2805
f 2853/2853/2853  2851/2851/2851  2803/2803/2803
f 2857/2857/2857  2805/2805/2805  2807/2807/2807
f 2855/2855/2855  2853/2853/2853  2805/2805/2805
f 2857/2857/2857  2855/2855/2855  2805/2805/2805
f 2859/2859/2859  2807/2807/2807  2809/2809/2809
f 2859/2859/2859  2857/2857/2857  2807/2807/2807
f 2859/2859/2859  2809/2809/2809  2812/2812/2812
f 2827/2827/2827  2811/2811/2811  2814/2814/2814
f 2859/2859/2859  2812/2812/2812  2828/2828/2828
f 2832/2832/2832  2814/2814/2814  2816/2816/2816
f 2830/2830/2830  2827/2827/2827  2814/2814/2814
f 2832/2832/2832  2830/2830/2830  2814/2814/2814
f 2834/2834/2834  2816/2816/2816  2818/2818/2818
f 2834/2834/2834  2832/2832/2832  2816/2816/2816
f 2834/2834/2834  2818/2818/2818  2820/2820/2820
f 2836/2836/2836  2820/2820/2820  2822/2822/2822
f 2836/2836/2836  2834/2834/2834  2820/2820/2820
f 2840/2840/2840  2822/2822/2822  2824/2824/2824
f 2838/2838/2838  2836/2836/2836  2822/2822/2822
f 2840/2840/2840  2838/2838/2838  2822/2822/2822
f 2842/2842/2842  2824/2824/2824  2826/2826/2826
f 2842/2842/2842  2840/2840/2840  2824/2824/2824
f 2860/2860/2860  2829/2829/2829  2831/2831/2831
f 2881/2881/2881  2831/2831/2831  2833/2833/2833
f 2878/2878/2878  2860/2860/2860  2831/2831/2831
f 2881/2881/2881  2878/2878/2878  2831/2831/2831
f 2883/2883/2883  2833/2833/2833  2835/2835/2835
f 2883/2883/2883  2881/2881/2881  2833/2833/2833
f 2885/2885/2885  2835/2835/2835  2837/2837/2837
f 2885/2885/2885  2883/2883/2883  2835/2835/2835
f 2887/2887/2887  2837/2837/2837  2839/2839/2839
f 2887/2887/2887  2885/2885/2885  2837/2837/2837
f 2891/2891/2891  2839/2839/2839  2841/2841/2841
f 2889/2889/2889  2887/2887/2887  2839/2839/2839
f 2891/2891/2891  2889/2889/2889  2839/2839/2839
f 2893/2893/2893  2841/2841/2841  2843/2843/2843
f 2893/2893/2893  2891/2891/2891  2841/2841/2841
f 2848/2848/2848  2843/2843/2843  2846/2846/2846
f 2861/2861/2861  2843/2843/2843  2848/2848/2848
f 2893/2893/2893  2843/2843/2843  2861/2861/2861
f 2864/2864/2864  2848/2848/2848  2850/2850/2850
f 2864/2864/2864  2861/2861/2861  2848/2848/2848
f 2866/2866/2866  2850/2850/2850  2852/2852/2852
f 2866/2866/2866  2864/2864/2864  2850/2850/2850
f 2868/2868/2868  2852/2852/2852  2854/2854/2854
f 2868/2868/2868  2866/2866/2866  2852/2852/2852
f 2870/2870/2870  2854/2854/2854  2856/2856/2856
f 2870/2870/2870  2868/2868/2868  2854/2854/2854
f 2874/2874/2874  2856/2856/2856  2858/2858/2858
f 2872/2872/2872  2870/2870/2870  2856/2856/2856
f 2874/2874/2874  2872/2872/2872  2856/2856/2856
f 2876/2876/2876  2858/2858/2858  2860/2860/2860
f 2876/2876/2876  2874/2874/2874  2858/2858/2858
f 2878/2878/2878  2876/2876/2876  2860/2860/2860
f 2914/2914/2914  2863/2863/2863  2865/2865/2865
f 2910/2910/2910  2894/2894/2894  2862/2862/2862
f 2912/2912/2912  2910/2910/2910  2862/2862/2862
f 2926/2926/2926  2865/2865/2865  2867/2867/2867
f 2928/2928/2928  2914/2914/2914  2865/2865/2865
f 2928/2928/2928  2865/2865/2865  2926/2926/2926
f 2924/2924/2924  2867/2867/2867  2869/2869/2869
f 2926/2926/2926  2867/2867/2867  2924/2924/2924
f 2922/2922/2922  2869/2869/2869  2871/2871/2871
f 2924/2924/2924  2869/2869/2869  2922/2922/2922
f 2920/2920/2920  2871/2871/2871  2873/2873/2873
f 2922/2922/2922  2871/2871/2871  2920/2920/2920
f 2918/2918/2918  2873/2873/2873  2875/2875/2875
f 2920/2920/2920  2873/2873/2873  2918/2918/2918
f 2916/2916/2916  2875/2875/2875  2877/2877/2877
f 2918/2918/2918  2875/2875/2875  2916/2916/2916
f 2916/2916/2916  2877/2877/2877  2880/2880/2880
f 2895/2895/2895  2879/2879/2879  2882/2882/2882
f 2916/2916/2916  2880/2880/2880  2897/2897/2897
f 2900/2900/2900  2882/2882/2882  2884/2884/2884
f 2898/2898/2898  2895/2895/2895  2882/2882/2882
f 2900/2900/2900  2898/2898/2898  2882/2882/2882
f 2902/2902/2902  2884/2884/2884  2886/2886/2886
f 2902/2902/2902  2900/2900/2900  2884/2884/2884
f 2904/2904/2904  2886/2886/2886  2888/2888/2888
f 2904/2904/2904  2902/2902/2902  2886/2886/2886
f 2906/2906/2906  2888/2888/2888  2890/2890/2890
f 2906/2906/2906  2904/2904/2904  2888/2888/2888
f 2908/2908/2908  2890/2890/2890  2892/2892/2892
f 2908/2908/2908  2906/2906/2906  2890/2890/2890
f 2910/2910/2910  2892/2892/2892  2894/2894/2894
f 2910/2910/2910  2908/2908/2908  2892/2892/2892
f 2915/2915/2915  2896/2896/2896  2899/2899/2899
f 2932/2932/2932  2899/2899/2899  2901/2901/2901
f 2929/2929/2929  2915/2915/2915  2899/2899/2899
f 2932/2932/2932  2929/2929/2929  2899/2899/2899
f 2934/2934/2934  2901/2901/2901  2903/2903/2903
f 2934/2934/2934  2932/2932/2932  2901/2901/2901
f 2936/2936/2936  2903/2903/2903  2905/2905/2905
f 2936/2936/2936  2934/2934/2934  2903/2903/2903
f 2938/2938/2938  2905/2905/2905  2907/2907/2907
f 2938/2938/2938  2936/2936/2936  2905/2905/2905
f 2942/2942/2942  2907/2907/2907  2909/2909/2909
f 2940/2940/2940  2938/2938/2938  2907/2907/2907
f 2942/2942/2942  2940/2940/2940  2907/2907/2907
f 2944/2944/2944  2909/2909/2909  2911/2911/2911
f 2944/2944/2944  2942/2942/2942  2909/2909/2909
f 2927/2927/2927  2911/2911/2911  2913/2913/2913
f 2946/2946/2946  2911/2911/2911  2927/2927/2927
f 2946/2946/2946  2944/2944/2944  2911/2911/2911
f 2961/2961/2961  2917/2917/2917  2915/2915/2915
f 2961/2961/2961  2915/2915/2915  2929/2929/2929
f 2959/2959/2959  2919/2919/2919  2917/2917/2917
f 2961/2961/2961  2959/2959/2959  2917/2917/2917
f 2955/2955/2955  2921/2921/2921  2919/2919/2919
f 2957/2957/2957  2955/2955/2955  2919/2919/2919
f 2959/2959/2959  2957/2957/2957  2919/2919/2919
f 2953/2953/2953  2923/2923/2923  2921/2921/2921
f 2955/2955/2955  2953/2953/2953  2921/2921/2921
f 2951/2951/2951  2925/2925/2925  2923/2923/2923
f 2953/2953/2953  2951/2951/2951  2923/2923/2923
f 2949/2949/2949  2927/2927/2927  2925/2925/2925
f 2951/2951/2951  2949/2949/2949  2925/2925/2925
f 2949/2949/2949  2946/2946/2946  2927/2927/2927
f 2982/2982/2982  2931/2931/2931  2933/2933/2933
f 2978/2978/2978  2962/2962/2962  2930/2930/2930
f 2980/2980/2980  2978/2978/2978  2930/2930/2930
f 2994/2994/2994  2933/2933/2933  2935/2935/2935
f 2996/2996/2996  2982/2982/2982  2933/2933/2933
f 2996/2996/2996  2933/2933/2933  2994/2994/2994
f 2992/2992/2992  2935/2935/2935  2937/2937/2937
f 2994/2994/2994  2935/2935/2935  2992/2992/2992
f 2990/2990/2990  2937/2937/2937  2939/2939/2939
f 2992/2992/2992  2937/2937/2937  2990/2990/2990
f 2988/2988/2988  2939/2939/2939  2941/2941/2941
f 2990/2990/2990  2939/2939/2939  2988/2988/2988
f 2986/2986/2986  2941/2941/2941  2943/2943/2943
f 2988/2988/2988  2941/2941/2941  2986/2986/2986
f 2984/2984/2984  2943/2943/2943  2945/2945/2945
f 2986/2986/2986  2943/2943/2943  2984/2984/2984
f 2984/2984/2984  2945/2945/2945  2948/2948/2948
f 2963/2963/2963  2947/2947/2947  2950/2950/2950
f 2984/2984/2984  2948/2948/2948  2965/2965/2965
f 2968/2968/2968  2950/2950/2950  2952/2952/2952
f 2966/2966/2966  2963/2963/2963  2950/2950/2950
f 2968/2968/2968  2966/2966/2966  2950/2950/2950
f 2970/2970/2970  2952/2952/2952  2954/2954/2954
f 2970/2970/2970  2968/2968/2968  2952/2952/2952
f 2972/2972/2972  2954/2954/2954  2956/2956/2956
f 2972/2972/2972  2970/2970/2970  2954/2954/2954
f 2974/2974/2974  2956/2956/2956  2958/2958/2958
f 2974/2974/2974  2972/2972/2972  2956/2956/2956
f 2976/2976/2976  2958/2958/2958  2960/2960/2960
f 2976/2976/2976  2974/2974/2974  2958/2958/2958
f 2978/2978/2978  2960/2960/2960  2962/2962/2962
f 2978/2978/2978  2976/2976/2976  2960/2960/2960
f 2997/2997/2997  2964/2964/2964  2967/2967/2967
f 3025/3025/3025  2983/2983/2983  2964/2964/2964
f 3025/3025/3025  2964/2964/2964  2997/2997/2997
f 3000/3000/3000  2967/2967/2967  2969/2969/2969
f 3000/3000/3000  2997/2997/2997  2967/2967/2967
f 3004/3004/3004  2969/2969/2969  2971/2971/2971
f 3002/3002/3002  3000/3000/3000  2969/2969/2969
f 3004/3004/3004  3002/3002/3002  2969/2969/2969
f 2975/2975/2975  2971/2971/2971  2973/2973/2973
f 3006/3006/3006  2971/2971/2971  2975/2975/2975
f 3006/3006/3006  3004/3004/3004  2971/2971/2971
f 3006/3006/3006  2975/2975/2975  2977/2977/2977
f 3008/3008/3008  2977/2977/2977  2979/2979/2979
f 3008/3008/3008  3006/3006/3006  2977/2977/2977
f 3010/3010/3010  2979/2979/2979  2981/2981/2981
f 3010/3010/3010  3008/3008/3008  2979/2979/2979
f 3012/3012/3012  2981/2981/2981  2995/2995/2995
f 3012/3012/3012  3010/3010/3010  2981/2981/2981
f 3023/3023/3023  2985/2985/2985  2983/2983/2983
f 3025/3025/3025  3023/3023/3023  2983/2983/2983
f 3021/3021/3021  2987/2987/2987  2985/2985/2985
f 3023/3023/3023  3021/3021/3021  2985/2985/2985
f 2991/2991/2991  2989/2989/2989  2987/2987/2987
f 3021/3021/3021  2991/2991/2991  2987/2987/2987
f 3019/3019/3019  2993/2993/2993  2991/2991/2991
f 3021/3021/3021  3019/3019/3019  2991/2991/2991
f 3015/3015/3015  2995/2995/2995  2993/2993/2993
f 3017/3017/3017  3015/3015/3015  2993/2993/2993
f 3019/3019/3019  3017/3017/3017  2993/2993/2993
f 3015/3015/3015  3012/3012/3012  2995/2995/2995
f 3044/3044/3044  2999/2999/2999  3001/3001/3001
f 3040/3040/3040  3026/3026/3026  2998/2998/2998
f 3042/3042/3042  3040/3040/3040  2998/2998/2998
f 3096/3096/3096  3001/3001/3001  3003/3003/3003
f 3098/3098/3098  3044/3044/3044  3001/3001/3001
f 3098/3098/3098  3001/3001/3001  3096/3096/3096
f 3094/3094/3094  3003/3003/3003  3005/3005/3005
f 3096/3096/3096  3003/3003/3003  3094/3094/3094
f 3092/3092/3092  3005/3005/3005  3007/3007/3007
f 3094/3094/3094  3005/3005/3005  3092/3092/3092
f 3090/3090/3090  3007/3007/3007  3009/3009/3009
f 3092/3092/3092  3007/3007/3007  3090/3090/3090
f 3088/3088/3088  3009/3009/3009  3011/3011/3011
f 3090/3090/3090  3009/3009/3009  3088/3088/3088
f 3088/3088/3088  3011/3011/3011  3014/3014/3014
f 3027/3027/3027  3013/3013/3013  3016/3016/3016
f 3088/3088/3088  3014/3014/3014  3029/3029/3029
f 3032/3032/3032  3016/3016/3016  3018/3018/3018
f 3030/3030/3030  3027/3027/3027  3016/3016/3016
f 3032/3032/3032  3030/3030/3030  3016/3016/3016
f 3034/3034/3034  3018/3018/3018  3020/3020/3020
f 3034/3034/3034  3032/3032/3032  3018/3018/3018
f 3036/3036/3036  3020/3020/3020  3022/3022/3022
f 3036/3036/3036  3034/3034/3034  3020/3020/3020
f 3038/3038/3038  3022/3022/3022  3024/3024/3024
f 3038/3038/3038  3036/3036/3036  3022/3022/3022
f 3040/3040/3040  3024/3024/3024  3026/3026/3026
f 3040/3040/3040  3038/3038/3038  3024/3024/3024
f 3077/3077/3077  3028/3028/3028  3031/3031/3031
f 3077/3077/3077  3075/3075/3075  3028/3028/3028
f 3087/3087/3087  3028/3028/3028  3075/3075/3075
f 3082/3082/3082  3031/3031/3031  3033/3033/3033
f 3080/3080/3080  3077/3077/3077  3031/3031/3031
f 3082/3082/3082  3080/3080/3080  3031/3031/3031
f 3082/3082/3082  3033/3033/3033  3035/3035/3035
f 3051/3051/3051  3035/3035/3035  3037/3037/3037
f 3084/3084/3084  3035/3035/3035  3051/3051/3051
f 3084/3084/3084  3082/3082/3082  3035/3035/3035
f 3051/3051/3051  3037/3037/3037  3039/3039/3039
f 3054/3054/3054  3039/3039/3039  3041/3041/3041
f 3054/3054/3054  3051/3051/3051  3039/3039/3039
f 3056/3056/3056  3041/3041/3041  3043/3043/3043
f 3056/3056/3056  3054/3054/3054  3041/3041/3041
f 3058/3058/3058  3056/3056/3056  3043/3043/3043
f 3097/3097/3097  3058/3058/3058  3043/3043/3043
f 3084/3084/3084  3048/3048/3048  3045/3045/3045
f 3115/3115/3115  3046/3046/3046  3049/3049/3049
f 3132/3132/3132  3085/3085/3085  3047/3047/3047
f 3115/3115/3115  3113/3113/3113  3046/3046/3046
f 3131/3131/3131  3046/3046/3046  3113/3113/3113
f 3084/3084/3084  3051/3051/3051  3048/3048/3048
f 3185/3185/3185  3050/3050/3050  3053/3053/3053
f 3118/3118/3118  3115/3115/3115  3049/3049/3049
f 3155/3155/3155  3118/3118/3118  3049/3049/3049
f 3185/3185/3185  3156/3156/3156  3050/3050/3050
f 3184/3184/3184  3052/3052/3052  3055/3055/3055
f 3179/3179/3179  3055/3055/3055  3057/3057/3057
f 3179/3179/3179  3177/3177/3177  3055/3055/3055
f 3191/3191/3191  3055/3055/3055  3177/3177/3177
f 3186/3186/3186  3184/3184/3184  3055/3055/3055
f 3188/3188/3188  3186/3186/3186  3055/3055/3055
f 3191/3191/3191  3188/3188/3188  3055/3055/3055
f 3179/3179/3179  3057/3057/3057  3059/3059/3059
f 3097/3097/3097  3061/3061/3061  3058/3058/3058
f 3183/3183/3183  3060/3060/3060  3062/3062/3062
f 3181/3181/3181  3179/3179/3179  3059/3059/3059
f 3097/3097/3097  3063/3063/3063  3061/3061/3061
f 3264/3264/3264  3062/3062/3062  3064/3064/3064
f 3264/3264/3264  3183/3183/3183  3062/3062/3062
f 3093/3093/3093  3065/3065/3065  3063/3063/3063
f 3262/3262/3262  3064/3064/3064  3066/3066/3066
f 3095/3095/3095  3093/3093/3093  3063/3063/3063
f 3097/3097/3097  3095/3095/3095  3063/3063/3063
f 3264/3264/3264  3064/3064/3064  3262/3262/3262
f 3071/3071/3071  3067/3067/3067  3065/3065/3065
f 3260/3260/3260  3066/3066/3066  3068/3068/3068
f 3091/3091/3091  3071/3071/3071  3065/3065/3065
f 3093/3093/3093  3091/3091/3091  3065/3065/3065
f 3262/3262/3262  3066/3066/3066  3260/3260/3260
f 3071/3071/3071  3069/3069/3069  3067/3067/3067
f 3258/3258/3258  3068/3068/3068  3070/3070/3070
f 3260/3260/3260  3068/3068/3068  3258/3258/3258
f 3256/3256/3256  3070/3070/3070  3072/3072/3072
f 3258/3258/3258  3070/3070/3070  3256/3256/3256
f 3091/3091/3091  3073/3073/3073  3071/3071/3071
f 3254/3254/3254  3072/3072/3072  3074/3074/3074
f 3256/3256/3256  3072/3072/3072  3254/3254/3254
f 3089/3089/3089  3075/3075/3075  3073/3073/3073
f 3252/3252/3252  3074/3074/3074  3076/3076/3076
f 3091/3091/3091  3089/3089/3089  3073/3073/3073
f 3254/3254/3254  3074/3074/3074  3252/3252/3252
f 3252/3252/3252  3076/3076/3076  3079/3079/3079
f 3089/3089/3089  3087/3087/3087  3075/3075/3075
f 3164/3164/3164  3078/3078/3078  3081/3081/3081
f 3252/3252/3252  3079/3079/3079  3166/3166/3166
f 3167/3167/3167  3081/3081/3081  3083/3083/3083
f 3167/3167/3167  3164/3164/3164  3081/3081/3081
f 3158/3158/3158  3083/3083/3083  3086/3086/3086
f 3160/3160/3160  3083/3083/3083  3158/3158/3158
f 3162/3162/3162  3083/3083/3083  3160/3160/3160
f 3169/3169/3169  3083/3083/3083  3162/3162/3162
f 3169/3169/3169  3167/3167/3167  3083/3083/3083
f 3157/3157/3157  3085/3085/3085  3132/3132/3132
f 3141/3141/3141  3102/3102/3102  3099/3099/3099
f 3144/3144/3144  3099/3099/3099  3129/3129/3129
f 3144/3144/3144  3141/3141/3141  3099/3099/3099
f 3139/3139/3139  3105/3105/3105  3102/3102/3102
f 3141/3141/3141  3139/3139/3139  3102/3102/3102
f 3113/3113/3113  3107/3107/3107  3105/3105/3105
f 3136/3136/3136  3113/3113/3113  3105/3105/3105
f 3139/3139/3139  3136/3136/3136  3105/3105/3105
f 3111/3111/3111  3109/3109/3109  3107/3107/3107
f 3113/3113/3113  3111/3111/3111  3107/3107/3107
f 3133/3133/3133  3131/3131/3131  3113/3113/3113
f 3136/3136/3136  3133/3133/3133  3113/3113/3113
f 3155/3155/3155  3121/3121/3121  3118/3118/3118
f 3129/3129/3129  3123/3123/3123  3121/3121/3121
f 3152/3152/3152  3129/3129/3129  3121/3121/3121
f 3155/3155/3155  3152/3152/3152  3121/3121/3121
f 3127/3127/3127  3125/3125/3125  3123/3123/3123
f 3129/3129/3129  3127/3127/3127  3123/3123/3123
f 3147/3147/3147  3144/3144/3144  3129/3129/3129
f 3149/3149/3149  3147/3147/3147  3129/3129/3129
f 3152/3152/3152  3149/3149/3149  3129/3129/3129
f 3159/3159/3159  3132/3132/3132  3134/3134/3134
f 3159/3159/3159  3157/3157/3157  3132/3132/3132
f 3216/3216/3216  3135/3135/3135  3138/3138/3138
f 3161/3161/3161  3159/3159/3159  3134/3134/3134
f 3216/3216/3216  3163/3163/3163  3135/3135/3135
f 3215/3215/3215  3137/3137/3137  3140/3140/3140
f 3211/3211/3211  3140/3140/3140  3143/3143/3143
f 3213/3213/3213  3140/3140/3140  3211/3211/3211
f 3215/3215/3215  3140/3140/3140  3213/3213/3213
f 3206/3206/3206  3142/3142/3142  3146/3146/3146
f 3208/3208/3208  3142/3142/3142  3206/3206/3206
f 3211/3211/3211  3143/3143/3143  3209/3209/3209
f 3199/3199/3199  3145/3145/3145  3148/3148/3148
f 3202/3202/3202  3146/3146/3146  3200/3200/3200
f 3204/3204/3204  3146/3146/3146  3202/3202/3202
f 3206/3206/3206  3146/3146/3146  3204/3204/3204
f 3195/3195/3195  3148/3148/3148  3151/3151/3151
f 3197/3197/3197  3148/3148/3148  3195/3195/3195
f 3199/3199/3199  3148/3148/3148  3197/3197/3197
f 3190/3190/3190  3150/3150/3150  3154/3154/3154
f 3192/3192/3192  3150/3150/3150  3190/3190/3190
f 3195/3195/3195  3151/3151/3151  3193/3193/3193
f 3189/3189/3189  3153/3153/3153  3156/3156/3156
f 3187/3187/3187  3156/3156/3156  3185/3185/3185
f 3189/3189/3189  3156/3156/3156  3187/3187/3187
f 3214/3214/3214  3169/3169/3169  3162/3162/3162
f 3234/3234/3234  3165/3165/3165  3168/3168/3168
f 3234/3234/3234  3232/3232/3232  3165/3165/3165
f 3251/3251/3251  3165/3165/3165  3232/3232/3232
f 3237/3237/3237  3168/3168/3168  3170/3170/3170
f 3237/3237/3237  3234/3234/3234  3168/3168/3168
f 3207/3207/3207  3171/3171/3171  3169/3169/3169
f 3239/3239/3239  3170/3170/3170  3172/3172/3172
f 3210/3210/3210  3207/3207/3207  3169/3169/3169
f 3212/3212/3212  3210/3210/3210  3169/3169/3169
f 3214/3214/3214  3212/3212/3212  3169/3169/3169
f 3239/3239/3239  3237/3237/3237  3170/3170/3170
f 3203/3203/3203  3173/3173/3173  3171/3171/3171
f 3241/3241/3241  3172/3172/3172  3174/3174/3174
f 3205/3205/3205  3203/3203/3203  3171/3171/3171
f 3207/3207/3207  3205/3205/3205  3171/3171/3171
f 3241/3241/3241  3239/3239/3239  3172/3172/3172
f 3201/3201/3201  3175/3175/3175  3173/3173/3173
f 3245/3245/3245  3174/3174/3174  3176/3176/3176
f 3203/3203/3203  3201/3201/3201  3173/3173/3173
f 3243/3243/3243  3241/3241/3241  3174/3174/3174
f 3245/3245/3245  3243/3243/3243  3174/3174/3174
f 3198/3198/3198  3177/3177/3177  3175/3175/3175
f 3247/3247/3247  3176/3176/3176  3178/3178/3178
f 3201/3201/3201  3198/3198/3198  3175/3175/3175
f 3247/3247/3247  3245/3245/3245  3176/3176/3176
f 3249/3249/3249  3178/3178/3178  3180/3180/3180
f 3194/3194/3194  3191/3191/3191  3177/3177/3177
f 3196/3196/3196  3194/3194/3194  3177/3177/3177
f 3198/3198/3198  3196/3196/3196  3177/3177/3177
f 3249/3249/3249  3247/3247/3247  3178/3178/3178
f 3249/3249/3249  3180/3180/3180  3182/3182/3182
f 3249/3249/3249  3182/3182/3182  3217/3217/3217
f 3263/3263/3263  3217/3217/3217  3182/3182/3182
f 3263/3263/3263  3220/3220/3220  3217/3217/3217
f 3261/3261/3261  3222/3222/3222  3220/3220/3220
f 3263/3263/3263  3261/3261/3261  3220/3220/3220
f 3259/3259/3259  3224/3224/3224  3222/3222/3222
f 3261/3261/3261  3259/3259/3259  3222/3222/3222
f 3257/3257/3257  3226/3226/3226  3224/3224/3224
f 3259/3259/3259  3257/3257/3257  3224/3224/3224
f 3257/3257/3257  3228/3228/3228  3226/3226/3226
f 3255/3255/3255  3230/3230/3230  3228/3228/3228
f 3257/3257/3257  3255/3255/3255  3228/3228/3228
f 3253/3253/3253  3232/3232/3232  3230/3230/3230
f 3255/3255/3255  3253/3253/3253  3230/3230/3230
f 3253/3253/3253  3251/3251/3251  3232/3232/3232
f 3286/3286/3286  3267/3267/3267  3269/3269/3269
f 3284/3284/3284  3269/3269/3269  3271/3271/3271
f 3286/3286/3286  3269/3269/3269  3284/3284/3284
f 3282/3282/3282  3271/3271/3271  3273/3273/3273
f 3284/3284/3284  3271/3271/3271  3282/3282/3282
f 3280/3280/3280  3273/3273/3273  3275/3275/3275
f 3282/3282/3282  3273/3273/3273  3280/3280/3280
f 3280/3280/3280  3275/3275/3275  3278/3278/3278
f 3308/3308/3308  3289/3289/3289  3291/3291/3291
f 3306/3306/3306  3291/3291/3291  3293/3293/3293
f 3308/3308/3308  3291/3291/3291  3306/3306/3306
f 3304/3304/3304  3293/3293/3293  3295/3295/3295
f 3306/3306/3306  3293/3293/3293  3304/3304/3304
f 3302/3302/3302  3295/3295/3295  3297/3297/3297
f 3304/3304/3304  3295/3295/3295  3302/3302/3302
f 3302/3302/3302  3297/3297/3297  3300/3300/3300
f 3331/3331/3331  3312/3312/3312  3314/3314/3314
f 3329/3329/3329  3328/3328/3328  3311/3311/3311
f 3331/3331/3331  3314/3314/3314  3316/3316/3316
f 3331/3331/3331  3316/3316/3316  3318/3318/3318
f 3331/3331/3331  3318/3318/3318  3322/3322/3322
f 3329/3329/3329  3321/3321/3321  3324/3324/3324
f 3329/3329/3329  3324/3324/3324  3326/3326/3326
f 3329/3329/3329  3326/3326/3326  3328/3328/3328
f 3355/3355/3355  3336/3336/3336  3338/3338/3338
f 3353/3353/3353  3352/3352/3352  3335/3335/3335
f 3355/3355/3355  3338/3338/3338  3340/3340/3340
f 3355/3355/3355  3340/3340/3340  3342/3342/3342
f 3355/3355/3355  3342/3342/3342  3346/3346/3346
f 3353/3353/3353  3345/3345/3345  3348/3348/3348
f 3353/3353/3353  3348/3348/3348  3350/3350/3350
f 3353/3353/3353  3350/3350/3350  3352/3352/3352

v  12.300000 17.500000 -5.700000
v  12.300000 17.500000 -5.700000
v  12.300000 17.500000 -5.700000
v  12.300000 14.643360 -4.932586
v  12.300000 14.643360 -4.932586
v  12.300000 12.563629 -2.849830
v  12.300000 12.563629 -2.849830
v  12.300000 11.800101 -0.009722
v  12.300000 11.800101 -0.009722
v  12.300000 12.559670 2.842932
v  12.300000 12.559670 2.842932
v  12.300000 14.650251 4.936547
v  12.300000 14.650251 4.936547
v  12.300000 17.500000 5.700000
v  12.300000 17.500000 5.700000
v  12.300000 17.500000 5.700000
v  12.300000 20.356640 4.932586
v  12.300000 20.356640 4.932586
v  12.300000 22.436371 2.849830
v  12.300000 22.436371 2.849830
v  12.300000 23.199899 0.009722
v  12.300000 23.199899 0.009722
v  12.300000 22.440330 -2.842932
v  12.300000 22.440330 -2.842932
v  12.300000 20.349749 -4.936547
v  12.300000 20.349749 -4.936547
v  12.300000 17.500000 -4.000000
v  12.300000 17.500000 -4.000000
v  12.300000 17.500000 -4.000000
v  12.300000 19.855646 -3.232872
v  12.300000 19.855646 -3.232872
v  12.300000 21.304263 -1.235811
v  12.300000 21.304263 -1.235811
v  12.300000 21.305180 1.232910
v  12.300000 21.305180 1.232910
v  12.300000 19.849351 3.237441
v  12.300000 19.849351 3.237441
v  12.300000 17.500000 4.000000
v  12.300000 17.500000 4.000000
v  12.300000 17.500000 4.000000
v  12.300000 15.144354 3.232872
v  12.300000 15.144354 3.232872
v  12.300000 13.695737 1.235811
v  12.300000 13.695737 1.235811
v  12.300000 13.694820 -1.232910
v  12.300000 13.694820 -1.232910
v  12.300000 15.150649 -3.237441
v  12.300000 15.150649 -3.237441
v  12.000000 17.500000 6.000000
v  12.000000 17.500000 6.000000
v  12.000000 17.500000 6.000000
v  12.000000 17.500000 6.000000
v  12.000000 20.500000 5.196152
v  12.000000 20.500000 5.196152
v  12.000000 22.696152 3.000000
v  12.000000 22.696152 3.000000
v  12.000000 23.500000 0.000000
v  12.000000 23.500000 0.000000
v  12.000000 22.696152 -3.000000
v  12.000000 22.696152 -3.000000
v  12.000000 20.500000 -5.196152
v  12.000000 20.500000 -5.196152
v  12.000000 17.500000 -6.000000
v  12.000000 17.500000 -6.000000
v  12.000000 17.500000 -6.000000
v  12.000000 17.500000 -6.000000
v  12.000000 14.500000 -5.196152
v  12.000000 14.500000 -5.196152
v  12.000000 12.303848 -3.000000
v  12.000000 12.303848 -3.000000
v  12.000000 11.500000 0.000000
v  12.000000 11.500000 0.000000
v  12.000000 12.303848 3.000000
v  12.000000 12.303848 3.000000
v  12.000000 14.500000 5.196152
v  12.000000 14.500000 5.196152
v  6.900000 17.500000 -6.000000
v  6.900000 17.500000 -6.000000
v  6.900000 17.500000 -6.000000
v  6.900000 14.500506 -5.196505
v  6.900000 14.500506 -5.196505
v  6.900000 12.299400 -2.992123
v  6.900000 12.299400 -2.992123
v  6.900000 11.500109 0.011023
v  6.900000 11.500109 0.011023
v  6.900000 12.304275 3.000611
v  6.900000 12.304275 3.000611
v  6.900000 14.493715 5.192605
v  6.900000 14.493715 5.192605
v  6.900000 17.500000 6.000000
v  6.900000 17.500000 6.000000
v  6.900000 17.500000 6.000000
v  6.900000 20.499494 5.196505
v  6.900000 20.499494 5.196505
v  6.900000 22.700600 2.992123
v  6.900000 22.700600 2.992123
v  6.900000 23.499891 -0.011023
v  6.900000 23.499891 -0.011023
v  6.900000 22.695725 -3.000611
v  6.900000 22.695725 -3.000611
v  6.900000 20.506285 -5.192605
v  6.900000 20.506285 -5.192605
v  6.900000 17.500000 -8.000000
v  6.900000 17.500000 -8.000000
v  6.900000 17.500000 -8.000000
v  6.900000 14.021965 -7.204285
v  6.900000 14.021965 -7.204285
v  6.900000 11.248262 -4.991431
v  6.900000 11.248262 -4.991431
v  6.900000 9.704269 -1.795807
v  6.900000 9.704269 -1.795807
v  6.900000 9.695954 1.759258
v  6.900000 9.695954 1.759258
v  6.900000 11.239566 4.980493
v  6.900000 11.239566 4.980493
v  6.900000 14.029699 7.208037
v  6.900000 14.029699 7.208037
v  6.900000 17.500000 8.000000
v  6.900000 17.500000 8.000000
v  6.900000 17.500000 8.000000
v  6.900000 20.978035 7.204285
v  6.900000 20.978035 7.204285
v  6.900000 23.751738 4.991431
v  6.900000 23.751738 4.991431
v  6.900000 25.295731 1.795807
v  6.900000 25.295731 1.795807
v  6.900000 25.304046 -1.759258
v  6.900000 25.304046 -1.759258
v  6.900000 23.760434 -4.980493
v  6.900000 23.760434 -4.980493
v  6.900000 20.970301 -7.208037
v  6.900000 20.970301 -7.208037
v  6.700000 17.500000 8.000000
v  6.700000 17.500000 8.000000
v  6.700000 17.500000 8.000000
v  6.700000 20.970301 7.208037
v  6.700000 20.970301 7.208037
v  6.700000 23.760434 4.980493
v  6.700000 23.760434 4.980493
v  6.700000 25.304046 1.759258
v  6.700000 25.304046 1.759258
v  6.700000 25.295731 -1.795807
v  6.700000 25.295731 -1.795807
v  6.700000 23.751738 -4.991431
v  6.700000 23.751738 -4.991431
v  6.700000 20.978035 -7.204285
v  6.700000 20.978035 -7.204285
v  6.700000 17.500000 -8.000000
v  6.700000 17.500000 -8.000000
v  6.700000 17.500000 -8.000000
v  6.700000 14.029699 -7.208037
v  6.700000 14.029699 -7.208037
v  6.700000 11.239566 -4.980493
v  6.700000 11.239566 -4.980493
v  6.700000 9.695954 -1.759258
v  6.700000 9.695954 -1.759258
v  6.700000 9.704269 1.795807
v  6.700000 9.704269 1.795807
v  6.700000 11.248262 4.991431
v  6.700000 11.248262 4.991431
v  6.700000 14.021965 7.204285
v  6.700000 14.021965 7.204285
v  6.700000 29.500000 8.485281
v  6.700000 29.500000 8.485281
v  6.700000 29.500000 8.485281
v  6.700000 29.633425 7.338219
v  6.700000 29.633425 7.338219
v  6.700000 30.026316 6.252313
v  6.700000 30.026316 6.252313
v  6.700000 30.026316 6.252313
v  6.700000 31.333482 2.152314
v  6.700000 31.333482 2.152314
v  6.700000 31.333482 -2.152314
v  6.700000 31.333482 -2.152314
v  6.700000 30.026316 -6.252313
v  6.700000 30.026316 -6.252313
v  6.700000 30.026316 -6.252313
v  6.700000 29.633425 -7.338219
v  6.700000 29.633425 -7.338219
v  6.700000 29.500000 -8.485281
v  6.700000 29.500000 -8.485281
v  6.700000 29.500000 -8.485281
v  6.700000 29.500000 -12.000000
v  6.700000 29.500000 -12.000000
v  6.700000 29.500000 -12.000000
v  6.700000 25.985281 -12.000000
v  6.700000 25.985281 -12.000000
v  6.700000 25.985281 -12.000000
v  6.700000 24.838219 -12.133425
v  6.700000 24.838219 -12.133425
v  6.700000 23.752313 -12.526316
v  6.700000 23.752313 -12.526316
v  6.700000 23.752313 -12.526316
v  6.700000 20.711820 -13.626597
v  6.700000 20.711820 -13.626597
v  6.700000 17.500000 -14.000000
v  6.700000 17.500000 -14.000000
v  6.700000 12.698449 -13.150686
v  6.700000 12.698449 -13.150686
v  6.700000 8.492330 -10.717347
v  6.700000 8.492330 -10.717347
v  6.700000 5.374099 -6.997235
v  6.700000 5.374099 -6.997235
v  6.700000 3.713566 -2.435711
v  6.700000 3.713566 -2.435711
v  6.700000 3.712101 2.427418
v  6.700000 3.712101 2.427418
v  6.700000 5.375691 7.000009
v  6.700000 5.375691 7.000009
v  6.700000 8.501283 10.724851
v  6.700000 8.501283 10.724851
v  6.700000 12.708089 13.154220
v  6.700000 12.708089 13.154220
v  6.700000 17.500000 14.000000
v  6.700000 17.500000 14.000000
v  6.700000 20.711820 13.626597
v  6.700000 20.711820 13.626597
v  6.700000 23.752313 12.526316
v  6.700000 23.752313 12.526316
v  6.700000 23.752313 12.526316
v  6.700000 24.838219 12.133425
v  6.700000 24.838219 12.133425
v  6.700000 25.985281 12.000000
v  6.700000 25.985281 12.000000
v  6.700000 25.985281 12.000000
v  6.700000 29.500000 12.000000
v  6.700000 29.500000 12.000000
v  6.700000 29.500000 12.000000
v  6.700000 27.700020 -11.950000
v  6.700000 27.700020 -11.950000
v  6.700000 27.700020 -11.950000
v  6.700000 28.800275 -11.491753
v  6.700000 28.800275 -11.491753
v  6.700000 29.250010 -10.396220
v  6.700000 29.250010 -10.396220
v  6.700000 28.794839 -9.302768
v  6.700000 28.794839 -9.302768
v  6.700000 27.700020 -8.850000
v  6.700000 27.700020 -8.850000
v  6.700000 27.700020 -8.850000
v  6.700000 26.599764 -9.308247
v  6.700000 26.599764 -9.308247
v  6.700000 26.150029 -10.403780
v  6.700000 26.150029 -10.403780
v  6.700000 26.605201 -11.497232
v  6.700000 26.605201 -11.497232
v  6.700000 27.700020 8.850000
v  6.700000 27.700020 8.850000
v  6.700000 27.700020 8.850000
v  6.700000 28.800275 9.308247
v  6.700000 28.800275 9.308247
v  6.700000 29.250010 10.403780
v  6.700000 29.250010 10.403780
v  6.700000 28.794839 11.497232
v  6.700000 28.794839 11.497232
v  6.700000 27.700020 11.950000
v  6.700000 27.700020 11.950000
v  6.700000 27.700020 11.950000
v  6.700000 26.599764 11.491753
v  6.700000 26.599764 11.491753
v  6.700000 26.150029 10.396220
v  6.700000 26.150029 10.396220
v  6.700000 26.605201 9.302768
v  6.700000 26.605201 9.302768
v  4.100000 29.500000 8.485281
v  4.100000 29.500000 8.485281
v  4.100000 29.500000 8.485281
v  4.100000 29.500000 12.000000
v  4.100000 29.500000 12.000000
v  4.100000 29.500000 12.000000
v  4.100000 30.026316 6.252313
v  4.100000 30.026316 6.252313
v  4.100000 30.026316 6.252313
v  4.100000 29.633425 7.338219
v  4.100000 29.633425 7.338219
v  4.100000 30.026316 -6.252313
v  4.100000 30.026316 -6.252313
v  4.100000 30.026316 -6.252313
v  4.100000 31.333482 2.152314
v  4.100000 31.333482 2.152314
v  4.100000 31.333482 -2.152314
v  4.100000 31.333482 -2.152314
v  4.100000 29.633425 -7.338219
v  4.100000 29.633425 -7.338219
v  4.100000 29.500000 -8.485281
v  4.100000 29.500000 -8.485281
v  4.100000 29.500000 -8.485281
v  4.100000 29.500000 -12.000000
v  4.100000 29.500000 -12.000000
v  4.100000 29.500000 -12.000000
v  4.100000 25.985281 12.000000
v  4.100000 25.985281 12.000000
v  4.100000 25.985281 12.000000
v  4.100000 24.838219 12.133425
v  4.100000 24.838219 12.133425
v  4.100000 23.752313 12.526316
v  4.100000 23.752313 12.526316
v  4.100000 23.752313 12.526316
v  4.100000 20.711820 13.626597
v  4.100000 20.711820 13.626597
v  4.100000 17.500000 14.000000
v  4.100000 17.500000 14.000000
v  4.100000 14.288180 13.626597
v  4.100000 14.288180 13.626597
v  4.100000 11.247687 12.526316
v  4.100000 11.247687 12.526316
v  4.100000 7.472299 9.769377
v  4.100000 7.472299 9.769377
v  4.100000 4.824393 5.943811
v  4.100000 4.824393 5.943811
v  4.100000 3.575953 1.455441
v  4.100000 3.575953 1.455441
v  4.100000 3.868699 -3.191779
v  4.100000 3.868699 -3.191779
v  4.100000 5.675394 -7.495035
v  4.100000 5.675394 -7.495035
v  4.100000 8.809053 -10.975761
v  4.100000 8.809053 -10.975761
v  4.100000 12.901390 -13.223007
v  4.100000 12.901390 -13.223007
v  4.100000 17.500000 -14.000000
v  4.100000 17.500000 -14.000000
v  4.100000 20.711820 -13.626597
v  4.100000 20.711820 -13.626597
v  4.100000 23.752313 -12.526316
v  4.100000 23.752313 -12.526316
v  4.100000 23.752313 -12.526316
v  4.100000 24.838219 -12.133425
v  4.100000 24.838219 -12.133425
v  4.100000 25.985281 -12.000000
v  4.100000 25.985281 -12.000000
v  4.100000 25.985281 -12.000000
v  4.100000 17.500000 12.300000
v  4.100000 17.500000 12.300000
v  4.100000 17.500000 12.300000
v  4.100000 22.219900 11.358297
v  4.100000 22.219900 11.358297
v  4.100000 26.204427 8.690300
v  4.100000 26.204427 8.690300
v  4.100000 28.863766 4.706712
v  4.100000 28.863766 4.706712
v  4.100000 29.799894 0.001106
v  4.100000 29.799894 0.001106
v  4.100000 28.862389 -4.710042
v  4.100000 28.862389 -4.710042
v  4.100000 26.197466 -8.697252
v  4.100000 26.197466 -8.697252
v  4.100000 22.210061 -11.362393
v  4.100000 22.210061 -11.362393
v  4.100000 17.500000 -12.300000
v  4.100000 17.500000 -12.300000
v  4.100000 17.500000 -12.300000
v  4.100000 12.780100 -11.358297
v  4.100000 12.780100 -11.358297
v  4.100000 8.795573 -8.690300
v  4.100000 8.795573 -8.690300
v  4.100000 6.136234 -4.706712
v  4.100000 6.136234 -4.706712
v  4.100000 5.200106 -0.001106
v  4.100000 5.200106 -0.001106
v  4.100000 6.137611 4.710042
v  4.100000 6.137611 4.710042
v  4.100000 8.802534 8.697252
v  4.100000 8.802534 8.697252
v  4.100000 12.789939 11.362393
v  4.100000 12.789939 11.362393
v  4.100000 27.700020 11.300000
v  4.100000 27.700020 11.300000
v  4.100000 27.700020 11.300000
v  4.100000 28.046951 11.230282
v  4.100000 28.046951 11.230282
v  4.100000 28.340746 11.032031
v  4.100000 28.340746 11.032031
v  4.100000 28.600008 10.396459
v  4.100000 28.600008 10.396459
v  4.100000 28.336845 9.764038
v  4.100000 28.336845 9.764038
v  4.100000 27.700020 9.500000
v  4.100000 27.700020 9.500000
v  4.100000 27.700020 9.500000
v  4.100000 27.353088 9.569718
v  4.100000 27.353088 9.569718
v  4.100000 27.059293 9.767969
v  4.100000 27.059293 9.767969
v  4.100000 26.800032 10.403541
v  4.100000 26.800032 10.403541
v  4.100000 27.063194 11.035962
v  4.100000 27.063194 11.035962
v  4.100000 27.700020 -9.500000
v  4.100000 27.700020 -9.500000
v  4.100000 27.700020 -9.500000
v  4.100000 28.046951 -9.569718
v  4.100000 28.046951 -9.569718
v  4.100000 28.340746 -9.767969
v  4.100000 28.340746 -9.767969
v  4.100000 28.600008 -10.403541
v  4.100000 28.600008 -10.403541
v  4.100000 28.336845 -11.035962
v  4.100000 28.336845 -11.035962
v  4.100000 27.700020 -11.300000
v  4.100000 27.700020 -11.300000
v  4.100000 27.700020 -11.300000
v  4.100000 27.353088 -11.230282
v  4.100000 27.353088 -11.230282
v  4.100000 27.059293 -11.032031
v  4.100000 27.059293 -11.032031
v  4.100000 26.800032 -10.396459
v  4.100000 26.800032 -10.396459
v  4.100000 27.063194 -9.764038
v  4.100000 27.063194 -9.764038
v  4.400000 17.500000 -12.000000
v  4.400000 17.500000 -12.000000
v  4.400000 17.500000 -12.000000
v  4.400000 17.500000 -12.000000
v  4.400000 12.907799 -11.086554
v  4.400000 12.907799 -11.086554
v  4.400000 9.014719 -8.485281
v  4.400000 9.014719 -8.485281
v  4.400000 6.413446 -4.592201
v  4.400000 6.413446 -4.592201
v  4.400000 5.500000 -0.000000
v  4.400000 5.500000 -0.000000
v  4.400000 6.413446 4.592201
v  4.400000 6.413446 4.592201
v  4.400000 9.014719 8.485281
v  4.400000 9.014719 8.485281
v  4.400000 12.907799 11.086554
v  4.400000 12.907799 11.086554
v  4.400000 17.500000 12.000000
v  4.400000 17.500000 12.000000
v  4.400000 17.500000 12.000000
v  4.400000 17.500000 12.000000
v  4.400000 22.092201 11.086554
v  4.400000 22.092201 11.086554
v  4.400000 25.985281 8.485281
v  4.400000 25.985281 8.485281
v  4.400000 28.586554 4.592201
v  4.400000 28.586554 4.592201
v  4.400000 29.500000 0.000000
v  4.400000 29.500000 0.000000
v  4.400000 28.586554 -4.592201
v  4.400000 28.586554 -4.592201
v  4.400000 25.985281 -8.485281
v  4.400000 25.985281 -8.485281
v  4.400000 22.092201 -11.086554
v  4.400000 22.092201 -11.086554
v  5.800000 17.500000 12.000000
v  5.800000 17.500000 12.000000
v  5.800000 17.500000 12.000000
v  5.800000 22.094983 11.085344
v  5.800000 22.094983 11.085344
v  5.800000 25.985585 8.484865
v  5.800000 25.985585 8.484865
v  5.800000 28.585634 4.594262
v  5.800000 28.585634 4.594262
v  5.800000 29.499897 -0.000415
v  5.800000 29.499897 -0.000415
v  5.800000 28.587261 -4.590324
v  5.800000 28.587261 -4.590324
v  5.800000 25.992553 -8.477908
v  5.800000 25.992553 -8.477908
v  5.800000 22.104719 -11.081291
v  5.800000 22.104719 -11.081291
v  5.800000 17.500000 -12.000000
v  5.800000 17.500000 -12.000000
v  5.800000 17.500000 -12.000000
v  5.800000 12.905017 -11.085344
v  5.800000 12.905017 -11.085344
v  5.800000 9.014415 -8.484865
v  5.800000 9.014415 -8.484865
v  5.800000 6.414366 -4.594262
v  5.800000 6.414366 -4.594262
v  5.800000 5.500103 0.000415
v  5.800000 5.500103 0.000415
v  5.800000 6.412739 4.590324
v  5.800000 6.412739 4.590324
v  5.800000 9.007447 8.477908
v  5.800000 9.007447 8.477908
v  5.800000 12.895281 11.081291
v  5.800000 12.895281 11.081291
v  5.800000 17.500000 5.000000
v  5.800000 17.500000 5.000000
v  5.800000 17.500000 5.000000
v  5.800000 20.444029 4.041487
v  5.800000 20.444029 4.041487
v  5.800000 22.254888 1.546170
v  5.800000 22.254888 1.546170
v  5.800000 22.257903 -1.536899
v  5.800000 22.257903 -1.536899
v  5.800000 20.438349 -4.045626
v  5.800000 20.438349 -4.045626
v  5.800000 17.500000 -5.000000
v  5.800000 17.500000 -5.000000
v  5.800000 17.500000 -5.000000
v  5.800000 14.555971 -4.041487
v  5.800000 14.555971 -4.041487
v  5.800000 12.745112 -1.546170
v  5.800000 12.745112 -1.546170
v  5.800000 12.742097 1.536899
v  5.800000 12.742097 1.536899
v  5.800000 14.561651 4.045626
v  5.800000 14.561651 4.045626
v  6.340000 17.500000 -5.000000
v  6.340000 17.500000 -5.000000
v  6.340000 17.500000 -5.000000
v  6.340000 14.561651 -4.045626
v  6.340000 14.561651 -4.045626
v  6.340000 12.742097 -1.536899
v  6.340000 12.742097 -1.536899
v  6.340000 12.745112 1.546170
v  6.340000 12.745112 1.546170
v  6.340000 14.555971 4.041487
v  6.340000 14.555971 4.041487
v  6.340000 17.500000 5.000000
v  6.340000 17.500000 5.000000
v  6.340000 17.500000 5.000000
v  6.340000 20.438349 4.045626
v  6.340000 20.438349 4.045626
v  6.340000 22.257903 1.536899
v  6.340000 22.257903 1.536899
v  6.340000 22.254888 -1.546170
v  6.340000 22.254888 -1.546170
v  6.340000 20.444029 -4.041487
v  6.340000 20.444029 -4.041487
v  6.340000 17.500000 -4.300000
v  6.340000 17.500000 -4.300000
v  6.340000 17.500000 -4.300000
v  6.340000 14.968172 -3.475686
v  6.340000 14.968172 -3.475686
v  6.340000 13.410787 -1.329671
v  6.340000 13.410787 -1.329671
v  6.340000 13.409247 1.324950
v  6.340000 13.409247 1.324950
v  6.340000 14.974347 3.480187
v  6.340000 14.974347 3.480187
v  6.340000 17.500000 4.300000
v  6.340000 17.500000 4.300000
v  6.340000 17.500000 4.300000
v  6.340000 20.031828 3.475686
v  6.340000 20.031828 3.475686
v  6.340000 21.589213 1.329671
v  6.340000 21.589213 1.329671
v  6.340000 21.590753 -1.324950
v  6.340000 21.590753 -1.324950
v  6.340000 20.025653 -3.480187
v  6.340000 20.025653 -3.480187
v  6.640000 17.500000 4.000000
v  6.640000 17.500000 4.000000
v  6.640000 17.500000 4.000000
v  6.640000 17.500000 4.000000
v  6.640000 19.851141 3.236068
v  6.640000 19.851141 3.236068
v  6.640000 21.304226 1.236068
v  6.640000 21.304226 1.236068
v  6.640000 21.304226 -1.236068
v  6.640000 21.304226 -1.236068
v  6.640000 19.851141 -3.236068
v  6.640000 19.851141 -3.236068
v  6.640000 17.500000 -4.000000
v  6.640000 17.500000 -4.000000
v  6.640000 17.500000 -4.000000
v  6.640000 17.500000 -4.000000
v  6.640000 15.148859 -3.236068
v  6.640000 15.148859 -3.236068
v  6.640000 13.695774 -1.236068
v  6.640000 13.695774 -1.236068
v  6.640000 13.695774 1.236068
v  6.640000 13.695774 1.236068
v  6.640000 15.148859 3.236068
v  6.640000 15.148859 3.236068
v  5.500000 27.700020 9.500000
v  5.500000 27.700020 9.500000
v  5.500000 27.700020 9.500000
v  5.500000 27.063194 9.764038
v  5.500000 27.063194 9.764038
v  5.500000 26.800032 10.396459
v  5.500000 26.800032 10.396459
v  5.500000 27.059293 11.032031
v  5.500000 27.059293 11.032031
v  5.500000 27.353088 11.230282
v  5.500000 27.353088 11.230282
v  5.500000 27.700020 11.300000
v  5.500000 27.700020 11.300000
v  5.500000 27.700020 11.300000
v  5.500000 27.700020 8.850000
v  5.500000 27.700020 8.850000
v  5.500000 27.700020 8.850000
v  5.500000 26.599764 9.308247
v  5.500000 26.599764 9.308247
v  5.500000 26.150029 10.403780
v  5.500000 26.150029 10.403780
v  5.500000 26.605201 11.497232
v  5.500000 26.605201 11.497232
v  5.500000 27.700020 11.950000
v  5.500000 27.700020 11.950000
v  5.500000 27.700020 11.950000
v  5.500000 28.800275 11.491753
v  5.500000 28.800275 11.491753
v  5.500000 29.250010 10.396220
v  5.500000 29.250010 10.396220
v  5.500000 28.794839 9.302768
v  5.500000 28.794839 9.302768
v  5.500000 28.046951 9.569718
v  5.500000 28.046951 9.569718
v  5.500000 28.340746 9.767969
v  5.500000 28.340746 9.767969
v  5.500000 28.600008 10.403541
v  5.500000 28.600008 10.403541
v  5.500000 28.336845 11.035962
v  5.500000 28.336845 11.035962
v  5.500000 27.700020 -11.300000
v  5.500000 27.700020 -11.300000
v  5.500000 27.700020 -11.300000
v  5.500000 27.063194 -11.035962
v  5.500000 27.063194 -11.035962
v  5.500000 26.800032 -10.403541
v  5.500000 26.800032 -10.403541
v  5.500000 27.059293 -9.767969
v  5.500000 27.059293 -9.767969
v  5.500000 27.353088 -9.569718
v  5.500000 27.353088 -9.569718
v  5.500000 27.700020 -9.500000
v  5.500000 27.700020 -9.500000
v  5.500000 27.700020 -9.500000
v  5.500000 27.700020 -11.950000
v  5.500000 27.700020 -11.950000
v  5.500000 27.700020 -11.950000
v  5.500000 26.599764 -11.491753
v  5.500000 26.599764 -11.491753
v  5.500000 26.150029 -10.396220
v  5.500000 26.150029 -10.396220
v  5.500000 26.605201 -9.302768
v  5.500000 26.605201 -9.302768
v  5.500000 27.700020 -8.850000
v  5.500000 27.700020 -8.850000
v  5.500000 27.700020 -8.850000
v  5.500000 28.800275 -9.308247
v  5.500000 28.800275 -9.308247
v  5.500000 29.250010 -10.403780
v  5.500000 29.250010 -10.403780
v  5.500000 28.794839 -11.497232
v  5.500000 28.794839 -11.497232
v  5.500000 28.046951 -11.230282
v  5.500000 28.046951 -11.230282
v  5.500000 28.340746 -11.032031
v  5.500000 28.340746 -11.032031
v  5.500000 28.600008 -10.396459
v  5.500000 28.600008 -10.396459
v  5.500000 28.336845 -9.764038
v  5.500000 28.336845 -9.764038

vt  0.452212 0.344644 0.000000
vt  0.452212 0.344644 0.000000
vt  0.452212 0.344644 0.000000
vt  0.366210 0.349350 0.000000
vt  0.366210 0.349350 0.000000
vt  0.290057 0.403327 0.000000
vt  0.290057 0.403327 0.000000
vt  0.258715 0.497536 0.000000
vt  0.258715 0.497536 0.000000
vt  0.289900 0.592207 0.000000
vt  0.289900 0.592207 0.000000
vt  0.366442 0.646469 0.000000
vt  0.366442 0.646469 0.000000
vt  0.452212 0.651099 0.000000
vt  0.452212 0.651099 0.000000
vt  0.452212 0.651099 0.000000
vt  0.521332 0.618189 0.000000
vt  0.521332 0.618189 0.000000
vt  0.563380 0.563135 0.000000
vt  0.563380 0.563135 0.000000
vt  0.577358 0.498090 0.000000
vt  0.577358 0.498090 0.000000
vt  0.563454 0.432774 0.000000
vt  0.563454 0.432774 0.000000
vt  0.521182 0.377431 0.000000
vt  0.521182 0.377431 0.000000
vt  0.452212 0.389101 0.000000
vt  0.452212 0.389101 0.000000
vt  0.452212 0.389101 0.000000
vt  0.510239 0.416947 0.000000
vt  0.510239 0.416947 0.000000
vt  0.541255 0.468339 0.000000
vt  0.541255 0.468339 0.000000
vt  0.541274 0.527334 0.000000
vt  0.541274 0.527334 0.000000
vt  0.510097 0.578927 0.000000
vt  0.510097 0.578927 0.000000
vt  0.452212 0.606642 0.000000
vt  0.452212 0.606642 0.000000
vt  0.452212 0.606642 0.000000
vt  0.382727 0.594489 0.000000
vt  0.382727 0.594489 0.000000
vt  0.333094 0.537312 0.000000
vt  0.333094 0.537312 0.000000
vt  0.333061 0.458522 0.000000
vt  0.333061 0.458522 0.000000
vt  0.382930 0.401144 0.000000
vt  0.382930 0.401144 0.000000
vt  0.463779 0.660010 0.000000
vt  0.463779 0.660010 0.000000
vt  0.463779 0.660010 0.000000
vt  0.463779 0.660010 0.000000
vt  0.535263 0.624582 0.000000
vt  0.535263 0.624582 0.000000
vt  0.578491 0.566315 0.000000
vt  0.578491 0.566315 0.000000
vt  0.592731 0.497872 0.000000
vt  0.592731 0.497872 0.000000
vt  0.578491 0.429429 0.000000
vt  0.578491 0.429429 0.000000
vt  0.535263 0.371161 0.000000
vt  0.535263 0.371161 0.000000
vt  0.463779 0.335733 0.000000
vt  0.463779 0.335733 0.000000
vt  0.463779 0.335733 0.000000
vt  0.463779 0.335733 0.000000
vt  0.373516 0.339384 0.000000
vt  0.373516 0.339384 0.000000
vt  0.291956 0.396194 0.000000
vt  0.291956 0.396194 0.000000
vt  0.258181 0.497872 0.000000
vt  0.258181 0.497872 0.000000
vt  0.291956 0.599550 0.000000
vt  0.291956 0.599550 0.000000
vt  0.373516 0.656359 0.000000
vt  0.373516 0.656359 0.000000
vt  0.689282 0.316206 0.000000
vt  0.689282 0.316206 0.000000
vt  0.689282 0.316206 0.000000
vt  0.620715 0.313732 0.000000
vt  0.620715 0.313732 0.000000
vt  0.553601 0.374862 0.000000
vt  0.553601 0.374862 0.000000
vt  0.524438 0.498355 0.000000
vt  0.524438 0.498355 0.000000
vt  0.553770 0.621184 0.000000
vt  0.553770 0.621184 0.000000
vt  0.620533 0.681948 0.000000
vt  0.620533 0.681948 0.000000
vt  0.689282 0.679537 0.000000
vt  0.689282 0.679537 0.000000
vt  0.689282 0.679537 0.000000
vt  0.740171 0.636599 0.000000
vt  0.740171 0.636599 0.000000
vt  0.769770 0.571683 0.000000
vt  0.769770 0.571683 0.000000
vt  0.779261 0.497607 0.000000
vt  0.779261 0.497607 0.000000
vt  0.769710 0.423839 0.000000
vt  0.769710 0.423839 0.000000
vt  0.740271 0.359284 0.000000
vt  0.740271 0.359284 0.000000
vt  0.689282 0.261282 0.000000
vt  0.689282 0.261282 0.000000
vt  0.689282 0.261282 0.000000
vt  0.607557 0.243718 0.000000
vt  0.607557 0.243718 0.000000
vt  0.514618 0.285103 0.000000
vt  0.514618 0.285103 0.000000
vt  0.446764 0.409799 0.000000
vt  0.446764 0.409799 0.000000
vt  0.446359 0.584226 0.000000
vt  0.446359 0.584226 0.000000
vt  0.514274 0.710322 0.000000
vt  0.514274 0.710322 0.000000
vt  0.607776 0.752042 0.000000
vt  0.607776 0.752042 0.000000
vt  0.689282 0.734461 0.000000
vt  0.689282 0.734461 0.000000
vt  0.689282 0.734461 0.000000
vt  0.747084 0.683410 0.000000
vt  0.747084 0.683410 0.000000
vt  0.782130 0.615036 0.000000
vt  0.782130 0.615036 0.000000
vt  0.798558 0.538107 0.000000
vt  0.798558 0.538107 0.000000
vt  0.798641 0.458465 0.000000
vt  0.798641 0.458465 0.000000
vt  0.782228 0.380996 0.000000
vt  0.782228 0.380996 0.000000
vt  0.746974 0.312185 0.000000
vt  0.746974 0.312185 0.000000
vt  0.699212 0.735280 0.000000
vt  0.699212 0.735280 0.000000
vt  0.699212 0.735280 0.000000
vt  0.755604 0.684045 0.000000
vt  0.755604 0.684045 0.000000
vt  0.790008 0.615001 0.000000
vt  0.790008 0.615001 0.000000
vt  0.806013 0.537356 0.000000
vt  0.806013 0.537356 0.000000
vt  0.805932 0.457557 0.000000
vt  0.805932 0.457557 0.000000
vt  0.789912 0.380453 0.000000
vt  0.789912 0.380453 0.000000
vt  0.755711 0.311847 0.000000
vt  0.755711 0.311847 0.000000
vt  0.699212 0.260464 0.000000
vt  0.699212 0.260464 0.000000
vt  0.699212 0.260464 0.000000
vt  0.619319 0.242447 0.000000
vt  0.619319 0.242447 0.000000
vt  0.527300 0.283884 0.000000
vt  0.527300 0.283884 0.000000
vt  0.460186 0.410688 0.000000
vt  0.460186 0.410688 0.000000
vt  0.460587 0.586789 0.000000
vt  0.460587 0.586789 0.000000
vt  0.527640 0.712177 0.000000
vt  0.527640 0.712177 0.000000
vt  0.619105 0.753280 0.000000
vt  0.619105 0.753280 0.000000
vt  0.841523 0.658772 0.000000
vt  0.841523 0.658772 0.000000
vt  0.841523 0.658772 0.000000
vt  0.842496 0.637315 0.000000
vt  0.842496 0.637315 0.000000
vt  0.845312 0.615840 0.000000
vt  0.845312 0.615840 0.000000
vt  0.845312 0.615840 0.000000
vt  0.854197 0.537335 0.000000
vt  0.854197 0.537335 0.000000
vt  0.854197 0.458409 0.000000
vt  0.854197 0.458409 0.000000
vt  0.845312 0.379903 0.000000
vt  0.845312 0.379903 0.000000
vt  0.845312 0.379903 0.000000
vt  0.842496 0.358429 0.000000
vt  0.842496 0.358429 0.000000
vt  0.841523 0.336971 0.000000
vt  0.841523 0.336971 0.000000
vt  0.841523 0.336971 0.000000
vt  0.841523 0.275679 0.000000
vt  0.841523 0.275679 0.000000
vt  0.841523 0.275679 0.000000
vt  0.812511 0.250459 0.000000
vt  0.812511 0.250459 0.000000
vt  0.812511 0.250459 0.000000
vt  0.801378 0.238573 0.000000
vt  0.801378 0.238573 0.000000
vt  0.789919 0.221523 0.000000
vt  0.789919 0.221523 0.000000
vt  0.789919 0.221523 0.000000
vt  0.751990 0.168793 0.000000
vt  0.751990 0.168793 0.000000
vt  0.699212 0.120340 0.000000
vt  0.699212 0.120340 0.000000
vt  0.579352 0.061562 0.000000
vt  0.579352 0.061562 0.000000
vt  0.396888 0.038489 0.000000
vt  0.396888 0.038489 0.000000
vt  0.170079 0.095645 0.000000
vt  0.170079 0.095645 0.000000
vt  0.000167 0.316738 0.000000
vt  0.000167 0.316738 0.000000
vt  0.000000 0.678443 0.000000
vt  0.000000 0.678443 0.000000
vt  0.170224 0.900180 0.000000
vt  0.170224 0.900180 0.000000
vt  0.397400 0.957269 0.000000
vt  0.397400 0.957269 0.000000
vt  0.579665 0.934086 0.000000
vt  0.579665 0.934086 0.000000
vt  0.699212 0.875403 0.000000
vt  0.699212 0.875403 0.000000
vt  0.751990 0.826950 0.000000
vt  0.751990 0.826950 0.000000
vt  0.789919 0.774220 0.000000
vt  0.789919 0.774220 0.000000
vt  0.789919 0.774220 0.000000
vt  0.801378 0.757170 0.000000
vt  0.801378 0.757170 0.000000
vt  0.812511 0.745284 0.000000
vt  0.812511 0.745284 0.000000
vt  0.812511 0.745284 0.000000
vt  0.841523 0.720065 0.000000
vt  0.841523 0.720065 0.000000
vt  0.841523 0.720065 0.000000
vt  0.827534 0.264260 0.000000
vt  0.827534 0.264260 0.000000
vt  0.827534 0.264260 0.000000
vt  0.836282 0.279777 0.000000
vt  0.836282 0.279777 0.000000
vt  0.839678 0.301642 0.000000
vt  0.839678 0.301642 0.000000
vt  0.836240 0.318502 0.000000
vt  0.836240 0.318502 0.000000
vt  0.827534 0.320714 0.000000
vt  0.827534 0.320714 0.000000
vt  0.827534 0.320714 0.000000
vt  0.818104 0.305388 0.000000
vt  0.818104 0.305388 0.000000
vt  0.814035 0.281434 0.000000
vt  0.814035 0.281434 0.000000
vt  0.818152 0.264389 0.000000
vt  0.818152 0.264389 0.000000
vt  0.827534 0.675030 0.000000
vt  0.827534 0.675030 0.000000
vt  0.827534 0.675030 0.000000
vt  0.836282 0.677310 0.000000
vt  0.836282 0.677310 0.000000
vt  0.839678 0.694234 0.000000
vt  0.839678 0.694234 0.000000
vt  0.836240 0.716096 0.000000
vt  0.836240 0.716096 0.000000
vt  0.827534 0.731484 0.000000
vt  0.827534 0.731484 0.000000
vt  0.827534 0.731484 0.000000
vt  0.818104 0.731295 0.000000
vt  0.818104 0.731295 0.000000
vt  0.814035 0.714166 0.000000
vt  0.814035 0.714166 0.000000
vt  0.818152 0.690216 0.000000
vt  0.818152 0.690216 0.000000
vt  0.926755 0.661172 0.000000
vt  0.926755 0.661172 0.000000
vt  0.926755 0.661172 0.000000
vt  0.926755 0.723225 0.000000
vt  0.926755 0.723225 0.000000
vt  0.926755 0.723225 0.000000
vt  0.929145 0.617581 0.000000
vt  0.929145 0.617581 0.000000
vt  0.929145 0.617581 0.000000
vt  0.927368 0.639403 0.000000
vt  0.927368 0.639403 0.000000
vt  0.929145 0.378162 0.000000
vt  0.929145 0.378162 0.000000
vt  0.929145 0.378162 0.000000
vt  0.934742 0.537884 0.000000
vt  0.934742 0.537884 0.000000
vt  0.934742 0.457859 0.000000
vt  0.934742 0.457859 0.000000
vt  0.927368 0.356340 0.000000
vt  0.927368 0.356340 0.000000
vt  0.926755 0.334571 0.000000
vt  0.926755 0.334571 0.000000
vt  0.926755 0.334571 0.000000
vt  0.926755 0.272519 0.000000
vt  0.926755 0.272519 0.000000
vt  0.926755 0.272519 0.000000
vt  0.908361 0.749674 0.000000
vt  0.908361 0.749674 0.000000
vt  0.908361 0.749674 0.000000
vt  0.901260 0.762125 0.000000
vt  0.901260 0.762125 0.000000
vt  0.893923 0.779863 0.000000
vt  0.893923 0.779863 0.000000
vt  0.893923 0.779863 0.000000
vt  0.869425 0.835085 0.000000
vt  0.869425 0.835085 0.000000
vt  0.834718 0.887227 0.000000
vt  0.834718 0.887227 0.000000
vt  0.785411 0.934426 0.000000
vt  0.785411 0.934426 0.000000
vt  0.715302 0.973299 0.000000
vt  0.715302 0.973299 0.000000
vt  0.563014 1.000000 0.000000
vt  0.563014 1.000000 0.000000
vt  0.360447 0.941415 0.000000
vt  0.360447 0.941415 0.000000
vt  0.211289 0.651676 0.000000
vt  0.211289 0.651676 0.000000
vt  0.250437 0.194739 0.000000
vt  0.250437 0.194739 0.000000
vt  0.439240 0.015738 0.000000
vt  0.439240 0.015738 0.000000
vt  0.629242 0.000000 0.000000
vt  0.629242 0.000000 0.000000
vt  0.757151 0.042672 0.000000
vt  0.757151 0.042672 0.000000
vt  0.834718 0.108517 0.000000
vt  0.834718 0.108517 0.000000
vt  0.869425 0.160658 0.000000
vt  0.869425 0.160658 0.000000
vt  0.893923 0.215880 0.000000
vt  0.893923 0.215880 0.000000
vt  0.893923 0.215880 0.000000
vt  0.901260 0.233618 0.000000
vt  0.901260 0.233618 0.000000
vt  0.908361 0.246070 0.000000
vt  0.908361 0.246070 0.000000
vt  0.908361 0.246070 0.000000
vt  0.834718 0.850972 0.000000
vt  0.834718 0.850972 0.000000
vt  0.834718 0.850972 0.000000
vt  0.882386 0.771935 0.000000
vt  0.882386 0.771935 0.000000
vt  0.909649 0.684166 0.000000
vt  0.909649 0.684166 0.000000
vt  0.923750 0.592050 0.000000
vt  0.923750 0.592050 0.000000
vt  0.928127 0.497893 0.000000
vt  0.928127 0.497893 0.000000
vt  0.923744 0.403624 0.000000
vt  0.923744 0.403624 0.000000
vt  0.909609 0.311393 0.000000
vt  0.909609 0.311393 0.000000
vt  0.882307 0.223622 0.000000
vt  0.882307 0.223622 0.000000
vt  0.834718 0.144771 0.000000
vt  0.834718 0.144771 0.000000
vt  0.834718 0.144771 0.000000
vt  0.754414 0.084643 0.000000
vt  0.754414 0.084643 0.000000
vt  0.628655 0.068163 0.000000
vt  0.628655 0.068163 0.000000
vt  0.475816 0.163834 0.000000
vt  0.475816 0.163834 0.000000
vt  0.397197 0.497773 0.000000
vt  0.397197 0.497773 0.000000
vt  0.475919 0.832057 0.000000
vt  0.475919 0.832057 0.000000
vt  0.628958 0.927624 0.000000
vt  0.628958 0.927624 0.000000
vt  0.754638 0.911002 0.000000
vt  0.754638 0.911002 0.000000
vt  0.917906 0.723548 0.000000
vt  0.917906 0.723548 0.000000
vt  0.917906 0.723548 0.000000
vt  0.919698 0.719821 0.000000
vt  0.919698 0.719821 0.000000
vt  0.921182 0.714234 0.000000
vt  0.921182 0.714234 0.000000
vt  0.922466 0.701101 0.000000
vt  0.922466 0.701101 0.000000
vt  0.921162 0.691242 0.000000
vt  0.921162 0.691242 0.000000
vt  0.917906 0.690316 0.000000
vt  0.917906 0.690316 0.000000
vt  0.917906 0.690316 0.000000
vt  0.916069 0.693860 0.000000
vt  0.916069 0.693860 0.000000
vt  0.914478 0.699577 0.000000
vt  0.914478 0.699577 0.000000
vt  0.913045 0.713452 0.000000
vt  0.913045 0.713452 0.000000
vt  0.914499 0.723365 0.000000
vt  0.914499 0.723365 0.000000
vt  0.917906 0.305427 0.000000
vt  0.917906 0.305427 0.000000
vt  0.917906 0.305427 0.000000
vt  0.919698 0.306298 0.000000
vt  0.919698 0.306298 0.000000
vt  0.921182 0.304453 0.000000
vt  0.921182 0.304453 0.000000
vt  0.922466 0.294515 0.000000
vt  0.922466 0.294515 0.000000
vt  0.921162 0.281412 0.000000
vt  0.921162 0.281412 0.000000
vt  0.917906 0.272196 0.000000
vt  0.917906 0.272196 0.000000
vt  0.917906 0.272196 0.000000
vt  0.916069 0.270939 0.000000
vt  0.916069 0.270939 0.000000
vt  0.914478 0.272422 0.000000
vt  0.914478 0.272422 0.000000
vt  0.913045 0.282426 0.000000
vt  0.913045 0.282426 0.000000
vt  0.914499 0.296268 0.000000
vt  0.914499 0.296268 0.000000
vt  0.818530 0.152579 0.000000
vt  0.818530 0.152579 0.000000
vt  0.818530 0.152579 0.000000
vt  0.818530 0.152579 0.000000
vt  0.736327 0.096248 0.000000
vt  0.736327 0.096248 0.000000
vt  0.610778 0.084773 0.000000
vt  0.610778 0.084773 0.000000
vt  0.463545 0.184059 0.000000
vt  0.463545 0.184059 0.000000
vt  0.390112 0.497872 0.000000
vt  0.390112 0.497872 0.000000
vt  0.463545 0.811684 0.000000
vt  0.463545 0.811684 0.000000
vt  0.610778 0.910970 0.000000
vt  0.610778 0.910970 0.000000
vt  0.736327 0.899495 0.000000
vt  0.736327 0.899495 0.000000
vt  0.818530 0.843164 0.000000
vt  0.818530 0.843164 0.000000
vt  0.818530 0.843164 0.000000
vt  0.818530 0.843164 0.000000
vt  0.868260 0.766970 0.000000
vt  0.868260 0.766970 0.000000
vt  0.897117 0.681138 0.000000
vt  0.897117 0.681138 0.000000
vt  0.912133 0.590516 0.000000
vt  0.912133 0.590516 0.000000
vt  0.916792 0.497872 0.000000
vt  0.916792 0.497872 0.000000
vt  0.912133 0.405228 0.000000
vt  0.912133 0.405228 0.000000
vt  0.897117 0.314606 0.000000
vt  0.897117 0.314606 0.000000
vt  0.868260 0.228773 0.000000
vt  0.868260 0.228773 0.000000
vt  0.744818 0.837367 0.000000
vt  0.744818 0.837367 0.000000
vt  0.744818 0.837367 0.000000
vt  0.808142 0.763697 0.000000
vt  0.808142 0.763697 0.000000
vt  0.845252 0.679388 0.000000
vt  0.845252 0.679388 0.000000
vt  0.864671 0.589791 0.000000
vt  0.864671 0.589791 0.000000
vt  0.870718 0.497864 0.000000
vt  0.870718 0.497864 0.000000
vt  0.864682 0.406035 0.000000
vt  0.864682 0.406035 0.000000
vt  0.845309 0.316538 0.000000
vt  0.845309 0.316538 0.000000
vt  0.808250 0.232226 0.000000
vt  0.808250 0.232226 0.000000
vt  0.744818 0.158377 0.000000
vt  0.744818 0.158377 0.000000
vt  0.744818 0.158377 0.000000
vt  0.642467 0.106839 0.000000
vt  0.642467 0.106839 0.000000
vt  0.493122 0.103911 0.000000
vt  0.493122 0.103911 0.000000
vt  0.329711 0.210542 0.000000
vt  0.329711 0.210542 0.000000
vt  0.252922 0.497902 0.000000
vt  0.252922 0.497902 0.000000
vt  0.329585 0.785027 0.000000
vt  0.329585 0.785027 0.000000
vt  0.492770 0.891754 0.000000
vt  0.492770 0.891754 0.000000
vt  0.642185 0.888979 0.000000
vt  0.642185 0.888979 0.000000
vt  0.744818 0.653695 0.000000
vt  0.744818 0.653695 0.000000
vt  0.744818 0.653695 0.000000
vt  0.788415 0.608448 0.000000
vt  0.788415 0.608448 0.000000
vt  0.809907 0.537369 0.000000
vt  0.809907 0.537369 0.000000
vt  0.809940 0.458616 0.000000
vt  0.809940 0.458616 0.000000
vt  0.788342 0.387157 0.000000
vt  0.788342 0.387157 0.000000
vt  0.744818 0.342049 0.000000
vt  0.744818 0.342049 0.000000
vt  0.744818 0.342049 0.000000
vt  0.685673 0.349350 0.000000
vt  0.685673 0.349350 0.000000
vt  0.637785 0.433166 0.000000
vt  0.637785 0.433166 0.000000
vt  0.637696 0.562205 0.000000
vt  0.637696 0.562205 0.000000
vt  0.685807 0.646491 0.000000
vt  0.685807 0.646491 0.000000
vt  0.717275 0.343463 0.000000
vt  0.717275 0.343463 0.000000
vt  0.717275 0.343463 0.000000
vt  0.654215 0.351116 0.000000
vt  0.654215 0.351116 0.000000
vt  0.603157 0.434580 0.000000
vt  0.603157 0.434580 0.000000
vt  0.603251 0.561530 0.000000
vt  0.603251 0.561530 0.000000
vt  0.654072 0.644530 0.000000
vt  0.654072 0.644530 0.000000
vt  0.717275 0.652281 0.000000
vt  0.717275 0.652281 0.000000
vt  0.717275 0.652281 0.000000
vt  0.764064 0.607810 0.000000
vt  0.764064 0.607810 0.000000
vt  0.787359 0.536887 0.000000
vt  0.787359 0.536887 0.000000
vt  0.787324 0.458617 0.000000
vt  0.787324 0.458617 0.000000
vt  0.764142 0.388071 0.000000
vt  0.764142 0.388071 0.000000
vt  0.717275 0.364289 0.000000
vt  0.717275 0.364289 0.000000
vt  0.717275 0.364289 0.000000
vt  0.664198 0.373934 0.000000
vt  0.664198 0.373934 0.000000
vt  0.623239 0.445272 0.000000
vt  0.623239 0.445272 0.000000
vt  0.623195 0.550291 0.000000
vt  0.623195 0.550291 0.000000
vt  0.664346 0.621923 0.000000
vt  0.664346 0.621923 0.000000
vt  0.717275 0.631455 0.000000
vt  0.717275 0.631455 0.000000
vt  0.717275 0.631455 0.000000
vt  0.758331 0.594328 0.000000
vt  0.758331 0.594328 0.000000
vt  0.779218 0.532601 0.000000
vt  0.779218 0.532601 0.000000
vt  0.779237 0.463268 0.000000
vt  0.779237 0.463268 0.000000
vt  0.758243 0.401267 0.000000
vt  0.758243 0.401267 0.000000
vt  0.702205 0.621747 0.000000
vt  0.702205 0.621747 0.000000
vt  0.702205 0.621747 0.000000
vt  0.702205 0.621747 0.000000
vt  0.742062 0.588118 0.000000
vt  0.742062 0.588118 0.000000
vt  0.762720 0.530430 0.000000
vt  0.762720 0.530430 0.000000
vt  0.762720 0.465314 0.000000
vt  0.762720 0.465314 0.000000
vt  0.742062 0.407625 0.000000
vt  0.742062 0.407625 0.000000
vt  0.702205 0.373996 0.000000
vt  0.702205 0.373996 0.000000
vt  0.702205 0.373996 0.000000
vt  0.702205 0.373996 0.000000
vt  0.651757 0.384193 0.000000
vt  0.651757 0.384193 0.000000
vt  0.613422 0.450194 0.000000
vt  0.613422 0.450194 0.000000
vt  0.613422 0.545549 0.000000
vt  0.613422 0.545549 0.000000
vt  0.651757 0.611551 0.000000
vt  0.651757 0.611551 0.000000
vt  0.868846 0.688800 0.000000
vt  0.868846 0.688800 0.000000
vt  0.868846 0.688800 0.000000
vt  0.864355 0.697826 0.000000
vt  0.864355 0.697826 0.000000
vt  0.862440 0.711542 0.000000
vt  0.862440 0.711542 0.000000
vt  0.864327 0.721513 0.000000
vt  0.864327 0.721513 0.000000
vt  0.866425 0.723024 0.000000
vt  0.866425 0.723024 0.000000
vt  0.868846 0.721818 0.000000
vt  0.868846 0.721818 0.000000
vt  0.868846 0.721818 0.000000
vt  0.868846 0.676551 0.000000
vt  0.868846 0.676551 0.000000
vt  0.868846 0.676551 0.000000
vt  0.860958 0.692121 0.000000
vt  0.860958 0.692121 0.000000
vt  0.857550 0.716321 0.000000
vt  0.857550 0.716321 0.000000
vt  0.860998 0.733421 0.000000
vt  0.860998 0.733421 0.000000
vt  0.868846 0.733398 0.000000
vt  0.868846 0.733398 0.000000
vt  0.868846 0.733398 0.000000
vt  0.876155 0.717648 0.000000
vt  0.876155 0.717648 0.000000
vt  0.878989 0.695598 0.000000
vt  0.878989 0.695598 0.000000
vt  0.876120 0.678669 0.000000
vt  0.876120 0.678669 0.000000
vt  0.871210 0.687972 0.000000
vt  0.871210 0.687972 0.000000
vt  0.873169 0.689833 0.000000
vt  0.873169 0.689833 0.000000
vt  0.874865 0.699736 0.000000
vt  0.874865 0.699736 0.000000
vt  0.873143 0.712731 0.000000
vt  0.873143 0.712731 0.000000
vt  0.868846 0.273925 0.000000
vt  0.868846 0.273925 0.000000
vt  0.868846 0.273925 0.000000
vt  0.864355 0.274186 0.000000
vt  0.864355 0.274186 0.000000
vt  0.862440 0.284069 0.000000
vt  0.862440 0.284069 0.000000
vt  0.864327 0.297817 0.000000
vt  0.864327 0.297817 0.000000
vt  0.866425 0.303461 0.000000
vt  0.866425 0.303461 0.000000
vt  0.868846 0.306943 0.000000
vt  0.868846 0.306943 0.000000
vt  0.868846 0.306943 0.000000
vt  0.868846 0.262346 0.000000
vt  0.868846 0.262346 0.000000
vt  0.868846 0.262346 0.000000
vt  0.860958 0.262381 0.000000
vt  0.860958 0.262381 0.000000
vt  0.857550 0.279567 0.000000
vt  0.857550 0.279567 0.000000
vt  0.860998 0.303764 0.000000
vt  0.860998 0.303764 0.000000
vt  0.868846 0.319192 0.000000
vt  0.868846 0.319192 0.000000
vt  0.868846 0.319192 0.000000
vt  0.876155 0.317006 0.000000
vt  0.876155 0.317006 0.000000
vt  0.878989 0.300012 0.000000
vt  0.878989 0.300012 0.000000
vt  0.876120 0.277963 0.000000
vt  0.876120 0.277963 0.000000
vt  0.871210 0.277588 0.000000
vt  0.871210 0.277588 0.000000
vt  0.873169 0.283109 0.000000
vt  0.873169 0.283109 0.000000
vt  0.874865 0.296135 0.000000
vt  0.874865 0.296135 0.000000
vt  0.873143 0.305958 0.000000
vt  0.873143 0.305958 0.000000

vn  1.000000 0.000000 0.000000
vn  0.707107 0.000000 -0.707107
vn  0.707107 0.000000 -0.707107
vn  1.000000 0.000000 0.000000
vn  0.707107 -0.354415 -0.611874
vn  1.000000 0.000000 0.000000
vn  0.707107 -0.612402 -0.353502
vn  1.000000 0.000000 0.000000
vn  0.707107 -0.707106 -0.001207
vn  1.000000 0.000000 0.000000
vn  0.707107 -0.612895 0.352646
vn  1.000000 0.000000 0.000000
vn  0.707107 -0.353562 0.612368
vn  1.000000 0.000000 0.000000
vn  0.707107 0.000000 0.707107
vn  0.707107 -0.000000 0.707107
vn  1.000000 0.000000 0.000000
vn  0.707107 0.354415 0.611874
vn  1.000000 0.000000 0.000000
vn  0.707107 0.612402 0.353502
vn  1.000000 0.000000 0.000000
vn  0.707107 0.707106 0.001207
vn  1.000000 0.000000 0.000000
vn  0.707107 0.612895 -0.352646
vn  1.000000 0.000000 0.000000
vn  0.707107 0.353562 -0.612368
vn  1.000000 0.000000 0.000000
vn  0.000000 -0.000000 1.000000
vn  0.000000 -0.000000 1.000000
vn  1.000000 0.000000 0.000000
vn  0.000000 -0.588943 0.808175
vn  1.000000 0.000000 0.000000
vn  0.000000 -0.951045 0.309051
vn  1.000000 0.000000 0.000000
vn  0.000000 -0.951280 -0.308329
vn  1.000000 0.000000 0.000000
vn  0.000000 -0.587368 -0.809320
vn  1.000000 0.000000 0.000000
vn  0.000000 0.000000 -1.000000
vn  0.000000 0.000000 -1.000000
vn  1.000000 0.000000 0.000000
vn  0.000000 0.588943 -0.808175
vn  1.000000 0.000000 0.000000
vn  0.000000 0.951045 -0.309051
vn  1.000000 0.000000 0.000000
vn  0.000000 0.951280 0.308329
vn  1.000000 0.000000 0.000000
vn  0.000000 0.587368 0.809320
vn  0.707107 0.000000 0.707107
vn  0.707107 -0.000000 0.707107
vn  0.000000 0.000000 1.000000
vn  0.000000 0.000000 1.000000
vn  0.707107 0.353553 0.612372
vn  0.000000 0.500000 0.866025
vn  0.707107 0.612372 0.353553
vn  0.000000 0.866025 0.500000
vn  0.707107 0.707107 0.000000
vn  0.000000 1.000000 0.000000
vn  0.707107 0.612372 -0.353553
vn  0.000000 0.866025 -0.500000
vn  0.707107 0.353553 -0.612372
vn  0.000000 0.500000 -0.866025
vn  0.707107 0.000000 -0.707107
vn  0.707107 0.000000 -0.707107
vn  0.000000 -0.000000 -1.000000
vn  0.000000 0.000000 -1.000000
vn  0.707107 -0.353553 -0.612372
vn  0.000000 -0.500000 -0.866025
vn  0.707107 -0.612372 -0.353553
vn  0.000000 -0.866025 -0.500000
vn  0.707107 -0.707107 -0.000000
vn  0.000000 -1.000000 0.000000
vn  0.707107 -0.612372 0.353553
vn  0.000000 -0.866025 0.500000
vn  0.707107 -0.353553 0.612372
vn  0.000000 -0.500000 0.866025
vn  0.000000 -0.000000 -1.000000
vn  0.000000 0.000000 -1.000000
vn  1.000000 0.000000 0.000000
vn  0.000000 -0.499971 -0.866042
vn  1.000000 0.000000 0.000000
vn  0.000000 -0.866807 -0.498644
vn  1.000000 0.000000 0.000000
vn  0.000000 -0.999998 0.001838
vn  1.000000 0.000000 0.000000
vn  0.000000 -0.865992 0.500059
vn  1.000000 0.000000 0.000000
vn  0.000000 -0.501101 0.865389
vn  1.000000 0.000000 0.000000
vn  0.000000 0.000000 1.000000
vn  0.000000 0.000000 1.000000
vn  1.000000 0.000000 0.000000
vn  0.000000 0.499971 0.866042
vn  1.000000 0.000000 0.000000
vn  0.000000 0.866807 0.498644
vn  1.000000 0.000000 0.000000
vn  0.000000 0.999998 -0.001838
vn  1.000000 0.000000 0.000000
vn  0.000000 0.865992 -0.500059
vn  1.000000 0.000000 0.000000
vn  0.000000 0.501101 -0.865389
vn  1.000000 0.000000 0.000000
vn  1.000000 0.000000 0.000000
vn  0.000000 0.000000 -1.000000
vn  0.000000 -0.000000 -1.000000
vn  1.000000 0.000000 0.000000
vn  0.000000 -0.434710 -0.900570
vn  1.000000 0.000000 0.000000
vn  0.000000 -0.781441 -0.623979
vn  1.000000 0.000000 0.000000
vn  0.000000 -0.974474 -0.224501
vn  1.000000 0.000000 0.000000
vn  0.000000 -0.975515 0.219932
vn  1.000000 0.000000 0.000000
vn  0.000000 -0.782529 0.622614
vn  1.000000 0.000000 0.000000
vn  0.000000 -0.433741 0.901037
vn  1.000000 0.000000 0.000000
vn  0.000000 0.000000 1.000000
vn  0.000000 0.000000 1.000000
vn  1.000000 0.000000 0.000000
vn  0.000000 0.434710 0.900570
vn  1.000000 0.000000 0.000000
vn  0.000000 0.781441 0.623979
vn  1.000000 0.000000 0.000000
vn  0.000000 0.974474 0.224501
vn  1.000000 0.000000 0.000000
vn  0.000000 0.975515 -0.219932
vn  1.000000 0.000000 0.000000
vn  0.000000 0.782529 -0.622614
vn  1.000000 0.000000 0.000000
vn  0.000000 0.433741 -0.901037
vn  0.000000 0.000000 1.000000
vn  0.000000 0.000000 1.000000
vn  1.000000 0.000000 0.000000
vn  0.000000 0.433741 0.901037
vn  1.000000 0.000000 0.000000
vn  0.000000 0.782529 0.622614
vn  1.000000 0.000000 0.000000
vn  0.000000 0.975515 0.219932
vn  1.000000 0.000000 0.000000
vn  0.000000 0.974474 -0.224501
vn  1.000000 0.000000 0.000000
vn  0.000000 0.781441 -0.623979
vn  1.000000 0.000000 0.000000
vn  0.000000 0.434710 -0.900570
vn  1.000000 0.000000 0.000000
vn  0.000000 0.000000 -1.000000
vn  0.000000 -0.000000 -1.000000
vn  1.000000 0.000000 0.000000
vn  0.000000 -0.433741 -0.901037
vn  1.000000 0.000000 0.000000
vn  0.000000 -0.782529 -0.622614
vn  1.000000 0.000000 0.000000
vn  0.000000 -0.975515 -0.219932
vn  1.000000 0.000000 0.000000
vn  0.000000 -0.974474 0.224501
vn  1.000000 0.000000 0.000000
vn  0.000000 -0.781441 0.623979
vn  1.000000 0.000000 0.000000
vn  0.000000 -0.434710 0.900570
vn  1.000000 0.000000 0.000000
vn  1.000000 0.000000 0.000000
vn  0.000000 1.000000 0.000000
vn  0.000000 1.000000 0.000000
vn  1.000000 0.000000 0.000000
vn  0.000000 0.973329 0.229416
vn  1.000000 0.000000 0.000000
vn  0.000000 0.894737 0.446594
vn  0.000000 0.894737 0.446594
vn  1.000000 0.000000 0.000000
vn  0.000000 0.988116 0.153709
vn  1.000000 0.000000 0.000000
vn  0.000000 0.988116 -0.153709
vn  1.000000 0.000000 0.000000
vn  0.000000 0.894737 -0.446594
vn  0.000000 0.894737 -0.446594
vn  1.000000 0.000000 0.000000
vn  0.000000 0.973329 -0.229416
vn  1.000000 0.000000 0.000000
vn  0.000000 1.000000 0.000000
vn  0.000000 1.000000 0.000000
vn  1.000000 0.000000 0.000000
vn  0.000000 1.000000 0.000000
vn  0.000000 0.000000 -1.000000
vn  1.000000 0.000000 0.000000
vn  0.000000 0.000000 -1.000000
vn  0.000000 0.000000 -1.000000
vn  1.000000 0.000000 0.000000
vn  0.000000 0.229416 -0.973329
vn  1.000000 0.000000 0.000000
vn  0.000000 0.446594 -0.894737
vn  0.000000 0.446594 -0.894737
vn  1.000000 0.000000 0.000000
vn  0.000000 0.229416 -0.973329
vn  1.000000 0.000000 0.000000
vn  0.000000 0.000000 -1.000000
vn  1.000000 0.000000 0.000000
vn  0.000000 -0.342962 -0.939349
vn  1.000000 0.000000 0.000000
vn  0.000000 -0.643431 -0.765504
vn  1.000000 0.000000 0.000000
vn  0.000000 -0.866123 -0.499831
vn  1.000000 0.000000 0.000000
vn  0.000000 -0.984756 -0.173940
vn  1.000000 0.000000 0.000000
vn  0.000000 -0.984861 0.173347
vn  1.000000 0.000000 0.000000
vn  0.000000 -0.866008 0.500029
vn  1.000000 0.000000 0.000000
vn  0.000000 -0.642792 0.766041
vn  1.000000 0.000000 0.000000
vn  0.000000 -0.342273 0.939601
vn  1.000000 0.000000 0.000000
vn  0.000000 -0.000000 1.000000
vn  1.000000 0.000000 0.000000
vn  0.000000 0.229416 0.973329
vn  1.000000 0.000000 0.000000
vn  0.000000 0.446594 0.894737
vn  0.000000 0.446594 0.894737
vn  1.000000 0.000000 0.000000
vn  0.000000 0.229416 0.973329
vn  1.000000 0.000000 0.000000
vn  0.000000 0.000000 1.000000
vn  0.000000 -0.000000 1.000000
vn  1.000000 0.000000 0.000000
vn  0.000000 1.000000 0.000000
vn  0.000000 0.000000 1.000000
vn  1.000000 0.000000 0.000000
vn  0.000000 0.000000 1.000000
vn  0.000000 0.000000 1.000000
vn  1.000000 0.000000 0.000000
vn  0.000000 -0.709849 0.704354
vn  1.000000 0.000000 0.000000
vn  0.000000 -0.999997 -0.002439
vn  1.000000 0.000000 0.000000
vn  0.000000 -0.706328 -0.707884
vn  1.000000 0.000000 0.000000
vn  0.000000 -0.000000 -1.000000
vn  0.000000 -0.000000 -1.000000
vn  1.000000 0.000000 0.000000
vn  0.000000 0.709849 -0.704354
vn  1.000000 0.000000 0.000000
vn  0.000000 0.999997 0.002439
vn  1.000000 0.000000 0.000000
vn  0.000000 0.706328 0.707884
vn  1.000000 0.000000 0.000000
vn  0.000000 0.000000 1.000000
vn  0.000000 0.000000 1.000000
vn  1.000000 0.000000 0.000000
vn  0.000000 -0.709849 0.704354
vn  1.000000 0.000000 0.000000
vn  0.000000 -0.999997 -0.002439
vn  1.000000 0.000000 0.000000
vn  0.000000 -0.706328 -0.707884
vn  1.000000 0.000000 0.000000
vn  0.000000 -0.000000 -1.000000
vn  0.000000 -0.000000 -1.000000
vn  1.000000 0.000000 0.000000
vn  0.000000 0.709849 -0.704354
vn  1.000000 0.000000 0.000000
vn  0.000000 0.999997 0.002439
vn  1.000000 0.000000 0.000000
vn  0.000000 0.706328 0.707884
vn  0.000000 1.000000 0.000000
vn  0.000000 1.000000 0.000000
vn  -1.000000 0.000000 0.000000
vn  0.000000 1.000000 0.000000
vn  -1.000000 0.000000 0.000000
vn  0.000000 0.000000 1.000000
vn  0.000000 0.894737 0.446594
vn  0.000000 0.894737 0.446594
vn  -1.000000 0.000000 0.000000
vn  0.000000 0.973329 0.229416
vn  -1.000000 0.000000 0.000000
vn  0.000000 0.894737 -0.446594
vn  0.000000 0.894737 -0.446594
vn  -1.000000 0.000000 0.000000
vn  0.000000 0.988116 0.153709
vn  -1.000000 0.000000 0.000000
vn  0.000000 0.988116 -0.153709
vn  -1.000000 0.000000 0.000000
vn  0.000000 0.973329 -0.229416
vn  -1.000000 0.000000 0.000000
vn  0.000000 1.000000 0.000000
vn  0.000000 1.000000 0.000000
vn  -1.000000 0.000000 0.000000
vn  0.000000 1.000000 0.000000
vn  -1.000000 0.000000 0.000000
vn  0.000000 0.000000 -1.000000
vn  -1.000000 0.000000 0.000000
vn  0.000000 0.000000 1.000000
vn  0.000000 -0.000000 1.000000
vn  -1.000000 0.000000 0.000000
vn  0.000000 0.229416 0.973329
vn  -1.000000 0.000000 0.000000
vn  0.000000 0.446594 0.894737
vn  0.000000 0.446594 0.894737
vn  -1.000000 0.000000 0.000000
vn  0.000000 0.229416 0.973329
vn  -1.000000 0.000000 0.000000
vn  0.000000 -0.000000 1.000000
vn  -1.000000 0.000000 0.000000
vn  0.000000 -0.229416 0.973329
vn  -1.000000 0.000000 0.000000
vn  0.000000 -0.446594 0.894737
vn  -1.000000 0.000000 0.000000
vn  0.000000 -0.716274 0.697820
vn  -1.000000 0.000000 0.000000
vn  0.000000 -0.905401 0.424558
vn  -1.000000 0.000000 0.000000
vn  0.000000 -0.994581 0.103961
vn  -1.000000 0.000000 0.000000
vn  0.000000 -0.973665 -0.227984
vn  -1.000000 0.000000 0.000000
vn  0.000000 -0.844622 -0.535364
vn  -1.000000 0.000000 0.000000
vn  0.000000 -0.620782 -0.783983
vn  -1.000000 0.000000 0.000000
vn  0.000000 -0.328477 -0.944512
vn  -1.000000 0.000000 0.000000
vn  0.000000 0.000000 -1.000000
vn  -1.000000 0.000000 0.000000
vn  0.000000 0.229416 -0.973329
vn  -1.000000 0.000000 0.000000
vn  0.000000 0.446594 -0.894737
vn  0.000000 0.446594 -0.894737
vn  -1.000000 0.000000 0.000000
vn  0.000000 0.229416 -0.973329
vn  -1.000000 0.000000 0.000000
vn  0.000000 0.000000 -1.000000
vn  0.000000 0.000000 -1.000000
vn  -1.000000 0.000000 0.000000
vn  -0.707107 0.000000 -0.707107
vn  -0.707107 0.000000 -0.707107
vn  -1.000000 0.000000 0.000000
vn  -0.707107 -0.271318 -0.652983
vn  -1.000000 0.000000 0.000000
vn  -0.707107 -0.500386 -0.499614
vn  -1.000000 0.000000 0.000000
vn  -0.707107 -0.653281 -0.270599
vn  -1.000000 0.000000 0.000000
vn  -0.707107 -0.707107 -0.000064
vn  -1.000000 0.000000 0.000000
vn  -0.707107 -0.653202 0.270791
vn  -1.000000 0.000000 0.000000
vn  -0.707107 -0.499986 0.500014
vn  -1.000000 0.000000 0.000000
vn  -0.707107 -0.270752 0.653218
vn  -1.000000 0.000000 0.000000
vn  -0.707107 -0.000000 0.707107
vn  -0.707107 -0.000000 0.707107
vn  -1.000000 0.000000 0.000000
vn  -0.707107 0.271318 0.652983
vn  -1.000000 0.000000 0.000000
vn  -0.707107 0.500386 0.499614
vn  -1.000000 0.000000 0.000000
vn  -0.707107 0.653281 0.270599
vn  -1.000000 0.000000 0.000000
vn  -0.707107 0.707107 0.000064
vn  -1.000000 0.000000 0.000000
vn  -0.707107 0.653202 -0.270791
vn  -1.000000 0.000000 0.000000
vn  -0.707107 0.499986 -0.500014
vn  -1.000000 0.000000 0.000000
vn  -0.707107 0.270752 -0.653218
vn  -1.000000 0.000000 0.000000
vn  0.000000 0.000000 -1.000000
vn  0.000000 0.000000 -1.000000
vn  -1.000000 0.000000 0.000000
vn  0.000000 -0.385541 -0.922691
vn  -1.000000 0.000000 0.000000
vn  0.000000 -0.711921 -0.702259
vn  -1.000000 0.000000 0.000000
vn  0.000000 -0.999992 0.003934
vn  -1.000000 0.000000 0.000000
vn  0.000000 -0.707586 0.706627
vn  -1.000000 0.000000 0.000000
vn  0.000000 0.000000 1.000000
vn  0.000000 -0.000000 1.000000
vn  -1.000000 0.000000 0.000000
vn  0.000000 0.385541 0.922691
vn  -1.000000 0.000000 0.000000
vn  0.000000 0.711921 0.702259
vn  -1.000000 0.000000 0.000000
vn  0.000000 0.999992 -0.003934
vn  -1.000000 0.000000 0.000000
vn  0.000000 0.707586 -0.706627
vn  -1.000000 0.000000 0.000000
vn  0.000000 0.000000 -1.000000
vn  0.000000 0.000000 -1.000000
vn  -1.000000 0.000000 0.000000
vn  0.000000 -0.385541 -0.922691
vn  -1.000000 0.000000 0.000000
vn  0.000000 -0.711921 -0.702259
vn  -1.000000 0.000000 0.000000
vn  0.000000 -0.999992 0.003934
vn  -1.000000 0.000000 0.000000
vn  0.000000 -0.707586 0.706627
vn  -1.000000 0.000000 0.000000
vn  0.000000 0.000000 1.000000
vn  0.000000 -0.000000 1.000000
vn  -1.000000 0.000000 0.000000
vn  0.000000 0.385541 0.922691
vn  -1.000000 0.000000 0.000000
vn  0.000000 0.711921 0.702259
vn  -1.000000 0.000000 0.000000
vn  0.000000 0.999992 -0.003934
vn  -1.000000 0.000000 0.000000
vn  0.000000 0.707586 -0.706627
vn  -0.707107 -0.000000 0.707107
vn  -0.707107 -0.000000 0.707107
vn  0.000000 -0.000000 1.000000
vn  0.000000 -0.000000 1.000000
vn  -0.707107 0.270598 0.653281
vn  0.000000 0.382683 0.923880
vn  -0.707107 0.500000 0.500000
vn  0.000000 0.707107 0.707107
vn  -0.707107 0.653281 0.270598
vn  0.000000 0.923880 0.382683
vn  -0.707107 0.707107 0.000000
vn  0.000000 1.000000 0.000000
vn  -0.707107 0.653281 -0.270598
vn  0.000000 0.923880 -0.382683
vn  -0.707107 0.500000 -0.500000
vn  0.000000 0.707107 -0.707107
vn  -0.707107 0.270598 -0.653281
vn  0.000000 0.382683 -0.923880
vn  -0.707107 0.000000 -0.707107
vn  -0.707107 0.000000 -0.707107
vn  0.000000 0.000000 -1.000000
vn  0.000000 0.000000 -1.000000
vn  -0.707107 -0.270598 -0.653281
vn  0.000000 -0.382683 -0.923880
vn  -0.707107 -0.500000 -0.500000
vn  0.000000 -0.707107 -0.707107
vn  -0.707107 -0.653281 -0.270598
vn  0.000000 -0.923880 -0.382683
vn  -0.707107 -0.707107 -0.000000
vn  0.000000 -1.000000 -0.000000
vn  -0.707107 -0.653281 0.270598
vn  0.000000 -0.923880 0.382683
vn  -0.707107 -0.500000 0.500000
vn  0.000000 -0.707107 0.707107
vn  -0.707107 -0.270598 0.653281
vn  0.000000 -0.382683 0.923880
vn  0.000000 0.000000 -1.000000
vn  0.000000 0.000000 -1.000000
vn  -1.000000 0.000000 0.000000
vn  0.000000 -0.382885 -0.923796
vn  -1.000000 0.000000 0.000000
vn  0.000000 -0.707109 -0.707105
vn  -1.000000 0.000000 0.000000
vn  0.000000 -0.923798 -0.382880
vn  -1.000000 0.000000 0.000000
vn  0.000000 -1.000000 0.000035
vn  -1.000000 0.000000 0.000000
vn  0.000000 -0.923934 0.382552
vn  -1.000000 0.000000 0.000000
vn  0.000000 -0.707689 0.706524
vn  -1.000000 0.000000 0.000000
vn  0.000000 -0.383697 0.923459
vn  -1.000000 0.000000 0.000000
vn  0.000000 -0.000000 1.000000
vn  0.000000 -0.000000 1.000000
vn  -1.000000 0.000000 0.000000
vn  0.000000 0.382885 0.923796
vn  -1.000000 0.000000 0.000000
vn  0.000000 0.707109 0.707105
vn  -1.000000 0.000000 0.000000
vn  0.000000 0.923798 0.382880
vn  -1.000000 0.000000 0.000000
vn  0.000000 1.000000 -0.000035
vn  -1.000000 0.000000 0.000000
vn  0.000000 0.923934 -0.382552
vn  -1.000000 0.000000 0.000000
vn  0.000000 0.707689 -0.706524
vn  -1.000000 0.000000 0.000000
vn  0.000000 0.383697 -0.923459
vn  -1.000000 0.000000 0.000000
vn  -1.000000 0.000000 0.000000
vn  0.000000 0.000000 -1.000000
vn  0.000000 0.000000 -1.000000
vn  -1.000000 0.000000 0.000000
vn  0.000000 -0.588761 -0.808307
vn  -1.000000 0.000000 0.000000
vn  0.000000 -0.951011 -0.309156
vn  -1.000000 0.000000 0.000000
vn  0.000000 -0.951613 0.307300
vn  -1.000000 0.000000 0.000000
vn  0.000000 -0.587623 0.809135
vn  -1.000000 0.000000 0.000000
vn  0.000000 -0.000000 1.000000
vn  0.000000 -0.000000 1.000000
vn  -1.000000 0.000000 0.000000
vn  0.000000 0.588761 0.808307
vn  -1.000000 0.000000 0.000000
vn  0.000000 0.951011 0.309156
vn  -1.000000 0.000000 0.000000
vn  0.000000 0.951613 -0.307300
vn  -1.000000 0.000000 0.000000
vn  0.000000 0.587623 -0.809135
vn  0.000000 -0.000000 1.000000
vn  0.000000 -0.000000 1.000000
vn  -1.000000 0.000000 0.000000
vn  0.000000 0.587623 0.809135
vn  -1.000000 0.000000 0.000000
vn  0.000000 0.951613 0.307300
vn  -1.000000 0.000000 0.000000
vn  0.000000 0.951011 -0.309156
vn  -1.000000 0.000000 0.000000
vn  0.000000 0.588761 -0.808307
vn  -1.000000 0.000000 0.000000
vn  0.000000 0.000000 -1.000000
vn  0.000000 0.000000 -1.000000
vn  -1.000000 0.000000 0.000000
vn  0.000000 -0.587623 -0.809135
vn  -1.000000 0.000000 0.000000
vn  0.000000 -0.951613 -0.307300
vn  -1.000000 0.000000 0.000000
vn  0.000000 -0.951011 0.309156
vn  -1.000000 0.000000 0.000000
vn  0.000000 -0.588761 0.808307
vn  -1.000000 0.000000 0.000000
vn  -1.000000 0.000000 0.000000
vn  -0.707107 -0.000000 0.707107
vn  -0.707107 -0.000000 0.707107
vn  -1.000000 0.000000 0.000000
vn  -0.707107 0.416313 0.571562
vn  -1.000000 0.000000 0.000000
vn  -0.707107 0.672468 0.218601
vn  -1.000000 0.000000 0.000000
vn  -0.707107 0.672721 -0.217823
vn  -1.000000 0.000000 0.000000
vn  -0.707107 0.415295 -0.572302
vn  -1.000000 0.000000 0.000000
vn  -0.707107 0.000000 -0.707107
vn  -0.707107 0.000000 -0.707107
vn  -1.000000 0.000000 0.000000
vn  -0.707107 -0.416313 -0.571562
vn  -1.000000 0.000000 0.000000
vn  -0.707107 -0.672468 -0.218601
vn  -1.000000 0.000000 0.000000
vn  -0.707107 -0.672721 0.217823
vn  -1.000000 0.000000 0.000000
vn  -0.707107 -0.415295 0.572302
vn  -0.707107 0.000000 -0.707107
vn  -0.707107 0.000000 -0.707107
vn  0.000000 0.000000 -1.000000
vn  0.000000 0.000000 -1.000000
vn  -0.707107 -0.415627 -0.572061
vn  0.000000 -0.587785 -0.809017
vn  -0.707107 -0.672499 -0.218508
vn  0.000000 -0.951057 -0.309017
vn  -0.707107 -0.672499 0.218508
vn  0.000000 -0.951057 0.309017
vn  -0.707107 -0.415627 0.572061
vn  0.000000 -0.587785 0.809017
vn  -0.707107 -0.000000 0.707107
vn  -0.707107 -0.000000 0.707107
vn  0.000000 -0.000000 1.000000
vn  0.000000 -0.000000 1.000000
vn  -0.707107 0.415627 0.572061
vn  0.000000 0.587785 0.809017
vn  -0.707107 0.672499 0.218508
vn  0.000000 0.951057 0.309017
vn  -0.707107 0.672499 -0.218508
vn  0.000000 0.951057 -0.309017
vn  -0.707107 0.415627 -0.572061
vn  0.000000 0.587785 -0.809017
vn  0.000000 0.000000 1.000000
vn  1.000000 0.000000 0.000000
vn  0.000000 -0.000000 1.000000
vn  0.000000 0.707586 0.706627
vn  1.000000 0.000000 0.000000
vn  0.000000 0.999992 0.003934
vn  1.000000 0.000000 0.000000
vn  0.000000 0.711921 -0.702259
vn  1.000000 0.000000 0.000000
vn  0.000000 0.385541 -0.922691
vn  1.000000 0.000000 0.000000
vn  0.000000 0.000000 -1.000000
vn  1.000000 0.000000 0.000000
vn  0.000000 0.000000 -1.000000
vn  1.000000 0.000000 0.000000
vn  0.000000 0.000000 1.000000
vn  0.000000 0.000000 1.000000
vn  1.000000 0.000000 0.000000
vn  0.000000 0.709849 0.704354
vn  1.000000 0.000000 0.000000
vn  0.000000 0.999997 -0.002439
vn  1.000000 0.000000 0.000000
vn  0.000000 0.706328 -0.707884
vn  1.000000 0.000000 0.000000
vn  0.000000 -0.000000 -1.000000
vn  0.000000 -0.000000 -1.000000
vn  1.000000 0.000000 0.000000
vn  0.000000 -0.709849 -0.704354
vn  1.000000 0.000000 0.000000
vn  0.000000 -0.999997 0.002439
vn  1.000000 0.000000 0.000000
vn  0.000000 -0.706328 0.707884
vn  1.000000 0.000000 0.000000
vn  0.000000 -0.385541 0.922691
vn  1.000000 0.000000 0.000000
vn  0.000000 -0.711921 0.702259
vn  1.000000 0.000000 0.000000
vn  0.000000 -0.999992 -0.003934
vn  1.000000 0.000000 0.000000
vn  0.000000 -0.707586 -0.706627
vn  0.000000 0.000000 1.000000
vn  1.000000 0.000000 0.000000
vn  0.000000 -0.000000 1.000000
vn  0.000000 0.707586 0.706627
vn  1.000000 0.000000 0.000000
vn  0.000000 0.999992 0.003934
vn  1.000000 0.000000 0.000000
vn  0.000000 0.711921 -0.702259
vn  1.000000 0.000000 0.000000
vn  0.000000 0.385541 -0.922691
vn  1.000000 0.000000 0.000000
vn  0.000000 0.000000 -1.000000
vn  1.000000 0.000000 0.000000
vn  0.000000 0.000000 -1.000000
vn  1.000000 0.000000 0.000000
vn  0.000000 0.000000 1.000000
vn  0.000000 0.000000 1.000000
vn  1.000000 0.000000 0.000000
vn  0.000000 0.709849 0.704354
vn  1.000000 0.000000 0.000000
vn  0.000000 0.999997 -0.002439
vn  1.000000 0.000000 0.000000
vn  0.000000 0.706328 -0.707884
vn  1.000000 0.000000 0.000000
vn  0.000000 -0.000000 -1.000000
vn  0.000000 -0.000000 -1.000000
vn  1.000000 0.000000 0.000000
vn  0.000000 -0.709849 -0.704354
vn  1.000000 0.000000 0.000000
vn  0.000000 -0.999997 0.002439
vn  1.000000 0.000000 0.000000
vn  0.000000 -0.706328 0.707884
vn  1.000000 0.000000 0.000000
vn  0.000000 -0.385541 0.922691
vn  1.000000 0.000000 0.000000
vn  0.000000 -0.711921 0.702259
vn  1.000000 0.000000 0.000000
vn  0.000000 -0.999992 -0.003934
vn  1.000000 0.000000 0.000000
vn  0.000000 -0.707586 -0.706627


g 4
f 3403/3403/3403  3360/3360/3360  3357/3357/3357
f 3420/3420/3420  3359/3359/3359  3361/3361/3361
f 3383/3383/3383  3357/3357/3357  3381/3381/3381
f 3417/3417/3417  3382/3382/3382  3358/3358/3358
f 3403/3403/3403  3357/3357/3357  3383/3383/3383
f 3419/3419/3419  3417/3417/3417  3358/3358/3358
f 3401/3401/3401  3362/3362/3362  3360/3360/3360
f 3425/3425/3425  3361/3361/3361  3363/3363/3363
f 3403/3403/3403  3401/3401/3401  3360/3360/3360
f 3423/3423/3423  3420/3420/3420  3361/3361/3361
f 3425/3425/3425  3423/3423/3423  3361/3361/3361
f 3366/3366/3366  3364/3364/3364  3362/3362/3362
f 3425/3425/3425  3363/3363/3363  3365/3365/3365
f 3401/3401/3401  3366/3366/3366  3362/3362/3362
f 3427/3427/3427  3365/3365/3365  3367/3367/3367
f 3427/3427/3427  3425/3425/3425  3365/3365/3365
f 3399/3399/3399  3368/3368/3368  3366/3366/3366
f 3429/3429/3429  3367/3367/3367  3369/3369/3369
f 3401/3401/3401  3399/3399/3399  3366/3366/3366
f 3429/3429/3429  3427/3427/3427  3367/3367/3367
f 3394/3394/3394  3370/3370/3370  3368/3368/3368
f 3431/3431/3431  3369/3369/3369  3372/3372/3372
f 3397/3397/3397  3394/3394/3394  3368/3368/3368
f 3399/3399/3399  3397/3397/3397  3368/3368/3368
f 3431/3431/3431  3429/3429/3429  3369/3369/3369
f 3392/3392/3392  3373/3373/3373  3370/3370/3370
f 3405/3405/3405  3371/3371/3371  3374/3374/3374
f 3394/3394/3394  3392/3392/3392  3370/3370/3370
f 3431/3431/3431  3372/3372/3372  3406/3406/3406
f 3390/3390/3390  3375/3375/3375  3373/3373/3373
f 3411/3411/3411  3374/3374/3374  3376/3376/3376
f 3392/3392/3392  3390/3390/3390  3373/3373/3373
f 3409/3409/3409  3405/3405/3405  3374/3374/3374
f 3411/3411/3411  3409/3409/3409  3374/3374/3374
f 3379/3379/3379  3377/3377/3377  3375/3375/3375
f 3411/3411/3411  3376/3376/3376  3378/3378/3378
f 3390/3390/3390  3379/3379/3379  3375/3375/3375
f 3413/3413/3413  3378/3378/3378  3380/3380/3380
f 3413/3413/3413  3411/3411/3411  3378/3378/3378
f 3388/3388/3388  3381/3381/3381  3379/3379/3379
f 3415/3415/3415  3380/3380/3380  3382/3382/3382
f 3390/3390/3390  3388/3388/3388  3379/3379/3379
f 3415/3415/3415  3413/3413/3413  3380/3380/3380
f 3386/3386/3386  3383/3383/3383  3381/3381/3381
f 3388/3388/3388  3386/3386/3386  3381/3381/3381
f 3417/3417/3417  3415/3415/3415  3382/3382/3382
f 3918/3918/3918  3385/3385/3385  3387/3387/3387
f 3920/3920/3920  3404/3404/3404  3384/3384/3384
f 3920/3920/3920  3384/3384/3384  3917/3917/3917
f 3914/3914/3914  3387/3387/3387  3389/3389/3389
f 3918/3918/3918  3387/3387/3387  3914/3914/3914
f 3912/3912/3912  3389/3389/3389  3391/3391/3391
f 3914/3914/3914  3389/3389/3389  3912/3912/3912
f 3910/3910/3910  3391/3391/3391  3393/3393/3393
f 3912/3912/3912  3391/3391/3391  3910/3910/3910
f 3908/3908/3908  3393/3393/3393  3396/3396/3396
f 3910/3910/3910  3393/3393/3393  3908/3908/3908
f 3905/3905/3905  3395/3395/3395  3398/3398/3398
f 3908/3908/3908  3396/3396/3396  3906/3906/3906
f 3926/3926/3926  3398/3398/3398  3400/3400/3400
f 3926/3926/3926  3905/3905/3905  3398/3398/3398
f 3924/3924/3924  3400/3400/3400  3402/3402/3402
f 3926/3926/3926  3400/3400/3400  3924/3924/3924
f 3922/3922/3922  3402/3402/3402  3404/3404/3404
f 3924/3924/3924  3402/3402/3402  3922/3922/3922
f 3922/3922/3922  3404/3404/3404  3920/3920/3920
f 3447/3447/3447  3408/3408/3408  3410/3410/3410
f 3444/3444/3444  3432/3432/3432  3407/3407/3407
f 3446/3446/3446  3444/3444/3444  3407/3407/3407
f 3449/3449/3449  3410/3410/3410  3412/3412/3412
f 3449/3449/3449  3447/3447/3447  3410/3410/3410
f 3451/3451/3451  3412/3412/3412  3414/3414/3414
f 3451/3451/3451  3449/3449/3449  3412/3412/3412
f 3453/3453/3453  3414/3414/3414  3416/3416/3416
f 3453/3453/3453  3451/3451/3451  3414/3414/3414
f 3455/3455/3455  3416/3416/3416  3418/3418/3418
f 3455/3455/3455  3453/3453/3453  3416/3416/3416
f 3457/3457/3457  3418/3418/3418  3422/3422/3422
f 3457/3457/3457  3455/3455/3455  3418/3418/3418
f 3433/3433/3433  3421/3421/3421  3424/3424/3424
f 3457/3457/3457  3422/3422/3422  3434/3434/3434
f 3436/3436/3436  3424/3424/3424  3426/3426/3426
f 3436/3436/3436  3433/3433/3433  3424/3424/3424
f 3438/3438/3438  3426/3426/3426  3428/3428/3428
f 3438/3438/3438  3436/3436/3436  3426/3426/3426
f 3440/3440/3440  3428/3428/3428  3430/3430/3430
f 3440/3440/3440  3438/3438/3438  3428/3428/3428
f 3442/3442/3442  3430/3430/3430  3432/3432/3432
f 3442/3442/3442  3440/3440/3440  3430/3430/3430
f 3444/3444/3444  3442/3442/3442  3432/3432/3432
f 3462/3462/3462  3435/3435/3435  3437/3437/3437
f 3485/3485/3485  3458/3458/3458  3435/3435/3435
f 3485/3485/3485  3435/3435/3435  3462/3462/3462
f 3464/3464/3464  3437/3437/3437  3439/3439/3439
f 3464/3464/3464  3462/3462/3462  3437/3437/3437
f 3466/3466/3466  3439/3439/3439  3441/3441/3441
f 3466/3466/3466  3464/3464/3464  3439/3439/3439
f 3468/3468/3468  3441/3441/3441  3443/3443/3443
f 3468/3468/3468  3466/3466/3466  3441/3441/3441
f 3470/3470/3470  3443/3443/3443  3445/3445/3445
f 3470/3470/3470  3468/3468/3468  3443/3443/3443
f 3470/3470/3470  3445/3445/3445  3448/3448/3448
f 3477/3477/3477  3448/3448/3448  3450/3450/3450
f 3477/3477/3477  3470/3470/3470  3448/3448/3448
f 3479/3479/3479  3450/3450/3450  3452/3452/3452
f 3479/3479/3479  3477/3477/3477  3450/3450/3450
f 3481/3481/3481  3452/3452/3452  3454/3454/3454
f 3481/3481/3481  3479/3479/3479  3452/3452/3452
f 3483/3483/3483  3454/3454/3454  3456/3456/3456
f 3483/3483/3483  3481/3481/3481  3454/3454/3454
f 3485/3485/3485  3456/3456/3456  3458/3458/3458
f 3485/3485/3485  3483/3483/3483  3456/3456/3456
f 3487/3487/3487  3462/3462/3462  3459/3459/3459
f 3505/3505/3505  3461/3461/3461  3463/3463/3463
f 3502/3502/3502  3488/3488/3488  3460/3460/3460
f 3504/3504/3504  3502/3502/3502  3460/3460/3460
f 3507/3507/3507  3463/3463/3463  3465/3465/3465
f 3487/3487/3487  3485/3485/3485  3462/3462/3462
f 3507/3507/3507  3505/3505/3505  3463/3463/3463
f 3509/3509/3509  3465/3465/3465  3467/3467/3467
f 3509/3509/3509  3507/3507/3507  3465/3465/3465
f 3511/3511/3511  3467/3467/3467  3469/3469/3469
f 3511/3511/3511  3509/3509/3509  3467/3467/3467
f 3513/3513/3513  3469/3469/3469  3471/3471/3471
f 3513/3513/3513  3511/3511/3511  3469/3469/3469
f 3477/3477/3477  3472/3472/3472  3470/3470/3470
f 3515/3515/3515  3471/3471/3471  3473/3473/3473
f 3515/3515/3515  3513/3513/3513  3471/3471/3471
f 3477/3477/3477  3474/3474/3474  3472/3472/3472
f 3517/3517/3517  3473/3473/3473  3476/3476/3476
f 3517/3517/3517  3515/3515/3515  3473/3473/3473
f 3489/3489/3489  3475/3475/3475  3478/3478/3478
f 3517/3517/3517  3476/3476/3476  3490/3490/3490
f 3492/3492/3492  3478/3478/3478  3480/3480/3480
f 3492/3492/3492  3489/3489/3489  3478/3478/3478
f 3494/3494/3494  3480/3480/3480  3482/3482/3482
f 3494/3494/3494  3492/3492/3492  3480/3480/3480
f 3496/3496/3496  3482/3482/3482  3484/3484/3484
f 3496/3496/3496  3494/3494/3494  3482/3482/3482
f 3498/3498/3498  3484/3484/3484  3486/3486/3486
f 3498/3498/3498  3496/3496/3496  3484/3484/3484
f 3500/3500/3500  3486/3486/3486  3488/3488/3488
f 3500/3500/3500  3498/3498/3498  3486/3486/3486
f 3502/3502/3502  3500/3500/3500  3488/3488/3488
f 3570/3570/3570  3491/3491/3491  3493/3493/3493
f 3568/3568/3568  3518/3518/3518  3491/3491/3491
f 3570/3570/3570  3568/3568/3568  3491/3491/3491
f 3574/3574/3574  3493/3493/3493  3495/3495/3495
f 3572/3572/3572  3570/3570/3570  3493/3493/3493
f 3574/3574/3574  3572/3572/3572  3493/3493/3493
f 3577/3577/3577  3495/3495/3495  3497/3497/3497
f 3577/3577/3577  3574/3574/3574  3495/3495/3495
f 3542/3542/3542  3497/3497/3497  3499/3499/3499
f 3577/3577/3577  3497/3497/3497  3542/3542/3542
f 3545/3545/3545  3499/3499/3499  3501/3501/3501
f 3545/3545/3545  3542/3542/3542  3499/3499/3499
f 3547/3547/3547  3501/3501/3501  3503/3503/3503
f 3547/3547/3547  3545/3545/3545  3501/3501/3501
f 3550/3550/3550  3503/3503/3503  3506/3506/3506
f 3550/3550/3550  3547/3547/3547  3503/3503/3503
f 3552/3552/3552  3506/3506/3506  3508/3508/3508
f 3552/3552/3552  3550/3550/3550  3506/3506/3506
f 3554/3554/3554  3508/3508/3508  3510/3510/3510
f 3554/3554/3554  3552/3552/3552  3508/3508/3508
f 3554/3554/3554  3510/3510/3510  3512/3512/3512
f 3566/3566/3566  3512/3512/3512  3514/3514/3514
f 3556/3556/3556  3554/3554/3554  3512/3512/3512
f 3566/3566/3566  3556/3556/3556  3512/3512/3512
f 3566/3566/3566  3514/3514/3514  3516/3516/3516
f 3568/3568/3568  3516/3516/3516  3518/3518/3518
f 3568/3568/3568  3566/3566/3566  3516/3516/3516
f 3534/3534/3534  3522/3522/3522  3519/3519/3519
f 3622/3622/3622  3521/3521/3521  3523/3523/3523
f 3536/3536/3536  3534/3534/3534  3519/3519/3519
f 3608/3608/3608  3536/3536/3536  3519/3519/3519
f 3608/3608/3608  3519/3519/3519  3582/3582/3582
f 3624/3624/3624  3583/3583/3583  3520/3520/3520
f 3624/3624/3624  3520/3520/3520  3621/3621/3621
f 3531/3531/3531  3524/3524/3524  3522/3522/3522
f 3630/3630/3630  3523/3523/3523  3525/3525/3525
f 3534/3534/3534  3531/3531/3531  3522/3522/3522
f 3630/3630/3630  3622/3622/3622  3523/3523/3523
f 3529/3529/3529  3527/3527/3527  3524/3524/3524
f 3628/3628/3628  3526/3526/3526  3528/3528/3528
f 3531/3531/3531  3529/3529/3529  3524/3524/3524
f 3630/3630/3630  3525/3525/3525  3627/3627/3627
f 3635/3635/3635  3528/3528/3528  3530/3530/3530
f 3635/3635/3635  3628/3628/3628  3528/3528/3528
f 3637/3637/3637  3530/3530/3530  3532/3532/3532
f 3637/3637/3637  3635/3635/3635  3530/3530/3530
f 3633/3633/3633  3533/3533/3533  3535/3535/3535
f 3637/3637/3637  3532/3532/3532  3632/3632/3632
f 3639/3639/3639  3535/3535/3535  3537/3537/3537
f 3639/3639/3639  3633/3633/3633  3535/3535/3535
f 3608/3608/3608  3539/3539/3539  3536/3536/3536
f 3642/3642/3642  3538/3538/3538  3540/3540/3540
f 3641/3641/3641  3639/3639/3639  3537/3537/3537
f 3585/3585/3585  3542/3542/3542  3539/3539/3539
f 3646/3646/3646  3541/3541/3541  3544/3544/3544
f 3588/3588/3588  3585/3585/3585  3539/3539/3539
f 3590/3590/3590  3588/3588/3588  3539/3539/3539
f 3608/3608/3608  3590/3590/3590  3539/3539/3539
f 3644/3644/3644  3642/3642/3642  3540/3540/3540
f 3687/3687/3687  3543/3543/3543  3546/3546/3546
f 3579/3579/3579  3577/3577/3577  3542/3542/3542
f 3599/3599/3599  3579/3579/3579  3542/3542/3542
f 3601/3601/3601  3542/3542/3542  3585/3585/3585
f 3601/3601/3601  3599/3599/3599  3542/3542/3542
f 3688/3688/3688  3646/3646/3646  3544/3544/3544
f 3685/3685/3685  3546/3546/3546  3549/3549/3549
f 3687/3687/3687  3546/3546/3546  3685/3685/3685
f 3682/3682/3682  3548/3548/3548  3551/3551/3551
f 3685/3685/3685  3549/3549/3549  3683/3683/3683
f 3680/3680/3680  3551/3551/3551  3553/3553/3553
f 3682/3682/3682  3551/3551/3551  3680/3680/3680
f 3678/3678/3678  3553/3553/3553  3555/3555/3555
f 3680/3680/3680  3553/3553/3553  3678/3678/3678
f 3674/3674/3674  3555/3555/3555  3557/3557/3557
f 3676/3676/3676  3555/3555/3555  3674/3674/3674
f 3678/3678/3678  3555/3555/3555  3676/3676/3676
f 3564/3564/3564  3558/3558/3558  3556/3556/3556
f 3672/3672/3672  3557/3557/3557  3559/3559/3559
f 3566/3566/3566  3564/3564/3564  3556/3556/3556
f 3674/3674/3674  3557/3557/3557  3672/3672/3672
f 3562/3562/3562  3560/3560/3560  3558/3558/3558
f 3670/3670/3670  3559/3559/3559  3561/3561/3561
f 3564/3564/3564  3562/3562/3562  3558/3558/3558
f 3672/3672/3672  3559/3559/3559  3670/3670/3670
f 3668/3668/3668  3561/3561/3561  3563/3563/3563
f 3670/3670/3670  3561/3561/3561  3668/3668/3668
f 3666/3666/3666  3563/3563/3563  3565/3565/3565
f 3668/3668/3668  3563/3563/3563  3666/3666/3666
f 3664/3664/3664  3565/3565/3565  3567/3567/3567
f 3666/3666/3666  3565/3565/3565  3664/3664/3664
f 3662/3662/3662  3567/3567/3567  3569/3569/3569
f 3664/3664/3664  3567/3567/3567  3662/3662/3662
f 3660/3660/3660  3569/3569/3569  3571/3571/3571
f 3662/3662/3662  3569/3569/3569  3660/3660/3660
f 3658/3658/3658  3571/3571/3571  3573/3573/3573
f 3660/3660/3660  3571/3571/3571  3658/3658/3658
f 3656/3656/3656  3573/3573/3573  3576/3576/3576
f 3658/3658/3658  3573/3573/3573  3656/3656/3656
f 3653/3653/3653  3575/3575/3575  3578/3578/3578
f 3656/3656/3656  3576/3576/3576  3654/3654/3654
f 3651/3651/3651  3578/3578/3578  3581/3581/3581
f 3653/3653/3653  3578/3578/3578  3651/3651/3651
f 3612/3612/3612  3582/3582/3582  3579/3579/3579
f 3648/3648/3648  3580/3580/3580  3584/3584/3584
f 3617/3617/3617  3579/3579/3579  3599/3599/3599
f 3615/3615/3615  3612/3612/3612  3579/3579/3579
f 3617/3617/3617  3615/3615/3615  3579/3579/3579
f 3651/3651/3651  3581/3581/3581  3649/3649/3649
f 3610/3610/3610  3608/3608/3608  3582/3582/3582
f 3612/3612/3612  3610/3610/3610  3582/3582/3582
f 3648/3648/3648  3584/3584/3584  3626/3626/3626
f 3982/3982/3982  3586/3586/3586  3589/3589/3589
f 3985/3985/3985  3602/3602/3602  3587/3587/3587
f 3985/3985/3985  3587/3587/3587  3983/3983/3983
f 3996/3996/3996  3589/3589/3589  3591/3591/3591
f 3998/3998/3998  3982/3982/3982  3589/3589/3589
f 3998/3998/3998  3589/3589/3589  3996/3996/3996
f 3606/3606/3606  3592/3592/3592  3590/3590/3590
f 3994/3994/3994  3591/3591/3591  3593/3593/3593
f 3608/3608/3608  3606/3606/3606  3590/3590/3590
f 3996/3996/3996  3591/3591/3591  3994/3994/3994
f 3603/3603/3603  3594/3594/3594  3592/3592/3592
f 3994/3994/3994  3593/3593/3593  3595/3595/3595
f 3606/3606/3606  3603/3603/3603  3592/3592/3592
f 3619/3619/3619  3597/3597/3597  3594/3594/3594
f 3992/3992/3992  3596/3596/3596  3598/3598/3598
f 3619/3619/3619  3594/3594/3594  3603/3603/3603
f 3994/3994/3994  3595/3595/3595  3991/3991/3991
f 3617/3617/3617  3599/3599/3599  3597/3597/3597
f 3987/3987/3987  3598/3598/3598  3600/3600/3600
f 3619/3619/3619  3617/3617/3617  3597/3597/3597
f 3989/3989/3989  3598/3598/3598  3987/3987/3987
f 3992/3992/3992  3598/3598/3598  3989/3989/3989
f 3985/3985/3985  3600/3600/3600  3602/3602/3602
f 3987/3987/3987  3600/3600/3600  3985/3985/3985
f 3942/3942/3942  3604/3604/3604  3607/3607/3607
f 3945/3945/3945  3620/3620/3620  3605/3605/3605
f 3945/3945/3945  3605/3605/3605  3943/3943/3943
f 3956/3956/3956  3607/3607/3607  3609/3609/3609
f 3958/3958/3958  3942/3942/3942  3607/3607/3607
f 3958/3958/3958  3607/3607/3607  3956/3956/3956
f 3954/3954/3954  3609/3609/3609  3611/3611/3611
f 3956/3956/3956  3609/3609/3609  3954/3954/3954
f 3954/3954/3954  3611/3611/3611  3613/3613/3613
f 3952/3952/3952  3614/3614/3614  3616/3616/3616
f 3954/3954/3954  3613/3613/3613  3951/3951/3951
f 3947/3947/3947  3616/3616/3616  3618/3618/3618
f 3949/3949/3949  3616/3616/3616  3947/3947/3947
f 3952/3952/3952  3616/3616/3616  3949/3949/3949
f 3945/3945/3945  3618/3618/3618  3620/3620/3620
f 3947/3947/3947  3618/3618/3618  3945/3945/3945
f 3696/3696/3696  3625/3625/3625  3623/3623/3623
f 3696/3696/3696  3623/3623/3623  3631/3631/3631
f 3723/3723/3723  3647/3647/3647  3625/3625/3625
f 3730/3730/3730  3625/3625/3625  3696/3696/3696
f 3726/3726/3726  3723/3723/3723  3625/3625/3625
f 3728/3728/3728  3726/3726/3726  3625/3625/3625
f 3730/3730/3730  3728/3728/3728  3625/3625/3625
f 3698/3698/3698  3631/3631/3631  3629/3629/3629
f 3636/3636/3636  3634/3634/3634  3629/3629/3629
f 3640/3640/3640  3629/3629/3629  3634/3634/3634
f 3698/3698/3698  3629/3629/3629  3640/3640/3640
f 3698/3698/3698  3696/3696/3696  3631/3631/3631
f 3638/3638/3638  3634/3634/3634  3636/3636/3636
f 3698/3698/3698  3640/3640/3640  3643/3643/3643
f 3754/3754/3754  3643/3643/3643  3645/3645/3645
f 3700/3700/3700  3698/3698/3698  3643/3643/3643
f 3752/3752/3752  3700/3700/3700  3643/3643/3643
f 3754/3754/3754  3752/3752/3752  3643/3643/3643
f 3756/3756/3756  3645/3645/3645  3686/3686/3686
f 3756/3756/3756  3754/3754/3754  3645/3645/3645
f 3692/3692/3692  3650/3650/3650  3647/3647/3647
f 3694/3694/3694  3692/3692/3692  3647/3647/3647
f 3741/3741/3741  3694/3694/3694  3647/3647/3647
f 3743/3743/3743  3647/3647/3647  3723/3723/3723
f 3743/3743/3743  3741/3741/3741  3647/3647/3647
f 3692/3692/3692  3652/3652/3652  3650/3650/3650
f 3692/3692/3692  3655/3655/3655  3652/3652/3652
f 3689/3689/3689  3657/3657/3657  3655/3655/3655
f 3692/3692/3692  3689/3689/3689  3655/3655/3655
f 3721/3721/3721  3659/3659/3659  3657/3657/3657
f 3721/3721/3721  3657/3657/3657  3689/3689/3689
f 3721/3721/3721  3661/3661/3661  3659/3659/3659
f 3719/3719/3719  3663/3663/3663  3661/3661/3661
f 3721/3721/3721  3719/3719/3719  3661/3661/3661
f 3717/3717/3717  3665/3665/3665  3663/3663/3663
f 3719/3719/3719  3717/3717/3717  3663/3663/3663
f 3669/3669/3669  3667/3667/3667  3665/3665/3665
f 3715/3715/3715  3669/3669/3669  3665/3665/3665
f 3717/3717/3717  3715/3715/3715  3665/3665/3665
f 3715/3715/3715  3671/3671/3671  3669/3669/3669
f 3711/3711/3711  3673/3673/3673  3671/3671/3671
f 3713/3713/3713  3711/3711/3711  3671/3671/3671
f 3715/3715/3715  3713/3713/3713  3671/3671/3671
f 3709/3709/3709  3675/3675/3675  3673/3673/3673
f 3711/3711/3711  3709/3709/3709  3673/3673/3673
f 3706/3706/3706  3677/3677/3677  3675/3675/3675
f 3709/3709/3709  3706/3706/3706  3675/3675/3675
f 3704/3704/3704  3679/3679/3679  3677/3677/3677
f 3706/3706/3706  3704/3704/3704  3677/3677/3677
f 3704/3704/3704  3681/3681/3681  3679/3679/3679
f 3702/3702/3702  3684/3684/3684  3681/3681/3681
f 3704/3704/3704  3702/3702/3702  3681/3681/3681
f 3702/3702/3702  3686/3686/3686  3684/3684/3684
f 3763/3763/3763  3686/3686/3686  3702/3702/3702
f 3759/3759/3759  3756/3756/3756  3686/3686/3686
f 3761/3761/3761  3759/3759/3759  3686/3686/3686
f 3763/3763/3763  3761/3761/3761  3686/3686/3686
f 3786/3786/3786  3691/3691/3691  3693/3693/3693
f 3783/3783/3783  3722/3722/3722  3690/3690/3690
f 3785/3785/3785  3783/3783/3783  3690/3690/3690
f 3791/3791/3791  3693/3693/3693  3695/3695/3695
f 3789/3789/3789  3786/3786/3786  3693/3693/3693
f 3791/3791/3791  3789/3789/3789  3693/3693/3693
f 3732/3732/3732  3696/3696/3696  3694/3694/3694
f 3791/3791/3791  3695/3695/3695  3697/3697/3697
f 3734/3734/3734  3732/3732/3732  3694/3694/3694
f 3737/3737/3737  3734/3734/3734  3694/3694/3694
f 3739/3739/3739  3737/3737/3737  3694/3694/3694
f 3741/3741/3741  3739/3739/3739  3694/3694/3694
f 3793/3793/3793  3697/3697/3697  3699/3699/3699
f 3732/3732/3732  3730/3730/3730  3696/3696/3696
f 3793/3793/3793  3791/3791/3791  3697/3697/3697
f 3795/3795/3795  3699/3699/3699  3701/3701/3701
f 3795/3795/3795  3793/3793/3793  3699/3699/3699
f 3763/3763/3763  3702/3702/3702  3700/3700/3700
f 3799/3799/3799  3701/3701/3701  3703/3703/3703
f 3748/3748/3748  3745/3745/3745  3700/3700/3700
f 3765/3765/3765  3700/3700/3700  3745/3745/3745
f 3750/3750/3750  3748/3748/3748  3700/3700/3700
f 3752/3752/3752  3750/3750/3750  3700/3700/3700
f 3765/3765/3765  3763/3763/3763  3700/3700/3700
f 3797/3797/3797  3795/3795/3795  3701/3701/3701
f 3799/3799/3799  3797/3797/3797  3701/3701/3701
f 3799/3799/3799  3703/3703/3703  3705/3705/3705
f 3801/3801/3801  3705/3705/3705  3708/3708/3708
f 3801/3801/3801  3799/3799/3799  3705/3705/3705
f 3767/3767/3767  3707/3707/3707  3710/3710/3710
f 3801/3801/3801  3708/3708/3708  3768/3768/3768
f 3773/3773/3773  3710/3710/3710  3712/3712/3712
f 3771/3771/3771  3767/3767/3767  3710/3710/3710
f 3773/3773/3773  3771/3771/3771  3710/3710/3710
f 3773/3773/3773  3712/3712/3712  3714/3714/3714
f 3775/3775/3775  3714/3714/3714  3716/3716/3716
f 3775/3775/3775  3773/3773/3773  3714/3714/3714
f 3777/3777/3777  3716/3716/3716  3718/3718/3718
f 3777/3777/3777  3775/3775/3775  3716/3716/3716
f 3781/3781/3781  3718/3718/3718  3720/3720/3720
f 3779/3779/3779  3777/3777/3777  3718/3718/3718
f 3781/3781/3781  3779/3779/3779  3718/3718/3718
f 3781/3781/3781  3720/3720/3720  3722/3722/3722
f 3783/3783/3783  3781/3781/3781  3722/3722/3722
f 3940/3940/3940  3725/3725/3725  3727/3727/3727
f 3936/3936/3936  3744/3744/3744  3724/3724/3724
f 3938/3938/3938  3936/3936/3936  3724/3724/3724
f 3966/3966/3966  3727/3727/3727  3729/3729/3729
f 3966/3966/3966  3940/3940/3940  3727/3727/3727
f 3964/3964/3964  3729/3729/3729  3731/3731/3731
f 3966/3966/3966  3729/3729/3729  3964/3964/3964
f 3962/3962/3962  3731/3731/3731  3733/3733/3733
f 3964/3964/3964  3731/3731/3731  3962/3962/3962
f 3960/3960/3960  3733/3733/3733  3736/3736/3736
f 3962/3962/3962  3733/3733/3733  3960/3960/3960
f 3927/3927/3927  3735/3735/3735  3738/3738/3738
f 3960/3960/3960  3736/3736/3736  3929/3929/3929
f 3930/3930/3930  3738/3738/3738  3740/3740/3740
f 3930/3930/3930  3927/3927/3927  3738/3738/3738
f 3932/3932/3932  3740/3740/3740  3742/3742/3742
f 3932/3932/3932  3930/3930/3930  3740/3740/3740
f 3934/3934/3934  3742/3742/3742  3744/3744/3744
f 3934/3934/3934  3932/3932/3932  3742/3742/3742
f 3936/3936/3936  3934/3934/3934  3744/3744/3744
f 3980/3980/3980  3747/3747/3747  3749/3749/3749
f 3976/3976/3976  3766/3766/3766  3746/3746/3746
f 3978/3978/3978  3976/3976/3976  3746/3746/3746
f 4006/4006/4006  3749/3749/3749  3751/3751/3751
f 4006/4006/4006  3980/3980/3980  3749/3749/3749
f 4004/4004/4004  3751/3751/3751  3753/3753/3753
f 4006/4006/4006  3751/3751/3751  4004/4004/4004
f 4002/4002/4002  3753/3753/3753  3755/3755/3755
f 4004/4004/4004  3753/3753/3753  4002/4002/4002
f 4000/4000/4000  3755/3755/3755  3758/3758/3758
f 4002/4002/4002  3755/3755/3755  4000/4000/4000
f 3967/3967/3967  3757/3757/3757  3760/3760/3760
f 4000/4000/4000  3758/3758/3758  3969/3969/3969
f 3970/3970/3970  3760/3760/3760  3762/3762/3762
f 3970/3970/3970  3967/3967/3967  3760/3760/3760
f 3972/3972/3972  3762/3762/3762  3764/3764/3764
f 3972/3972/3972  3970/3970/3970  3762/3762/3762
f 3974/3974/3974  3764/3764/3764  3766/3766/3766
f 3974/3974/3974  3972/3972/3972  3764/3764/3764
f 3976/3976/3976  3974/3974/3974  3766/3766/3766
f 3821/3821/3821  3770/3770/3770  3772/3772/3772
f 3818/3818/3818  3802/3802/3802  3769/3769/3769
f 3820/3820/3820  3818/3818/3818  3769/3769/3769
f 3823/3823/3823  3772/3772/3772  3774/3774/3774
f 3823/3823/3823  3821/3821/3821  3772/3772/3772
f 3825/3825/3825  3774/3774/3774  3776/3776/3776
f 3825/3825/3825  3823/3823/3823  3774/3774/3774
f 3827/3827/3827  3776/3776/3776  3778/3778/3778
f 3827/3827/3827  3825/3825/3825  3776/3776/3776
f 3829/3829/3829  3778/3778/3778  3780/3780/3780
f 3829/3829/3829  3827/3827/3827  3778/3778/3778
f 3833/3833/3833  3780/3780/3780  3782/3782/3782
f 3831/3831/3831  3829/3829/3829  3780/3780/3780
f 3833/3833/3833  3831/3831/3831  3780/3780/3780
f 3835/3835/3835  3782/3782/3782  3784/3784/3784
f 3835/3835/3835  3833/3833/3833  3782/3782/3782
f 3835/3835/3835  3784/3784/3784  3788/3788/3788
f 3803/3803/3803  3787/3787/3787  3790/3790/3790
f 3835/3835/3835  3788/3788/3788  3804/3804/3804
f 3806/3806/3806  3790/3790/3790  3792/3792/3792
f 3806/3806/3806  3803/3803/3803  3790/3790/3790
f 3808/3808/3808  3792/3792/3792  3794/3794/3794
f 3808/3808/3808  3806/3806/3806  3792/3792/3792
f 3810/3810/3810  3794/3794/3794  3796/3796/3796
f 3810/3810/3810  3808/3808/3808  3794/3794/3794
f 3812/3812/3812  3796/3796/3796  3798/3798/3798
f 3812/3812/3812  3810/3810/3810  3796/3796/3796
f 3816/3816/3816  3798/3798/3798  3800/3800/3800
f 3814/3814/3814  3812/3812/3812  3798/3798/3798
f 3816/3816/3816  3814/3814/3814  3798/3798/3798
f 3818/3818/3818  3800/3800/3800  3802/3802/3802
f 3818/3818/3818  3816/3816/3816  3800/3800/3800
f 3837/3837/3837  3805/3805/3805  3807/3807/3807
f 3857/3857/3857  3836/3836/3836  3805/3805/3805
f 3857/3857/3857  3805/3805/3805  3837/3837/3837
f 3842/3842/3842  3807/3807/3807  3809/3809/3809
f 3840/3840/3840  3837/3837/3837  3807/3807/3807
f 3842/3842/3842  3840/3840/3840  3807/3807/3807
f 3817/3817/3817  3809/3809/3809  3811/3811/3811
f 3819/3819/3819  3809/3809/3809  3817/3817/3817
f 3844/3844/3844  3809/3809/3809  3819/3819/3819
f 3844/3844/3844  3842/3842/3842  3809/3809/3809
f 3815/3815/3815  3811/3811/3811  3813/3813/3813
f 3817/3817/3817  3811/3811/3811  3815/3815/3815
f 3846/3846/3846  3819/3819/3819  3822/3822/3822
f 3846/3846/3846  3844/3844/3844  3819/3819/3819
f 3848/3848/3848  3822/3822/3822  3824/3824/3824
f 3848/3848/3848  3846/3846/3846  3822/3822/3822
f 3853/3853/3853  3824/3824/3824  3826/3826/3826
f 3851/3851/3851  3848/3848/3848  3824/3824/3824
f 3853/3853/3853  3851/3851/3851  3824/3824/3824
f 3834/3834/3834  3826/3826/3826  3828/3828/3828
f 3836/3836/3836  3826/3826/3826  3834/3834/3834
f 3855/3855/3855  3826/3826/3826  3836/3836/3836
f 3855/3855/3855  3853/3853/3853  3826/3826/3826
f 3832/3832/3832  3828/3828/3828  3830/3830/3830
f 3834/3834/3834  3828/3828/3828  3832/3832/3832
f 3857/3857/3857  3855/3855/3855  3836/3836/3836
f 3871/3871/3871  3839/3839/3839  3841/3841/3841
f 3868/3868/3868  3858/3858/3858  3838/3838/3838
f 3870/3870/3870  3868/3868/3868  3838/3838/3838
f 3873/3873/3873  3841/3841/3841  3843/3843/3843
f 3873/3873/3873  3871/3871/3871  3841/3841/3841
f 3875/3875/3875  3843/3843/3843  3845/3845/3845
f 3875/3875/3875  3873/3873/3873  3843/3843/3843
f 3877/3877/3877  3845/3845/3845  3847/3847/3847
f 3877/3877/3877  3875/3875/3875  3845/3845/3845
f 3879/3879/3879  3847/3847/3847  3850/3850/3850
f 3879/3879/3879  3877/3877/3877  3847/3847/3847
f 3859/3859/3859  3849/3849/3849  3852/3852/3852
f 3879/3879/3879  3850/3850/3850  3860/3860/3860
f 3862/3862/3862  3852/3852/3852  3854/3854/3854
f 3862/3862/3862  3859/3859/3859  3852/3852/3852
f 3864/3864/3864  3854/3854/3854  3856/3856/3856
f 3864/3864/3864  3862/3862/3862  3854/3854/3854
f 3866/3866/3866  3856/3856/3856  3858/3858/3858
f 3866/3866/3866  3864/3864/3864  3856/3856/3856
f 3868/3868/3868  3866/3866/3866  3858/3858/3858
f 3881/3881/3881  3861/3861/3861  3863/3863/3863
f 3881/3881/3881  3880/3880/3880  3861/3861/3861
f 3884/3884/3884  3863/3863/3863  3865/3865/3865
f 3884/3884/3884  3881/3881/3881  3863/3863/3863
f 3886/3886/3886  3865/3865/3865  3867/3867/3867
f 3886/3886/3886  3884/3884/3884  3865/3865/3865
f 3890/3890/3890  3867/3867/3867  3869/3869/3869
f 3888/3888/3888  3886/3886/3886  3867/3867/3867
f 3890/3890/3890  3888/3888/3888  3867/3867/3867
f 3892/3892/3892  3869/3869/3869  3872/3872/3872
f 3892/3892/3892  3890/3890/3890  3869/3869/3869
f 3892/3892/3892  3872/3872/3872  3874/3874/3874
f 3895/3895/3895  3874/3874/3874  3876/3876/3876
f 3895/3895/3895  3892/3892/3892  3874/3874/3874
f 3897/3897/3897  3876/3876/3876  3878/3878/3878
f 3897/3897/3897  3895/3895/3895  3876/3876/3876
f 3901/3901/3901  3878/3878/3878  3880/3880/3880
f 3899/3899/3899  3897/3897/3897  3878/3878/3878
f 3901/3901/3901  3899/3899/3899  3878/3878/3878
f 3901/3901/3901  3880/3880/3880  3881/3881/3881
f 3916/3916/3916  3883/3883/3883  3885/3885/3885
f 3913/3913/3913  3902/3902/3902  3882/3882/3882
f 3915/3915/3915  3913/3913/3913  3882/3882/3882
f 3919/3919/3919  3885/3885/3885  3887/3887/3887
f 3919/3919/3919  3916/3916/3916  3885/3885/3885
f 3921/3921/3921  3887/3887/3887  3889/3889/3889
f 3921/3921/3921  3919/3919/3919  3887/3887/3887
f 3923/3923/3923  3889/3889/3889  3891/3891/3891
f 3923/3923/3923  3921/3921/3921  3889/3889/3889
f 3925/3925/3925  3891/3891/3891  3894/3894/3894
f 3925/3925/3925  3923/3923/3923  3891/3891/3891
f 3903/3903/3903  3893/3893/3893  3896/3896/3896
f 3925/3925/3925  3894/3894/3894  3904/3904/3904
f 3907/3907/3907  3896/3896/3896  3898/3898/3898
f 3907/3907/3907  3903/3903/3903  3896/3896/3896
f 3909/3909/3909  3898/3898/3898  3900/3900/3900
f 3909/3909/3909  3907/3907/3907  3898/3898/3898
f 3911/3911/3911  3900/3900/3900  3902/3902/3902
f 3911/3911/3911  3909/3909/3909  3900/3900/3900
f 3913/3913/3913  3911/3911/3911  3902/3902/3902
f 3944/3944/3944  3928/3928/3928  3931/3931/3931
f 3957/3957/3957  3928/3928/3928  3944/3944/3944
f 3959/3959/3959  3928/3928/3928  3957/3957/3957
f 3944/3944/3944  3931/3931/3931  3933/3933/3933
f 3946/3946/3946  3933/3933/3933  3935/3935/3935
f 3946/3946/3946  3944/3944/3944  3933/3933/3933
f 3948/3948/3948  3935/3935/3935  3937/3937/3937
f 3948/3948/3948  3946/3946/3946  3935/3935/3935
f 3948/3948/3948  3937/3937/3937  3939/3939/3939
f 3953/3953/3953  3948/3948/3948  3939/3939/3939
f 3965/3965/3965  3953/3953/3953  3939/3939/3939
f 3957/3957/3957  3944/3944/3944  3941/3941/3941
f 3953/3953/3953  3950/3950/3950  3948/3948/3948
f 3963/3963/3963  3955/3955/3955  3953/3953/3953
f 3965/3965/3965  3963/3963/3963  3953/3953/3953
f 3961/3961/3961  3957/3957/3957  3955/3955/3955
f 3963/3963/3963  3961/3961/3961  3955/3955/3955
f 3961/3961/3961  3959/3959/3959  3957/3957/3957
f 3984/3984/3984  3968/3968/3968  3971/3971/3971
f 3997/3997/3997  3968/3968/3968  3984/3984/3984
f 3999/3999/3999  3968/3968/3968  3997/3997/3997
f 3984/3984/3984  3971/3971/3971  3973/3973/3973
f 3986/3986/3986  3973/3973/3973  3975/3975/3975
f 3986/3986/3986  3984/3984/3984  3973/3973/3973
f 3988/3988/3988  3975/3975/3975  3977/3977/3977
f 3988/3988/3988  3986/3986/3986  3975/3975/3975
f 3988/3988/3988  3977/3977/3977  3979/3979/3979
f 3993/3993/3993  3988/3988/3988  3979/3979/3979
f 4005/4005/4005  3993/3993/3993  3979/3979/3979
f 3997/3997/3997  3984/3984/3984  3981/3981/3981
f 3993/3993/3993  3990/3990/3990  3988/3988/3988
f 4003/4003/4003  3995/3995/3995  3993/3993/3993
f 4005/4005/4005  4003/4003/4003  3993/3993/3993
f 4001/4001/4001  3997/3997/3997  3995/3995/3995
f 4003/4003/4003  4001/4001/4001  3995/3995/3995
f 4001/4001/4001  3999/3999/3999  3997/3997/3997

v  16.250000 30.500000 -0.000000
v  16.250000 30.500000 -0.000000
v  16.250000 30.500000 -0.000000
v  16.250000 29.505103 4.987571
v  16.250000 29.505103 4.987571
v  16.250000 26.685707 9.198964
v  16.250000 26.685707 9.198964
v  16.250000 22.475963 12.009888
v  16.250000 22.475963 12.009888
v  16.250000 17.504071 12.999892
v  16.250000 17.504071 12.999892
v  16.250000 12.523697 12.009743
v  16.250000 12.523697 12.009743
v  16.250000 8.307641 9.192308
v  16.250000 8.307641 9.192308
v  16.250000 5.490795 4.977719
v  16.250000 5.490795 4.977719
v  16.250000 4.500000 -0.000000
v  16.250000 4.500000 -0.000000
v  16.250000 4.500000 -0.000000
v  16.250000 5.494897 -4.987571
v  16.250000 5.494897 -4.987571
v  16.250000 8.314293 -9.198964
v  16.250000 8.314293 -9.198964
v  16.250000 12.524037 -12.009888
v  16.250000 12.524037 -12.009888
v  16.250000 17.495929 -12.999892
v  16.250000 17.495929 -12.999892
v  16.250000 22.476303 -12.009743
v  16.250000 22.476303 -12.009743
v  16.250000 26.692359 -9.192308
v  16.250000 26.692359 -9.192308
v  16.250000 29.509205 -4.977719
v  16.250000 29.509205 -4.977719
v  16.250000 17.500000 -12.000000
v  16.250000 17.500000 -12.000000
v  16.250000 17.500000 -12.000000
v  16.250000 12.895015 -11.081180
v  16.250000 12.895015 -11.081180
v  16.250000 9.008005 -8.478474
v  16.250000 9.008005 -8.478474
v  16.250000 6.413800 -4.592880
v  16.250000 6.413800 -4.592880
v  16.250000 5.500104 -0.001504
v  16.250000 5.500104 -0.001504
v  16.250000 6.414956 4.595672
v  16.250000 6.414956 4.595672
v  16.250000 9.014685 8.485145
v  16.250000 9.014685 8.485145
v  16.250000 12.904528 11.085141
v  16.250000 12.904528 11.085141
v  16.250000 17.500000 12.000000
v  16.250000 17.500000 12.000000
v  16.250000 17.500000 12.000000
v  16.250000 22.104985 11.081180
v  16.250000 22.104985 11.081180
v  16.250000 25.991995 8.478474
v  16.250000 25.991995 8.478474
v  16.250000 28.586200 4.592880
v  16.250000 28.586200 4.592880
v  16.250000 29.499896 0.001504
v  16.250000 29.499896 0.001504
v  16.250000 28.585044 -4.595672
v  16.250000 28.585044 -4.595672
v  16.250000 25.985315 -8.485145
v  16.250000 25.985315 -8.485145
v  16.250000 22.095472 -11.085141
v  16.250000 22.095472 -11.085141
v  19.750000 4.500000 0.000000
v  19.750000 4.500000 0.000000
v  19.750000 4.500000 0.000000
v  19.750000 5.490795 -4.977719
v  19.750000 5.490795 -4.977719
v  19.750000 8.307641 -9.192308
v  19.750000 8.307641 -9.192308
v  19.750000 12.523697 -12.009743
v  19.750000 12.523697 -12.009743
v  19.750000 17.504071 -12.999892
v  19.750000 17.504071 -12.999892
v  19.750000 22.475963 -12.009888
v  19.750000 22.475963 -12.009888
v  19.750000 26.685707 -9.198964
v  19.750000 26.685707 -9.198964
v  19.750000 29.505103 -4.987571
v  19.750000 29.505103 -4.987571
v  19.750000 30.500000 -0.000000
v  19.750000 30.500000 -0.000000
v  19.750000 30.500000 -0.000000
v  19.750000 29.509205 4.977719
v  19.750000 29.509205 4.977719
v  19.750000 26.692359 9.192308
v  19.750000 26.692359 9.192308
v  19.750000 22.476303 12.009743
v  19.750000 22.476303 12.009743
v  19.750000 17.495929 12.999892
v  19.750000 17.495929 12.999892
v  19.750000 12.524037 12.009888
v  19.750000 12.524037 12.009888
v  19.750000 8.314293 9.198964
v  19.750000 8.314293 9.198964
v  19.750000 5.494897 4.987571
v  19.750000 5.494897 4.987571
v  18.850000 17.500000 12.000000
v  18.850000 17.500000 12.000000
v  18.850000 17.500000 12.000000
v  18.850000 22.095472 11.085141
v  18.850000 22.095472 11.085141
v  18.850000 25.985315 8.485145
v  18.850000 25.985315 8.485145
v  18.850000 28.585044 4.595672
v  18.850000 28.585044 4.595672
v  18.850000 29.499896 -0.001504
v  18.850000 29.499896 -0.001504
v  18.850000 28.586200 -4.592880
v  18.850000 28.586200 -4.592880
v  18.850000 25.991995 -8.478474
v  18.850000 25.991995 -8.478474
v  18.850000 22.104985 -11.081180
v  18.850000 22.104985 -11.081180
v  18.850000 17.500000 -12.000000
v  18.850000 17.500000 -12.000000
v  18.850000 17.500000 -12.000000
v  18.850000 12.904528 -11.085141
v  18.850000 12.904528 -11.085141
v  18.850000 9.014685 -8.485145
v  18.850000 9.014685 -8.485145
v  18.850000 6.414956 -4.595672
v  18.850000 6.414956 -4.595672
v  18.850000 5.500104 0.001504
v  18.850000 5.500104 0.001504
v  18.850000 6.413800 4.592880
v  18.850000 6.413800 4.592880
v  18.850000 9.008005 8.478474
v  18.850000 9.008005 8.478474
v  18.850000 12.895015 11.081180
v  18.850000 12.895015 11.081180

vt  0.857241 0.500000 0.000000
vt  0.857241 0.500000 0.000000
vt  0.857241 0.500000 0.000000
vt  0.843352 0.638784 0.000000
vt  0.843352 0.638784 0.000000
vt  0.799805 0.770327 0.000000
vt  0.799805 0.770327 0.000000
vt  0.720780 0.885804 0.000000
vt  0.720780 0.885804 0.000000
vt  0.598511 0.970585 0.000000
vt  0.598511 0.970585 0.000000
vt  0.432588 1.000000 0.000000
vt  0.432588 1.000000 0.000000
vt  0.248575 0.940503 0.000000
vt  0.248575 0.940503 0.000000
vt  0.101827 0.766656 0.000000
vt  0.101827 0.766656 0.000000
vt  0.046130 0.500000 0.000000
vt  0.046130 0.500000 0.000000
vt  0.046130 0.500000 0.000000
vt  0.102053 0.232864 0.000000
vt  0.102053 0.232864 0.000000
vt  0.248900 0.059287 0.000000
vt  0.248900 0.059287 0.000000
vt  0.432601 0.000000 0.000000
vt  0.432601 0.000000 0.000000
vt  0.598279 0.029316 0.000000
vt  0.598279 0.029316 0.000000
vt  0.720787 0.114205 0.000000
vt  0.720787 0.114205 0.000000
vt  0.799916 0.229905 0.000000
vt  0.799916 0.229905 0.000000
vt  0.843411 0.361501 0.000000
vt  0.843411 0.361501 0.000000
vt  0.598395 0.060394 0.000000
vt  0.598395 0.060394 0.000000
vt  0.598395 0.060394 0.000000
vt  0.446765 0.036817 0.000000
vt  0.446765 0.036817 0.000000
vt  0.282145 0.095826 0.000000
vt  0.282145 0.095826 0.000000
vt  0.151901 0.257287 0.000000
vt  0.151901 0.257287 0.000000
vt  0.102341 0.499918 0.000000
vt  0.102341 0.499918 0.000000
vt  0.151963 0.742849 0.000000
vt  0.151963 0.742849 0.000000
vt  0.282459 0.904393 0.000000
vt  0.282459 0.904393 0.000000
vt  0.447125 0.963212 0.000000
vt  0.447125 0.963212 0.000000
vt  0.598395 0.939607 0.000000
vt  0.598395 0.939607 0.000000
vt  0.598395 0.939607 0.000000
vt  0.712858 0.862409 0.000000
vt  0.712858 0.862409 0.000000
vt  0.788035 0.754760 0.000000
vt  0.788035 0.754760 0.000000
vt  0.829870 0.631022 0.000000
vt  0.829870 0.631022 0.000000
vt  0.843278 0.500043 0.000000
vt  0.843278 0.500043 0.000000
vt  0.829853 0.368896 0.000000
vt  0.829853 0.368896 0.000000
vt  0.787919 0.245005 0.000000
vt  0.787919 0.245005 0.000000
vt  0.712652 0.137383 0.000000
vt  0.712652 0.137383 0.000000
vt  0.000000 0.500000 0.000000
vt  0.000000 0.500000 0.000000
vt  0.000000 0.500000 0.000000
vt  0.047143 0.275100 0.000000
vt  0.047143 0.275100 0.000000
vt  0.174148 0.117381 0.000000
vt  0.174148 0.117381 0.000000
vt  0.341101 0.052096 0.000000
vt  0.341101 0.052096 0.000000
vt  0.501161 0.067877 0.000000
vt  0.501161 0.067877 0.000000
vt  0.625842 0.139629 0.000000
vt  0.625842 0.139629 0.000000
vt  0.709640 0.244808 0.000000
vt  0.709640 0.244808 0.000000
vt  0.756897 0.368240 0.000000
vt  0.756897 0.368240 0.000000
vt  0.772128 0.500000 0.000000
vt  0.772128 0.500000 0.000000
vt  0.772128 0.500000 0.000000
vt  0.756961 0.631491 0.000000
vt  0.756961 0.631491 0.000000
vt  0.709759 0.754978 0.000000
vt  0.709759 0.754978 0.000000
vt  0.625849 0.860365 0.000000
vt  0.625849 0.860365 0.000000
vt  0.500930 0.932201 0.000000
vt  0.500930 0.932201 0.000000
vt  0.341113 0.947906 0.000000
vt  0.341113 0.947906 0.000000
vt  0.174434 0.882826 0.000000
vt  0.174434 0.882826 0.000000
vt  0.047336 0.725317 0.000000
vt  0.047336 0.725317 0.000000
vt  0.524253 0.912126 0.000000
vt  0.524253 0.912126 0.000000
vt  0.524253 0.912126 0.000000
vt  0.640472 0.844227 0.000000
vt  0.640472 0.844227 0.000000
vt  0.719196 0.743962 0.000000
vt  0.719196 0.743962 0.000000
vt  0.763793 0.625962 0.000000
vt  0.763793 0.625962 0.000000
vt  0.778180 0.499960 0.000000
vt  0.778180 0.499960 0.000000
vt  0.763811 0.374118 0.000000
vt  0.763811 0.374118 0.000000
vt  0.719318 0.256261 0.000000
vt  0.719318 0.256261 0.000000
vt  0.640685 0.155965 0.000000
vt  0.640685 0.155965 0.000000
vt  0.524253 0.087875 0.000000
vt  0.524253 0.087875 0.000000
vt  0.524253 0.087875 0.000000
vt  0.376285 0.073473 0.000000
vt  0.376285 0.073473 0.000000
vt  0.222059 0.135817 0.000000
vt  0.222059 0.135817 0.000000
vt  0.103998 0.285849 0.000000
vt  0.103998 0.285849 0.000000
vt  0.059877 0.500073 0.000000
vt  0.059877 0.500073 0.000000
vt  0.103943 0.714030 0.000000
vt  0.103943 0.714030 0.000000
vt  0.221770 0.863971 0.000000
vt  0.221770 0.863971 0.000000
vt  0.375942 0.926482 0.000000
vt  0.375942 0.926482 0.000000

vn  -1.000000 0.000000 0.000000
vn  0.000000 1.000000 -0.000000
vn  0.000000 1.000000 0.000000
vn  -1.000000 0.000000 0.000000
vn  0.000000 0.923487 0.383629
vn  -1.000000 0.000000 0.000000
vn  0.000000 0.706625 0.707589
vn  -1.000000 0.000000 0.000000
vn  0.000000 0.382792 0.923834
vn  -1.000000 0.000000 0.000000
vn  0.000000 0.000313 1.000000
vn  -1.000000 0.000000 0.000000
vn  0.000000 -0.382819 0.923823
vn  -1.000000 0.000000 0.000000
vn  0.000000 -0.707137 0.707077
vn  -1.000000 0.000000 0.000000
vn  0.000000 -0.923802 0.382871
vn  -1.000000 0.000000 0.000000
vn  0.000000 -1.000000 0.000000
vn  0.000000 -1.000000 0.000000
vn  -1.000000 0.000000 0.000000
vn  0.000000 -0.923487 -0.383629
vn  -1.000000 0.000000 0.000000
vn  0.000000 -0.706625 -0.707589
vn  -1.000000 0.000000 0.000000
vn  0.000000 -0.382792 -0.923834
vn  -1.000000 0.000000 0.000000
vn  0.000000 -0.000313 -1.000000
vn  -1.000000 0.000000 0.000000
vn  0.000000 0.382819 -0.923823
vn  -1.000000 0.000000 0.000000
vn  0.000000 0.707137 -0.707077
vn  -1.000000 0.000000 0.000000
vn  0.000000 0.923802 -0.382871
vn  -1.000000 0.000000 0.000000
vn  0.000000 -0.000000 1.000000
vn  0.000000 0.000000 1.000000
vn  -1.000000 0.000000 0.000000
vn  0.000000 0.383719 0.923450
vn  -1.000000 0.000000 0.000000
vn  0.000000 0.707642 0.706571
vn  -1.000000 0.000000 0.000000
vn  0.000000 0.923846 0.382765
vn  -1.000000 0.000000 0.000000
vn  0.000000 1.000000 0.000126
vn  -1.000000 0.000000 0.000000
vn  0.000000 0.923749 -0.382998
vn  -1.000000 0.000000 0.000000
vn  0.000000 0.707086 -0.707128
vn  -1.000000 0.000000 0.000000
vn  0.000000 0.382926 -0.923779
vn  -1.000000 0.000000 0.000000
vn  0.000000 0.000000 -1.000000
vn  0.000000 0.000000 -1.000000
vn  -1.000000 0.000000 0.000000
vn  0.000000 -0.383719 -0.923450
vn  -1.000000 0.000000 0.000000
vn  0.000000 -0.707642 -0.706571
vn  -1.000000 0.000000 0.000000
vn  0.000000 -0.923846 -0.382765
vn  -1.000000 0.000000 0.000000
vn  0.000000 -1.000000 -0.000126
vn  -1.000000 0.000000 0.000000
vn  0.000000 -0.923749 0.382998
vn  -1.000000 0.000000 0.000000
vn  0.000000 -0.707086 0.707128
vn  -1.000000 0.000000 0.000000
vn  0.000000 -0.382926 0.923779
vn  0.000000 -1.000000 0.000000
vn  0.000000 -1.000000 0.000000
vn  1.000000 0.000000 0.000000
vn  0.000000 -0.923802 -0.382871
vn  1.000000 0.000000 0.000000
vn  0.000000 -0.707137 -0.707077
vn  1.000000 0.000000 0.000000
vn  0.000000 -0.382819 -0.923823
vn  1.000000 0.000000 0.000000
vn  0.000000 0.000313 -1.000000
vn  1.000000 0.000000 0.000000
vn  0.000000 0.382792 -0.923834
vn  1.000000 0.000000 0.000000
vn  0.000000 0.706625 -0.707589
vn  1.000000 0.000000 0.000000
vn  0.000000 0.923487 -0.383629
vn  1.000000 0.000000 0.000000
vn  0.000000 1.000000 -0.000000
vn  0.000000 1.000000 0.000000
vn  1.000000 0.000000 0.000000
vn  0.000000 0.923802 0.382871
vn  1.000000 0.000000 0.000000
vn  0.000000 0.707137 0.707077
vn  1.000000 0.000000 0.000000
vn  0.000000 0.382819 0.923823
vn  1.000000 0.000000 0.000000
vn  0.000000 -0.000313 1.000000
vn  1.000000 0.000000 0.000000
vn  0.000000 -0.382792 0.923834
vn  1.000000 0.000000 0.000000
vn  0.000000 -0.706625 0.707589
vn  1.000000 0.000000 0.000000
vn  0.000000 -0.923487 0.383629
vn  1.000000 0.000000 0.000000
vn  0.000000 0.000000 -1.000000
vn  0.000000 0.000000 -1.000000
vn  -1.000000 0.000000 0.000000
vn  0.000000 -0.382926 -0.923779
vn  -1.000000 0.000000 0.000000
vn  0.000000 -0.707086 -0.707128
vn  -1.000000 0.000000 0.000000
vn  0.000000 -0.923749 -0.382998
vn  -1.000000 0.000000 0.000000
vn  0.000000 -1.000000 0.000126
vn  -1.000000 0.000000 0.000000
vn  0.000000 -0.923846 0.382765
vn  -1.000000 0.000000 0.000000
vn  0.000000 -0.707642 0.706571
vn  -1.000000 0.000000 0.000000
vn  0.000000 -0.383719 0.923450
vn  -1.000000 0.000000 0.000000
vn  0.000000 -0.000000 1.000000
vn  0.000000 0.000000 1.000000
vn  -1.000000 0.000000 0.000000
vn  0.000000 0.382926 0.923779
vn  -1.000000 0.000000 0.000000
vn  0.000000 0.707086 0.707128
vn  -1.000000 0.000000 0.000000
vn  0.000000 0.923749 0.382998
vn  -1.000000 0.000000 0.000000
vn  0.000000 1.000000 -0.000126
vn  -1.000000 0.000000 0.000000
vn  0.000000 0.923846 -0.382765
vn  -1.000000 0.000000 0.000000
vn  0.000000 0.707642 -0.706571
vn  -1.000000 0.000000 0.000000
vn  0.000000 0.383719 -0.923450
vn  -1.000000 0.000000 0.000000


g 5
f 4065/4065/4065  4010/4010/4010  4007/4007/4007
f 4093/4093/4093  4009/4009/4009  4011/4011/4011
f 4069/4069/4069  4007/4007/4007  4039/4039/4039
f 4090/4090/4090  4040/4040/4040  4008/4008/4008
f 4067/4067/4067  4065/4065/4065  4007/4007/4007
f 4069/4069/4069  4067/4067/4067  4007/4007/4007
f 4092/4092/4092  4090/4090/4090  4008/4008/4008
f 4063/4063/4063  4012/4012/4012  4010/4010/4010
f 4097/4097/4097  4011/4011/4011  4013/4013/4013
f 4065/4065/4065  4063/4063/4063  4010/4010/4010
f 4095/4095/4095  4093/4093/4093  4011/4011/4011
f 4097/4097/4097  4095/4095/4095  4011/4011/4011
f 4061/4061/4061  4014/4014/4014  4012/4012/4012
f 4099/4099/4099  4013/4013/4013  4015/4015/4015
f 4063/4063/4063  4061/4061/4061  4012/4012/4012
f 4099/4099/4099  4097/4097/4097  4013/4013/4013
f 4018/4018/4018  4016/4016/4016  4014/4014/4014
f 4099/4099/4099  4015/4015/4015  4017/4017/4017
f 4058/4058/4058  4018/4018/4018  4014/4014/4014
f 4061/4061/4061  4058/4058/4058  4014/4014/4014
f 4101/4101/4101  4017/4017/4017  4019/4019/4019
f 4101/4101/4101  4099/4099/4099  4017/4017/4017
f 4056/4056/4056  4020/4020/4020  4018/4018/4018
f 4105/4105/4105  4019/4019/4019  4021/4021/4021
f 4058/4058/4058  4056/4056/4056  4018/4018/4018
f 4103/4103/4103  4101/4101/4101  4019/4019/4019
f 4105/4105/4105  4103/4103/4103  4019/4019/4019
f 4054/4054/4054  4022/4022/4022  4020/4020/4020
f 4107/4107/4107  4021/4021/4021  4023/4023/4023
f 4056/4056/4056  4054/4054/4054  4020/4020/4020
f 4107/4107/4107  4105/4105/4105  4021/4021/4021
f 4052/4052/4052  4024/4024/4024  4022/4022/4022
f 4107/4107/4107  4023/4023/4023  4026/4026/4026
f 4054/4054/4054  4052/4052/4052  4022/4022/4022
f 4048/4048/4048  4027/4027/4027  4024/4024/4024
f 4075/4075/4075  4025/4025/4025  4028/4028/4028
f 4050/4050/4050  4048/4048/4048  4024/4024/4024
f 4052/4052/4052  4050/4050/4050  4024/4024/4024
f 4107/4107/4107  4026/4026/4026  4076/4076/4076
f 4046/4046/4046  4029/4029/4029  4027/4027/4027
f 4080/4080/4080  4028/4028/4028  4030/4030/4030
f 4048/4048/4048  4046/4046/4046  4027/4027/4027
f 4078/4078/4078  4075/4075/4075  4028/4028/4028
f 4080/4080/4080  4078/4078/4078  4028/4028/4028
f 4044/4044/4044  4031/4031/4031  4029/4029/4029
f 4082/4082/4082  4030/4030/4030  4032/4032/4032
f 4046/4046/4046  4044/4044/4044  4029/4029/4029
f 4082/4082/4082  4080/4080/4080  4030/4030/4030
f 4035/4035/4035  4033/4033/4033  4031/4031/4031
f 4082/4082/4082  4032/4032/4032  4034/4034/4034
f 4041/4041/4041  4035/4035/4035  4031/4031/4031
f 4044/4044/4044  4041/4041/4041  4031/4031/4031
f 4084/4084/4084  4034/4034/4034  4036/4036/4036
f 4084/4084/4084  4082/4082/4082  4034/4034/4034
f 4073/4073/4073  4037/4037/4037  4035/4035/4035
f 4088/4088/4088  4036/4036/4036  4038/4038/4038
f 4073/4073/4073  4035/4035/4035  4041/4041/4041
f 4086/4086/4086  4084/4084/4084  4036/4036/4036
f 4088/4088/4088  4086/4086/4086  4036/4036/4036
f 4071/4071/4071  4039/4039/4039  4037/4037/4037
f 4090/4090/4090  4038/4038/4038  4040/4040/4040
f 4073/4073/4073  4071/4071/4071  4037/4037/4037
f 4090/4090/4090  4088/4088/4088  4038/4038/4038
f 4071/4071/4071  4069/4069/4069  4039/4039/4039
f 4127/4127/4127  4043/4043/4043  4045/4045/4045
f 4124/4124/4124  4074/4074/4074  4042/4042/4042
f 4126/4126/4126  4124/4124/4124  4042/4042/4042
f 4131/4131/4131  4045/4045/4045  4047/4047/4047
f 4129/4129/4129  4127/4127/4127  4045/4045/4045
f 4131/4131/4131  4129/4129/4129  4045/4045/4045
f 4133/4133/4133  4047/4047/4047  4049/4049/4049
f 4133/4133/4133  4131/4131/4131  4047/4047/4047
f 4133/4133/4133  4049/4049/4049  4051/4051/4051
f 4135/4135/4135  4051/4051/4051  4053/4053/4053
f 4135/4135/4135  4133/4133/4133  4051/4051/4051
f 4139/4139/4139  4053/4053/4053  4055/4055/4055
f 4137/4137/4137  4135/4135/4135  4053/4053/4053
f 4139/4139/4139  4137/4137/4137  4053/4053/4053
f 4141/4141/4141  4055/4055/4055  4057/4057/4057
f 4141/4141/4141  4139/4139/4139  4055/4055/4055
f 4141/4141/4141  4057/4057/4057  4060/4060/4060
f 4109/4109/4109  4059/4059/4059  4062/4062/4062
f 4141/4141/4141  4060/4060/4060  4110/4110/4110
f 4114/4114/4114  4062/4062/4062  4064/4064/4064
f 4112/4112/4112  4109/4109/4109  4062/4062/4062
f 4114/4114/4114  4112/4112/4112  4062/4062/4062
f 4116/4116/4116  4064/4064/4064  4066/4066/4066
f 4116/4116/4116  4114/4114/4114  4064/4064/4064
f 4116/4116/4116  4066/4066/4066  4068/4068/4068
f 4118/4118/4118  4068/4068/4068  4070/4070/4070
f 4118/4118/4118  4116/4116/4116  4068/4068/4068
f 4122/4122/4122  4070/4070/4070  4072/4072/4072
f 4120/4120/4120  4118/4118/4118  4070/4070/4070
f 4122/4122/4122  4120/4120/4120  4070/4070/4070
f 4124/4124/4124  4072/4072/4072  4074/4074/4074
f 4124/4124/4124  4122/4122/4122  4072/4072/4072
f 4094/4094/4094  4077/4077/4077  4079/4079/4079
f 4096/4096/4096  4077/4077/4077  4094/4094/4094
f 4108/4108/4108  4077/4077/4077  4096/4096/4096
f 4091/4091/4091  4079/4079/4079  4081/4081/4081
f 4094/4094/4094  4079/4079/4079  4091/4091/4091
f 4089/4089/4089  4081/4081/4081  4083/4083/4083
f 4091/4091/4091  4081/4081/4081  4089/4089/4089
f 4087/4087/4087  4083/4083/4083  4085/4085/4085
f 4089/4089/4089  4083/4083/4083  4087/4087/4087
f 4108/4108/4108  4096/4096/4096  4098/4098/4098
f 4106/4106/4106  4098/4098/4098  4100/4100/4100
f 4108/4108/4108  4098/4098/4098  4106/4106/4106
f 4104/4104/4104  4100/4100/4100  4102/4102/4102
f 4106/4106/4106  4100/4100/4100  4104/4104/4104
f 4128/4128/4128  4111/4111/4111  4113/4113/4113
f 4130/4130/4130  4111/4111/4111  4128/4128/4128
f 4142/4142/4142  4111/4111/4111  4130/4130/4130
f 4125/4125/4125  4113/4113/4113  4115/4115/4115
f 4128/4128/4128  4113/4113/4113  4125/4125/4125
f 4123/4123/4123  4115/4115/4115  4117/4117/4117
f 4125/4125/4125  4115/4115/4115  4123/4123/4123
f 4121/4121/4121  4117/4117/4117  4119/4119/4119
f 4123/4123/4123  4117/4117/4117  4121/4121/4121
f 4142/4142/4142  4130/4130/4130  4132/4132/4132
f 4140/4140/4140  4132/4132/4132  4134/4134/4134
f 4142/4142/4142  4132/4132/4132  4140/4140/4140
f 4138/4138/4138  4134/4134/4134  4136/4136/4136
f 4140/4140/4140  4134/4134/4134  4138/4138/4138

v  -26.450000 9.564451 -11.044774
v  -26.450000 9.564451 -11.044774
v  -26.450000 9.564451 -11.044774
v  -26.450000 9.830866 -10.583330
v  -26.450000 9.830866 -10.583330
v  -26.450000 9.830866 -10.583330
v  -26.450000 10.650612 -9.954398
v  -26.450000 10.650612 -9.954398
v  -26.450000 11.675000 -10.089196
v  -26.450000 11.675000 -10.089196
v  -26.450000 12.303932 -10.908943
v  -26.450000 12.303932 -10.908943
v  -26.450000 12.169134 -11.933330
v  -26.450000 12.169134 -11.933330
v  -26.450000 12.169134 -11.933330
v  -26.450000 11.902719 -12.394775
v  -26.450000 11.902719 -12.394775
v  -26.450000 11.902719 -12.394775
v  -26.450000 16.737451 -13.578542
v  -26.450000 16.737451 -13.578542
v  -26.450000 21.668330 -12.945354
v  -26.450000 21.668330 -12.945354
v  -26.450000 26.042264 -10.582439
v  -26.450000 26.042264 -10.582439
v  -26.450000 29.277945 -6.800000
v  -26.450000 29.277945 -6.800000
v  -26.450000 30.445440 -4.168396
v  -26.450000 30.445440 -4.168396
v  -26.450000 31.032830 -1.350000
v  -26.450000 31.032830 -1.350000
v  -26.450000 31.032830 -1.350000
v  -26.450000 30.500000 -1.350000
v  -26.450000 30.500000 -1.350000
v  -26.450000 30.500000 -1.350000
v  -26.450000 29.545455 -0.954545
v  -26.450000 29.545455 -0.954545
v  -26.450000 29.150000 -0.000000
v  -26.450000 29.150000 -0.000000
v  -26.450000 29.545455 0.954545
v  -26.450000 29.545455 0.954545
v  -26.450000 30.500000 1.350000
v  -26.450000 30.500000 1.350000
v  -26.450000 30.500000 1.350000
v  -26.450000 31.032889 1.350001
v  -26.450000 31.032889 1.350001
v  -26.450000 31.032889 1.350001
v  -26.450000 29.572118 6.262907
v  -26.450000 29.572118 6.262907
v  -26.450000 26.402106 10.281605
v  -26.450000 26.402106 10.281605
v  -26.450000 21.963611 12.846575
v  -26.450000 21.963611 12.846575
v  -26.450000 16.889241 13.586286
v  -26.450000 16.889241 13.586286
v  -26.450000 11.902691 12.394826
v  -26.450000 11.902691 12.394826
v  -26.450000 11.902691 12.394826
v  -26.450000 12.169134 11.933330
v  -26.450000 12.169134 11.933330
v  -26.450000 12.169134 11.933330
v  -26.450000 12.303932 10.908943
v  -26.450000 12.303932 10.908943
v  -26.450000 11.675000 10.089196
v  -26.450000 11.675000 10.089196
v  -26.450000 10.650612 9.954398
v  -26.450000 10.650612 9.954398
v  -26.450000 9.830866 10.583330
v  -26.450000 9.830866 10.583330
v  -26.450000 9.830866 10.583330
v  -26.450000 9.564451 11.044774
v  -26.450000 9.564451 11.044774
v  -26.450000 9.564451 11.044774
v  -26.450000 7.417343 9.126882
v  -26.450000 7.417343 9.126882
v  -26.450000 5.722055 6.800000
v  -26.450000 5.722055 6.800000
v  -26.450000 4.064216 2.106653
v  -26.450000 4.064216 2.106653
v  -26.450000 4.204814 -2.862726
v  -26.450000 4.204814 -2.862726
v  -26.450000 6.121882 -7.449611
v  -26.450000 6.121882 -7.449611
v  -26.050000 9.363486 11.392855
v  -26.050000 9.363486 11.392855
v  -26.050000 9.363486 11.392855
v  -26.049999 7.134191 9.410101
v  -26.049999 7.134191 9.410101
v  -26.049999 5.375644 7.000000
v  -26.049999 5.375644 7.000000
v  -26.049999 4.298270 4.659864
v  -26.049999 4.298270 4.659864
v  -26.049999 3.667934 2.161935
v  -26.049999 3.667934 2.161935
v  -26.049999 3.505981 -0.409202
v  -26.049999 3.505981 -0.409202
v  -26.049999 3.817895 -2.966482
v  -26.049999 3.817895 -2.966482
v  -26.049999 4.593114 -5.423311
v  -26.049999 4.593114 -5.423311
v  -26.049999 5.805387 -7.696495
v  -26.049999 5.805387 -7.696495
v  -26.049999 7.413665 -9.709060
v  -26.049999 7.413665 -9.709060
v  -26.049999 9.363486 -11.392855
v  -26.049999 9.363486 -11.392855
v  -26.049999 9.363486 -11.392855
v  -26.250004 9.463964 -11.218823
v  -26.250004 9.463964 -11.218823
v  -26.250004 9.463964 11.218823
v  -26.250004 9.463964 11.218823
v  -25.450000 9.830866 10.583330
v  -25.450000 9.830866 10.583330
v  -25.450000 9.830866 10.583330
v  -25.450000 9.363486 11.392855
v  -25.450000 9.363486 11.392855
v  -25.450000 9.363486 11.392855
v  -25.450000 12.169134 11.933330
v  -25.450000 12.169134 11.933330
v  -25.450000 12.169134 11.933330
v  -25.450000 12.303932 10.908943
v  -25.450000 12.303932 10.908943
v  -25.450000 11.675000 10.089196
v  -25.450000 11.675000 10.089196
v  -25.450000 10.650612 9.954398
v  -25.450000 10.650612 9.954398
v  -26.250037 11.802217 12.568850
v  -26.250037 11.802217 12.568850
v  -26.050015 11.701753 12.742859
v  -26.050015 11.701753 12.742859
v  -26.050015 11.701753 12.742859
v  -25.450000 11.701753 12.742859
v  -25.450000 11.701753 12.742859
v  -25.450000 11.701753 12.742859
v  -26.050060 24.500000 12.124356
v  -26.050060 24.500000 12.124356
v  -26.050060 24.500000 12.124356
v  -26.050060 20.373591 13.701915
v  -26.050060 20.373591 13.701915
v  -26.050060 15.961056 13.915159
v  -26.050060 15.961056 13.915159
v  -26.250037 31.233836 1.350000
v  -26.250037 31.233836 1.350000
v  -26.050015 31.434764 1.350000
v  -26.050015 31.434764 1.350000
v  -26.050015 31.434764 1.350000
v  -26.050060 30.320353 5.624815
v  -26.050060 30.320353 5.624815
v  -26.050060 27.929411 9.339561
v  -26.050060 27.929411 9.339561
v  -25.450000 11.701755 -12.742855
v  -25.450000 11.701755 -12.742855
v  -25.450000 11.701755 -12.742855
v  -25.450000 11.093284 -12.448049
v  -25.450000 11.093284 -12.448049
v  -25.450000 10.500003 -12.124351
v  -25.450000 10.500003 -12.124351
v  -25.450000 10.500003 -12.124351
v  -19.750000 10.500000 -12.124356
v  -19.750000 10.500000 -12.124356
v  -19.750000 10.500000 -12.124356
v  -19.750000 15.071945 -13.787678
v  -19.750000 15.071945 -13.787678
v  -19.750000 19.929226 -13.787610
v  -19.750000 19.929226 -13.787610
v  -19.750000 24.498156 -12.125363
v  -19.750000 24.498156 -12.125363
v  -19.750000 28.225426 -8.997982
v  -19.750000 28.225426 -8.997982
v  -19.750000 30.657081 -4.784310
v  -19.750000 30.657081 -4.784310
v  -19.750000 31.499942 -0.002269
v  -19.750000 31.499942 -0.002269
v  -19.750000 30.659196 4.778620
v  -19.750000 30.659196 4.778620
v  -19.750000 28.233182 8.988538
v  -19.750000 28.233182 8.988538
v  -19.750000 24.500000 12.124356
v  -19.750000 24.500000 12.124356
v  -19.750000 24.500000 12.124356
v  -25.450000 31.434764 1.350000
v  -25.450000 31.434764 1.350000
v  -25.450000 31.434764 1.350000
v  -25.450000 31.499994 0.000000
v  -25.450000 31.499994 0.000000
v  -25.450000 31.434759 -1.350000
v  -25.450000 31.434759 -1.350000
v  -25.450000 31.434759 -1.350000
v  -26.050000 31.434759 -1.350000
v  -26.050000 31.434759 -1.350000
v  -26.050000 31.434759 -1.350000
v  -26.050000 30.832291 -4.272004
v  -26.050000 30.832291 -4.272004
v  -26.050000 29.624356 -7.000000
v  -26.050000 29.624356 -7.000000
v  -26.050000 28.136425 -9.103101
v  -26.050000 28.136425 -9.103101
v  -26.050000 26.288323 -10.897953
v  -26.050000 26.288323 -10.897953
v  -26.050000 24.142630 -12.323776
v  -26.050000 24.142630 -12.323776
v  -26.050000 21.772004 -13.332291
v  -26.050000 21.772004 -13.332291
v  -26.050000 19.256718 -13.889346
v  -26.050000 19.256718 -13.889346
v  -26.050000 16.681946 -13.976079
v  -26.050000 16.681946 -13.976079
v  -26.050000 14.134875 -13.589552
v  -26.050000 14.134875 -13.589552
v  -26.050000 11.701755 -12.742855
v  -26.050000 11.701755 -12.742855
v  -26.050000 11.701755 -12.742855
v  -25.450000 12.169134 -11.933330
v  -25.450000 12.169134 -11.933330
v  -25.450000 12.169134 -11.933330
v  -25.450000 12.303932 -10.908943
v  -25.450000 12.303932 -10.908943
v  -25.450000 11.675000 -10.089196
v  -25.450000 11.675000 -10.089196
v  -25.450000 10.650612 -9.954398
v  -25.450000 10.650612 -9.954398
v  -25.450000 9.830866 -10.583330
v  -25.450000 9.830866 -10.583330
v  -25.450000 9.830866 -10.583330
v  -25.450000 9.363486 -11.392855
v  -25.450000 9.363486 -11.392855
v  -25.450000 9.363486 -11.392855
v  -25.450000 9.923031 -11.772404
v  -25.450000 9.923031 -11.772404
v  -25.450000 10.650000 -11.864548
v  -25.450000 10.650000 -11.864548
v  -25.450000 10.650000 -11.864548
v  -25.450000 10.392121 -11.605303
v  -25.450000 10.392121 -11.605303
v  -25.450000 10.300081 -11.254555
v  -25.450000 10.300081 -11.254555
v  -25.450000 10.651599 -10.651255
v  -25.450000 10.651599 -10.651255
v  -25.450000 11.350000 -10.652112
v  -25.450000 11.350000 -10.652112
v  -25.450000 11.350000 -10.652112
v  -25.450000 11.607879 -10.911357
v  -25.450000 11.607879 -10.911357
v  -25.450000 11.699919 -11.262105
v  -25.450000 11.699919 -11.262105
v  -25.450000 11.348401 -11.865405
v  -25.450000 11.348401 -11.865405
v  -25.450000 10.500003 12.124351
v  -25.450000 10.500003 12.124351
v  -19.750000 19.928055 13.787678
v  -19.750000 19.928055 13.787678
v  -19.750000 15.070774 13.787610
v  -19.750000 15.070774 13.787610
v  -19.750000 10.501844 12.125363
v  -19.750000 10.501844 12.125363
v  -19.750000 6.774574 8.997982
v  -19.750000 6.774574 8.997982
v  -19.750000 4.342919 4.784310
v  -19.750000 4.342919 4.784310
v  -19.750000 3.500058 0.002269
v  -19.750000 3.500058 0.002269
v  -19.750000 4.340804 -4.778620
v  -19.750000 4.340804 -4.778620
v  -19.750000 6.766818 -8.988538
v  -19.750000 6.766818 -8.988538
v  -26.250004 11.802232 -12.568823
v  -26.250004 11.802232 -12.568823
v  -26.250004 31.233804 -1.350000
v  -26.250004 31.233804 -1.350000
v  -25.450000 30.500000 -1.350000
v  -25.450000 30.500000 -1.350000
v  -25.450000 30.500000 -1.350000
v  -25.450000 30.500000 1.350000
v  -25.450000 30.500000 1.350000
v  -25.450000 30.500000 1.350000
v  -25.450000 29.545455 0.954545
v  -25.450000 29.545455 0.954545
v  -25.450000 29.150000 -0.000000
v  -25.450000 29.150000 -0.000000
v  -25.450000 29.545455 -0.954545
v  -25.450000 29.545455 -0.954545
v  -25.450000 29.800000 -0.000000
v  -25.450000 29.800000 -0.000000
v  -25.450000 29.800000 -0.000000
v  -25.450000 29.895573 0.352952
v  -25.450000 29.895573 0.352952
v  -25.450000 30.153310 0.608035
v  -25.450000 30.153310 0.608035
v  -25.450000 30.851542 0.605261
v  -25.450000 30.851542 0.605261
v  -25.450000 31.200000 -0.000000
v  -25.450000 31.200000 -0.000000
v  -25.450000 31.200000 -0.000000
v  -25.450000 31.104427 -0.352952
v  -25.450000 31.104427 -0.352952
v  -25.450000 30.846690 -0.608035
v  -25.450000 30.846690 -0.608035
v  -25.450000 30.148458 -0.605261
v  -25.450000 30.148458 -0.605261
v  -20.200000 30.332019 -0.679546
v  -20.200000 30.332019 -0.679546
v  -20.200000 30.332019 -0.679546
v  -20.200000 29.947631 -0.429861
v  -20.200000 29.947631 -0.429861
v  -20.200000 29.800004 -0.000000
v  -20.200000 29.800004 -0.000000
v  -20.200000 29.800004 -0.000000
v  -19.750000 31.199910 0.000000
v  -19.750000 31.199910 0.000000
v  -19.750000 31.199910 0.000000
v  -19.750000 30.932204 -0.550468
v  -19.750000 30.932204 -0.550468
v  -19.750000 30.332019 -0.679546
v  -19.750000 30.332019 -0.679546
v  -19.750000 30.332019 -0.679546
v  -20.200000 29.819831 -3.652971
v  -20.200000 29.819831 -3.652971
v  -20.200000 28.628426 -6.425000
v  -20.200000 28.628426 -6.425000
v  -20.200000 27.215548 -8.410013
v  -20.200000 27.215548 -8.410013
v  -20.200000 25.454162 -10.092179
v  -20.200000 25.454162 -10.092179
v  -20.200000 23.409853 -11.410326
v  -20.200000 23.409853 -11.410326
v  -20.200000 21.152976 -12.319716
v  -20.200000 21.152976 -12.319716
v  -20.200000 18.765164 -12.787543
v  -20.200000 18.765164 -12.787543
v  -20.200000 16.332739 -12.796807
v  -20.200000 16.332739 -12.796807
v  -20.200000 13.939071 -12.346659
v  -20.200000 13.939071 -12.346659
v  -20.200000 11.672494 -11.452628
v  -20.200000 11.672494 -11.452628
v  -20.200000 11.672494 -11.452628
v  -20.200000 11.648455 -10.994895
v  -20.200000 11.648455 -10.994895
v  -20.200000 11.349998 -10.652116
v  -20.200000 11.349998 -10.652116
v  -20.200000 11.349998 -10.652116
v  -20.200000 10.903914 -10.565034
v  -20.200000 10.903914 -10.565034
v  -20.200000 10.495486 -10.773082
v  -20.200000 10.495486 -10.773082
v  -20.200000 10.495486 -10.773082
v  -20.200000 8.587968 -9.257207
v  -20.200000 8.587968 -9.257207
v  -20.200000 7.001303 -7.409328
v  -20.200000 7.001303 -7.409328
v  -20.200000 5.793110 -5.298172
v  -20.200000 5.793110 -5.298172
v  -20.200000 5.004342 -2.996362
v  -20.200000 5.004342 -2.996362
v  -20.200000 4.663445 -0.587151
v  -20.200000 4.663445 -0.587151
v  -20.200000 4.782827 1.842360
v  -20.200000 4.782827 1.842360
v  -20.200000 5.358930 4.208874
v  -20.200000 5.358930 4.208874
v  -20.200000 6.371574 6.425000
v  -20.200000 6.371574 6.425000
v  -20.200000 8.176519 8.842802
v  -20.200000 8.176519 8.842802
v  -20.200000 10.495486 10.773082
v  -20.200000 10.495486 10.773082
v  -20.200000 10.495486 10.773082
v  -20.200000 10.903914 10.565034
v  -20.200000 10.903914 10.565034
v  -20.200000 11.349998 10.652116
v  -20.200000 11.349998 10.652116
v  -20.200000 11.349998 10.652116
v  -20.200000 11.648455 10.994895
v  -20.200000 11.648455 10.994895
v  -20.200000 11.672494 11.452628
v  -20.200000 11.672494 11.452628
v  -20.200000 11.672494 11.452628
v  -20.200000 14.053370 12.379053
v  -20.200000 14.053370 12.379053
v  -20.200000 16.563564 12.815831
v  -20.200000 16.563564 12.815831
v  -20.200000 19.107128 12.748979
v  -20.200000 19.107128 12.748979
v  -20.200000 21.592051 12.181030
v  -20.200000 21.592051 12.181030
v  -20.200000 23.916565 11.133186
v  -20.200000 23.916565 11.133186
v  -20.200000 25.991068 9.644902
v  -20.200000 25.991068 9.644902
v  -20.200000 27.732037 7.773311
v  -20.200000 27.732037 7.773311
v  -20.200000 29.066024 5.599066
v  -20.200000 29.066024 5.599066
v  -20.200000 29.944140 3.203660
v  -20.200000 29.944140 3.203660
v  -20.200000 30.332019 0.679546
v  -20.200000 30.332019 0.679546
v  -20.200000 30.332019 0.679546
v  -20.200000 29.947631 0.429861
v  -20.200000 29.947631 0.429861
v  -20.200000 27.632497 -5.850000
v  -20.200000 27.632497 -5.850000
v  -20.200000 29.100260 -1.523918
v  -20.200000 29.100260 -1.523918
v  -20.200000 28.801230 3.028116
v  -20.200000 28.801230 3.028116
v  -20.200000 26.784196 7.119836
v  -20.200000 26.784196 7.119836
v  -20.200000 23.350000 10.132497
v  -20.200000 23.350000 10.132497
v  -20.200000 23.350000 10.132497
v  -20.200000 19.023918 11.600260
v  -20.200000 19.023918 11.600260
v  -20.200000 14.471884 11.301230
v  -20.200000 14.471884 11.301230
v  -20.200000 10.380164 9.284196
v  -20.200000 10.380164 9.284196
v  -20.200000 7.367503 5.850000
v  -20.200000 7.367503 5.850000
v  -20.200000 5.899740 1.523918
v  -20.200000 5.899740 1.523918
v  -20.200000 6.198770 -3.028116
v  -20.200000 6.198770 -3.028116
v  -20.200000 8.215804 -7.119836
v  -20.200000 8.215804 -7.119836
v  -20.200000 11.650000 -10.132497
v  -20.200000 11.650000 -10.132497
v  -20.200000 11.650000 -10.132497
v  -20.200000 15.976082 -11.600260
v  -20.200000 15.976082 -11.600260
v  -20.200000 20.528116 -11.301230
v  -20.200000 20.528116 -11.301230
v  -20.200000 24.619836 -9.284196
v  -20.200000 24.619836 -9.284196
v  -19.750000 30.332019 0.679546
v  -19.750000 30.332019 0.679546
v  -19.750000 30.332019 0.679546
v  -19.750000 30.932120 0.550533
v  -19.750000 30.932120 0.550533
v  -19.750000 11.672494 11.452628
v  -19.750000 11.672494 11.452628
v  -19.750000 11.672494 11.452628
v  -19.750000 14.052381 12.378772
v  -19.750000 14.052381 12.378772
v  -19.750000 16.565922 12.816003
v  -19.750000 16.565922 12.816003
v  -19.750000 19.115866 12.747859
v  -19.750000 19.115866 12.747859
v  -19.750000 21.607196 12.175932
v  -19.750000 21.607196 12.175932
v  -19.750000 23.933339 11.123502
v  -19.750000 23.933339 11.123502
v  -19.750000 26.003056 9.634335
v  -19.750000 26.003056 9.634335
v  -19.750000 27.737376 7.766303
v  -19.750000 27.737376 7.766303
v  -19.750000 29.067054 5.596938
v  -19.750000 29.067054 5.596938
v  -19.750000 29.943889 3.204657
v  -19.750000 29.943889 3.204657
v  -19.750000 11.606208 11.608324
v  -19.750000 11.606208 11.608324
v  -19.750000 11.504514 11.743579
v  -19.750000 11.504514 11.743579
v  -19.750000 11.098120 11.951345
v  -19.750000 11.098120 11.951345
v  -19.750000 10.650000 11.864548
v  -19.750000 10.650000 11.864548
v  -19.750000 10.650000 11.864548
v  -19.750000 10.306974 11.356439
v  -19.750000 10.306974 11.356439
v  -19.750000 10.495486 10.773082
v  -19.750000 10.495486 10.773082
v  -19.750000 10.495486 10.773082
v  -19.750000 8.176519 8.842802
v  -19.750000 8.176519 8.842802
v  -19.750000 6.371574 6.425000
v  -19.750000 6.371574 6.425000
v  -19.750000 5.358941 4.208905
v  -19.750000 5.358941 4.208905
v  -19.750000 4.782835 1.842417
v  -19.750000 4.782835 1.842417
v  -19.750000 4.663441 -0.587080
v  -19.750000 4.663441 -0.587080
v  -19.750000 5.004325 -2.996288
v  -19.750000 5.004325 -2.996288
v  -19.750000 5.793081 -5.298107
v  -19.750000 5.793081 -5.298107
v  -19.750000 7.001270 -7.409281
v  -19.750000 7.001270 -7.409281
v  -19.750000 8.587944 -9.257184
v  -19.750000 8.587944 -9.257184
v  -19.750000 10.495486 -10.773082
v  -19.750000 10.495486 -10.773082
v  -19.750000 10.495486 -10.773082
v  -19.750000 10.393792 -10.908336
v  -19.750000 10.393792 -10.908336
v  -19.750000 10.327506 -11.064033
v  -19.750000 10.327506 -11.064033
v  -19.750000 10.350772 -11.519863
v  -19.750000 10.350772 -11.519863
v  -19.750000 10.650000 -11.864548
v  -19.750000 10.650000 -11.864548
v  -19.750000 10.650000 -11.864548
v  -19.750000 11.261549 -11.907562
v  -19.750000 11.261549 -11.907562
v  -19.750000 11.672494 -11.452628
v  -19.750000 11.672494 -11.452628
v  -19.750000 11.672494 -11.452628
v  -19.750000 13.939039 -12.346649
v  -19.750000 13.939039 -12.346649
v  -19.750000 16.332683 -12.796802
v  -19.750000 16.332683 -12.796802
v  -19.750000 18.765093 -12.787550
v  -19.750000 18.765093 -12.787550
v  -19.750000 21.152903 -12.319738
v  -19.750000 21.152903 -12.319738
v  -19.750000 23.409790 -11.410359
v  -19.750000 23.409790 -11.410359
v  -19.750000 25.454117 -10.092215
v  -19.750000 25.454117 -10.092215
v  -19.750000 27.215526 -8.410038
v  -19.750000 27.215526 -8.410038
v  -19.750000 28.628426 -6.425000
v  -19.750000 28.628426 -6.425000
v  -19.750000 29.819831 -3.652971
v  -19.750000 29.819831 -3.652971
v  -25.450000 11.350000 10.652112
v  -25.450000 11.350000 10.652112
v  -25.450000 11.350000 10.652112
v  -25.450000 11.699943 11.256516
v  -25.450000 11.699943 11.256516
v  -25.450000 11.353229 11.862590
v  -25.450000 11.353229 11.862590
v  -25.450000 11.003452 11.958256
v  -25.450000 11.003452 11.958256
v  -25.450000 10.650000 11.864548
v  -25.450000 10.650000 11.864548
v  -25.450000 10.650000 11.864548
v  -25.450000 10.300057 11.260144
v  -25.450000 10.300057 11.260144
v  -25.450000 10.646771 10.654070
v  -25.450000 10.646771 10.654070
v  -25.450000 10.996548 10.558405
v  -25.450000 10.996548 10.558405
v  -19.150000 11.650000 -10.132497
v  -19.150000 11.650000 -10.132497
v  -19.150000 11.650000 -10.132497
v  -19.150000 15.976315 -11.600247
v  -19.150000 15.976315 -11.600247
v  -19.150000 20.527694 -11.301321
v  -19.150000 20.527694 -11.301321
v  -19.150000 24.620007 -9.284056
v  -19.150000 24.620007 -9.284056
v  -19.150000 27.631765 -5.851256
v  -19.150000 27.631765 -5.851256
v  -19.150000 29.099452 -1.530016
v  -19.150000 29.099452 -1.530016
v  -19.150000 28.803792 3.018571
v  -19.150000 28.803792 3.018571
v  -19.150000 26.790755 7.111167
v  -19.150000 26.790755 7.111167
v  -19.150000 23.350000 10.132497
v  -19.150000 23.350000 10.132497
v  -19.150000 23.350000 10.132497
v  -19.150000 19.023685 11.600247
v  -19.150000 19.023685 11.600247
v  -19.150000 14.472306 11.301321
v  -19.150000 14.472306 11.301321
v  -19.150000 10.379993 9.284056
v  -19.150000 10.379993 9.284056
v  -19.150000 7.368235 5.851256
v  -19.150000 7.368235 5.851256
v  -19.150000 5.900548 1.530016
v  -19.150000 5.900548 1.530016
v  -19.150000 6.196208 -3.018571
v  -19.150000 6.196208 -3.018571
v  -19.150000 8.209245 -7.111167
v  -19.150000 8.209245 -7.111167
v  -19.150000 23.000000 9.526279
v  -19.150000 23.000000 9.526279
v  -19.150000 23.000000 9.526279
v  -19.150000 18.921430 10.907632
v  -19.150000 18.921430 10.907632
v  -19.150000 14.643025 10.622409
v  -19.150000 14.643025 10.622409
v  -19.150000 10.801785 8.725385
v  -19.150000 10.801785 8.725385
v  -19.150000 7.972341 5.497597
v  -19.150000 7.972341 5.497597
v  -19.150000 6.593563 1.431118
v  -19.150000 6.593563 1.431118
v  -19.150000 6.874950 -2.847014
v  -19.150000 6.874950 -2.847014
v  -19.150000 8.770738 -6.693082
v  -19.150000 8.770738 -6.693082
v  -19.150000 12.000000 -9.526279
v  -19.150000 12.000000 -9.526279
v  -19.150000 12.000000 -9.526279
v  -19.150000 16.078570 -10.907632
v  -19.150000 16.078570 -10.907632
v  -19.150000 20.356975 -10.622409
v  -19.150000 20.356975 -10.622409
v  -19.150000 24.198215 -8.725385
v  -19.150000 24.198215 -8.725385
v  -19.150000 27.027659 -5.497597
v  -19.150000 27.027659 -5.497597
v  -19.150000 28.406437 -1.431118
v  -19.150000 28.406437 -1.431118
v  -19.150000 28.125050 2.847014
v  -19.150000 28.125050 2.847014
v  -19.150000 26.229262 6.693082
v  -19.150000 26.229262 6.693082
v  -25.650000 12.000000 -9.526279
v  -25.650000 12.000000 -9.526279
v  -25.650000 12.000000 -9.526279
v  -25.650000 16.068252 -10.906304
v  -25.650000 16.068252 -10.906304
v  -25.650000 20.346938 -10.625071
v  -25.650000 20.346938 -10.625071
v  -25.650000 24.192603 -8.729693
v  -25.650000 24.192603 -8.729693
v  -25.650000 27.024888 -5.502396
v  -25.650000 27.024888 -5.502396
v  -25.650000 28.405512 -1.438132
v  -25.650000 28.405512 -1.438132
v  -25.650000 28.127763 2.836992
v  -25.650000 28.127763 2.836992
v  -25.650000 26.235571 6.684811
v  -25.650000 26.235571 6.684811
v  -25.650000 23.000000 9.526279
v  -25.650000 23.000000 9.526279
v  -25.650000 23.000000 9.526279
v  -25.650000 18.931748 10.906304
v  -25.650000 18.931748 10.906304
v  -25.650000 14.653062 10.625071
v  -25.650000 14.653062 10.625071
v  -25.650000 10.807397 8.729693
v  -25.650000 10.807397 8.729693
v  -25.650000 7.975112 5.502396
v  -25.650000 7.975112 5.502396
v  -25.650000 6.594488 1.438132
v  -25.650000 6.594488 1.438132
v  -25.650000 6.872237 -2.836992
v  -25.650000 6.872237 -2.836992
v  -25.650000 8.764429 -6.684811
v  -25.650000 8.764429 -6.684811

vt  0.663795 0.130724 0.000000
vt  0.663795 0.130724 0.000000
vt  0.663795 0.130724 0.000000
vt  0.654916 0.145887 0.000000
vt  0.654916 0.145887 0.000000
vt  0.654916 0.145887 0.000000
vt  0.627965 0.168527 0.000000
vt  0.627965 0.168527 0.000000
vt  0.595092 0.168656 0.000000
vt  0.595092 0.168656 0.000000
vt  0.575367 0.146841 0.000000
vt  0.575367 0.146841 0.000000
vt  0.579565 0.116121 0.000000
vt  0.579565 0.116121 0.000000
vt  0.579565 0.116121 0.000000
vt  0.587910 0.101453 0.000000
vt  0.587910 0.101453 0.000000
vt  0.587910 0.101453 0.000000
vt  0.446585 0.096065 0.000000
vt  0.446585 0.096065 0.000000
vt  0.324420 0.142823 0.000000
vt  0.324420 0.142823 0.000000
vt  0.233140 0.225915 0.000000
vt  0.233140 0.225915 0.000000
vt  0.174670 0.331571 0.000000
vt  0.174670 0.331571 0.000000
vt  0.155263 0.398357 0.000000
vt  0.155263 0.398357 0.000000
vt  0.145816 0.467334 0.000000
vt  0.145816 0.467334 0.000000
vt  0.145816 0.467334 0.000000
vt  0.154377 0.467007 0.000000
vt  0.154377 0.467007 0.000000
vt  0.154377 0.467007 0.000000
vt  0.170148 0.476245 0.000000
vt  0.170148 0.476245 0.000000
vt  0.176849 0.499995 0.000000
vt  0.176849 0.499995 0.000000
vt  0.170148 0.523745 0.000000
vt  0.170148 0.523745 0.000000
vt  0.154377 0.532983 0.000000
vt  0.154377 0.532983 0.000000
vt  0.154377 0.532983 0.000000
vt  0.145815 0.532656 0.000000
vt  0.145815 0.532656 0.000000
vt  0.145815 0.532656 0.000000
vt  0.169700 0.654501 0.000000
vt  0.169700 0.654501 0.000000
vt  0.226279 0.764941 0.000000
vt  0.226279 0.764941 0.000000
vt  0.317777 0.852894 0.000000
vt  0.317777 0.852894 0.000000
vt  0.442498 0.903195 0.000000
vt  0.442498 0.903195 0.000000
vt  0.587911 0.898539 0.000000
vt  0.587911 0.898539 0.000000
vt  0.587911 0.898539 0.000000
vt  0.579565 0.883869 0.000000
vt  0.579565 0.883869 0.000000
vt  0.579565 0.883869 0.000000
vt  0.575367 0.853149 0.000000
vt  0.575367 0.853149 0.000000
vt  0.595092 0.831334 0.000000
vt  0.595092 0.831334 0.000000
vt  0.627965 0.831463 0.000000
vt  0.627965 0.831463 0.000000
vt  0.654916 0.854103 0.000000
vt  0.654916 0.854103 0.000000
vt  0.654916 0.854103 0.000000
vt  0.663795 0.869266 0.000000
vt  0.663795 0.869266 0.000000
vt  0.663795 0.869266 0.000000
vt  0.737364 0.816552 0.000000
vt  0.737364 0.816552 0.000000
vt  0.797719 0.742941 0.000000
vt  0.797719 0.742941 0.000000
vt  0.858307 0.577524 0.000000
vt  0.858307 0.577524 0.000000
vt  0.853118 0.394909 0.000000
vt  0.853118 0.394909 0.000000
vt  0.783324 0.235709 0.000000
vt  0.783324 0.235709 0.000000
vt  0.665708 0.885303 0.000000
vt  0.665708 0.885303 0.000000
vt  0.665708 0.885303 0.000000
vt  0.743460 0.830843 0.000000
vt  0.743460 0.830843 0.000000
vt  0.807268 0.753949 0.000000
vt  0.807268 0.753949 0.000000
vt  0.847243 0.672396 0.000000
vt  0.847243 0.672396 0.000000
vt  0.870887 0.580915 0.000000
vt  0.870887 0.580915 0.000000
vt  0.876988 0.484633 0.000000
vt  0.876988 0.484633 0.000000
vt  0.865246 0.389269 0.000000
vt  0.865246 0.389269 0.000000
vt  0.836245 0.300428 0.000000
vt  0.836245 0.300428 0.000000
vt  0.791498 0.222924 0.000000
vt  0.791498 0.222924 0.000000
vt  0.733507 0.160312 0.000000
vt  0.733507 0.160312 0.000000
vt  0.665708 0.114687 0.000000
vt  0.665708 0.114687 0.000000
vt  0.665708 0.114687 0.000000
vt  0.664744 0.122743 0.000000
vt  0.664744 0.122743 0.000000
vt  0.664744 0.877247 0.000000
vt  0.664744 0.877247 0.000000
vt  0.642146 0.865177 0.000000
vt  0.642146 0.865177 0.000000
vt  0.642146 0.865177 0.000000
vt  0.658224 0.892504 0.000000
vt  0.658224 0.892504 0.000000
vt  0.658224 0.892504 0.000000
vt  0.564748 0.894932 0.000000
vt  0.564748 0.894932 0.000000
vt  0.564748 0.894932 0.000000
vt  0.560446 0.863457 0.000000
vt  0.560446 0.863457 0.000000
vt  0.580670 0.841297 0.000000
vt  0.580670 0.841297 0.000000
vt  0.614426 0.841722 0.000000
vt  0.614426 0.841722 0.000000
vt  0.588243 0.906328 0.000000
vt  0.588243 0.906328 0.000000
vt  0.588579 0.914185 0.000000
vt  0.588579 0.914185 0.000000
vt  0.588579 0.914185 0.000000
vt  0.579802 0.921323 0.000000
vt  0.579802 0.921323 0.000000
vt  0.579802 0.921323 0.000000
vt  0.256027 0.822577 0.000000
vt  0.256027 0.822577 0.000000
vt  0.256027 0.822577 0.000000
vt  0.347044 0.887624 0.000000
vt  0.347044 0.887624 0.000000
vt  0.461060 0.921777 0.000000
vt  0.461060 0.921777 0.000000
vt  0.138890 0.532637 0.000000
vt  0.138890 0.532637 0.000000
vt  0.131972 0.532616 0.000000
vt  0.131972 0.532616 0.000000
vt  0.131972 0.532616 0.000000
vt  0.149763 0.637952 0.000000
vt  0.149763 0.637952 0.000000
vt  0.190571 0.736678 0.000000
vt  0.190571 0.736678 0.000000
vt  0.579802 0.078667 0.000000
vt  0.579802 0.078667 0.000000
vt  0.579802 0.078667 0.000000
vt  0.599716 0.084031 0.000000
vt  0.599716 0.084031 0.000000
vt  0.619472 0.090611 0.000000
vt  0.619472 0.090611 0.000000
vt  0.619472 0.090611 0.000000
vt  0.522128 0.009802 0.000000
vt  0.522128 0.009802 0.000000
vt  0.522128 0.009802 0.000000
vt  0.358915 0.000000 0.000000
vt  0.358915 0.000000 0.000000
vt  0.220856 0.049250 0.000000
vt  0.220856 0.049250 0.000000
vt  0.118474 0.137034 0.000000
vt  0.118474 0.137034 0.000000
vt  0.050515 0.247862 0.000000
vt  0.050515 0.247862 0.000000
vt  0.012278 0.371262 0.000000
vt  0.012278 0.371262 0.000000
vt  0.000000 0.499935 0.000000
vt  0.000000 0.499935 0.000000
vt  0.012246 0.628571 0.000000
vt  0.012246 0.628571 0.000000
vt  0.050386 0.751830 0.000000
vt  0.050386 0.751830 0.000000
vt  0.118437 0.862914 0.000000
vt  0.118437 0.862914 0.000000
vt  0.118437 0.862914 0.000000
vt  0.120550 0.532923 0.000000
vt  0.120550 0.532923 0.000000
vt  0.120550 0.532923 0.000000
vt  0.119536 0.499995 0.000000
vt  0.119536 0.499995 0.000000
vt  0.120550 0.467068 0.000000
vt  0.120550 0.467068 0.000000
vt  0.120550 0.467068 0.000000
vt  0.131972 0.467374 0.000000
vt  0.131972 0.467374 0.000000
vt  0.131972 0.467374 0.000000
vt  0.141496 0.395935 0.000000
vt  0.141496 0.395935 0.000000
vt  0.161259 0.326685 0.000000
vt  0.161259 0.326685 0.000000
vt  0.186887 0.269966 0.000000
vt  0.186887 0.269966 0.000000
vt  0.220819 0.217385 0.000000
vt  0.220819 0.217385 0.000000
vt  0.263355 0.170400 0.000000
vt  0.263355 0.170400 0.000000
vt  0.314592 0.130713 0.000000
vt  0.314592 0.130713 0.000000
vt  0.374204 0.100271 0.000000
vt  0.374204 0.100271 0.000000
vt  0.441187 0.081213 0.000000
vt  0.441187 0.081213 0.000000
vt  0.513622 0.075725 0.000000
vt  0.513622 0.075725 0.000000
vt  0.588579 0.085805 0.000000
vt  0.588579 0.085805 0.000000
vt  0.588579 0.085805 0.000000
vt  0.564748 0.105058 0.000000
vt  0.564748 0.105058 0.000000
vt  0.564748 0.105058 0.000000
vt  0.560446 0.136533 0.000000
vt  0.560446 0.136533 0.000000
vt  0.580670 0.158693 0.000000
vt  0.580670 0.158693 0.000000
vt  0.614426 0.158268 0.000000
vt  0.614426 0.158268 0.000000
vt  0.642146 0.134813 0.000000
vt  0.642146 0.134813 0.000000
vt  0.642146 0.134813 0.000000
vt  0.658224 0.107486 0.000000
vt  0.658224 0.107486 0.000000
vt  0.658224 0.107486 0.000000
vt  0.638999 0.098424 0.000000
vt  0.638999 0.098424 0.000000
vt  0.614446 0.099186 0.000000
vt  0.614446 0.099186 0.000000
vt  0.614446 0.099186 0.000000
vt  0.623100 0.105776 0.000000
vt  0.623100 0.105776 0.000000
vt  0.626203 0.116074 0.000000
vt  0.626203 0.116074 0.000000
vt  0.614393 0.136397 0.000000
vt  0.614393 0.136397 0.000000
vt  0.591271 0.139672 0.000000
vt  0.591271 0.139672 0.000000
vt  0.591271 0.139672 0.000000
vt  0.582851 0.132957 0.000000
vt  0.582851 0.132957 0.000000
vt  0.579862 0.122730 0.000000
vt  0.579862 0.122730 0.000000
vt  0.591323 0.102727 0.000000
vt  0.591323 0.102727 0.000000
vt  0.619472 0.909379 0.000000
vt  0.619472 0.909379 0.000000
vt  0.220885 0.950754 0.000000
vt  0.220885 0.950754 0.000000
vt  0.358953 1.000000 0.000000
vt  0.358953 1.000000 0.000000
vt  0.522055 0.990206 0.000000
vt  0.522055 0.990206 0.000000
vt  0.680331 0.901546 0.000000
vt  0.680331 0.901546 0.000000
vt  0.794321 0.729262 0.000000
vt  0.794321 0.729262 0.000000
vt  0.835374 0.500107 0.000000
vt  0.835374 0.500107 0.000000
vt  0.794423 0.270986 0.000000
vt  0.794423 0.270986 0.000000
vt  0.680682 0.098777 0.000000
vt  0.680682 0.098777 0.000000
vt  0.588242 0.093662 0.000000
vt  0.588242 0.093662 0.000000
vt  0.138890 0.467353 0.000000
vt  0.138890 0.467353 0.000000
vt  0.135357 0.466469 0.000000
vt  0.135357 0.466469 0.000000
vt  0.135357 0.466469 0.000000
vt  0.135357 0.533521 0.000000
vt  0.135357 0.533521 0.000000
vt  0.135357 0.533521 0.000000
vt  0.151041 0.524147 0.000000
vt  0.151041 0.524147 0.000000
vt  0.157710 0.499995 0.000000
vt  0.157710 0.499995 0.000000
vt  0.151041 0.475843 0.000000
vt  0.151041 0.475843 0.000000
vt  0.146802 0.499995 0.000000
vt  0.146802 0.499995 0.000000
vt  0.146802 0.499995 0.000000
vt  0.145221 0.508867 0.000000
vt  0.145221 0.508867 0.000000
vt  0.140987 0.515201 0.000000
vt  0.140987 0.515201 0.000000
vt  0.129726 0.514929 0.000000
vt  0.129726 0.514929 0.000000
vt  0.124218 0.499995 0.000000
vt  0.124218 0.499995 0.000000
vt  0.124218 0.499995 0.000000
vt  0.125722 0.491328 0.000000
vt  0.125722 0.491328 0.000000
vt  0.129803 0.484991 0.000000
vt  0.129803 0.484991 0.000000
vt  0.141066 0.484857 0.000000
vt  0.141066 0.484857 0.000000
vt  0.027490 0.481595 0.000000
vt  0.027490 0.481595 0.000000
vt  0.027490 0.481595 0.000000
vt  0.033388 0.488252 0.000000
vt  0.033388 0.488252 0.000000
vt  0.035681 0.499995 0.000000
vt  0.035681 0.499995 0.000000
vt  0.035681 0.499995 0.000000
vt  0.004316 0.499995 0.000000
vt  0.004316 0.499995 0.000000
vt  0.004316 0.499995 0.000000
vt  0.008218 0.485194 0.000000
vt  0.008218 0.485194 0.000000
vt  0.017141 0.481469 0.000000
vt  0.017141 0.481469 0.000000
vt  0.017141 0.481469 0.000000
vt  0.035372 0.400246 0.000000
vt  0.035372 0.400246 0.000000
vt  0.054444 0.321017 0.000000
vt  0.054444 0.321017 0.000000
vt  0.078479 0.259967 0.000000
vt  0.078479 0.259967 0.000000
vt  0.110790 0.202823 0.000000
vt  0.110790 0.202823 0.000000
vt  0.151901 0.151117 0.000000
vt  0.151901 0.151117 0.000000
vt  0.202332 0.106580 0.000000
vt  0.202332 0.106580 0.000000
vt  0.262179 0.071429 0.000000
vt  0.262179 0.071429 0.000000
vt  0.330837 0.048279 0.000000
vt  0.330837 0.048279 0.000000
vt  0.406752 0.040016 0.000000
vt  0.406752 0.040016 0.000000
vt  0.486800 0.049650 0.000000
vt  0.486800 0.049650 0.000000
vt  0.486800 0.049650 0.000000
vt  0.487693 0.065177 0.000000
vt  0.487693 0.065177 0.000000
vt  0.498851 0.074738 0.000000
vt  0.498851 0.074738 0.000000
vt  0.498851 0.074738 0.000000
vt  0.515794 0.074318 0.000000
vt  0.515794 0.074318 0.000000
vt  0.531583 0.063780 0.000000
vt  0.531583 0.063780 0.000000
vt  0.531583 0.063780 0.000000
vt  0.608776 0.106128 0.000000
vt  0.608776 0.106128 0.000000
vt  0.677129 0.170760 0.000000
vt  0.677129 0.170760 0.000000
vt  0.731479 0.256264 0.000000
vt  0.731479 0.256264 0.000000
vt  0.767920 0.358874 0.000000
vt  0.767920 0.358874 0.000000
vt  0.783882 0.472053 0.000000
vt  0.783882 0.472053 0.000000
vt  0.778279 0.587352 0.000000
vt  0.778279 0.587352 0.000000
vt  0.751451 0.696120 0.000000
vt  0.751451 0.696120 0.000000
vt  0.705224 0.790642 0.000000
vt  0.705224 0.790642 0.000000
vt  0.626152 0.880411 0.000000
vt  0.626152 0.880411 0.000000
vt  0.531583 0.936210 0.000000
vt  0.531583 0.936210 0.000000
vt  0.531583 0.936210 0.000000
vt  0.515794 0.925673 0.000000
vt  0.515794 0.925673 0.000000
vt  0.498851 0.925252 0.000000
vt  0.498851 0.925252 0.000000
vt  0.498851 0.925252 0.000000
vt  0.487693 0.934813 0.000000
vt  0.487693 0.934813 0.000000
vt  0.486800 0.950340 0.000000
vt  0.486800 0.950340 0.000000
vt  0.486800 0.950340 0.000000
vt  0.402929 0.959962 0.000000
vt  0.402929 0.959962 0.000000
vt  0.323966 0.950105 0.000000
vt  0.323966 0.950105 0.000000
vt  0.253169 0.924258 0.000000
vt  0.253169 0.924258 0.000000
vt  0.192076 0.885643 0.000000
vt  0.192076 0.885643 0.000000
vt  0.141327 0.837187 0.000000
vt  0.141327 0.837187 0.000000
vt  0.100651 0.781274 0.000000
vt  0.100651 0.781274 0.000000
vt  0.069507 0.719874 0.000000
vt  0.069507 0.719874 0.000000
vt  0.047316 0.654818 0.000000
vt  0.047316 0.654818 0.000000
vt  0.033442 0.587295 0.000000
vt  0.033442 0.587295 0.000000
vt  0.027490 0.518395 0.000000
vt  0.027490 0.518395 0.000000
vt  0.027490 0.518395 0.000000
vt  0.033388 0.511738 0.000000
vt  0.033388 0.511738 0.000000
vt  0.071219 0.332944 0.000000
vt  0.071219 0.332944 0.000000
vt  0.046765 0.457567 0.000000
vt  0.046765 0.457567 0.000000
vt  0.051612 0.584733 0.000000
vt  0.051612 0.584733 0.000000
vt  0.086143 0.706377 0.000000
vt  0.086143 0.706377 0.000000
vt  0.153168 0.812934 0.000000
vt  0.153168 0.812934 0.000000
vt  0.153168 0.812934 0.000000
vt  0.255347 0.890770 0.000000
vt  0.255347 0.890770 0.000000
vt  0.389103 0.921223 0.000000
vt  0.389103 0.921223 0.000000
vt  0.536089 0.882965 0.000000
vt  0.536089 0.882965 0.000000
vt  0.661036 0.762148 0.000000
vt  0.661036 0.762148 0.000000
vt  0.726608 0.571335 0.000000
vt  0.726608 0.571335 0.000000
vt  0.713023 0.359523 0.000000
vt  0.713023 0.359523 0.000000
vt  0.624482 0.188557 0.000000
vt  0.624482 0.188557 0.000000
vt  0.487635 0.095471 0.000000
vt  0.487635 0.095471 0.000000
vt  0.487635 0.095471 0.000000
vt  0.341606 0.082348 0.000000
vt  0.341606 0.082348 0.000000
vt  0.217316 0.130967 0.000000
vt  0.217316 0.130967 0.000000
vt  0.127077 0.220051 0.000000
vt  0.127077 0.220051 0.000000
vt  0.017141 0.518521 0.000000
vt  0.017141 0.518521 0.000000
vt  0.017141 0.518521 0.000000
vt  0.008219 0.514798 0.000000
vt  0.008219 0.514798 0.000000
vt  0.476986 0.956929 0.000000
vt  0.476986 0.956929 0.000000
vt  0.476986 0.956929 0.000000
vt  0.392360 0.965960 0.000000
vt  0.392360 0.965960 0.000000
vt  0.312826 0.955318 0.000000
vt  0.312826 0.955318 0.000000
vt  0.241687 0.928557 0.000000
vt  0.241687 0.928557 0.000000
vt  0.180496 0.888987 0.000000
vt  0.180496 0.888987 0.000000
vt  0.129899 0.839678 0.000000
vt  0.129899 0.839678 0.000000
vt  0.089544 0.783137 0.000000
vt  0.089544 0.783137 0.000000
vt  0.058732 0.721296 0.000000
vt  0.058732 0.721296 0.000000
vt  0.036784 0.655860 0.000000
vt  0.036784 0.655860 0.000000
vt  0.023046 0.587927 0.000000
vt  0.023046 0.587927 0.000000
vt  0.479477 0.962860 0.000000
vt  0.479477 0.962860 0.000000
vt  0.483313 0.968385 0.000000
vt  0.483313 0.968385 0.000000
vt  0.498814 0.979059 0.000000
vt  0.498814 0.979059 0.000000
vt  0.516226 0.979995 0.000000
vt  0.516226 0.979995 0.000000
vt  0.516226 0.979995 0.000000
vt  0.529779 0.965233 0.000000
vt  0.529779 0.965233 0.000000
vt  0.522306 0.942985 0.000000
vt  0.522306 0.942985 0.000000
vt  0.522306 0.942985 0.000000
vt  0.618253 0.887091 0.000000
vt  0.618253 0.887091 0.000000
vt  0.698701 0.796295 0.000000
vt  0.698701 0.796295 0.000000
vt  0.745811 0.700174 0.000000
vt  0.745811 0.700174 0.000000
vt  0.773176 0.589226 0.000000
vt  0.773176 0.589226 0.000000
vt  0.778894 0.471453 0.000000
vt  0.778894 0.471453 0.000000
vt  0.762610 0.355897 0.000000
vt  0.762610 0.355897 0.000000
vt  0.725453 0.251361 0.000000
vt  0.725453 0.251361 0.000000
vt  0.670097 0.164587 0.000000
vt  0.670097 0.164587 0.000000
vt  0.600601 0.099365 0.000000
vt  0.600601 0.099365 0.000000
vt  0.522306 0.057006 0.000000
vt  0.522306 0.057006 0.000000
vt  0.522306 0.057006 0.000000
vt  0.526330 0.051345 0.000000
vt  0.526330 0.051345 0.000000
vt  0.528962 0.045261 0.000000
vt  0.528962 0.045261 0.000000
vt  0.528038 0.029395 0.000000
vt  0.528038 0.029395 0.000000
vt  0.516226 0.019995 0.000000
vt  0.516226 0.019995 0.000000
vt  0.516226 0.019995 0.000000
vt  0.492547 0.023864 0.000000
vt  0.492547 0.023864 0.000000
vt  0.476986 0.043061 0.000000
vt  0.476986 0.043061 0.000000
vt  0.476986 0.043061 0.000000
vt  0.396180 0.033987 0.000000
vt  0.396180 0.033987 0.000000
vt  0.319799 0.042975 0.000000
vt  0.319799 0.042975 0.000000
vt  0.250939 0.066903 0.000000
vt  0.250939 0.066903 0.000000
vt  0.191088 0.102816 0.000000
vt  0.191088 0.102816 0.000000
vt  0.140779 0.148063 0.000000
vt  0.140779 0.148063 0.000000
vt  0.099850 0.200413 0.000000
vt  0.099850 0.200413 0.000000
vt  0.067734 0.258141 0.000000
vt  0.067734 0.258141 0.000000
vt  0.043872 0.319722 0.000000
vt  0.043872 0.319722 0.000000
vt  0.024955 0.399553 0.000000
vt  0.024955 0.399553 0.000000
vt  0.591271 0.860319 0.000000
vt  0.591271 0.860319 0.000000
vt  0.591271 0.860319 0.000000
vt  0.579861 0.877090 0.000000
vt  0.579861 0.877090 0.000000
vt  0.591165 0.897153 0.000000
vt  0.591165 0.897153 0.000000
vt  0.602686 0.901831 0.000000
vt  0.602686 0.901831 0.000000
vt  0.614446 0.900804 0.000000
vt  0.614446 0.900804 0.000000
vt  0.614446 0.900804 0.000000
vt  0.626204 0.884088 0.000000
vt  0.626204 0.884088 0.000000
vt  0.614554 0.863703 0.000000
vt  0.614554 0.863703 0.000000
vt  0.602915 0.859094 0.000000
vt  0.602915 0.859094 0.000000
vt  0.464230 0.081027 0.000000
vt  0.464230 0.081027 0.000000
vt  0.464230 0.081027 0.000000
vt  0.315478 0.070341 0.000000
vt  0.315478 0.070341 0.000000
vt  0.190664 0.122307 0.000000
vt  0.190664 0.122307 0.000000
vt  0.101045 0.214493 0.000000
vt  0.101045 0.214493 0.000000
vt  0.046016 0.329939 0.000000
vt  0.046016 0.329939 0.000000
vt  0.022014 0.456678 0.000000
vt  0.022014 0.456678 0.000000
vt  0.026713 0.585901 0.000000
vt  0.026713 0.585901 0.000000
vt  0.060563 0.709876 0.000000
vt  0.060563 0.709876 0.000000
vt  0.126869 0.819469 0.000000
vt  0.126869 0.819469 0.000000
vt  0.126869 0.819469 0.000000
vt  0.228681 0.900550 0.000000
vt  0.228681 0.900550 0.000000
vt  0.363610 0.934246 0.000000
vt  0.363610 0.934246 0.000000
vt  0.514062 0.897607 0.000000
vt  0.514062 0.897607 0.000000
vt  0.643467 0.774141 0.000000
vt  0.643467 0.774141 0.000000
vt  0.711879 0.575200 0.000000
vt  0.711879 0.575200 0.000000
vt  0.697840 0.353087 0.000000
vt  0.697840 0.353087 0.000000
vt  0.605786 0.175410 0.000000
vt  0.605786 0.175410 0.000000
vt  0.134285 0.804107 0.000000
vt  0.134285 0.804107 0.000000
vt  0.134285 0.804107 0.000000
vt  0.231376 0.879894 0.000000
vt  0.231376 0.879894 0.000000
vt  0.357960 0.909585 0.000000
vt  0.357960 0.909585 0.000000
vt  0.497196 0.872824 0.000000
vt  0.497196 0.872824 0.000000
vt  0.616283 0.755667 0.000000
vt  0.616283 0.755667 0.000000
vt  0.679173 0.569612 0.000000
vt  0.679173 0.569612 0.000000
vt  0.666096 0.362799 0.000000
vt  0.666096 0.362799 0.000000
vt  0.581282 0.196362 0.000000
vt  0.581282 0.196362 0.000000
vt  0.450999 0.106306 0.000000
vt  0.450999 0.106306 0.000000
vt  0.450999 0.106306 0.000000
vt  0.312338 0.094062 0.000000
vt  0.312338 0.094062 0.000000
vt  0.194831 0.141559 0.000000
vt  0.194831 0.141559 0.000000
vt  0.109437 0.228058 0.000000
vt  0.109437 0.228058 0.000000
vt  0.056404 0.337686 0.000000
vt  0.056404 0.337686 0.000000
vt  0.033135 0.458794 0.000000
vt  0.033135 0.458794 0.000000
vt  0.037758 0.582377 0.000000
vt  0.037758 0.582377 0.000000
vt  0.070618 0.700572 0.000000
vt  0.070618 0.700572 0.000000
vt  0.573184 0.179749 0.000000
vt  0.573184 0.179749 0.000000
vt  0.573184 0.179749 0.000000
vt  0.451135 0.158688 0.000000
vt  0.451135 0.158688 0.000000
vt  0.340157 0.190313 0.000000
vt  0.340157 0.190313 0.000000
vt  0.254604 0.260477 0.000000
vt  0.254604 0.260477 0.000000
vt  0.199277 0.355303 0.000000
vt  0.199277 0.355303 0.000000
vt  0.174441 0.462930 0.000000
vt  0.174441 0.462930 0.000000
vt  0.179331 0.573407 0.000000
vt  0.179331 0.573407 0.000000
vt  0.214087 0.677843 0.000000
vt  0.214087 0.677843 0.000000
vt  0.279789 0.766222 0.000000
vt  0.279789 0.766222 0.000000
vt  0.279789 0.766222 0.000000
vt  0.374942 0.825289 0.000000
vt  0.374942 0.825289 0.000000
vt  0.491745 0.840731 0.000000
vt  0.491745 0.840731 0.000000
vt  0.612003 0.799922 0.000000
vt  0.612003 0.799922 0.000000
vt  0.709325 0.699391 0.000000
vt  0.709325 0.699391 0.000000
vt  0.759126 0.553531 0.000000
vt  0.759126 0.553531 0.000000
vt  0.748995 0.394961 0.000000
vt  0.748995 0.394961 0.000000
vt  0.681515 0.261379 0.000000
vt  0.681515 0.261379 0.000000

vn  -1.000000 0.000000 0.000000
vn  -0.707107 -0.412594 -0.574253
vn  0.000000 0.866025 -0.500000
vn  -1.000000 0.000000 0.000000
vn  0.000000 0.866025 -0.500000
vn  0.000000 0.866025 -0.500000
vn  -1.000000 0.000000 0.000000
vn  0.000000 0.258819 -0.965926
vn  -1.000000 0.000000 0.000000
vn  0.000000 -0.500000 -0.866025
vn  -1.000000 0.000000 0.000000
vn  0.000000 -0.965926 -0.258819
vn  -1.000000 0.000000 0.000000
vn  0.000000 -0.866025 0.500000
vn  0.000000 -0.866025 0.500000
vn  -1.000000 0.000000 0.000000
vn  0.000000 -0.866025 0.500000
vn  -0.707107 -0.291020 -0.644443
vn  -1.000000 0.000000 0.000000
vn  -0.707107 -0.039674 -0.705993
vn  -1.000000 0.000000 0.000000
vn  -0.707107 0.216726 -0.673075
vn  -1.000000 0.000000 0.000000
vn  -0.707107 0.444162 -0.550200
vn  -1.000000 0.000000 0.000000
vn  -0.707107 0.612372 -0.353553
vn  -1.000000 0.000000 0.000000
vn  -0.707107 0.673074 -0.216728
vn  -1.000000 0.000000 0.000000
vn  -0.707107 0.703614 -0.070191
vn  0.000000 0.000000 1.000000
vn  -1.000000 0.000000 0.000000
vn  0.000000 0.000000 1.000000
vn  0.000000 0.000000 1.000000
vn  -1.000000 0.000000 0.000000
vn  0.000000 0.707107 0.707107
vn  -1.000000 0.000000 0.000000
vn  0.000000 1.000000 0.000000
vn  -1.000000 0.000000 0.000000
vn  0.000000 0.707107 -0.707107
vn  -1.000000 0.000000 0.000000
vn  0.000000 0.000000 -1.000000
vn  0.000000 -0.000000 -1.000000
vn  -1.000000 0.000000 0.000000
vn  -0.707108 0.703613 0.070190
vn  0.000000 0.000000 -1.000000
vn  -1.000000 0.000000 0.000000
vn  -0.707108 0.627679 0.325603
vn  -1.000000 0.000000 0.000000
vn  -0.707108 0.462860 0.534564
vn  -1.000000 0.000000 0.000000
vn  -0.707108 0.232064 0.667940
vn  -1.000000 0.000000 0.000000
vn  -0.707108 -0.031783 0.706391
vn  -1.000000 0.000000 0.000000
vn  0.000000 -0.866025 -0.500000
vn  -0.707108 -0.291020 0.644442
vn  -1.000000 0.000000 0.000000
vn  0.000000 -0.866025 -0.500000
vn  0.000000 -0.866025 -0.500000
vn  -1.000000 0.000000 0.000000
vn  0.000000 -0.965926 0.258819
vn  -1.000000 0.000000 0.000000
vn  0.000000 -0.500000 0.866025
vn  -1.000000 0.000000 0.000000
vn  0.000000 0.258819 0.965926
vn  -1.000000 0.000000 0.000000
vn  0.000000 0.866025 0.500000
vn  0.000000 0.866025 0.500000
vn  -1.000000 0.000000 0.000000
vn  -0.707107 -0.412594 0.574253
vn  0.000000 0.866025 0.500000
vn  -1.000000 0.000000 0.000000
vn  -0.707107 -0.524229 0.474535
vn  -1.000000 0.000000 0.000000
vn  -0.707107 -0.612372 0.353553
vn  -1.000000 0.000000 0.000000
vn  -0.707107 -0.698568 0.109558
vn  -1.000000 0.000000 0.000000
vn  -0.707107 -0.691264 -0.148843
vn  -1.000000 0.000000 0.000000
vn  -0.707107 -0.591572 -0.387353
vn  -0.707107 -0.410956 0.575426
vn  0.000000 0.866025 0.500000
vn  0.000000 -0.581180 0.813775
vn  -0.707107 -0.523552 0.475282
vn  0.000000 -0.740415 0.672150
vn  -0.707107 -0.612372 0.353553
vn  0.000000 -0.866025 0.500000
vn  -0.707107 -0.666788 0.235359
vn  0.000000 -0.942981 0.332847
vn  -0.707107 -0.698625 0.109194
vn  0.000000 -0.988005 0.154424
vn  -0.707107 -0.706805 -0.020668
vn  0.000000 -0.999573 -0.029229
vn  -0.707107 -0.691051 -0.149830
vn  0.000000 -0.977293 -0.211892
vn  -0.707107 -0.651896 -0.273919
vn  0.000000 -0.921920 -0.387379
vn  -0.707107 -0.590667 -0.388732
vn  0.000000 -0.835329 -0.549750
vn  -0.707107 -0.509437 -0.490382
vn  0.000000 -0.720453 -0.693504
vn  -0.707107 -0.410956 -0.575426
vn  0.000000 -0.581180 -0.813775
vn  0.000000 0.866025 -0.500000
vn  -0.707107 -0.411764 -0.574848
vn  0.000000 0.866025 -0.500000
vn  -0.707107 -0.411764 0.574848
vn  0.000000 0.866025 0.500000
vn  0.000000 0.866025 0.500000
vn  0.000000 0.866025 0.500000
vn  -1.000000 0.000000 0.000000
vn  0.000000 0.866025 0.500000
vn  0.000000 -0.581180 0.813775
vn  -1.000000 0.000000 0.000000
vn  0.000000 -0.866025 -0.500000
vn  0.000000 -0.866025 -0.500000
vn  -1.000000 0.000000 0.000000
vn  0.000000 -0.965926 0.258819
vn  -1.000000 0.000000 0.000000
vn  0.000000 -0.500000 0.866025
vn  -1.000000 0.000000 0.000000
vn  0.000000 0.258819 0.965926
vn  -1.000000 0.000000 0.000000
vn  0.000000 -0.866025 -0.500000
vn  -0.707108 -0.291951 0.644021
vn  0.000000 -0.866025 -0.500000
vn  -0.707108 -0.292855 0.643610
vn  0.000000 -0.414160 0.910204
vn  0.000000 -0.866025 -0.500000
vn  0.000000 -0.414160 0.910204
vn  -1.000000 0.000000 0.000000
vn  -0.707108 0.353553 0.612371
vn  0.000000 0.500000 0.866025
vn  0.000000 0.500000 0.866025
vn  -0.707108 0.145138 0.692050
vn  0.000000 0.205257 0.978708
vn  -0.707108 -0.077728 0.702820
vn  0.000000 -0.109925 0.993940
vn  -0.707108 0.703714 0.069173
vn  0.000000 0.000000 -1.000000
vn  -0.707108 0.703810 0.068185
vn  0.000000 0.995340 0.096429
vn  0.000000 0.000000 -1.000000
vn  -0.707108 0.647524 0.284095
vn  0.000000 0.915740 0.401772
vn  -0.707108 0.526764 0.471718
vn  0.000000 0.744958 0.667111
vn  0.000000 -0.414160 -0.910204
vn  -1.000000 0.000000 0.000000
vn  0.000000 -0.866025 0.500000
vn  0.000000 -0.457623 -0.889147
vn  -1.000000 0.000000 0.000000
vn  0.000000 -0.500000 -0.866025
vn  -1.000000 0.000000 0.000000
vn  0.000000 -0.500000 -0.866025
vn  0.000000 -0.500000 -0.866025
vn  0.000000 -0.500000 -0.866025
vn  1.000000 0.000000 0.000000
vn  0.000000 -0.173445 -0.984843
vn  1.000000 0.000000 0.000000
vn  0.000000 0.173549 -0.984825
vn  1.000000 0.000000 0.000000
vn  0.000000 0.499843 -0.866116
vn  1.000000 0.000000 0.000000
vn  0.000000 0.766131 -0.642684
vn  1.000000 0.000000 0.000000
vn  0.000000 0.939781 -0.341776
vn  1.000000 0.000000 0.000000
vn  0.000000 1.000000 -0.000131
vn  1.000000 0.000000 0.000000
vn  0.000000 0.939955 0.341300
vn  1.000000 0.000000 0.000000
vn  0.000000 0.766659 0.642055
vn  1.000000 0.000000 0.000000
vn  0.000000 0.500000 0.866025
vn  0.000000 0.500000 0.866025
vn  1.000000 0.000000 0.000000
vn  0.000000 0.995340 0.096429
vn  -1.000000 0.000000 0.000000
vn  0.000000 0.000000 -1.000000
vn  0.000000 1.000000 0.000000
vn  -1.000000 0.000000 0.000000
vn  0.000000 0.995340 -0.096429
vn  0.000000 0.000000 1.000000
vn  -1.000000 0.000000 0.000000
vn  0.000000 0.995340 -0.096429
vn  -0.707107 0.703812 -0.068185
vn  0.000000 0.000000 1.000000
vn  0.000000 0.952307 -0.305143
vn  -0.707107 0.673382 -0.215769
vn  0.000000 0.866025 -0.500000
vn  -0.707107 0.612372 -0.353553
vn  0.000000 0.759745 -0.650222
vn  -0.707107 0.537221 -0.459776
vn  0.000000 0.627737 -0.778425
vn  -0.707107 0.443877 -0.550430
vn  0.000000 0.474474 -0.880270
vn  -0.707107 0.335503 -0.622445
vn  0.000000 0.305143 -0.952307
vn  -0.707107 0.215769 -0.673382
vn  0.000000 0.125480 -0.992096
vn  -0.707107 0.088728 -0.701518
vn  0.000000 -0.058432 -0.998291
vn  -0.707107 -0.041318 -0.705899
vn  0.000000 -0.240366 -0.970682
vn  -0.707107 -0.169964 -0.686376
vn  0.000000 -0.414160 -0.910204
vn  0.000000 -0.866025 0.500000
vn  -0.707107 -0.292856 -0.643611
vn  -1.000000 0.000000 0.000000
vn  0.000000 -0.866025 0.500000
vn  0.000000 -0.866025 0.500000
vn  -1.000000 0.000000 0.000000
vn  0.000000 -0.965926 -0.258819
vn  -1.000000 0.000000 0.000000
vn  0.000000 -0.500000 -0.866025
vn  -1.000000 0.000000 0.000000
vn  0.000000 0.258819 -0.965926
vn  -1.000000 0.000000 0.000000
vn  0.000000 0.866025 -0.500000
vn  0.000000 0.866025 -0.500000
vn  -1.000000 0.000000 0.000000
vn  0.000000 -0.581180 -0.813775
vn  0.000000 0.866025 -0.500000
vn  -1.000000 0.000000 0.000000
vn  0.000000 -0.541212 -0.840886
vn  -1.000000 0.000000 0.000000
vn  0.000000 0.500000 0.866025
vn  0.000000 0.500000 0.866025
vn  -1.000000 0.000000 0.000000
vn  0.000000 0.868300 0.496039
vn  -1.000000 0.000000 0.000000
vn  0.000000 0.999987 -0.005110
vn  -1.000000 0.000000 0.000000
vn  0.000000 0.497499 -0.867464
vn  -1.000000 0.000000 0.000000
vn  0.000000 -0.500000 -0.866025
vn  0.000000 -0.500000 -0.866025
vn  -1.000000 0.000000 0.000000
vn  0.000000 -0.868300 -0.496039
vn  -1.000000 0.000000 0.000000
vn  0.000000 -0.999987 0.005110
vn  -1.000000 0.000000 0.000000
vn  0.000000 -0.497499 0.867464
vn  0.000000 -0.500000 0.866025
vn  -1.000000 0.000000 0.000000
vn  0.000000 0.173445 0.984843
vn  1.000000 0.000000 0.000000
vn  0.000000 -0.173549 0.984825
vn  1.000000 0.000000 0.000000
vn  0.000000 -0.499843 0.866116
vn  1.000000 0.000000 0.000000
vn  0.000000 -0.766131 0.642684
vn  1.000000 0.000000 0.000000
vn  0.000000 -0.939781 0.341776
vn  1.000000 0.000000 0.000000
vn  0.000000 -1.000000 0.000131
vn  1.000000 0.000000 0.000000
vn  0.000000 -0.939955 -0.341300
vn  1.000000 0.000000 0.000000
vn  0.000000 -0.766659 -0.642055
vn  1.000000 0.000000 0.000000
vn  0.000000 -0.866025 0.500000
vn  -0.707107 -0.291952 -0.644022
vn  -0.707107 0.703715 -0.069174
vn  0.000000 0.000000 1.000000
vn  0.000000 0.000000 1.000000
vn  -1.000000 0.000000 0.000000
vn  0.000000 0.000000 1.000000
vn  -1.000000 0.000000 0.000000
vn  0.000000 0.000000 -1.000000
vn  0.000000 -0.000000 -1.000000
vn  -1.000000 0.000000 0.000000
vn  0.000000 0.707107 -0.707107
vn  -1.000000 0.000000 0.000000
vn  0.000000 1.000000 0.000000
vn  -1.000000 0.000000 0.000000
vn  0.000000 0.707107 0.707107
vn  -1.000000 0.000000 0.000000
vn  0.000000 1.000000 0.000000
vn  0.000000 1.000000 0.000000
vn  -1.000000 0.000000 0.000000
vn  0.000000 0.863733 -0.503950
vn  -1.000000 0.000000 0.000000
vn  0.000000 0.495568 -0.868569
vn  -1.000000 0.000000 0.000000
vn  0.000000 -0.502497 -0.864579
vn  -1.000000 0.000000 0.000000
vn  0.000000 -1.000000 -0.000000
vn  0.000000 -1.000000 -0.000000
vn  -1.000000 0.000000 0.000000
vn  0.000000 -0.863733 0.503950
vn  -1.000000 0.000000 0.000000
vn  0.000000 -0.495568 0.868569
vn  -1.000000 0.000000 0.000000
vn  0.000000 0.502497 0.864579
vn  0.000000 0.239973 0.970780
vn  1.000000 0.000000 0.000000
vn  0.000000 -0.998601 0.052883
vn  0.000000 0.789191 0.614147
vn  1.000000 0.000000 0.000000
vn  0.000000 1.000000 0.000000
vn  1.000000 0.000000 0.000000
vn  0.000000 1.000000 0.000000
vn  0.000000 -1.000000 -0.000000
vn  0.000000 -1.000000 -0.000000
vn  1.000000 0.000000 0.000000
vn  0.000000 -0.617550 0.786532
vn  1.000000 0.000000 0.000000
vn  0.000000 0.239973 0.970780
vn  1.000000 0.000000 0.000000
vn  0.000000 -0.998601 0.052883
vn  1.000000 0.000000 0.000000
vn  0.000000 -0.958742 0.284278
vn  1.000000 0.000000 0.000000
vn  0.000000 -0.866025 0.500000
vn  1.000000 0.000000 0.000000
vn  0.000000 -0.756062 0.654500
vn  1.000000 0.000000 0.000000
vn  0.000000 -0.619036 0.785362
vn  1.000000 0.000000 0.000000
vn  0.000000 -0.459880 0.887981
vn  1.000000 0.000000 0.000000
vn  0.000000 -0.284281 0.958741
vn  1.000000 0.000000 0.000000
vn  0.000000 -0.098492 0.995138
vn  1.000000 0.000000 0.000000
vn  0.000000 0.090879 0.995862
vn  1.000000 0.000000 0.000000
vn  0.000000 0.277092 0.960843
vn  1.000000 0.000000 0.000000
vn  0.000000 -0.960706 0.277568
vn  0.000000 0.453502 0.891255
vn  1.000000 0.000000 0.000000
vn  0.000000 -0.926463 -0.376386
vn  1.000000 0.000000 0.000000
vn  0.000000 -0.500000 -0.866025
vn  0.000000 -0.500000 -0.866025
vn  1.000000 0.000000 0.000000
vn  0.000000 0.137271 -0.990533
vn  1.000000 0.000000 0.000000
vn  0.000000 0.545098 0.838372
vn  0.000000 0.720734 -0.693212
vn  1.000000 0.000000 0.000000
vn  0.000000 0.693567 0.720392
vn  1.000000 0.000000 0.000000
vn  0.000000 0.817000 0.576638
vn  1.000000 0.000000 0.000000
vn  0.000000 0.911058 0.412277
vn  1.000000 0.000000 0.000000
vn  0.000000 0.972433 0.233182
vn  1.000000 0.000000 0.000000
vn  0.000000 0.998954 0.045729
vn  1.000000 0.000000 0.000000
vn  0.000000 0.989663 -0.143416
vn  1.000000 0.000000 0.000000
vn  0.000000 0.944845 -0.327517
vn  1.000000 0.000000 0.000000
vn  0.000000 0.866025 -0.500000
vn  1.000000 0.000000 0.000000
vn  0.000000 0.725563 -0.688156
vn  1.000000 0.000000 0.000000
vn  0.000000 0.720734 0.693212
vn  0.000000 0.545098 -0.838372
vn  1.000000 0.000000 0.000000
vn  0.000000 0.137271 0.990533
vn  1.000000 0.000000 0.000000
vn  0.000000 -0.500000 0.866025
vn  0.000000 -0.500000 0.866025
vn  1.000000 0.000000 0.000000
vn  0.000000 -0.926463 0.376386
vn  1.000000 0.000000 0.000000
vn  0.000000 0.453502 -0.891255
vn  0.000000 -0.960706 -0.277568
vn  1.000000 0.000000 0.000000
vn  0.000000 0.268222 -0.963357
vn  1.000000 0.000000 0.000000
vn  0.000000 0.072874 -0.997341
vn  1.000000 0.000000 0.000000
vn  0.000000 -0.125069 -0.992148
vn  1.000000 0.000000 0.000000
vn  0.000000 -0.318448 -0.947940
vn  1.000000 0.000000 0.000000
vn  0.000000 -0.499347 -0.866402
vn  1.000000 0.000000 0.000000
vn  0.000000 -0.660784 -0.750576
vn  1.000000 0.000000 0.000000
vn  0.000000 -0.796276 -0.604933
vn  1.000000 0.000000 0.000000
vn  0.000000 -0.900080 -0.435725
vn  1.000000 0.000000 0.000000
vn  0.000000 -0.968423 -0.249314
vn  1.000000 0.000000 0.000000
vn  0.000000 0.239973 -0.970780
vn  0.000000 -0.998601 -0.052883
vn  1.000000 0.000000 0.000000
vn  0.000000 0.789191 -0.614147
vn  1.000000 0.000000 0.000000
vn  0.000000 0.866025 -0.500000
vn  1.000000 0.000000 0.000000
vn  0.000000 0.991475 -0.130295
vn  1.000000 0.000000 0.000000
vn  0.000000 0.965927 0.258816
vn  1.000000 0.000000 0.000000
vn  0.000000 0.793498 0.608573
vn  1.000000 0.000000 0.000000
vn  0.000000 0.500000 0.866025
vn  0.000000 0.500000 0.866025
vn  1.000000 0.000000 0.000000
vn  0.000000 0.130295 0.991475
vn  1.000000 0.000000 0.000000
vn  0.000000 -0.258816 0.965927
vn  1.000000 0.000000 0.000000
vn  0.000000 -0.608573 0.793498
vn  1.000000 0.000000 0.000000
vn  0.000000 -0.866025 0.500000
vn  1.000000 0.000000 0.000000
vn  0.000000 -0.991475 0.130295
vn  1.000000 0.000000 0.000000
vn  0.000000 -0.965927 -0.258816
vn  1.000000 0.000000 0.000000
vn  0.000000 -0.793498 -0.608573
vn  1.000000 0.000000 0.000000
vn  0.000000 -0.500000 -0.866025
vn  0.000000 -0.500000 -0.866025
vn  1.000000 0.000000 0.000000
vn  0.000000 -0.130295 -0.991475
vn  1.000000 0.000000 0.000000
vn  0.000000 0.258816 -0.965927
vn  1.000000 0.000000 0.000000
vn  0.000000 0.608573 -0.793498
vn  0.000000 0.239973 -0.970780
vn  0.000000 -0.998601 -0.052883
vn  1.000000 0.000000 0.000000
vn  0.000000 -0.617431 -0.786625
vn  1.000000 0.000000 0.000000
vn  0.000000 0.453502 -0.891255
vn  1.000000 0.000000 0.000000
vn  0.000000 -0.960706 -0.277568
vn  0.000000 0.268299 -0.963336
vn  1.000000 0.000000 0.000000
vn  0.000000 0.072691 -0.997355
vn  1.000000 0.000000 0.000000
vn  0.000000 -0.125749 -0.992062
vn  1.000000 0.000000 0.000000
vn  0.000000 -0.319626 -0.947544
vn  1.000000 0.000000 0.000000
vn  0.000000 -0.500653 -0.865648
vn  1.000000 0.000000 0.000000
vn  0.000000 -0.661717 -0.749754
vn  1.000000 0.000000 0.000000
vn  0.000000 -0.796691 -0.604387
vn  1.000000 0.000000 0.000000
vn  0.000000 -0.900160 -0.435559
vn  1.000000 0.000000 0.000000
vn  0.000000 -0.968403 -0.249392
vn  1.000000 0.000000 0.000000
vn  1.000000 0.000000 0.000000
vn  0.000000 -0.866025 -0.500000
vn  1.000000 0.000000 0.000000
vn  0.000000 -0.720734 -0.693212
vn  1.000000 0.000000 0.000000
vn  0.000000 -0.140186 -0.990125
vn  1.000000 0.000000 0.000000
vn  0.000000 0.500000 -0.866025
vn  0.000000 0.500000 -0.866025
vn  1.000000 0.000000 0.000000
vn  0.000000 0.990128 -0.140168
vn  1.000000 0.000000 0.000000
vn  0.000000 0.720734 0.693212
vn  0.000000 0.545098 -0.838372
vn  1.000000 0.000000 0.000000
vn  0.000000 0.725563 -0.688156
vn  1.000000 0.000000 0.000000
vn  0.000000 0.866025 -0.500000
vn  1.000000 0.000000 0.000000
vn  0.000000 0.944845 -0.327519
vn  1.000000 0.000000 0.000000
vn  0.000000 0.989662 -0.143420
vn  1.000000 0.000000 0.000000
vn  0.000000 0.998954 0.045723
vn  1.000000 0.000000 0.000000
vn  0.000000 0.972435 0.233176
vn  1.000000 0.000000 0.000000
vn  0.000000 0.911061 0.412272
vn  1.000000 0.000000 0.000000
vn  0.000000 0.817002 0.576634
vn  1.000000 0.000000 0.000000
vn  0.000000 0.693569 0.720390
vn  1.000000 0.000000 0.000000
vn  0.000000 0.545098 0.838372
vn  0.000000 0.720734 -0.693212
vn  1.000000 0.000000 0.000000
vn  0.000000 0.866025 -0.500000
vn  1.000000 0.000000 0.000000
vn  0.000000 0.960706 -0.277568
vn  1.000000 0.000000 0.000000
vn  0.000000 0.927566 0.373658
vn  1.000000 0.000000 0.000000
vn  0.000000 0.500000 0.866025
vn  0.000000 0.500000 0.866025
vn  1.000000 0.000000 0.000000
vn  0.000000 -0.373675 0.927560
vn  1.000000 0.000000 0.000000
vn  0.000000 -0.960706 0.277568
vn  0.000000 0.453502 0.891255
vn  1.000000 0.000000 0.000000
vn  0.000000 0.277095 0.960843
vn  1.000000 0.000000 0.000000
vn  0.000000 0.090883 0.995862
vn  1.000000 0.000000 0.000000
vn  0.000000 -0.098487 0.995138
vn  1.000000 0.000000 0.000000
vn  0.000000 -0.284275 0.958743
vn  1.000000 0.000000 0.000000
vn  0.000000 -0.459875 0.887984
vn  1.000000 0.000000 0.000000
vn  0.000000 -0.619033 0.785365
vn  1.000000 0.000000 0.000000
vn  0.000000 -0.756060 0.654502
vn  1.000000 0.000000 0.000000
vn  0.000000 -0.866025 0.500000
vn  1.000000 0.000000 0.000000
vn  0.000000 -0.958742 0.284278
vn  0.000000 -0.500000 0.866025
vn  0.000000 -0.500000 0.866025
vn  -1.000000 0.000000 0.000000
vn  0.000000 -0.999996 0.002885
vn  -1.000000 0.000000 0.000000
vn  0.000000 -0.504419 -0.863459
vn  -1.000000 0.000000 0.000000
vn  0.000000 -0.004567 -0.999990
vn  -1.000000 0.000000 0.000000
vn  0.000000 0.500000 -0.866025
vn  0.000000 0.500000 -0.866025
vn  -1.000000 0.000000 0.000000
vn  0.000000 0.999996 -0.002885
vn  -1.000000 0.000000 0.000000
vn  0.000000 0.504419 0.863459
vn  -1.000000 0.000000 0.000000
vn  0.000000 0.004567 0.999990
vn  -1.000000 0.000000 0.000000
vn  0.000000 -0.500000 -0.866025
vn  0.000000 -0.500000 -0.866025
vn  1.000000 0.000000 0.000000
vn  0.000000 -0.130275 -0.991478
vn  1.000000 0.000000 0.000000
vn  0.000000 0.258780 -0.965936
vn  1.000000 0.000000 0.000000
vn  0.000000 0.608588 -0.793487
vn  1.000000 0.000000 0.000000
vn  0.000000 0.865963 -0.500108
vn  1.000000 0.000000 0.000000
vn  0.000000 0.991407 -0.130816
vn  1.000000 0.000000 0.000000
vn  0.000000 0.966145 0.258000
vn  1.000000 0.000000 0.000000
vn  0.000000 0.794063 0.607835
vn  1.000000 0.000000 0.000000
vn  0.000000 0.500000 0.866025
vn  0.000000 0.500000 0.866025
vn  1.000000 0.000000 0.000000
vn  0.000000 0.130275 0.991478
vn  1.000000 0.000000 0.000000
vn  0.000000 -0.258780 0.965936
vn  1.000000 0.000000 0.000000
vn  0.000000 -0.608588 0.793487
vn  1.000000 0.000000 0.000000
vn  0.000000 -0.865963 0.500108
vn  1.000000 0.000000 0.000000
vn  0.000000 -0.991407 0.130816
vn  1.000000 0.000000 0.000000
vn  0.000000 -0.966145 -0.258000
vn  1.000000 0.000000 0.000000
vn  0.000000 -0.794063 -0.607835
vn  1.000000 0.000000 0.000000
vn  1.000000 0.000000 0.000000
vn  0.000000 -0.500000 -0.866025
vn  0.000000 -0.500000 -0.866025
vn  1.000000 0.000000 0.000000
vn  0.000000 -0.129267 -0.991610
vn  1.000000 0.000000 0.000000
vn  0.000000 0.259728 -0.965682
vn  1.000000 0.000000 0.000000
vn  0.000000 0.608968 -0.793194
vn  1.000000 0.000000 0.000000
vn  0.000000 0.866151 -0.499782
vn  1.000000 0.000000 0.000000
vn  0.000000 0.991495 -0.130147
vn  1.000000 0.000000 0.000000
vn  0.000000 0.965925 0.258822
vn  1.000000 0.000000 0.000000
vn  0.000000 0.793550 0.608504
vn  1.000000 0.000000 0.000000
vn  0.000000 0.500000 0.866025
vn  0.000000 0.500000 0.866025
vn  1.000000 0.000000 0.000000
vn  0.000000 0.129267 0.991610
vn  1.000000 0.000000 0.000000
vn  0.000000 -0.259728 0.965682
vn  1.000000 0.000000 0.000000
vn  0.000000 -0.608968 0.793194
vn  1.000000 0.000000 0.000000
vn  0.000000 -0.866151 0.499782
vn  1.000000 0.000000 0.000000
vn  0.000000 -0.991495 0.130147
vn  1.000000 0.000000 0.000000
vn  0.000000 -0.965925 -0.258822
vn  1.000000 0.000000 0.000000
vn  0.000000 -0.793550 -0.608504
vn  0.000000 0.500000 0.866025
vn  0.000000 0.500000 0.866025
vn  1.000000 0.000000 0.000000
vn  0.000000 0.130205 0.991487
vn  1.000000 0.000000 0.000000
vn  0.000000 -0.258816 0.965927
vn  1.000000 0.000000 0.000000
vn  0.000000 -0.608458 0.793586
vn  1.000000 0.000000 0.000000
vn  0.000000 -0.865899 0.500218
vn  1.000000 0.000000 0.000000
vn  0.000000 -0.991411 0.130785
vn  1.000000 0.000000 0.000000
vn  0.000000 -0.966169 -0.257910
vn  1.000000 0.000000 0.000000
vn  0.000000 -0.794126 -0.607754
vn  1.000000 0.000000 0.000000
vn  0.000000 -0.500000 -0.866025
vn  0.000000 -0.500000 -0.866025
vn  1.000000 0.000000 0.000000
vn  0.000000 -0.130205 -0.991487
vn  1.000000 0.000000 0.000000
vn  0.000000 0.258816 -0.965927
vn  1.000000 0.000000 0.000000
vn  0.000000 0.608458 -0.793586
vn  1.000000 0.000000 0.000000
vn  0.000000 0.865899 -0.500218
vn  1.000000 0.000000 0.000000
vn  0.000000 0.991411 -0.130785
vn  1.000000 0.000000 0.000000
vn  0.000000 0.966169 0.257910
vn  1.000000 0.000000 0.000000
vn  0.000000 0.794126 0.607754
vn  1.000000 0.000000 0.000000


g 6
f 4223/4223/4223  4146/4146/4146  4143/4143/4143
f 4364/4364/4364  4145/4145/4145  4147/4147/4147
f 4242/4242/4242  4224/4224/4224  4144/4144/4144
f 4244/4244/4244  4242/4242/4242  4144/4144/4144
f 4249/4249/4249  4244/4244/4244  4144/4144/4144
f 4364/4364/4364  4250/4250/4250  4145/4145/4145
f 4191/4191/4191  4149/4149/4149  4146/4146/4146
f 4365/4365/4365  4148/4148/4148  4150/4150/4150
f 4193/4193/4193  4191/4191/4191  4146/4146/4146
f 4223/4223/4223  4193/4193/4193  4146/4146/4146
f 4191/4191/4191  4151/4151/4151  4149/4149/4149
f 4362/4362/4362  4150/4150/4150  4152/4152/4152
f 4365/4365/4365  4150/4150/4150  4362/4362/4362
f 4191/4191/4191  4153/4153/4153  4151/4151/4151
f 4360/4360/4360  4152/4152/4152  4154/4154/4154
f 4362/4362/4362  4152/4152/4152  4360/4360/4360
f 4191/4191/4191  4155/4155/4155  4153/4153/4153
f 4358/4358/4358  4154/4154/4154  4156/4156/4156
f 4360/4360/4360  4154/4154/4154  4358/4358/4358
f 4191/4191/4191  4158/4158/4158  4155/4155/4155
f 4407/4407/4407  4157/4157/4157  4159/4159/4159
f 4352/4352/4352  4294/4294/4294  4157/4157/4157
f 4356/4356/4356  4157/4157/4157  4294/4294/4294
f 4407/4407/4407  4352/4352/4352  4157/4157/4157
f 4358/4358/4358  4156/4156/4156  4355/4355/4355
f 4191/4191/4191  4161/4161/4161  4158/4158/4158
f 4350/4350/4350  4160/4160/4160  4162/4162/4162
f 4350/4350/4350  4353/4353/4353  4408/4408/4408
f 4408/4408/4408  4160/4160/4160  4350/4350/4350
f 4181/4181/4181  4163/4163/4163  4161/4161/4161
f 4346/4346/4346  4162/4162/4162  4164/4164/4164
f 4189/4189/4189  4181/4181/4181  4161/4161/4161
f 4191/4191/4191  4189/4189/4189  4161/4161/4161
f 4348/4348/4348  4162/4162/4162  4346/4346/4346
f 4350/4350/4350  4162/4162/4162  4348/4348/4348
f 4171/4171/4171  4165/4165/4165  4163/4163/4163
f 4342/4342/4342  4164/4164/4164  4166/4166/4166
f 4174/4174/4174  4171/4171/4171  4163/4163/4163
f 4177/4177/4177  4174/4174/4174  4163/4163/4163
f 4179/4179/4179  4177/4177/4177  4163/4163/4163
f 4181/4181/4181  4179/4179/4179  4163/4163/4163
f 4344/4344/4344  4164/4164/4164  4342/4342/4342
f 4346/4346/4346  4164/4164/4164  4344/4344/4344
f 4169/4169/4169  4167/4167/4167  4165/4165/4165
f 4338/4338/4338  4166/4166/4166  4168/4168/4168
f 4171/4171/4171  4169/4169/4169  4165/4165/4165
f 4340/4340/4340  4166/4166/4166  4338/4338/4338
f 4342/4342/4342  4166/4166/4166  4340/4340/4340
f 4336/4336/4336  4168/4168/4168  4170/4170/4170
f 4338/4338/4338  4168/4168/4168  4336/4336/4336
f 4334/4334/4334  4170/4170/4170  4172/4172/4172
f 4336/4336/4336  4170/4170/4170  4334/4334/4334
f 4411/4411/4411  4173/4173/4173  4175/4175/4175
f 4409/4409/4409  4334/4334/4334  4172/4172/4172
f 4411/4411/4411  4410/4410/4410  4173/4173/4173
f 4413/4413/4413  4176/4176/4176  4178/4178/4178
f 4422/4422/4422  4178/4178/4178  4180/4180/4180
f 4422/4422/4422  4413/4413/4413  4178/4178/4178
f 4420/4420/4420  4180/4180/4180  4182/4182/4182
f 4422/4422/4422  4180/4180/4180  4420/4420/4420
f 4189/4189/4189  4183/4183/4183  4181/4181/4181
f 4418/4418/4418  4182/4182/4182  4185/4185/4185
f 4420/4420/4420  4182/4182/4182  4418/4418/4418
f 4189/4189/4189  4186/4186/4186  4183/4183/4183
f 4284/4284/4284  4184/4184/4184  4188/4188/4188
f 4287/4287/4287  4184/4184/4184  4284/4284/4284
f 4324/4324/4324  4184/4184/4184  4287/4287/4287
f 4415/4415/4415  4184/4184/4184  4324/4324/4324
f 4418/4418/4418  4185/4185/4185  4416/4416/4416
f 4288/4288/4288  4187/4187/4187  4190/4190/4190
f 4283/4283/4283  4187/4187/4187  4288/4288/4288
f 4288/4288/4288  4285/4285/4285  4283/4283/4283
f 4290/4290/4290  4190/4190/4190  4192/4192/4192
f 4290/4290/4290  4288/4288/4288  4190/4190/4190
f 4276/4276/4276  4192/4192/4192  4194/4194/4194
f 4290/4290/4290  4192/4192/4192  4276/4276/4276
f 4223/4223/4223  4195/4195/4195  4193/4193/4193
f 4279/4279/4279  4194/4194/4194  4196/4196/4196
f 4279/4279/4279  4276/4276/4276  4194/4194/4194
f 4200/4200/4200  4197/4197/4197  4195/4195/4195
f 4281/4281/4281  4196/4196/4196  4199/4199/4199
f 4203/4203/4203  4200/4200/4200  4195/4195/4195
f 4221/4221/4221  4203/4203/4203  4195/4195/4195
f 4223/4223/4223  4221/4221/4221  4195/4195/4195
f 4281/4281/4281  4279/4279/4279  4196/4196/4196
f 4260/4260/4260  4198/4198/4198  4202/4202/4202
f 4268/4268/4268  4198/4198/4198  4260/4260/4260
f 4281/4281/4281  4199/4199/4199  4269/4269/4269
f 4259/4259/4259  4201/4201/4201  4204/4204/4204
f 4221/4221/4221  4205/4205/4205  4203/4203/4203
f 4262/4262/4262  4204/4204/4204  4206/4206/4206
f 4262/4262/4262  4259/4259/4259  4204/4204/4204
f 4219/4219/4219  4207/4207/4207  4205/4205/4205
f 4264/4264/4264  4206/4206/4206  4208/4208/4208
f 4221/4221/4221  4219/4219/4219  4205/4205/4205
f 4264/4264/4264  4262/4262/4262  4206/4206/4206
f 4219/4219/4219  4209/4209/4209  4207/4207/4207
f 4266/4266/4266  4208/4208/4208  4211/4211/4211
f 4266/4266/4266  4264/4264/4264  4208/4208/4208
f 4219/4219/4219  4212/4212/4212  4209/4209/4209
f 4252/4252/4252  4210/4210/4210  4214/4214/4214
f 4252/4252/4252  4226/4226/4226  4210/4210/4210
f 4256/4256/4256  4210/4210/4210  4226/4226/4226
f 4256/4256/4256  4253/4253/4253  4210/4210/4210
f 4266/4266/4266  4211/4211/4211  4254/4254/4254
f 4219/4219/4219  4215/4215/4215  4212/4212/4212
f 4228/4228/4228  4213/4213/4213  4216/4216/4216
f 4228/4228/4228  4225/4225/4225  4251/4251/4251
f 4251/4251/4251  4213/4213/4213  4228/4228/4228
f 4219/4219/4219  4217/4217/4217  4215/4215/4215
f 4228/4228/4228  4216/4216/4216  4218/4218/4218
f 4230/4230/4230  4218/4218/4218  4220/4220/4220
f 4230/4230/4230  4228/4228/4228  4218/4218/4218
f 4234/4234/4234  4220/4220/4220  4222/4222/4222
f 4232/4232/4232  4230/4230/4230  4220/4220/4220
f 4234/4234/4234  4232/4232/4232  4220/4220/4220
f 4238/4238/4238  4222/4222/4222  4224/4224/4224
f 4236/4236/4236  4234/4234/4234  4222/4222/4222
f 4238/4238/4238  4236/4236/4236  4222/4222/4222
f 4240/4240/4240  4238/4238/4238  4224/4224/4224
f 4242/4242/4242  4240/4240/4240  4224/4224/4224
f 4257/4257/4257  4227/4227/4227  4229/4229/4229
f 4397/4397/4397  4229/4229/4229  4231/4231/4231
f 4395/4395/4395  4257/4257/4257  4229/4229/4229
f 4397/4397/4397  4395/4395/4395  4229/4229/4229
f 4399/4399/4399  4231/4231/4231  4233/4233/4233
f 4399/4399/4399  4397/4397/4397  4231/4231/4231
f 4399/4399/4399  4233/4233/4233  4235/4235/4235
f 4401/4401/4401  4235/4235/4235  4237/4237/4237
f 4401/4401/4401  4399/4399/4399  4235/4235/4235
f 4401/4401/4401  4237/4237/4237  4239/4239/4239
f 4403/4403/4403  4239/4239/4239  4241/4241/4241
f 4403/4403/4403  4401/4401/4401  4239/4239/4239
f 4403/4403/4403  4241/4241/4241  4243/4243/4243
f 4405/4405/4405  4243/4243/4243  4245/4245/4245
f 4405/4405/4405  4403/4403/4403  4243/4243/4243
f 4249/4249/4249  4246/4246/4246  4244/4244/4244
f 4405/4405/4405  4245/4245/4245  4247/4247/4247
f 4364/4364/4364  4248/4248/4248  4250/4250/4250
f 4368/4368/4368  4248/4248/4248  4364/4364/4364
f 4405/4405/4405  4247/4247/4247  4367/4367/4367
f 4267/4267/4267  4255/4255/4255  4258/4258/4258
f 4684/4684/4684  4267/4267/4267  4258/4258/4258
f 4395/4395/4395  4389/4389/4389  4257/4257/4257
f 4682/4682/4682  4258/4258/4258  4390/4390/4390
f 4684/4684/4684  4258/4258/4258  4682/4682/4682
f 4675/4675/4675  4261/4261/4261  4263/4263/4263
f 4270/4270/4270  4268/4268/4268  4260/4260/4260
f 4273/4273/4273  4270/4270/4270  4260/4260/4260
f 4675/4675/4675  4275/4275/4275  4261/4261/4261
f 4673/4673/4673  4263/4263/4263  4265/4265/4265
f 4675/4675/4675  4263/4263/4263  4673/4673/4673
f 4684/4684/4684  4265/4265/4265  4267/4267/4267
f 4673/4673/4673  4265/4265/4265  4671/4671/4671
f 4686/4686/4686  4671/4671/4671  4265/4265/4265
f 4686/4686/4686  4265/4265/4265  4684/4684/4684
f 4281/4281/4281  4269/4269/4269  4271/4271/4271
f 4393/4393/4393  4272/4272/4272  4274/4274/4274
f 4393/4393/4393  4282/4282/4282  4272/4272/4272
f 4395/4395/4395  4274/4274/4274  4389/4389/4389
f 4677/4677/4677  4390/4390/4390  4275/4275/4275
f 4395/4395/4395  4393/4393/4393  4274/4274/4274
f 4677/4677/4677  4275/4275/4275  4675/4675/4675
f 4320/4320/4320  4278/4278/4278  4280/4280/4280
f 4317/4317/4317  4291/4291/4291  4277/4277/4277
f 4319/4319/4319  4317/4317/4317  4277/4277/4277
f 4391/4391/4391  4280/4280/4280  4282/4282/4282
f 4391/4391/4391  4320/4320/4320  4280/4280/4280
f 4393/4393/4393  4391/4391/4391  4282/4282/4282
f 4322/4322/4322  4286/4286/4286  4289/4289/4289
f 4317/4317/4317  4289/4289/4289  4291/4291/4291
f 4317/4317/4317  4315/4315/4315  4289/4289/4289
f 4322/4322/4322  4289/4289/4289  4315/4315/4315
f 4300/4300/4300  4295/4295/4295  4292/4292/4292
f 4354/4354/4354  4293/4293/4293  4296/4296/4296
f 4349/4349/4349  4300/4300/4300  4292/4292/4292
f 4351/4351/4351  4349/4349/4349  4292/4292/4292
f 4300/4300/4300  4297/4297/4297  4295/4295/4295
f 4387/4387/4387  4296/4296/4296  4298/4298/4298
f 4357/4357/4357  4354/4354/4354  4296/4296/4296
f 4385/4385/4385  4357/4357/4357  4296/4296/4296
f 4387/4387/4387  4385/4385/4385  4296/4296/4296
f 4405/4405/4405  4299/4299/4299  4301/4301/4301
f 4371/4371/4371  4298/4298/4298  4369/4369/4369
f 4405/4405/4405  4370/4370/4370  4299/4299/4299
f 4387/4387/4387  4298/4298/4298  4371/4371/4371
f 4349/4349/4349  4303/4303/4303  4300/4300/4300
f 4643/4643/4643  4302/4302/4302  4304/4304/4304
f 4632/4632/4632  4406/4406/4406  4302/4302/4302
f 4641/4641/4641  4632/4632/4632  4302/4302/4302
f 4643/4643/4643  4641/4641/4641  4302/4302/4302
f 4345/4345/4345  4305/4305/4305  4303/4303/4303
f 4653/4653/4653  4304/4304/4304  4306/4306/4306
f 4347/4347/4347  4345/4345/4345  4303/4303/4303
f 4349/4349/4349  4347/4347/4347  4303/4303/4303
f 4646/4646/4646  4643/4643/4643  4304/4304/4304
f 4648/4648/4648  4646/4646/4646  4304/4304/4304
f 4651/4651/4651  4648/4648/4648  4304/4304/4304
f 4653/4653/4653  4651/4651/4651  4304/4304/4304
f 4341/4341/4341  4307/4307/4307  4305/4305/4305
f 4657/4657/4657  4306/4306/4306  4308/4308/4308
f 4343/4343/4343  4341/4341/4341  4305/4305/4305
f 4345/4345/4345  4343/4343/4343  4305/4305/4305
f 4655/4655/4655  4653/4653/4653  4306/4306/4306
f 4657/4657/4657  4655/4655/4655  4306/4306/4306
f 4337/4337/4337  4309/4309/4309  4307/4307/4307
f 4663/4663/4663  4308/4308/4308  4310/4310/4310
f 4339/4339/4339  4337/4337/4337  4307/4307/4307
f 4341/4341/4341  4339/4339/4339  4307/4307/4307
f 4659/4659/4659  4657/4657/4657  4308/4308/4308
f 4661/4661/4661  4659/4659/4659  4308/4308/4308
f 4663/4663/4663  4661/4661/4661  4308/4308/4308
f 4335/4335/4335  4311/4311/4311  4309/4309/4309
f 4665/4665/4665  4310/4310/4310  4312/4312/4312
f 4337/4337/4337  4335/4335/4335  4309/4309/4309
f 4665/4665/4665  4663/4663/4663  4310/4310/4310
f 4327/4327/4327  4313/4313/4313  4311/4311/4311
f 4665/4665/4665  4312/4312/4312  4314/4314/4314
f 4330/4330/4330  4327/4327/4327  4311/4311/4311
f 4333/4333/4333  4330/4330/4330  4311/4311/4311
f 4335/4335/4335  4333/4333/4333  4311/4311/4311
f 4322/4322/4322  4315/4315/4315  4313/4313/4313
f 4451/4451/4451  4314/4314/4314  4316/4316/4316
f 4325/4325/4325  4322/4322/4322  4313/4313/4313
f 4327/4327/4327  4325/4325/4325  4313/4313/4313
f 4453/4453/4453  4314/4314/4314  4451/4451/4451
f 4667/4667/4667  4314/4314/4314  4453/4453/4453
f 4667/4667/4667  4665/4665/4665  4314/4314/4314
f 4599/4599/4599  4316/4316/4316  4318/4318/4318
f 4580/4580/4580  4451/4451/4451  4316/4316/4316
f 4580/4580/4580  4316/4316/4316  4578/4578/4578
f 4601/4601/4601  4578/4578/4578  4316/4316/4316
f 4601/4601/4601  4316/4316/4316  4599/4599/4599
f 4595/4595/4595  4318/4318/4318  4321/4321/4321
f 4597/4597/4597  4318/4318/4318  4595/4595/4595
f 4599/4599/4599  4318/4318/4318  4597/4597/4597
f 4591/4591/4591  4321/4321/4321  4392/4392/4392
f 4593/4593/4593  4321/4321/4321  4591/4591/4591
f 4595/4595/4595  4321/4321/4321  4593/4593/4593
f 4414/4414/4414  4323/4323/4323  4326/4326/4326
f 4432/4432/4432  4326/4326/4326  4329/4329/4329
f 4430/4430/4430  4414/4414/4414  4326/4326/4326
f 4432/4432/4432  4430/4430/4430  4326/4326/4326
f 4411/4411/4411  4328/4328/4328  4332/4332/4332
f 4439/4439/4439  4329/4329/4329  4412/4412/4412
f 4435/4435/4435  4432/4432/4432  4329/4329/4329
f 4437/4437/4437  4435/4435/4435  4329/4329/4329
f 4439/4439/4439  4437/4437/4437  4329/4329/4329
f 4409/4409/4409  4331/4331/4331  4334/4334/4334
f 4411/4411/4411  4332/4332/4332  4410/4410/4410
f 4380/4380/4380  4359/4359/4359  4357/4357/4357
f 4383/4383/4383  4380/4380/4380  4357/4357/4357
f 4385/4385/4385  4383/4383/4383  4357/4357/4357
f 4378/4378/4378  4361/4361/4361  4359/4359/4359
f 4380/4380/4380  4378/4378/4378  4359/4359/4359
f 4366/4366/4366  4363/4363/4363  4361/4361/4361
f 4369/4369/4369  4366/4366/4366  4361/4361/4361
f 4378/4378/4378  4369/4369/4369  4361/4361/4361
f 4405/4405/4405  4367/4367/4367  4370/4370/4370
f 4374/4374/4374  4371/4371/4371  4369/4369/4369
f 4376/4376/4376  4374/4374/4374  4369/4369/4369
f 4378/4378/4378  4376/4376/4376  4369/4369/4369
f 4644/4644/4644  4372/4372/4372  4375/4375/4375
f 4647/4647/4647  4388/4388/4388  4373/4373/4373
f 4647/4647/4647  4373/4373/4373  4645/4645/4645
f 4642/4642/4642  4375/4375/4375  4377/4377/4377
f 4644/4644/4644  4375/4375/4375  4642/4642/4642
f 4640/4640/4640  4377/4377/4377  4379/4379/4379
f 4642/4642/4642  4377/4377/4377  4640/4640/4640
f 4484/4484/4484  4379/4379/4379  4381/4381/4381
f 4487/4487/4487  4379/4379/4379  4484/4484/4484
f 4638/4638/4638  4379/4379/4379  4487/4487/4487
f 4640/4640/4640  4379/4379/4379  4638/4638/4638
f 4482/4482/4482  4382/4382/4382  4384/4384/4384
f 4484/4484/4484  4381/4381/4381  4481/4481/4481
f 4479/4479/4479  4384/4384/4384  4386/4386/4386
f 4482/4482/4482  4384/4384/4384  4479/4479/4479
f 4476/4476/4476  4386/4386/4386  4388/4388/4388
f 4479/4479/4479  4386/4386/4386  4476/4476/4476
f 4649/4649/4649  4476/4476/4476  4388/4388/4388
f 4649/4649/4649  4388/4388/4388  4647/4647/4647
f 4680/4680/4680  4390/4390/4390  4677/4677/4677
f 4682/4682/4682  4390/4390/4390  4680/4680/4680
f 4589/4589/4589  4392/4392/4392  4394/4394/4394
f 4591/4591/4591  4392/4392/4392  4589/4589/4589
f 4585/4585/4585  4394/4394/4394  4396/4396/4396
f 4587/4587/4587  4394/4394/4394  4585/4585/4585
f 4589/4589/4589  4394/4394/4394  4587/4587/4587
f 4616/4616/4616  4396/4396/4396  4398/4398/4398
f 4606/4606/4606  4585/4585/4585  4396/4396/4396
f 4608/4608/4608  4606/4606/4606  4396/4396/4396
f 4611/4611/4611  4608/4608/4608  4396/4396/4396
f 4616/4616/4616  4611/4611/4611  4396/4396/4396
f 4618/4618/4618  4398/4398/4398  4400/4400/4400
f 4618/4618/4618  4616/4616/4616  4398/4398/4398
f 4620/4620/4620  4400/4400/4400  4402/4402/4402
f 4620/4620/4620  4618/4618/4618  4400/4400/4400
f 4622/4622/4622  4402/4402/4402  4404/4404/4404
f 4622/4622/4622  4620/4620/4620  4402/4402/4402
f 4628/4628/4628  4404/4404/4404  4406/4406/4406
f 4624/4624/4624  4622/4622/4622  4404/4404/4404
f 4626/4626/4626  4624/4624/4624  4404/4404/4404
f 4628/4628/4628  4626/4626/4626  4404/4404/4404
f 4630/4630/4630  4628/4628/4628  4406/4406/4406
f 4632/4632/4632  4630/4630/4630  4406/4406/4406
f 4421/4421/4421  4419/4419/4419  4412/4412/4412
f 4439/4439/4439  4412/4412/4412  4419/4419/4419
f 4428/4428/4428  4417/4417/4417  4414/4414/4414
f 4430/4430/4430  4428/4428/4428  4414/4414/4414
f 4423/4423/4423  4419/4419/4419  4417/4417/4417
f 4426/4426/4426  4423/4423/4423  4417/4417/4417
f 4428/4428/4428  4426/4426/4426  4417/4417/4417
f 4439/4439/4439  4419/4419/4419  4423/4423/4423
f 4448/4448/4448  4425/4425/4425  4427/4427/4427
f 4444/4444/4444  4440/4440/4440  4424/4424/4424
f 4446/4446/4446  4444/4444/4444  4424/4424/4424
f 4541/4541/4541  4427/4427/4427  4429/4429/4429
f 4541/4541/4541  4448/4448/4448  4427/4427/4427
f 4538/4538/4538  4429/4429/4429  4431/4431/4431
f 4541/4541/4541  4429/4429/4429  4538/4538/4538
f 4579/4579/4579  4431/4431/4431  4434/4434/4434
f 4576/4576/4576  4538/4538/4538  4431/4431/4431
f 4579/4579/4579  4576/4576/4576  4431/4431/4431
f 4449/4449/4449  4433/4433/4433  4436/4436/4436
f 4579/4579/4579  4434/4434/4434  4450/4450/4450
f 4452/4452/4452  4436/4436/4436  4438/4438/4438
f 4452/4452/4452  4449/4449/4449  4436/4436/4436
f 4441/4441/4441  4438/4438/4438  4440/4440/4440
f 4452/4452/4452  4438/4438/4438  4441/4441/4441
f 4444/4444/4444  4441/4441/4441  4440/4440/4440
f 4542/4542/4542  4442/4442/4442  4445/4445/4445
f 4454/4454/4454  4452/4452/4452  4441/4441/4441
f 4458/4458/4458  4456/4456/4456  4443/4443/4443
f 4463/4463/4463  4457/4457/4457  4442/4442/4442
f 4542/4542/4542  4463/4463/4463  4442/4442/4442
f 4544/4544/4544  4445/4445/4445  4447/4447/4447
f 4544/4544/4544  4542/4542/4542  4445/4445/4445
f 4544/4544/4544  4447/4447/4447  4540/4540/4540
f 4667/4667/4667  4453/4453/4453  4455/4455/4455
f 4668/4668/4668  4456/4456/4456  4458/4458/4458
f 4461/4461/4461  4459/4459/4459  4457/4457/4457
f 4668/4668/4668  4458/4458/4458  4460/4460/4460
f 4463/4463/4463  4461/4461/4461  4457/4457/4457
f 4666/4666/4666  4460/4460/4460  4462/4462/4462
f 4668/4668/4668  4460/4460/4460  4666/4666/4666
f 4664/4664/4664  4462/4462/4462  4464/4464/4464
f 4666/4666/4666  4462/4462/4462  4664/4664/4664
f 4542/4542/4542  4465/4465/4465  4463/4463/4463
f 4662/4662/4662  4464/4464/4464  4466/4466/4466
f 4664/4664/4664  4464/4464/4464  4662/4662/4662
f 4574/4574/4574  4467/4467/4467  4465/4465/4465
f 4660/4660/4660  4466/4466/4466  4468/4468/4468
f 4574/4574/4574  4465/4465/4465  4542/4542/4542
f 4662/4662/4662  4466/4466/4466  4660/4660/4660
f 4572/4572/4572  4469/4469/4469  4467/4467/4467
f 4658/4658/4658  4468/4468/4468  4470/4470/4470
f 4574/4574/4574  4572/4572/4572  4467/4467/4467
f 4660/4660/4660  4468/4468/4468  4658/4658/4658
f 4570/4570/4570  4471/4471/4471  4469/4469/4469
f 4656/4656/4656  4470/4470/4470  4472/4472/4472
f 4572/4572/4572  4570/4570/4570  4469/4469/4469
f 4658/4658/4658  4470/4470/4470  4656/4656/4656
f 4570/4570/4570  4473/4473/4473  4471/4471/4471
f 4654/4654/4654  4472/4472/4472  4474/4474/4474
f 4656/4656/4656  4472/4472/4472  4654/4654/4654
f 4567/4567/4567  4475/4475/4475  4473/4473/4473
f 4652/4652/4652  4474/4474/4474  4477/4477/4477
f 4570/4570/4570  4567/4567/4567  4473/4473/4473
f 4654/4654/4654  4474/4474/4474  4652/4652/4652
f 4567/4567/4567  4478/4478/4478  4475/4475/4475
f 4652/4652/4652  4477/4477/4477  4650/4650/4650
f 4567/4567/4567  4480/4480/4480  4478/4478/4478
f 4565/4565/4565  4483/4483/4483  4480/4480/4480
f 4567/4567/4567  4565/4565/4565  4480/4480/4480
f 4565/4565/4565  4485/4485/4485  4483/4483/4483
f 4565/4565/4565  4488/4488/4488  4485/4485/4485
f 4635/4635/4635  4486/4486/4486  4489/4489/4489
f 4638/4638/4638  4487/4487/4487  4636/4636/4636
f 4565/4565/4565  4490/4490/4490  4488/4488/4488
f 4633/4633/4633  4489/4489/4489  4491/4491/4491
f 4635/4635/4635  4489/4489/4489  4633/4633/4633
f 4563/4563/4563  4492/4492/4492  4490/4490/4490
f 4631/4631/4631  4491/4491/4491  4493/4493/4493
f 4565/4565/4565  4563/4563/4563  4490/4490/4490
f 4633/4633/4633  4491/4491/4491  4631/4631/4631
f 4563/4563/4563  4494/4494/4494  4492/4492/4492
f 4629/4629/4629  4493/4493/4493  4495/4495/4495
f 4631/4631/4631  4493/4493/4493  4629/4629/4629
f 4561/4561/4561  4496/4496/4496  4494/4494/4494
f 4627/4627/4627  4495/4495/4495  4497/4497/4497
f 4563/4563/4563  4561/4561/4561  4494/4494/4494
f 4629/4629/4629  4495/4495/4495  4627/4627/4627
f 4559/4559/4559  4498/4498/4498  4496/4496/4496
f 4625/4625/4625  4497/4497/4497  4499/4499/4499
f 4561/4561/4561  4559/4559/4559  4496/4496/4496
f 4627/4627/4627  4497/4497/4497  4625/4625/4625
f 4504/4504/4504  4500/4500/4500  4498/4498/4498
f 4623/4623/4623  4499/4499/4499  4501/4501/4501
f 4559/4559/4559  4504/4504/4504  4498/4498/4498
f 4625/4625/4625  4499/4499/4499  4623/4623/4623
f 4504/4504/4504  4502/4502/4502  4500/4500/4500
f 4621/4621/4621  4501/4501/4501  4503/4503/4503
f 4623/4623/4623  4501/4501/4501  4621/4621/4621
f 4619/4619/4619  4503/4503/4503  4505/4505/4505
f 4621/4621/4621  4503/4503/4503  4619/4619/4619
f 4559/4559/4559  4506/4506/4506  4504/4504/4504
f 4617/4617/4617  4505/4505/4505  4508/4508/4508
f 4619/4619/4619  4505/4505/4505  4617/4617/4617
f 4557/4557/4557  4509/4509/4509  4506/4506/4506
f 4683/4683/4683  4507/4507/4507  4510/4510/4510
f 4559/4559/4559  4557/4557/4557  4506/4506/4506
f 4617/4617/4617  4508/4508/4508  4615/4615/4615
f 4681/4681/4681  4614/4614/4614  4507/4507/4507
f 4683/4683/4683  4681/4681/4681  4507/4507/4507
f 4557/4557/4557  4511/4511/4511  4509/4509/4509
f 4685/4685/4685  4510/4510/4510  4513/4513/4513
f 4685/4685/4685  4683/4683/4683  4510/4510/4510
f 4555/4555/4555  4514/4514/4514  4511/4511/4511
f 4669/4669/4669  4512/4512/4512  4515/4515/4515
f 4557/4557/4557  4555/4555/4555  4511/4511/4511
f 4685/4685/4685  4513/4513/4513  4670/4670/4670
f 4519/4519/4519  4516/4516/4516  4514/4514/4514
f 4672/4672/4672  4515/4515/4515  4518/4518/4518
f 4555/4555/4555  4519/4519/4519  4514/4514/4514
f 4672/4672/4672  4669/4669/4669  4515/4515/4515
f 4581/4581/4581  4517/4517/4517  4520/4520/4520
f 4603/4603/4603  4518/4518/4518  4583/4583/4583
f 4672/4672/4672  4518/4518/4518  4603/4603/4603
f 4555/4555/4555  4521/4521/4521  4519/4519/4519
f 4584/4584/4584  4520/4520/4520  4522/4522/4522
f 4584/4584/4584  4581/4581/4581  4520/4520/4520
f 4553/4553/4553  4523/4523/4523  4521/4521/4521
f 4586/4586/4586  4522/4522/4522  4524/4524/4524
f 4555/4555/4555  4553/4553/4553  4521/4521/4521
f 4586/4586/4586  4584/4584/4584  4522/4522/4522
f 4553/4553/4553  4525/4525/4525  4523/4523/4523
f 4588/4588/4588  4524/4524/4524  4526/4526/4526
f 4588/4588/4588  4586/4586/4586  4524/4524/4524
f 4550/4550/4550  4527/4527/4527  4525/4525/4525
f 4590/4590/4590  4526/4526/4526  4528/4528/4528
f 4553/4553/4553  4550/4550/4550  4525/4525/4525
f 4590/4590/4590  4588/4588/4588  4526/4526/4526
f 4550/4550/4550  4529/4529/4529  4527/4527/4527
f 4592/4592/4592  4528/4528/4528  4530/4530/4530
f 4592/4592/4592  4590/4590/4590  4528/4528/4528
f 4548/4548/4548  4531/4531/4531  4529/4529/4529
f 4594/4594/4594  4530/4530/4530  4532/4532/4532
f 4550/4550/4550  4548/4548/4548  4529/4529/4529
f 4594/4594/4594  4592/4592/4592  4530/4530/4530
f 4546/4546/4546  4533/4533/4533  4531/4531/4531
f 4596/4596/4596  4532/4532/4532  4534/4534/4534
f 4548/4548/4548  4546/4546/4546  4531/4531/4531
f 4596/4596/4596  4594/4594/4594  4532/4532/4532
f 4546/4546/4546  4535/4535/4535  4533/4533/4533
f 4598/4598/4598  4534/4534/4534  4536/4536/4536
f 4598/4598/4598  4596/4596/4596  4534/4534/4534
f 4540/4540/4540  4537/4537/4537  4535/4535/4535
f 4600/4600/4600  4536/4536/4536  4539/4539/4539
f 4544/4544/4544  4540/4540/4540  4535/4535/4535
f 4546/4546/4546  4544/4544/4544  4535/4535/4535
f 4600/4600/4600  4598/4598/4598  4536/4536/4536
f 4600/4600/4600  4539/4539/4539  4577/4577/4577
f 4698/4698/4698  4543/4543/4543  4545/4545/4545
f 4694/4694/4694  4575/4575/4575  4543/4543/4543
f 4696/4696/4696  4694/4694/4694  4543/4543/4543
f 4698/4698/4698  4696/4696/4696  4543/4543/4543
f 4700/4700/4700  4545/4545/4545  4547/4547/4547
f 4700/4700/4700  4698/4698/4698  4545/4545/4545
f 4702/4702/4702  4547/4547/4547  4549/4549/4549
f 4702/4702/4702  4700/4700/4700  4547/4547/4547
f 4702/4702/4702  4549/4549/4549  4551/4551/4551
f 4705/4705/4705  4552/4552/4552  4554/4554/4554
f 4704/4704/4704  4702/4702/4702  4551/4551/4551
f 4707/4707/4707  4554/4554/4554  4556/4556/4556
f 4707/4707/4707  4705/4705/4705  4554/4554/4554
f 4709/4709/4709  4556/4556/4556  4558/4558/4558
f 4709/4709/4709  4707/4707/4707  4556/4556/4556
f 4711/4711/4711  4558/4558/4558  4560/4560/4560
f 4711/4711/4711  4709/4709/4709  4558/4558/4558
f 4715/4715/4715  4560/4560/4560  4562/4562/4562
f 4713/4713/4713  4711/4711/4711  4560/4560/4560
f 4715/4715/4715  4713/4713/4713  4560/4560/4560
f 4717/4717/4717  4562/4562/4562  4564/4564/4564
f 4717/4717/4717  4715/4715/4715  4562/4562/4562
f 4719/4719/4719  4564/4564/4564  4566/4566/4566
f 4719/4719/4719  4717/4717/4717  4564/4564/4564
f 4719/4719/4719  4566/4566/4566  4569/4569/4569
f 4687/4687/4687  4568/4568/4568  4571/4571/4571
f 4719/4719/4719  4569/4569/4569  4688/4688/4688
f 4690/4690/4690  4571/4571/4571  4573/4573/4573
f 4690/4690/4690  4687/4687/4687  4571/4571/4571
f 4692/4692/4692  4573/4573/4573  4575/4575/4575
f 4692/4692/4692  4690/4690/4690  4573/4573/4573
f 4694/4694/4694  4692/4692/4692  4575/4575/4575
f 4602/4602/4602  4582/4582/4582  4585/4585/4585
f 4604/4604/4604  4602/4602/4602  4585/4585/4585
f 4606/4606/4606  4604/4604/4604  4585/4585/4585
f 4672/4672/4672  4603/4603/4603  4605/4605/4605
f 4674/4674/4674  4605/4605/4605  4607/4607/4607
f 4674/4674/4674  4672/4672/4672  4605/4605/4605
f 4676/4676/4676  4607/4607/4607  4609/4609/4609
f 4676/4676/4676  4674/4674/4674  4607/4607/4607
f 4679/4679/4679  4610/4610/4610  4612/4612/4612
f 4678/4678/4678  4676/4676/4676  4609/4609/4609
f 4616/4616/4616  4613/4613/4613  4611/4611/4611
f 4681/4681/4681  4612/4612/4612  4614/4614/4614
f 4681/4681/4681  4679/4679/4679  4612/4612/4612
f 4637/4637/4637  4634/4634/4634  4632/4632/4632
f 4639/4639/4639  4637/4637/4637  4632/4632/4632
f 4641/4641/4641  4639/4639/4639  4632/4632/4632
f 4738/4738/4738  4689/4689/4689  4691/4691/4691
f 4738/4738/4738  4720/4720/4720  4689/4689/4689
f 4741/4741/4741  4691/4691/4691  4693/4693/4693
f 4741/4741/4741  4738/4738/4738  4691/4691/4691
f 4743/4743/4743  4693/4693/4693  4695/4695/4695
f 4743/4743/4743  4741/4741/4741  4693/4693/4693
f 4745/4745/4745  4695/4695/4695  4697/4697/4697
f 4745/4745/4745  4743/4743/4743  4695/4695/4695
f 4747/4747/4747  4697/4697/4697  4699/4699/4699
f 4747/4747/4747  4745/4745/4745  4697/4697/4697
f 4751/4751/4751  4699/4699/4699  4701/4701/4701
f 4749/4749/4749  4747/4747/4747  4699/4699/4699
f 4751/4751/4751  4749/4749/4749  4699/4699/4699
f 4753/4753/4753  4701/4701/4701  4703/4703/4703
f 4753/4753/4753  4751/4751/4751  4701/4701/4701
f 4721/4721/4721  4703/4703/4703  4706/4706/4706
f 4753/4753/4753  4703/4703/4703  4721/4721/4721
f 4721/4721/4721  4706/4706/4706  4708/4708/4708
f 4724/4724/4724  4708/4708/4708  4710/4710/4710
f 4724/4724/4724  4721/4721/4721  4708/4708/4708
f 4726/4726/4726  4710/4710/4710  4712/4712/4712
f 4726/4726/4726  4724/4724/4724  4710/4710/4710
f 4728/4728/4728  4712/4712/4712  4714/4714/4714
f 4728/4728/4728  4726/4726/4726  4712/4712/4712
f 4730/4730/4730  4714/4714/4714  4716/4716/4716
f 4730/4730/4730  4728/4728/4728  4714/4714/4714
f 4734/4734/4734  4716/4716/4716  4718/4718/4718
f 4732/4732/4732  4730/4730/4730  4716/4716/4716
f 4734/4734/4734  4732/4732/4732  4716/4716/4716
f 4736/4736/4736  4718/4718/4718  4720/4720/4720
f 4736/4736/4736  4734/4734/4734  4718/4718/4718
f 4738/4738/4738  4736/4736/4736  4720/4720/4720
f 4773/4773/4773  4723/4723/4723  4725/4725/4725
f 4770/4770/4770  4754/4754/4754  4722/4722/4722
f 4772/4772/4772  4770/4770/4770  4722/4722/4722
f 4777/4777/4777  4725/4725/4725  4727/4727/4727
f 4775/4775/4775  4773/4773/4773  4725/4725/4725
f 4777/4777/4777  4775/4775/4775  4725/4725/4725
f 4779/4779/4779  4727/4727/4727  4729/4729/4729
f 4779/4779/4779  4777/4777/4777  4727/4727/4727
f 4781/4781/4781  4729/4729/4729  4731/4731/4731
f 4781/4781/4781  4779/4779/4779  4729/4729/4729
f 4783/4783/4783  4731/4731/4731  4733/4733/4733
f 4783/4783/4783  4781/4781/4781  4731/4731/4731
f 4785/4785/4785  4733/4733/4733  4735/4735/4735
f 4785/4785/4785  4783/4783/4783  4733/4733/4733
f 4787/4787/4787  4735/4735/4735  4737/4737/4737
f 4787/4787/4787  4785/4785/4785  4735/4735/4735
f 4787/4787/4787  4737/4737/4737  4740/4740/4740
f 4755/4755/4755  4739/4739/4739  4742/4742/4742
f 4787/4787/4787  4740/4740/4740  4756/4756/4756
f 4760/4760/4760  4742/4742/4742  4744/4744/4744
f 4758/4758/4758  4755/4755/4755  4742/4742/4742
f 4760/4760/4760  4758/4758/4758  4742/4742/4742
f 4762/4762/4762  4744/4744/4744  4746/4746/4746
f 4762/4762/4762  4760/4760/4760  4744/4744/4744
f 4764/4764/4764  4746/4746/4746  4748/4748/4748
f 4764/4764/4764  4762/4762/4762  4746/4746/4746
f 4766/4766/4766  4748/4748/4748  4750/4750/4750
f 4766/4766/4766  4764/4764/4764  4748/4748/4748
f 4768/4768/4768  4750/4750/4750  4752/4752/4752
f 4768/4768/4768  4766/4766/4766  4750/4750/4750
f 4770/4770/4770  4752/4752/4752  4754/4754/4754
f 4770/4770/4770  4768/4768/4768  4752/4752/4752
f 4788/4788/4788  4757/4757/4757  4759/4759/4759
f 4788/4788/4788  4759/4759/4759  4761/4761/4761
f 4786/4786/4786  4761/4761/4761  4763/4763/4763
f 4788/4788/4788  4761/4761/4761  4786/4786/4786
f 4784/4784/4784  4763/4763/4763  4765/4765/4765
f 4786/4786/4786  4763/4763/4763  4784/4784/4784
f 4782/4782/4782  4765/4765/4765  4767/4767/4767
f 4784/4784/4784  4765/4765/4765  4782/4782/4782
f 4780/4780/4780  4767/4767/4767  4769/4769/4769
f 4782/4782/4782  4767/4767/4767  4780/4780/4780
f 4778/4778/4778  4769/4769/4769  4771/4771/4771
f 4780/4780/4780  4769/4769/4769  4778/4778/4778
f 4776/4776/4776  4771/4771/4771  4774/4774/4774
f 4778/4778/4778  4771/4771/4771  4776/4776/4776

v  -17.450000 10.500000 -11.258330
v  -17.450000 10.500000 -11.258330
v  -17.450000 10.500000 -11.258330
v  -17.450000 10.647509 -10.903717
v  -17.450000 10.647509 -10.903717
v  -17.450000 11.000658 -10.758351
v  -17.450000 11.000658 -10.758351
v  -17.450000 11.353883 -10.905098
v  -17.450000 11.353883 -10.905098
v  -17.450000 11.500000 -11.258330
v  -17.450000 11.500000 -11.258330
v  -17.450000 11.500000 -11.258330
v  -17.450000 11.352491 -11.612943
v  -17.450000 11.352491 -11.612943
v  -17.450000 10.999342 -11.758309
v  -17.450000 10.999342 -11.758309
v  -17.450000 10.646117 -11.611562
v  -17.450000 10.646117 -11.611562
v  -25.450000 11.500000 -11.258330
v  -25.450000 11.500000 -11.258330
v  -25.450000 11.500000 -11.258330
v  -25.450000 11.353883 -11.611562
v  -25.450000 11.353883 -11.611562
v  -25.450000 11.000658 -11.758309
v  -25.450000 11.000658 -11.758309
v  -25.450000 10.647509 -11.612943
v  -25.450000 10.647509 -11.612943
v  -25.450000 10.500000 -11.258330
v  -25.450000 10.500000 -11.258330
v  -25.450000 10.500000 -11.258330
v  -25.450000 10.000000 -11.258330
v  -25.450000 10.000000 -11.258330
v  -25.450000 10.000000 -11.258330
v  -25.450000 10.500390 -10.392105
v  -25.450000 10.500390 -10.392105
v  -25.450000 11.499679 -10.392151
v  -25.450000 11.499679 -10.392151
v  -25.450000 12.000000 -11.258330
v  -25.450000 12.000000 -11.258330
v  -25.450000 12.000000 -11.258330
v  -25.450000 11.499610 -12.124556
v  -25.450000 11.499610 -12.124556
v  -25.450000 10.500321 -12.124510
v  -25.450000 10.500321 -12.124510
v  -25.450000 11.352491 -10.903717
v  -25.450000 11.352491 -10.903717
v  -25.450000 10.999342 -10.758351
v  -25.450000 10.999342 -10.758351
v  -25.450000 10.646117 -10.905098
v  -25.450000 10.646117 -10.905098
v  -25.900000 10.007843 -11.383330
v  -25.900000 10.007843 -11.383330
v  -25.900000 10.007843 -11.383330
v  -25.900000 10.001962 -11.320931
v  -25.900000 10.001962 -11.320931
v  -25.900000 10.000001 -11.258330
v  -25.900000 10.000001 -11.258330
v  -25.900000 10.000001 -11.258330
v  -25.900000 11.999999 -11.258330
v  -25.900000 11.999999 -11.258330
v  -25.900000 11.999999 -11.258330
v  -25.900000 11.998038 -11.320931
v  -25.900000 11.998038 -11.320931
v  -25.900000 11.992157 -11.383330
v  -25.900000 11.992157 -11.383330
v  -25.900000 11.992157 -11.383330
v  -26.150000 11.992157 -11.383330
v  -26.150000 11.992157 -11.383330
v  -26.150000 11.992157 -11.383330
v  -26.150000 11.463493 -12.144403
v  -26.150000 11.463493 -12.144403
v  -26.150000 10.537746 -12.145057
v  -26.150000 10.537746 -12.145057
v  -26.150000 10.007843 -11.383330
v  -26.150000 10.007843 -11.383330
v  -26.150000 10.007843 -11.383330
v  -25.900000 11.998038 -11.195730
v  -25.900000 11.998038 -11.195730
v  -25.900000 11.992157 -11.133330
v  -25.900000 11.992157 -11.133330
v  -25.900000 11.992157 -11.133330
v  -25.900000 10.007843 -11.133330
v  -25.900000 10.007843 -11.133330
v  -25.900000 10.007843 -11.133330
v  -25.900000 10.001962 -11.195730
v  -25.900000 10.001962 -11.195730
v  -26.150000 10.007843 -11.133330
v  -26.150000 10.007843 -11.133330
v  -26.150000 10.007843 -11.133330
v  -26.150000 10.536507 -10.372258
v  -26.150000 10.536507 -10.372258
v  -26.150000 11.462254 -10.371604
v  -26.150000 11.462254 -10.371604
v  -26.150000 11.992157 -11.133330
v  -26.150000 11.992157 -11.133330
v  -26.150000 11.992157 -11.133330

vt  0.041011 0.013093 0.000000
vt  0.041011 0.013093 0.000000
vt  0.041011 0.013093 0.000000
vt  0.034828 0.028085 0.000000
vt  0.034828 0.028085 0.000000
vt  0.020214 0.037364 0.000000
vt  0.020214 0.037364 0.000000
vt  0.005860 0.035576 0.000000
vt  0.005860 0.035576 0.000000
vt  0.000000 0.023959 0.000000
vt  0.000000 0.023959 0.000000
vt  0.000000 0.023959 0.000000
vt  0.005916 0.009255 0.000000
vt  0.005916 0.009255 0.000000
vt  0.020268 0.000000 0.000000
vt  0.020268 0.000000 0.000000
vt  0.034887 0.001501 0.000000
vt  0.034887 0.001501 0.000000
vt  0.158289 0.134897 0.000000
vt  0.158289 0.134897 0.000000
vt  0.158289 0.134897 0.000000
vt  0.163067 0.123304 0.000000
vt  0.163067 0.123304 0.000000
vt  0.174702 0.116992 0.000000
vt  0.174702 0.116992 0.000000
vt  0.186453 0.119660 0.000000
vt  0.186453 0.119660 0.000000
vt  0.191396 0.129911 0.000000
vt  0.191396 0.129911 0.000000
vt  0.191396 0.129911 0.000000
vt  0.208300 0.127520 0.000000
vt  0.208300 0.127520 0.000000
vt  0.208300 0.127520 0.000000
vt  0.191382 0.157162 0.000000
vt  0.191382 0.157162 0.000000
vt  0.158300 0.161859 0.000000
vt  0.158300 0.161859 0.000000
vt  0.142095 0.137483 0.000000
vt  0.142095 0.137483 0.000000
vt  0.142095 0.137483 0.000000
vt  0.158302 0.108504 0.000000
vt  0.158302 0.108504 0.000000
vt  0.191385 0.103258 0.000000
vt  0.191385 0.103258 0.000000
vt  0.163113 0.145133 0.000000
vt  0.163113 0.145133 0.000000
vt  0.174746 0.147945 0.000000
vt  0.174746 0.147945 0.000000
vt  0.186499 0.141648 0.000000
vt  0.186499 0.141648 0.000000
vt  0.213964 0.129024 0.000000
vt  0.213964 0.129024 0.000000
vt  0.213964 0.129024 0.000000
vt  0.214161 0.130922 0.000000
vt  0.214161 0.130922 0.000000
vt  0.214227 0.132848 0.000000
vt  0.214227 0.132848 0.000000
vt  0.214227 0.132848 0.000000
vt  0.148818 0.142418 0.000000
vt  0.148818 0.142418 0.000000
vt  0.148818 0.142418 0.000000
vt  0.148881 0.140512 0.000000
vt  0.148881 0.140512 0.000000
vt  0.149068 0.138595 0.000000
vt  0.149068 0.138595 0.000000
vt  0.149068 0.138595 0.000000
vt  0.152719 0.141313 0.000000
vt  0.152719 0.141313 0.000000
vt  0.152719 0.141313 0.000000
vt  0.169550 0.115937 0.000000
vt  0.169550 0.115937 0.000000
vt  0.199627 0.111341 0.000000
vt  0.199627 0.111341 0.000000
vt  0.217182 0.131952 0.000000
vt  0.217182 0.131952 0.000000
vt  0.217182 0.131952 0.000000
vt  0.148881 0.144308 0.000000
vt  0.148881 0.144308 0.000000
vt  0.149068 0.146174 0.000000
vt  0.149068 0.146174 0.000000
vt  0.149068 0.146174 0.000000
vt  0.213964 0.136756 0.000000
vt  0.213964 0.136756 0.000000
vt  0.213964 0.136756 0.000000
vt  0.214161 0.134795 0.000000
vt  0.214161 0.134795 0.000000
vt  0.217182 0.139638 0.000000
vt  0.217182 0.139638 0.000000
vt  0.217182 0.139638 0.000000
vt  0.199668 0.165560 0.000000
vt  0.199668 0.165560 0.000000
vt  0.169590 0.169660 0.000000
vt  0.169590 0.169660 0.000000
vt  0.152719 0.148849 0.000000
vt  0.152719 0.148849 0.000000
vt  0.152719 0.148849 0.000000

vn  1.000000 0.000000 0.000000
vn  0.000000 -1.000000 0.000000
vn  0.000000 -1.000000 0.000000
vn  1.000000 0.000000 0.000000
vn  0.000000 -0.705082 0.709126
vn  1.000000 0.000000 0.000000
vn  0.000000 0.001314 0.999999
vn  1.000000 0.000000 0.000000
vn  0.000000 0.707858 0.706355
vn  1.000000 0.000000 0.000000
vn  0.000000 1.000000 -0.000000
vn  0.000000 1.000000 -0.000000
vn  1.000000 0.000000 0.000000
vn  0.000000 0.705082 -0.709126
vn  1.000000 0.000000 0.000000
vn  0.000000 -0.001314 -0.999999
vn  1.000000 0.000000 0.000000
vn  0.000000 -0.707858 -0.706355
vn  0.000000 1.000000 -0.000000
vn  1.000000 0.000000 0.000000
vn  0.000000 1.000000 -0.000000
vn  0.000000 0.707858 -0.706355
vn  1.000000 0.000000 0.000000
vn  0.000000 0.001314 -0.999999
vn  1.000000 0.000000 0.000000
vn  0.000000 -0.705082 -0.709126
vn  1.000000 0.000000 0.000000
vn  0.000000 -1.000000 0.000000
vn  1.000000 0.000000 0.000000
vn  0.000000 -1.000000 0.000000
vn  1.000000 0.000000 0.000000
vn  0.000000 -1.000000 0.000000
vn  0.000000 -1.000000 0.000000
vn  1.000000 0.000000 0.000000
vn  0.000000 -0.499687 0.866206
vn  1.000000 0.000000 0.000000
vn  0.000000 0.499760 0.866164
vn  1.000000 0.000000 0.000000
vn  0.000000 1.000000 -0.000000
vn  0.000000 1.000000 -0.000000
vn  1.000000 0.000000 0.000000
vn  0.000000 0.499687 -0.866206
vn  1.000000 0.000000 0.000000
vn  0.000000 -0.499760 -0.866164
vn  1.000000 0.000000 0.000000
vn  0.000000 0.705082 0.709126
vn  1.000000 0.000000 0.000000
vn  0.000000 -0.001314 0.999999
vn  1.000000 0.000000 0.000000
vn  0.000000 -0.707858 0.706355
vn  0.000000 -0.992157 -0.125000
vn  -1.000000 0.000000 0.000000
vn  0.000000 0.000000 1.000000
vn  0.000000 -0.998039 -0.062601
vn  -1.000000 0.000000 0.000000
vn  0.000000 -1.000000 0.000000
vn  -1.000000 0.000000 0.000000
vn  0.000000 -1.000000 0.000000
vn  0.000000 1.000000 -0.000000
vn  -1.000000 0.000000 0.000000
vn  0.000000 1.000000 -0.000000
vn  0.000000 0.998039 -0.062601
vn  -1.000000 0.000000 0.000000
vn  0.000000 0.992157 -0.125000
vn  -1.000000 0.000000 0.000000
vn  0.000000 0.000000 1.000000
vn  0.000000 0.992157 -0.125000
vn  0.000000 0.000000 1.000000
vn  -1.000000 0.000000 0.000000
vn  0.000000 0.463439 -0.886129
vn  -1.000000 0.000000 0.000000
vn  0.000000 -0.462197 -0.886777
vn  -1.000000 0.000000 0.000000
vn  0.000000 -0.992157 -0.125000
vn  0.000000 0.000000 1.000000
vn  -1.000000 0.000000 0.000000
vn  -1.000000 0.000000 0.000000
vn  0.000000 0.998039 0.062601
vn  -1.000000 0.000000 0.000000
vn  0.000000 0.992157 0.125000
vn  0.000000 0.000000 -1.000000
vn  -1.000000 0.000000 0.000000
vn  0.000000 -0.992157 0.125000
vn  0.000000 0.000000 -1.000000
vn  -1.000000 0.000000 0.000000
vn  0.000000 -0.998039 0.062601
vn  0.000000 -0.992157 0.125000
vn  0.000000 0.000000 -1.000000
vn  -1.000000 0.000000 0.000000
vn  0.000000 -0.463439 0.886129
vn  -1.000000 0.000000 0.000000
vn  0.000000 0.462197 0.886777
vn  -1.000000 0.000000 0.000000
vn  0.000000 0.992157 0.125000
vn  0.000000 0.000000 -1.000000
vn  -1.000000 0.000000 0.000000


g 7
g 8
usemtl MTL1
f 4796/4796/4796  4792/4792/4792  4789/4789/4789
f 4818/4818/4818  4791/4791/4791  4793/4793/4793
f 4798/4798/4798  4796/4796/4796  4789/4789/4789
f 4805/4805/4805  4798/4798/4798  4789/4789/4789
f 4814/4814/4814  4806/4806/4806  4790/4790/4790
f 4816/4816/4816  4814/4814/4814  4790/4790/4790
f 4796/4796/4796  4794/4794/4794  4792/4792/4792
f 4836/4836/4836  4793/4793/4793  4795/4795/4795
f 4838/4838/4838  4818/4818/4818  4793/4793/4793
f 4838/4838/4838  4793/4793/4793  4836/4836/4836
f 4834/4834/4834  4795/4795/4795  4797/4797/4797
f 4836/4836/4836  4795/4795/4795  4834/4834/4834
f 4834/4834/4834  4797/4797/4797  4800/4800/4800
f 4805/4805/4805  4801/4801/4801  4798/4798/4798
f 4807/4807/4807  4799/4799/4799  4802/4802/4802
f 4834/4834/4834  4800/4800/4800  4809/4809/4809
f 4805/4805/4805  4803/4803/4803  4801/4801/4801
f 4812/4812/4812  4802/4802/4802  4804/4804/4804
f 4810/4810/4810  4807/4807/4807  4802/4802/4802
f 4812/4812/4812  4810/4810/4810  4802/4802/4802
f 4814/4814/4814  4804/4804/4804  4806/4806/4806
f 4814/4814/4814  4812/4812/4812  4804/4804/4804
f 4826/4826/4826  4808/4808/4808  4811/4811/4811
f 4826/4826/4826  4824/4824/4824  4808/4808/4808
f 4833/4833/4833  4808/4808/4808  4824/4824/4824
f 4831/4831/4831  4811/4811/4811  4813/4813/4813
f 4831/4831/4831  4826/4826/4826  4811/4811/4811
f 4831/4831/4831  4813/4813/4813  4815/4815/4815
f 4831/4831/4831  4815/4815/4815  4817/4817/4817
f 4831/4831/4831  4817/4817/4817  4819/4819/4819
f 4837/4837/4837  4819/4819/4819  4817/4817/4817
f 4824/4824/4824  4822/4822/4822  4819/4819/4819
f 4846/4846/4846  4821/4821/4821  4823/4823/4823
f 4837/4837/4837  4824/4824/4824  4819/4819/4819
f 4839/4839/4839  4832/4832/4832  4820/4820/4820
f 4842/4842/4842  4839/4839/4839  4820/4820/4820
f 4844/4844/4844  4842/4842/4842  4820/4820/4820
f 4878/4878/4878  4823/4823/4823  4825/4825/4825
f 4874/4874/4874  4846/4846/4846  4823/4823/4823
f 4874/4874/4874  4823/4823/4823  4871/4871/4871
f 4875/4875/4875  4871/4871/4871  4823/4823/4823
f 4878/4878/4878  4875/4875/4875  4823/4823/4823
f 4868/4868/4868  4825/4825/4825  4828/4828/4828
f 4835/4835/4835  4833/4833/4833  4824/4824/4824
f 4837/4837/4837  4835/4835/4835  4824/4824/4824
f 4880/4880/4880  4825/4825/4825  4868/4868/4868
f 4880/4880/4880  4878/4878/4878  4825/4825/4825
f 4831/4831/4831  4829/4829/4829  4826/4826/4826
f 4847/4847/4847  4827/4827/4827  4830/4830/4830
f 4866/4866/4866  4828/4828/4828  4849/4849/4849
f 4868/4868/4868  4828/4828/4828  4866/4866/4866
f 4858/4858/4858  4830/4830/4830  4832/4832/4832
f 4850/4850/4850  4847/4847/4847  4830/4830/4830
f 4852/4852/4852  4850/4850/4850  4830/4830/4830
f 4855/4855/4855  4852/4852/4852  4830/4830/4830
f 4858/4858/4858  4855/4855/4855  4830/4830/4830
f 4860/4860/4860  4832/4832/4832  4839/4839/4839
f 4860/4860/4860  4858/4858/4858  4832/4832/4832
f 4870/4870/4870  4840/4840/4840  4843/4843/4843
f 4863/4863/4863  4841/4841/4841  4854/4854/4854
f 4867/4867/4867  4853/4853/4853  4840/4840/4840
f 4862/4862/4862  4860/4860/4860  4839/4839/4839
f 4870/4870/4870  4867/4867/4867  4840/4840/4840
f 4873/4873/4873  4843/4843/4843  4845/4845/4845
f 4873/4873/4873  4870/4870/4870  4843/4843/4843
f 4865/4865/4865  4848/4848/4848  4851/4851/4851
f 4865/4865/4865  4851/4851/4851  4853/4853/4853
f 4863/4863/4863  4854/4854/4854  4856/4856/4856
f 4867/4867/4867  4865/4865/4865  4853/4853/4853
f 4861/4861/4861  4857/4857/4857  4859/4859/4859
f 4864/4864/4864  4857/4857/4857  4861/4861/4861
f 4883/4883/4883  4869/4869/4869  4872/4872/4872
f 4882/4882/4882  4880/4880/4880  4868/4868/4868
f 4883/4883/4883  4872/4872/4872  4876/4876/4876
f 4881/4881/4881  4877/4877/4877  4879/4879/4879
f 4884/4884/4884  4877/4877/4877  4881/4881/4881

v  -17.450000 10.500000 11.258330
v  -17.450000 10.500000 11.258330
v  -17.450000 10.500000 11.258330
v  -17.450000 10.647509 11.612943
v  -17.450000 10.647509 11.612943
v  -17.450000 11.000658 11.758309
v  -17.450000 11.000658 11.758309
v  -17.450000 11.353883 11.611562
v  -17.450000 11.353883 11.611562
v  -17.450000 11.500000 11.258330
v  -17.450000 11.500000 11.258330
v  -17.450000 11.500000 11.258330
v  -17.450000 11.352491 10.903717
v  -17.450000 11.352491 10.903717
v  -17.450000 10.999342 10.758351
v  -17.450000 10.999342 10.758351
v  -17.450000 10.646117 10.905098
v  -17.450000 10.646117 10.905098
v  -25.450000 11.500000 11.258330
v  -25.450000 11.500000 11.258330
v  -25.450000 11.500000 11.258330
v  -25.450000 11.353883 10.905098
v  -25.450000 11.353883 10.905098
v  -25.450000 11.000658 10.758351
v  -25.450000 11.000658 10.758351
v  -25.450000 10.647509 10.903717
v  -25.450000 10.647509 10.903717
v  -25.450000 10.500000 11.258330
v  -25.450000 10.500000 11.258330
v  -25.450000 10.500000 11.258330
v  -25.450000 10.000000 11.258330
v  -25.450000 10.000000 11.258330
v  -25.450000 10.000000 11.258330
v  -25.450000 10.500390 12.124556
v  -25.450000 10.500390 12.124556
v  -25.450000 11.499679 12.124510
v  -25.450000 11.499679 12.124510
v  -25.450000 12.000000 11.258330
v  -25.450000 12.000000 11.258330
v  -25.450000 12.000000 11.258330
v  -25.450000 11.499610 10.392105
v  -25.450000 11.499610 10.392105
v  -25.450000 10.500321 10.392151
v  -25.450000 10.500321 10.392151
v  -25.450000 11.352491 11.612943
v  -25.450000 11.352491 11.612943
v  -25.450000 10.999342 11.758309
v  -25.450000 10.999342 11.758309
v  -25.450000 10.646117 11.611562
v  -25.450000 10.646117 11.611562
v  -25.900000 10.007843 11.133330
v  -25.900000 10.007843 11.133330
v  -25.900000 10.007843 11.133330
v  -25.900000 10.001962 11.195730
v  -25.900000 10.001962 11.195730
v  -25.900000 10.000001 11.258330
v  -25.900000 10.000001 11.258330
v  -25.900000 10.000001 11.258330
v  -25.900000 11.999999 11.258330
v  -25.900000 11.999999 11.258330
v  -25.900000 11.999999 11.258330
v  -25.900000 11.998038 11.195730
v  -25.900000 11.998038 11.195730
v  -25.900000 11.992157 11.133330
v  -25.900000 11.992157 11.133330
v  -25.900000 11.992157 11.133330
v  -26.150000 11.992157 11.133330
v  -26.150000 11.992157 11.133330
v  -26.150000 11.992157 11.133330
v  -26.150000 11.463493 10.372258
v  -26.150000 11.463493 10.372258
v  -26.150000 10.537746 10.371604
v  -26.150000 10.537746 10.371604
v  -26.150000 10.007843 11.133330
v  -26.150000 10.007843 11.133330
v  -26.150000 10.007843 11.133330
v  -25.900000 11.998038 11.320931
v  -25.900000 11.998038 11.320931
v  -25.900000 11.992157 11.383330
v  -25.900000 11.992157 11.383330
v  -25.900000 11.992157 11.383330
v  -25.900000 10.007843 11.383330
v  -25.900000 10.007843 11.383330
v  -25.900000 10.007843 11.383330
v  -25.900000 10.001962 11.320931
v  -25.900000 10.001962 11.320931
v  -26.150000 10.007843 11.383330
v  -26.150000 10.007843 11.383330
v  -26.150000 10.007843 11.383330
v  -26.150000 10.536507 12.144403
v  -26.150000 10.536507 12.144403
v  -26.150000 11.462254 12.145057
v  -26.150000 11.462254 12.145057
v  -26.150000 11.992157 11.383330
v  -26.150000 11.992157 11.383330
v  -26.150000 11.992157 11.383330

vt  0.041011 0.156552 0.000000
vt  0.041011 0.156552 0.000000
vt  0.041011 0.156552 0.000000
vt  0.034828 0.168180 0.000000
vt  0.034828 0.168180 0.000000
vt  0.020214 0.169631 0.000000
vt  0.020214 0.169631 0.000000
vt  0.005860 0.160325 0.000000
vt  0.005860 0.160325 0.000000
vt  0.000000 0.145686 0.000000
vt  0.000000 0.145686 0.000000
vt  0.000000 0.145686 0.000000
vt  0.005916 0.134032 0.000000
vt  0.005916 0.134032 0.000000
vt  0.020268 0.132295 0.000000
vt  0.020268 0.132295 0.000000
vt  0.034887 0.141627 0.000000
vt  0.034887 0.141627 0.000000
vt  0.158289 0.034748 0.000000
vt  0.158289 0.034748 0.000000
vt  0.158289 0.034748 0.000000
vt  0.163067 0.024548 0.000000
vt  0.163067 0.024548 0.000000
vt  0.174702 0.021694 0.000000
vt  0.174702 0.021694 0.000000
vt  0.186453 0.027948 0.000000
vt  0.186453 0.027948 0.000000
vt  0.191396 0.039735 0.000000
vt  0.191396 0.039735 0.000000
vt  0.191396 0.039735 0.000000
vt  0.208300 0.042126 0.000000
vt  0.208300 0.042126 0.000000
vt  0.208300 0.042126 0.000000
vt  0.191382 0.066389 0.000000
vt  0.191382 0.066389 0.000000
vt  0.158300 0.061139 0.000000
vt  0.158300 0.061139 0.000000
vt  0.142095 0.032163 0.000000
vt  0.142095 0.032163 0.000000
vt  0.142095 0.032163 0.000000
vt  0.158302 0.007786 0.000000
vt  0.158302 0.007786 0.000000
vt  0.191385 0.012485 0.000000
vt  0.191385 0.012485 0.000000
vt  0.163113 0.046391 0.000000
vt  0.163113 0.046391 0.000000
vt  0.174746 0.052660 0.000000
vt  0.174746 0.052660 0.000000
vt  0.186499 0.049950 0.000000
vt  0.186499 0.049950 0.000000
vt  0.213964 0.032889 0.000000
vt  0.213964 0.032889 0.000000
vt  0.213964 0.032889 0.000000
vt  0.214161 0.034850 0.000000
vt  0.214161 0.034850 0.000000
vt  0.214227 0.036797 0.000000
vt  0.214227 0.036797 0.000000
vt  0.214227 0.036797 0.000000
vt  0.148818 0.027227 0.000000
vt  0.148818 0.027227 0.000000
vt  0.148818 0.027227 0.000000
vt  0.148881 0.025338 0.000000
vt  0.148881 0.025338 0.000000
vt  0.149068 0.023471 0.000000
vt  0.149068 0.023471 0.000000
vt  0.149068 0.023471 0.000000
vt  0.152719 0.020796 0.000000
vt  0.152719 0.020796 0.000000
vt  0.152719 0.020796 0.000000
vt  0.169550 0.000000 0.000000
vt  0.169550 0.000000 0.000000
vt  0.199627 0.004059 0.000000
vt  0.199627 0.004059 0.000000
vt  0.217182 0.030007 0.000000
vt  0.217182 0.030007 0.000000
vt  0.217182 0.030007 0.000000
vt  0.148881 0.029134 0.000000
vt  0.148881 0.029134 0.000000
vt  0.149068 0.031051 0.000000
vt  0.149068 0.031051 0.000000
vt  0.149068 0.031051 0.000000
vt  0.213964 0.040622 0.000000
vt  0.213964 0.040622 0.000000
vt  0.213964 0.040622 0.000000
vt  0.214161 0.038723 0.000000
vt  0.214161 0.038723 0.000000
vt  0.217182 0.037693 0.000000
vt  0.217182 0.037693 0.000000
vt  0.217182 0.037693 0.000000
vt  0.199668 0.058291 0.000000
vt  0.199668 0.058291 0.000000
vt  0.169590 0.053734 0.000000
vt  0.169590 0.053734 0.000000
vt  0.152719 0.028332 0.000000
vt  0.152719 0.028332 0.000000
vt  0.152719 0.028332 0.000000

vn  1.000000 0.000000 0.000000
vn  0.000000 -1.000000 0.000000
vn  0.000000 -1.000000 0.000000
vn  1.000000 0.000000 0.000000
vn  0.000000 -0.705082 0.709126
vn  1.000000 0.000000 0.000000
vn  0.000000 0.001314 0.999999
vn  1.000000 0.000000 0.000000
vn  0.000000 0.707858 0.706355
vn  1.000000 0.000000 0.000000
vn  0.000000 1.000000 -0.000000
vn  0.000000 1.000000 -0.000000
vn  1.000000 0.000000 0.000000
vn  0.000000 0.705082 -0.709126
vn  1.000000 0.000000 0.000000
vn  0.000000 -0.001314 -0.999999
vn  1.000000 0.000000 0.000000
vn  0.000000 -0.707858 -0.706355
vn  0.000000 1.000000 -0.000000
vn  1.000000 0.000000 0.000000
vn  0.000000 1.000000 -0.000000
vn  0.000000 0.707858 -0.706355
vn  1.000000 0.000000 0.000000
vn  0.000000 0.001314 -0.999999
vn  1.000000 0.000000 0.000000
vn  0.000000 -0.705082 -0.709126
vn  1.000000 0.000000 0.000000
vn  0.000000 -1.000000 0.000000
vn  1.000000 0.000000 0.000000
vn  0.000000 -1.000000 0.000000
vn  1.000000 0.000000 0.000000
vn  0.000000 -1.000000 0.000000
vn  0.000000 -1.000000 0.000000
vn  1.000000 0.000000 0.000000
vn  0.000000 -0.499687 0.866206
vn  1.000000 0.000000 0.000000
vn  0.000000 0.499760 0.866164
vn  1.000000 0.000000 0.000000
vn  0.000000 1.000000 -0.000000
vn  0.000000 1.000000 -0.000000
vn  1.000000 0.000000 0.000000
vn  0.000000 0.499687 -0.866206
vn  1.000000 0.000000 0.000000
vn  0.000000 -0.499760 -0.866164
vn  1.000000 0.000000 0.000000
vn  0.000000 0.705082 0.709126
vn  1.000000 0.000000 0.000000
vn  0.000000 -0.001314 0.999999
vn  1.000000 0.000000 0.000000
vn  0.000000 -0.707858 0.706355
vn  0.000000 -0.992157 -0.125000
vn  -1.000000 0.000000 0.000000
vn  0.000000 0.000000 1.000000
vn  0.000000 -0.998039 -0.062601
vn  -1.000000 0.000000 0.000000
vn  0.000000 -1.000000 0.000000
vn  -1.000000 0.000000 0.000000
vn  0.000000 -1.000000 0.000000
vn  0.000000 1.000000 -0.000000
vn  -1.000000 0.000000 0.000000
vn  0.000000 1.000000 -0.000000
vn  0.000000 0.998039 -0.062601
vn  -1.000000 0.000000 0.000000
vn  0.000000 0.992157 -0.125000
vn  -1.000000 0.000000 0.000000
vn  0.000000 0.000000 1.000000
vn  0.000000 0.992157 -0.125000
vn  0.000000 0.000000 1.000000
vn  -1.000000 0.000000 0.000000
vn  0.000000 0.463439 -0.886129
vn  -1.000000 0.000000 0.000000
vn  0.000000 -0.462197 -0.886777
vn  -1.000000 0.000000 0.000000
vn  0.000000 -0.992157 -0.125000
vn  0.000000 0.000000 1.000000
vn  -1.000000 0.000000 0.000000
vn  -1.000000 0.000000 0.000000
vn  0.000000 0.998039 0.062601
vn  -1.000000 0.000000 0.000000
vn  0.000000 0.992157 0.125000
vn  0.000000 0.000000 -1.000000
vn  -1.000000 0.000000 0.000000
vn  0.000000 -0.992157 0.125000
vn  0.000000 0.000000 -1.000000
vn  -1.000000 0.000000 0.000000
vn  0.000000 -0.998039 0.062601
vn  0.000000 -0.992157 0.125000
vn  0.000000 0.000000 -1.000000
vn  -1.000000 0.000000 0.000000
vn  0.000000 -0.463439 0.886129
vn  -1.000000 0.000000 0.000000
vn  0.000000 0.462197 0.886777
vn  -1.000000 0.000000 0.000000
vn  0.000000 0.992157 0.125000
vn  0.000000 0.000000 -1.000000
vn  -1.000000 0.000000 0.000000


g 9
f 4892/4892/4892  4888/4888/4888  4885/4885/4885
f 4914/4914/4914  4887/4887/4887  4889/4889/4889
f 4894/4894/4894  4892/4892/4892  4885/4885/4885
f 4901/4901/4901  4894/4894/4894  4885/4885/4885
f 4910/4910/4910  4902/4902/4902  4886/4886/4886
f 4912/4912/4912  4910/4910/4910  4886/4886/4886
f 4892/4892/4892  4890/4890/4890  4888/4888/4888
f 4932/4932/4932  4889/4889/4889  4891/4891/4891
f 4934/4934/4934  4914/4914/4914  4889/4889/4889
f 4934/4934/4934  4889/4889/4889  4932/4932/4932
f 4930/4930/4930  4891/4891/4891  4893/4893/4893
f 4932/4932/4932  4891/4891/4891  4930/4930/4930
f 4930/4930/4930  4893/4893/4893  4896/4896/4896
f 4901/4901/4901  4897/4897/4897  4894/4894/4894
f 4903/4903/4903  4895/4895/4895  4898/4898/4898
f 4930/4930/4930  4896/4896/4896  4905/4905/4905
f 4901/4901/4901  4899/4899/4899  4897/4897/4897
f 4908/4908/4908  4898/4898/4898  4900/4900/4900
f 4906/4906/4906  4903/4903/4903  4898/4898/4898
f 4908/4908/4908  4906/4906/4906  4898/4898/4898
f 4910/4910/4910  4900/4900/4900  4902/4902/4902
f 4910/4910/4910  4908/4908/4908  4900/4900/4900
f 4922/4922/4922  4904/4904/4904  4907/4907/4907
f 4922/4922/4922  4920/4920/4920  4904/4904/4904
f 4929/4929/4929  4904/4904/4904  4920/4920/4920
f 4927/4927/4927  4907/4907/4907  4909/4909/4909
f 4927/4927/4927  4922/4922/4922  4907/4907/4907
f 4927/4927/4927  4909/4909/4909  4911/4911/4911
f 4927/4927/4927  4911/4911/4911  4913/4913/4913
f 4927/4927/4927  4913/4913/4913  4915/4915/4915
f 4933/4933/4933  4915/4915/4915  4913/4913/4913
f 4920/4920/4920  4918/4918/4918  4915/4915/4915
f 4942/4942/4942  4917/4917/4917  4919/4919/4919
f 4933/4933/4933  4920/4920/4920  4915/4915/4915
f 4935/4935/4935  4928/4928/4928  4916/4916/4916
f 4938/4938/4938  4935/4935/4935  4916/4916/4916
f 4940/4940/4940  4938/4938/4938  4916/4916/4916
f 4974/4974/4974  4919/4919/4919  4921/4921/4921
f 4970/4970/4970  4942/4942/4942  4919/4919/4919
f 4970/4970/4970  4919/4919/4919  4967/4967/4967
f 4971/4971/4971  4967/4967/4967  4919/4919/4919
f 4974/4974/4974  4971/4971/4971  4919/4919/4919
f 4964/4964/4964  4921/4921/4921  4924/4924/4924
f 4931/4931/4931  4929/4929/4929  4920/4920/4920
f 4933/4933/4933  4931/4931/4931  4920/4920/4920
f 4976/4976/4976  4921/4921/4921  4964/4964/4964
f 4976/4976/4976  4974/4974/4974  4921/4921/4921
f 4927/4927/4927  4925/4925/4925  4922/4922/4922
f 4943/4943/4943  4923/4923/4923  4926/4926/4926
f 4962/4962/4962  4924/4924/4924  4945/4945/4945
f 4964/4964/4964  4924/4924/4924  4962/4962/4962
f 4954/4954/4954  4926/4926/4926  4928/4928/4928
f 4946/4946/4946  4943/4943/4943  4926/4926/4926
f 4948/4948/4948  4946/4946/4946  4926/4926/4926
f 4951/4951/4951  4948/4948/4948  4926/4926/4926
f 4954/4954/4954  4951/4951/4951  4926/4926/4926
f 4956/4956/4956  4928/4928/4928  4935/4935/4935
f 4956/4956/4956  4954/4954/4954  4928/4928/4928
f 4966/4966/4966  4936/4936/4936  4939/4939/4939
f 4959/4959/4959  4937/4937/4937  4950/4950/4950
f 4963/4963/4963  4949/4949/4949  4936/4936/4936
f 4958/4958/4958  4956/4956/4956  4935/4935/4935
f 4966/4966/4966  4963/4963/4963  4936/4936/4936
f 4969/4969/4969  4939/4939/4939  4941/4941/4941
f 4969/4969/4969  4966/4966/4966  4939/4939/4939
f 4961/4961/4961  4944/4944/4944  4947/4947/4947
f 4961/4961/4961  4947/4947/4947  4949/4949/4949
f 4959/4959/4959  4950/4950/4950  4952/4952/4952
f 4963/4963/4963  4961/4961/4961  4949/4949/4949
f 4957/4957/4957  4953/4953/4953  4955/4955/4955
f 4960/4960/4960  4953/4953/4953  4957/4957/4957
f 4979/4979/4979  4965/4965/4965  4968/4968/4968
f 4978/4978/4978  4976/4976/4976  4964/4964/4964
f 4979/4979/4979  4968/4968/4968  4972/4972/4972
f 4977/4977/4977  4973/4973/4973  4975/4975/4975
f 4980/4980/4980  4973/4973/4973  4977/4977/4977

v  -17.450000 30.000000 -0.000000
v  -17.450000 30.000000 -0.000000
v  -17.450000 30.000000 -0.000000
v  -17.450000 30.147509 0.354613
v  -17.450000 30.147509 0.354613
v  -17.450000 30.500658 0.499979
v  -17.450000 30.500658 0.499979
v  -17.450000 30.853883 0.353232
v  -17.450000 30.853883 0.353232
v  -17.450000 31.000000 0.000000
v  -17.450000 31.000000 0.000000
v  -17.450000 31.000000 0.000000
v  -17.450000 30.852491 -0.354613
v  -17.450000 30.852491 -0.354613
v  -17.450000 30.499342 -0.499979
v  -17.450000 30.499342 -0.499979
v  -17.450000 30.146117 -0.353232
v  -17.450000 30.146117 -0.353232
v  -25.450000 31.000000 -0.000000
v  -25.450000 31.000000 -0.000000
v  -25.450000 31.000000 -0.000000
v  -25.450000 30.853883 -0.353232
v  -25.450000 30.853883 -0.353232
v  -25.450000 30.500658 -0.499979
v  -25.450000 30.500658 -0.499979
v  -25.450000 30.147509 -0.354613
v  -25.450000 30.147509 -0.354613
v  -25.450000 30.000000 0.000000
v  -25.450000 30.000000 0.000000
v  -25.450000 30.000000 0.000000
v  -25.450000 29.500000 -0.000000
v  -25.450000 29.500000 -0.000000
v  -25.450000 29.500000 -0.000000
v  -25.450000 30.000390 0.866226
v  -25.450000 30.000390 0.866226
v  -25.450000 30.999679 0.866180
v  -25.450000 30.999679 0.866180
v  -25.450000 31.500000 0.000000
v  -25.450000 31.500000 0.000000
v  -25.450000 31.500000 0.000000
v  -25.450000 30.999610 -0.866226
v  -25.450000 30.999610 -0.866226
v  -25.450000 30.000321 -0.866180
v  -25.450000 30.000321 -0.866180
v  -25.450000 30.852491 0.354613
v  -25.450000 30.852491 0.354613
v  -25.450000 30.499342 0.499979
v  -25.450000 30.499342 0.499979
v  -25.450000 30.146117 0.353232
v  -25.450000 30.146117 0.353232
v  -25.900000 29.507843 -0.125000
v  -25.900000 29.507843 -0.125000
v  -25.900000 29.507843 -0.125000
v  -25.900000 29.501962 -0.062601
v  -25.900000 29.501962 -0.062601
v  -25.900000 29.500001 0.000000
v  -25.900000 29.500001 0.000000
v  -25.900000 29.500001 0.000000
v  -25.900000 31.499999 -0.000000
v  -25.900000 31.499999 -0.000000
v  -25.900000 31.499999 -0.000000
v  -25.900000 31.498038 -0.062601
v  -25.900000 31.498038 -0.062601
v  -25.900000 31.492157 -0.125000
v  -25.900000 31.492157 -0.125000
v  -25.900000 31.492157 -0.125000
v  -26.150000 31.492157 -0.125000
v  -26.150000 31.492157 -0.125000
v  -26.150000 31.492157 -0.125000
v  -26.150000 30.963493 -0.886072
v  -26.150000 30.963493 -0.886072
v  -26.150000 30.037746 -0.886727
v  -26.150000 30.037746 -0.886727
v  -26.150000 29.507843 -0.125000
v  -26.150000 29.507843 -0.125000
v  -26.150000 29.507843 -0.125000
v  -25.900000 31.498038 0.062601
v  -25.900000 31.498038 0.062601
v  -25.900000 31.492157 0.125000
v  -25.900000 31.492157 0.125000
v  -25.900000 31.492157 0.125000
v  -25.900000 29.507843 0.125000
v  -25.900000 29.507843 0.125000
v  -25.900000 29.507843 0.125000
v  -25.900000 29.501962 0.062601
v  -25.900000 29.501962 0.062601
v  -26.150000 29.507843 0.125000
v  -26.150000 29.507843 0.125000
v  -26.150000 29.507843 0.125000
v  -26.150000 30.036507 0.886072
v  -26.150000 30.036507 0.886072
v  -26.150000 30.962254 0.886727
v  -26.150000 30.962254 0.886727
v  -26.150000 31.492157 0.125000
v  -26.150000 31.492157 0.125000
v  -26.150000 31.492157 0.125000

vt  0.014134 0.022261 0.000000
vt  0.014134 0.022261 0.000000
vt  0.014134 0.022261 0.000000
vt  0.012005 0.032441 0.000000
vt  0.012005 0.032441 0.000000
vt  0.006971 0.036489 0.000000
vt  0.006971 0.036489 0.000000
vt  0.002022 0.032226 0.000000
vt  0.002022 0.032226 0.000000
vt  0.000000 0.022261 0.000000
vt  0.000000 0.022261 0.000000
vt  0.000000 0.022261 0.000000
vt  0.002041 0.012257 0.000000
vt  0.002041 0.012257 0.000000
vt  0.006989 0.008034 0.000000
vt  0.006989 0.008034 0.000000
vt  0.012025 0.012121 0.000000
vt  0.012025 0.012121 0.000000
vt  0.174700 0.022261 0.000000
vt  0.174700 0.022261 0.000000
vt  0.174700 0.022261 0.000000
vt  0.177018 0.013430 0.000000
vt  0.177018 0.013430 0.000000
vt  0.182677 0.009676 0.000000
vt  0.182677 0.009676 0.000000
vt  0.188411 0.013274 0.000000
vt  0.188411 0.013274 0.000000
vt  0.190830 0.022261 0.000000
vt  0.190830 0.022261 0.000000
vt  0.190830 0.022261 0.000000
vt  0.199132 0.022261 0.000000
vt  0.199132 0.022261 0.000000
vt  0.199132 0.022261 0.000000
vt  0.190824 0.044276 0.000000
vt  0.190824 0.044276 0.000000
vt  0.174705 0.043854 0.000000
vt  0.174705 0.043854 0.000000
vt  0.166866 0.022261 0.000000
vt  0.166866 0.022261 0.000000
vt  0.166866 0.022261 0.000000
vt  0.174706 0.000668 0.000000
vt  0.174706 0.000668 0.000000
vt  0.190825 0.000248 0.000000
vt  0.190825 0.000248 0.000000
vt  0.177041 0.031128 0.000000
vt  0.177041 0.031128 0.000000
vt  0.182698 0.034847 0.000000
vt  0.182698 0.034847 0.000000
vt  0.188434 0.031215 0.000000
vt  0.188434 0.031215 0.000000
vt  0.207680 0.019078 0.000000
vt  0.207680 0.019078 0.000000
vt  0.207680 0.019078 0.000000
vt  0.207779 0.020667 0.000000
vt  0.207779 0.020667 0.000000
vt  0.207812 0.022261 0.000000
vt  0.207812 0.022261 0.000000
vt  0.207812 0.022261 0.000000
vt  0.175449 0.022261 0.000000
vt  0.175449 0.022261 0.000000
vt  0.175449 0.022261 0.000000
vt  0.175480 0.020726 0.000000
vt  0.175480 0.020726 0.000000
vt  0.175571 0.019196 0.000000
vt  0.175571 0.019196 0.000000
vt  0.175571 0.019196 0.000000
vt  0.180288 0.019208 0.000000
vt  0.180288 0.019208 0.000000
vt  0.180288 0.019208 0.000000
vt  0.188622 0.000402 0.000000
vt  0.188622 0.000402 0.000000
vt  0.203620 0.000000 0.000000
vt  0.203620 0.000000 0.000000
vt  0.212445 0.019091 0.000000
vt  0.212445 0.019091 0.000000
vt  0.212445 0.019091 0.000000
vt  0.175480 0.023797 0.000000
vt  0.175480 0.023797 0.000000
vt  0.175571 0.025327 0.000000
vt  0.175571 0.025327 0.000000
vt  0.175571 0.025327 0.000000
vt  0.207680 0.025445 0.000000
vt  0.207680 0.025445 0.000000
vt  0.207680 0.025445 0.000000
vt  0.207779 0.023856 0.000000
vt  0.207779 0.023856 0.000000
vt  0.212445 0.025432 0.000000
vt  0.212445 0.025432 0.000000
vt  0.212445 0.025432 0.000000
vt  0.203641 0.044507 0.000000
vt  0.203641 0.044507 0.000000
vt  0.188641 0.044138 0.000000
vt  0.188641 0.044138 0.000000
vt  0.180288 0.025315 0.000000
vt  0.180288 0.025315 0.000000
vt  0.180288 0.025315 0.000000

vn  1.000000 0.000000 0.000000
vn  0.000000 -1.000000 0.000000
vn  0.000000 -1.000000 0.000000
vn  1.000000 0.000000 0.000000
vn  0.000000 -0.705082 0.709126
vn  1.000000 0.000000 0.000000
vn  0.000000 0.001314 0.999999
vn  1.000000 0.000000 0.000000
vn  0.000000 0.707858 0.706355
vn  1.000000 0.000000 0.000000
vn  0.000000 1.000000 -0.000000
vn  0.000000 1.000000 -0.000000
vn  1.000000 0.000000 0.000000
vn  0.000000 0.705082 -0.709126
vn  1.000000 0.000000 0.000000
vn  0.000000 -0.001314 -0.999999
vn  1.000000 0.000000 0.000000
vn  0.000000 -0.707858 -0.706355
vn  0.000000 1.000000 -0.000000
vn  1.000000 0.000000 0.000000
vn  0.000000 1.000000 -0.000000
vn  0.000000 0.707858 -0.706355
vn  1.000000 0.000000 0.000000
vn  0.000000 0.001314 -0.999999
vn  1.000000 0.000000 0.000000
vn  0.000000 -0.705082 -0.709126
vn  1.000000 0.000000 0.000000
vn  0.000000 -1.000000 0.000000
vn  1.000000 0.000000 0.000000
vn  0.000000 -1.000000 0.000000
vn  1.000000 0.000000 0.000000
vn  0.000000 -1.000000 0.000000
vn  0.000000 -1.000000 0.000000
vn  1.000000 0.000000 0.000000
vn  0.000000 -0.499687 0.866206
vn  1.000000 0.000000 0.000000
vn  0.000000 0.499760 0.866164
vn  1.000000 0.000000 0.000000
vn  0.000000 1.000000 -0.000000
vn  0.000000 1.000000 -0.000000
vn  1.000000 0.000000 0.000000
vn  0.000000 0.499687 -0.866206
vn  1.000000 0.000000 0.000000
vn  0.000000 -0.499760 -0.866164
vn  1.000000 0.000000 0.000000
vn  0.000000 0.705082 0.709126
vn  1.000000 0.000000 0.000000
vn  0.000000 -0.001314 0.999999
vn  1.000000 0.000000 0.000000
vn  0.000000 -0.707858 0.706355
vn  0.000000 -0.992157 -0.125000
vn  -1.000000 0.000000 0.000000
vn  0.000000 0.000000 1.000000
vn  0.000000 -0.998039 -0.062601
vn  -1.000000 0.000000 0.000000
vn  0.000000 -1.000000 0.000000
vn  -1.000000 0.000000 0.000000
vn  0.000000 -1.000000 0.000000
vn  0.000000 1.000000 -0.000000
vn  -1.000000 0.000000 0.000000
vn  0.000000 1.000000 -0.000000
vn  0.000000 0.998039 -0.062601
vn  -1.000000 0.000000 0.000000
vn  0.000000 0.992157 -0.125000
vn  -1.000000 0.000000 0.000000
vn  0.000000 0.000000 1.000000
vn  0.000000 0.992157 -0.125000
vn  0.000000 0.000000 1.000000
vn  -1.000000 0.000000 0.000000
vn  0.000000 0.463439 -0.886129
vn  -1.000000 0.000000 0.000000
vn  0.000000 -0.462197 -0.886777
vn  -1.000000 0.000000 0.000000
vn  0.000000 -0.992157 -0.125000
vn  0.000000 0.000000 1.000000
vn  -1.000000 0.000000 0.000000
vn  -1.000000 0.000000 0.000000
vn  0.000000 0.998039 0.062601
vn  -1.000000 0.000000 0.000000
vn  0.000000 0.992157 0.125000
vn  0.000000 0.000000 -1.000000
vn  -1.000000 0.000000 0.000000
vn  0.000000 -0.992157 0.125000
vn  0.000000 0.000000 -1.000000
vn  -1.000000 0.000000 0.000000
vn  0.000000 -0.998039 0.062601
vn  0.000000 -0.992157 0.125000
vn  0.000000 0.000000 -1.000000
vn  -1.000000 0.000000 0.000000
vn  0.000000 -0.463439 0.886129
vn  -1.000000 0.000000 0.000000
vn  0.000000 0.462197 0.886777
vn  -1.000000 0.000000 0.000000
vn  0.000000 0.992157 0.125000
vn  0.000000 0.000000 -1.000000
vn  -1.000000 0.000000 0.000000


g 10
f 4988/4988/4988  4984/4984/4984  4981/4981/4981
f 5010/5010/5010  4983/4983/4983  4985/4985/4985
f 4990/4990/4990  4988/4988/4988  4981/4981/4981
f 4997/4997/4997  4990/4990/4990  4981/4981/4981
f 5006/5006/5006  4998/4998/4998  4982/4982/4982
f 5008/5008/5008  5006/5006/5006  4982/4982/4982
f 4988/4988/4988  4986/4986/4986  4984/4984/4984
f 5028/5028/5028  4985/4985/4985  4987/4987/4987
f 5030/5030/5030  5010/5010/5010  4985/4985/4985
f 5030/5030/5030  4985/4985/4985  5028/5028/5028
f 5026/5026/5026  4987/4987/4987  4989/4989/4989
f 5028/5028/5028  4987/4987/4987  5026/5026/5026
f 5026/5026/5026  4989/4989/4989  4992/4992/4992
f 4997/4997/4997  4993/4993/4993  4990/4990/4990
f 4999/4999/4999  4991/4991/4991  4994/4994/4994
f 5026/5026/5026  4992/4992/4992  5001/5001/5001
f 4997/4997/4997  4995/4995/4995  4993/4993/4993
f 5004/5004/5004  4994/4994/4994  4996/4996/4996
f 5002/5002/5002  4999/4999/4999  4994/4994/4994
f 5004/5004/5004  5002/5002/5002  4994/4994/4994
f 5006/5006/5006  4996/4996/4996  4998/4998/4998
f 5006/5006/5006  5004/5004/5004  4996/4996/4996
f 5018/5018/5018  5000/5000/5000  5003/5003/5003
f 5018/5018/5018  5016/5016/5016  5000/5000/5000
f 5025/5025/5025  5000/5000/5000  5016/5016/5016
f 5023/5023/5023  5003/5003/5003  5005/5005/5005
f 5023/5023/5023  5018/5018/5018  5003/5003/5003
f 5023/5023/5023  5005/5005/5005  5007/5007/5007
f 5023/5023/5023  5007/5007/5007  5009/5009/5009
f 5023/5023/5023  5009/5009/5009  5011/5011/5011
f 5029/5029/5029  5011/5011/5011  5009/5009/5009
f 5016/5016/5016  5014/5014/5014  5011/5011/5011
f 5038/5038/5038  5013/5013/5013  5015/5015/5015
f 5029/5029/5029  5016/5016/5016  5011/5011/5011
f 5031/5031/5031  5024/5024/5024  5012/5012/5012
f 5034/5034/5034  5031/5031/5031  5012/5012/5012
f 5036/5036/5036  5034/5034/5034  5012/5012/5012
f 5070/5070/5070  5015/5015/5015  5017/5017/5017
f 5066/5066/5066  5038/5038/5038  5015/5015/5015
f 5066/5066/5066  5015/5015/5015  5063/5063/5063
f 5067/5067/5067  5063/5063/5063  5015/5015/5015
f 5070/5070/5070  5067/5067/5067  5015/5015/5015
f 5060/5060/5060  5017/5017/5017  5020/5020/5020
f 5027/5027/5027  5025/5025/5025  5016/5016/5016
f 5029/5029/5029  5027/5027/5027  5016/5016/5016
f 5072/5072/5072  5017/5017/5017  5060/5060/5060
f 5072/5072/5072  5070/5070/5070  5017/5017/5017
f 5023/5023/5023  5021/5021/5021  5018/5018/5018
f 5039/5039/5039  5019/5019/5019  5022/5022/5022
f 5058/5058/5058  5020/5020/5020  5041/5041/5041
f 5060/5060/5060  5020/5020/5020  5058/5058/5058
f 5050/5050/5050  5022/5022/5022  5024/5024/5024
f 5042/5042/5042  5039/5039/5039  5022/5022/5022
f 5044/5044/5044  5042/5042/5042  5022/5022/5022
f 5047/5047/5047  5044/5044/5044  5022/5022/5022
f 5050/5050/5050  5047/5047/5047  5022/5022/5022
f 5052/5052/5052  5024/5024/5024  5031/5031/5031
f 5052/5052/5052  5050/5050/5050  5024/5024/5024
f 5062/5062/5062  5032/5032/5032  5035/5035/5035
f 5055/5055/5055  5033/5033/5033  5046/5046/5046
f 5059/5059/5059  5045/5045/5045  5032/5032/5032
f 5054/5054/5054  5052/5052/5052  5031/5031/5031
f 5062/5062/5062  5059/5059/5059  5032/5032/5032
f 5065/5065/5065  5035/5035/5035  5037/5037/5037
f 5065/5065/5065  5062/5062/5062  5035/5035/5035
f 5057/5057/5057  5040/5040/5040  5043/5043/5043
f 5057/5057/5057  5043/5043/5043  5045/5045/5045
f 5055/5055/5055  5046/5046/5046  5048/5048/5048
f 5059/5059/5059  5057/5057/5057  5045/5045/5045
f 5053/5053/5053  5049/5049/5049  5051/5051/5051
f 5056/5056/5056  5049/5049/5049  5053/5053/5053
f 5075/5075/5075  5061/5061/5061  5064/5064/5064
f 5074/5074/5074  5072/5072/5072  5060/5060/5060
f 5075/5075/5075  5064/5064/5064  5068/5068/5068
f 5073/5073/5073  5069/5069/5069  5071/5071/5071
f 5076/5076/5076  5069/5069/5069  5073/5073/5073

v  -25.320000 22.126329 -0.000002
v  -25.320000 22.126329 -0.000002
v  -25.320000 22.126329 -0.000002
v  -25.320000 24.473668 -0.000002
v  -25.320000 24.473668 -0.000002
v  -25.320000 24.473668 -0.000002
v  -25.320000 23.825487 0.828822
v  -25.320000 23.825487 0.828822
v  -25.320000 22.775027 0.829074
v  -25.320000 22.775027 0.829074
v  -25.231349 21.909381 -0.000002
v  -25.231349 21.909381 -0.000002
v  -25.020000 21.820978 -0.000002
v  -25.020000 21.820978 -0.000002
v  -25.020000 21.820978 -0.000002
v  -24.820000 21.820978 -0.000002
v  -24.820000 21.820978 -0.000002
v  -24.820000 21.820978 -0.000002
v  -24.820000 24.779018 -0.000002
v  -24.820000 24.779018 -0.000002
v  -24.820000 24.779018 -0.000002
v  -25.020000 24.779018 -0.000002
v  -25.020000 24.779018 -0.000002
v  -25.020000 24.779018 -0.000002
v  -25.230963 24.691005 -0.000002
v  -25.230963 24.691005 -0.000002
v  -25.020000 24.268244 0.895642
v  -25.020000 24.268244 0.895642
v  -25.020000 23.299998 1.249998
v  -25.020000 23.299998 1.249998
v  -25.020000 23.299998 1.249998
v  -25.020000 22.331752 0.895642
v  -25.020000 22.331752 0.895642
v  -25.020000 23.299998 -1.750002
v  -25.020000 23.299998 -1.750002
v  -25.020000 23.299998 -1.750002
v  -25.020000 22.331752 -1.395646
v  -25.020000 22.331752 -1.395646
v  -25.020000 21.820978 -0.500002
v  -25.020000 21.820978 -0.500002
v  -25.020000 21.820978 -0.500002
v  -24.820000 21.820978 -0.500002
v  -24.820000 21.820978 -0.500002
v  -24.820000 21.820978 -0.500002
v  -24.820000 21.800004 -0.250002
v  -24.820000 21.800004 -0.250002
v  -24.220000 23.299998 1.249998
v  -24.220000 23.299998 1.249998
v  -24.220000 23.299998 1.249998
v  -24.220000 22.001111 0.500241
v  -24.220000 22.001111 0.500241
v  -24.220000 22.000656 -0.999453
v  -24.220000 22.000656 -0.999453
v  -24.220000 23.299998 -1.750002
v  -24.220000 23.299998 -1.750002
v  -24.220000 23.299998 -1.750002
v  -25.320000 24.473668 -0.500002
v  -25.320000 24.473668 -0.500002
v  -25.320000 24.473668 -0.500002
v  -25.320000 23.824969 -1.329077
v  -25.320000 23.824969 -1.329077
v  -25.320000 22.774509 -1.328825
v  -25.320000 22.774509 -1.328825
v  -25.320000 22.126329 -0.500002
v  -25.320000 22.126329 -0.500002
v  -25.320000 22.126329 -0.500002
v  -25.230963 21.908992 -0.500002
v  -25.230963 21.908992 -0.500002
v  -25.020000 24.268244 -1.395646
v  -25.020000 24.268244 -1.395646
v  -25.020000 24.779018 -0.500002
v  -25.020000 24.779018 -0.500002
v  -25.020000 24.779018 -0.500002
v  -25.231349 24.690616 -0.500002
v  -25.231349 24.690616 -0.500002
v  -24.820000 24.779018 -0.500002
v  -24.820000 24.779018 -0.500002
v  -24.820000 24.779018 -0.500002
v  -24.220000 24.598886 -1.000244
v  -24.220000 24.598886 -1.000244
v  -24.220000 24.599340 0.499449
v  -24.220000 24.599340 0.499449
v  -24.820000 24.799992 -0.250002
v  -24.820000 24.799992 -0.250002
v  -24.220000 23.299998 -1.050002
v  -24.220000 23.299998 -1.050002
v  -24.220000 23.299998 -1.050002
v  -24.220000 23.865879 -0.815468
v  -24.220000 23.865879 -0.815468
v  -24.220000 24.099984 -0.251421
v  -24.220000 24.099984 -0.251421
v  -24.220000 23.865750 0.315593
v  -24.220000 23.865750 0.315593
v  -24.220000 23.299998 0.549998
v  -24.220000 23.299998 0.549998
v  -24.220000 23.299998 0.549998
v  -24.220000 22.734118 0.315464
v  -24.220000 22.734118 0.315464
v  -24.220000 22.500013 -0.248582
v  -24.220000 22.500013 -0.248582
v  -24.220000 22.734246 -0.815597
v  -24.220000 22.734246 -0.815597
v  -22.420000 23.299998 0.549998
v  -22.420000 23.299998 0.549998
v  -22.420000 23.299998 0.549998
v  -22.420000 23.299998 0.549998
v  -22.420000 22.734313 0.315684
v  -22.420000 22.734313 0.315684
v  -22.420000 22.499998 -0.250002
v  -22.420000 22.499998 -0.250002
v  -22.420000 22.734313 -0.815687
v  -22.420000 22.734313 -0.815687
v  -22.420000 23.299998 -1.050002
v  -22.420000 23.299998 -1.050002
v  -22.420000 23.299998 -1.050002
v  -22.420000 23.299998 -1.050002
v  -22.220000 23.299998 0.349998
v  -22.220000 23.299998 0.349998
v  -22.220000 23.299998 0.349998
v  -22.220000 22.876027 0.174520
v  -22.220000 22.876027 0.174520
v  -22.220000 22.699999 -0.250599
v  -22.220000 22.699999 -0.250599
v  -22.220000 22.875491 -0.673990
v  -22.220000 22.875491 -0.673990
v  -22.220000 23.299998 -0.850002
v  -22.220000 23.299998 -0.850002
v  -22.220000 23.299998 -0.850002
v  -22.220000 23.724505 0.173987
v  -22.220000 23.724505 0.173987
v  -22.220000 23.899997 -0.249405
v  -22.220000 23.899997 -0.249405
v  -22.220000 23.723970 -0.674523
v  -22.220000 23.723970 -0.674523
v  -22.420000 23.865684 0.315684
v  -22.420000 23.865684 0.315684
v  -22.420000 24.099998 -0.250002
v  -22.420000 24.099998 -0.250002
v  -22.420000 23.865684 -0.815687
v  -22.420000 23.865684 -0.815687

vt  0.103620 0.052024 0.000000
vt  0.103620 0.052024 0.000000
vt  0.103620 0.052024 0.000000
vt  0.053406 0.052024 0.000000
vt  0.053406 0.052024 0.000000
vt  0.053406 0.052024 0.000000
vt  0.066811 0.075859 0.000000
vt  0.066811 0.075859 0.000000
vt  0.089277 0.076364 0.000000
vt  0.089277 0.076364 0.000000
vt  0.106763 0.052024 0.000000
vt  0.106763 0.052024 0.000000
vt  0.104600 0.052024 0.000000
vt  0.104600 0.052024 0.000000
vt  0.104600 0.052024 0.000000
vt  0.100622 0.052024 0.000000
vt  0.100622 0.052024 0.000000
vt  0.100622 0.052024 0.000000
vt  0.037237 0.052024 0.000000
vt  0.037237 0.052024 0.000000
vt  0.037237 0.052024 0.000000
vt  0.041250 0.052024 0.000000
vt  0.041250 0.052024 0.000000
vt  0.041250 0.052024 0.000000
vt  0.047226 0.052024 0.000000
vt  0.047226 0.052024 0.000000
vt  0.051662 0.077714 0.000000
vt  0.051662 0.077714 0.000000
vt  0.071992 0.088569 0.000000
vt  0.071992 0.088569 0.000000
vt  0.071992 0.088569 0.000000
vt  0.093122 0.078724 0.000000
vt  0.093122 0.078724 0.000000
vt  0.071992 0.000883 0.000000
vt  0.071992 0.000883 0.000000
vt  0.071992 0.000883 0.000000
vt  0.093122 0.010432 0.000000
vt  0.093122 0.010432 0.000000
vt  0.104600 0.036964 0.000000
vt  0.104600 0.036964 0.000000
vt  0.104600 0.036964 0.000000
vt  0.100622 0.036896 0.000000
vt  0.100622 0.036896 0.000000
vt  0.100622 0.036896 0.000000
vt  0.101099 0.044456 0.000000
vt  0.101099 0.044456 0.000000
vt  0.055768 0.089200 0.000000
vt  0.055768 0.089200 0.000000
vt  0.055768 0.089200 0.000000
vt  0.084380 0.067311 0.000000
vt  0.084380 0.067311 0.000000
vt  0.084390 0.021488 0.000000
vt  0.084390 0.021488 0.000000
vt  0.055768 0.000000 0.000000
vt  0.055768 0.000000 0.000000
vt  0.055768 0.000000 0.000000
vt  0.053406 0.037826 0.000000
vt  0.053406 0.037826 0.000000
vt  0.053406 0.037826 0.000000
vt  0.066822 0.013814 0.000000
vt  0.066822 0.013814 0.000000
vt  0.089288 0.013024 0.000000
vt  0.089288 0.013024 0.000000
vt  0.103620 0.037155 0.000000
vt  0.103620 0.037155 0.000000
vt  0.103620 0.037155 0.000000
vt  0.106765 0.037062 0.000000
vt  0.106765 0.037062 0.000000
vt  0.051662 0.012005 0.000000
vt  0.051662 0.012005 0.000000
vt  0.041250 0.037826 0.000000
vt  0.041250 0.037826 0.000000
vt  0.041250 0.037826 0.000000
vt  0.047242 0.037861 0.000000
vt  0.047242 0.037861 0.000000
vt  0.037237 0.037768 0.000000
vt  0.037237 0.037768 0.000000
vt  0.037237 0.037768 0.000000
vt  0.028650 0.023057 0.000000
vt  0.028650 0.023057 0.000000
vt  0.028640 0.066491 0.000000
vt  0.028640 0.066491 0.000000
vt  0.036814 0.044899 0.000000
vt  0.036814 0.044899 0.000000
vt  0.055768 0.020792 0.000000
vt  0.055768 0.020792 0.000000
vt  0.055768 0.020792 0.000000
vt  0.043775 0.028046 0.000000
vt  0.043775 0.028046 0.000000
vt  0.038894 0.044666 0.000000
vt  0.038894 0.044666 0.000000
vt  0.043777 0.061305 0.000000
vt  0.043777 0.061305 0.000000
vt  0.055768 0.068388 0.000000
vt  0.055768 0.068388 0.000000
vt  0.055768 0.068388 0.000000
vt  0.068045 0.061520 0.000000
vt  0.068045 0.061520 0.000000
vt  0.073209 0.044505 0.000000
vt  0.073209 0.044505 0.000000
vt  0.068043 0.027476 0.000000
vt  0.068043 0.027476 0.000000
vt  0.017165 0.069032 0.000000
vt  0.017165 0.069032 0.000000
vt  0.017165 0.069032 0.000000
vt  0.017165 0.069032 0.000000
vt  0.029450 0.061911 0.000000
vt  0.029450 0.061911 0.000000
vt  0.034630 0.044153 0.000000
vt  0.034630 0.044153 0.000000
vt  0.029450 0.026483 0.000000
vt  0.029450 0.026483 0.000000
vt  0.017165 0.019563 0.000000
vt  0.017165 0.019563 0.000000
vt  0.017165 0.019563 0.000000
vt  0.017165 0.019563 0.000000
vt  0.012689 0.062894 0.000000
vt  0.012689 0.062894 0.000000
vt  0.012689 0.062894 0.000000
vt  0.021864 0.057496 0.000000
vt  0.021864 0.057496 0.000000
vt  0.025725 0.044135 0.000000
vt  0.025725 0.044135 0.000000
vt  0.021876 0.030893 0.000000
vt  0.021876 0.030893 0.000000
vt  0.012689 0.025630 0.000000
vt  0.012689 0.025630 0.000000
vt  0.012689 0.025630 0.000000
vt  0.003676 0.057377 0.000000
vt  0.003676 0.057377 0.000000
vt  0.000000 0.044382 0.000000
vt  0.000000 0.044382 0.000000
vt  0.003687 0.031275 0.000000
vt  0.003687 0.031275 0.000000
vt  0.005187 0.061664 0.000000
vt  0.005187 0.061664 0.000000
vt  0.000313 0.044429 0.000000
vt  0.000313 0.044429 0.000000
vt  0.005187 0.027119 0.000000
vt  0.005187 0.027119 0.000000

vn  -1.000000 0.000000 0.000000
vn  0.000000 0.000000 -1.000000
vn  -1.000000 0.000000 -0.000000
vn  -1.000000 0.000000 0.000000
vn  0.000000 0.000000 -1.000000
vn  -1.000000 -0.000000 -0.000000
vn  -1.000000 0.000000 0.000000
vn  -1.000000 -0.000000 -0.000000
vn  -1.000000 0.000000 0.000000
vn  -1.000000 0.000000 -0.000000
vn  0.000000 0.000000 -1.000000
vn  -0.704499 -0.698507 0.125575
vn  0.000000 0.000000 -1.000000
vn  0.000000 -0.986013 0.166667
vn  0.000000 -0.986013 0.166667
vn  0.000000 0.000000 -1.000000
vn  0.000000 -0.986013 0.166667
vn  -1.000000 0.000000 0.000000
vn  0.000000 0.000000 -1.000000
vn  0.000000 0.986013 0.166667
vn  -1.000000 0.000000 0.000000
vn  0.000000 0.000000 -1.000000
vn  0.000000 0.986013 0.166667
vn  0.000000 0.986013 0.166667
vn  0.000000 0.000000 -1.000000
vn  -0.703211 0.699769 0.125767
vn  0.000000 0.645497 0.763763
vn  0.000000 0.645497 0.763763
vn  0.000000 0.000000 1.000000
vn  0.000000 0.000000 1.000000
vn  0.000000 0.000000 1.000000
vn  0.000000 -0.645497 0.763763
vn  0.000000 -0.645497 0.763763
vn  0.000000 -0.000000 -1.000000
vn  0.000000 -0.000000 -1.000000
vn  0.000000 -0.000000 -1.000000
vn  0.000000 -0.645497 -0.763763
vn  0.000000 -0.645497 -0.763763
vn  0.000000 -0.986013 -0.166667
vn  0.000000 -0.986013 -0.166667
vn  0.000000 0.000000 1.000000
vn  0.000000 -0.986013 -0.166667
vn  0.000000 0.000000 1.000000
vn  -1.000000 0.000000 0.000000
vn  0.000000 -1.000000 -0.000000
vn  -1.000000 0.000000 0.000000
vn  0.000000 0.000000 1.000000
vn  0.000000 0.000000 1.000000
vn  1.000000 0.000000 0.000000
vn  0.000000 -0.865948 0.500134
vn  1.000000 0.000000 0.000000
vn  0.000000 -0.866252 -0.499607
vn  1.000000 0.000000 0.000000
vn  0.000000 -0.000000 -1.000000
vn  0.000000 -0.000000 -1.000000
vn  1.000000 0.000000 0.000000
vn  -1.000000 -0.000000 0.000000
vn  -1.000000 0.000000 0.000000
vn  0.000000 0.000000 1.000000
vn  -1.000000 -0.000000 0.000000
vn  -1.000000 0.000000 0.000000
vn  -1.000000 0.000000 0.000000
vn  -1.000000 0.000000 0.000000
vn  -1.000000 0.000000 0.000000
vn  -1.000000 0.000000 0.000000
vn  0.000000 0.000000 1.000000
vn  -0.703211 -0.699769 -0.125767
vn  0.000000 0.000000 1.000000
vn  0.000000 0.645497 -0.763763
vn  0.000000 0.645497 -0.763763
vn  0.000000 0.986013 -0.166667
vn  0.000000 0.000000 1.000000
vn  0.000000 0.986013 -0.166667
vn  -0.704499 0.698507 -0.125575
vn  0.000000 0.000000 1.000000
vn  0.000000 0.000000 1.000000
vn  0.000000 0.986013 -0.166667
vn  -1.000000 0.000000 0.000000
vn  0.000000 0.865948 -0.500134
vn  1.000000 0.000000 0.000000
vn  0.000000 0.866252 0.499607
vn  1.000000 0.000000 0.000000
vn  0.000000 1.000000 0.000000
vn  -1.000000 0.000000 0.000000
vn  1.000000 0.000000 0.000000
vn  0.000000 -0.000000 -1.000000
vn  0.000000 -0.000000 -1.000000
vn  1.000000 0.000000 0.000000
vn  0.000000 0.707315 -0.706898
vn  1.000000 0.000000 0.000000
vn  0.000000 0.999998 -0.001775
vn  1.000000 0.000000 0.000000
vn  0.000000 0.707153 0.707061
vn  1.000000 0.000000 0.000000
vn  0.000000 0.000000 1.000000
vn  0.000000 0.000000 1.000000
vn  1.000000 0.000000 0.000000
vn  0.000000 -0.707315 0.706898
vn  1.000000 0.000000 0.000000
vn  0.000000 -0.999998 0.001775
vn  1.000000 0.000000 0.000000
vn  0.000000 -0.707153 -0.707061
vn  0.000000 0.000000 1.000000
vn  0.707107 -0.000000 0.707107
vn  0.707107 -0.000000 0.707107
vn  0.000000 0.000000 1.000000
vn  0.000000 -0.707107 0.707107
vn  0.707107 -0.500000 0.500000
vn  0.000000 -1.000000 0.000000
vn  0.707107 -0.707107 -0.000000
vn  0.000000 -0.707107 -0.707107
vn  0.707107 -0.500000 -0.500000
vn  0.000000 -0.000000 -1.000000
vn  0.707107 0.000000 -0.707107
vn  0.707107 0.000000 -0.707107
vn  0.000000 -0.000000 -1.000000
vn  0.707107 -0.000000 0.707107
vn  1.000000 0.000000 0.000000
vn  0.707107 -0.000000 0.707107
vn  0.707107 -0.499674 0.500326
vn  1.000000 0.000000 0.000000
vn  0.707107 -0.707107 -0.000704
vn  1.000000 0.000000 0.000000
vn  0.707107 -0.500305 -0.499695
vn  1.000000 0.000000 0.000000
vn  0.707107 0.000000 -0.707107
vn  1.000000 0.000000 0.000000
vn  0.707107 0.000000 -0.707107
vn  1.000000 0.000000 0.000000
vn  0.707107 0.500305 0.499695
vn  1.000000 0.000000 0.000000
vn  0.707107 0.707107 0.000704
vn  1.000000 0.000000 0.000000
vn  0.707107 0.499674 -0.500326
vn  0.707107 0.500000 0.500000
vn  0.000000 0.707107 0.707107
vn  0.707107 0.707107 0.000000
vn  0.000000 1.000000 0.000000
vn  0.707107 0.500000 -0.500000
vn  0.000000 0.707107 -0.707107


g 11
f 5083/5083/5083  5080/5080/5080  5077/5077/5077
f 5092/5092/5092  5078/5078/5078  5081/5081/5081
f 5085/5085/5085  5083/5083/5083  5077/5077/5077
f 5108/5108/5108  5086/5086/5086  5079/5079/5079
f 5092/5092/5092  5087/5087/5087  5078/5078/5078
f 5108/5108/5108  5079/5079/5079  5088/5088/5088
f 5103/5103/5103  5082/5082/5082  5084/5084/5084
f 5101/5101/5101  5092/5092/5092  5081/5081/5081
f 5102/5102/5102  5082/5082/5082  5099/5099/5099
f 5103/5103/5103  5099/5099/5099  5082/5082/5082
f 5105/5105/5105  5084/5084/5084  5086/5086/5086
f 5105/5105/5105  5103/5103/5103  5084/5084/5084
f 5108/5108/5108  5105/5105/5105  5086/5086/5086
f 5092/5092/5092  5089/5089/5089  5087/5087/5087
f 5108/5108/5108  5088/5088/5088  5090/5090/5090
f 5126/5126/5126  5091/5091/5091  5093/5093/5093
f 5126/5126/5126  5109/5109/5109  5091/5091/5091
f 5098/5098/5098  5095/5095/5095  5092/5092/5092
f 5120/5120/5120  5094/5094/5094  5097/5097/5097
f 5101/5101/5101  5098/5098/5098  5092/5092/5092
f 5122/5122/5122  5094/5094/5094  5120/5120/5120
f 5126/5126/5126  5093/5093/5093  5121/5121/5121
f 5104/5104/5104  5096/5096/5096  5100/5100/5100
f 5157/5157/5157  5096/5096/5096  5104/5104/5104
f 5154/5154/5154  5120/5120/5120  5097/5097/5097
f 5160/5160/5160  5154/5154/5154  5097/5097/5097
f 5157/5157/5157  5155/5155/5155  5096/5096/5096
f 5159/5159/5159  5096/5096/5096  5155/5155/5155
f 5157/5157/5157  5104/5104/5104  5107/5107/5107
f 5123/5123/5123  5106/5106/5106  5109/5109/5109
f 5157/5157/5157  5107/5107/5107  5124/5124/5124
f 5126/5126/5126  5123/5123/5123  5109/5109/5109
f 5128/5128/5128  5113/5113/5113  5110/5110/5110
f 5138/5138/5138  5111/5111/5111  5114/5114/5114
f 5130/5130/5130  5128/5128/5128  5110/5110/5110
f 5146/5146/5146  5131/5131/5131  5112/5112/5112
f 5138/5138/5138  5136/5136/5136  5111/5111/5111
f 5145/5145/5145  5111/5111/5111  5136/5136/5136
f 5118/5118/5118  5115/5115/5115  5113/5113/5113
f 5140/5140/5140  5114/5114/5114  5116/5116/5116
f 5128/5128/5128  5118/5118/5118  5113/5113/5113
f 5140/5140/5140  5138/5138/5138  5114/5114/5114
f 5152/5152/5152  5117/5117/5117  5119/5119/5119
f 5143/5143/5143  5140/5140/5140  5116/5116/5116
f 5152/5152/5152  5144/5144/5144  5117/5117/5117
f 5126/5126/5126  5121/5121/5121  5118/5118/5118
f 5128/5128/5128  5126/5126/5126  5118/5118/5118
f 5170/5170/5170  5125/5125/5125  5127/5127/5127
f 5170/5170/5170  5158/5158/5158  5125/5125/5125
f 5173/5173/5173  5127/5127/5127  5129/5129/5129
f 5173/5173/5173  5170/5170/5170  5127/5127/5127
f 5161/5161/5161  5129/5129/5129  5132/5132/5132
f 5177/5177/5177  5129/5129/5129  5161/5161/5161
f 5175/5175/5175  5173/5173/5173  5129/5129/5129
f 5177/5177/5177  5175/5175/5175  5129/5129/5129
f 5155/5155/5155  5131/5131/5131  5146/5146/5146
f 5161/5161/5161  5132/5132/5132  5156/5156/5156
f 5139/5139/5139  5134/5134/5134  5137/5137/5137
f 5145/5145/5145  5136/5136/5136  5133/5133/5133
f 5141/5141/5141  5134/5134/5134  5139/5139/5139
f 5152/5152/5152  5135/5135/5135  5142/5142/5142
f 5150/5150/5150  5145/5145/5145  5133/5133/5133
f 5152/5152/5152  5151/5151/5151  5135/5135/5135
f 5152/5152/5152  5142/5142/5142  5144/5144/5144
f 5150/5150/5150  5147/5147/5147  5145/5145/5145
f 5155/5155/5155  5146/5146/5146  5149/5149/5149
f 5152/5152/5152  5148/5148/5148  5151/5151/5151
f 5155/5155/5155  5149/5149/5149  5153/5153/5153
f 5159/5159/5159  5155/5155/5155  5153/5153/5153
f 5164/5164/5164  5156/5156/5156  5158/5158/5158
f 5164/5164/5164  5161/5161/5161  5156/5156/5156
f 5166/5166/5166  5164/5164/5164  5158/5158/5158
f 5168/5168/5168  5166/5166/5166  5158/5158/5158
f 5170/5170/5170  5168/5168/5168  5158/5158/5158
f 5192/5192/5192  5163/5163/5163  5165/5165/5165
f 5187/5187/5187  5178/5178/5178  5162/5162/5162
f 5189/5189/5189  5187/5187/5187  5162/5162/5162
f 5216/5216/5216  5165/5165/5165  5167/5167/5167
f 5216/5216/5216  5192/5192/5192  5165/5165/5165
f 5214/5214/5214  5167/5167/5167  5169/5169/5169
f 5216/5216/5216  5167/5167/5167  5214/5214/5214
f 5212/5212/5212  5169/5169/5169  5172/5172/5172
f 5214/5214/5214  5169/5169/5169  5212/5212/5212
f 5179/5179/5179  5171/5171/5171  5174/5174/5174
f 5212/5212/5212  5172/5172/5172  5182/5182/5182
f 5183/5183/5183  5174/5174/5174  5176/5176/5176
f 5183/5183/5183  5179/5179/5179  5174/5174/5174
f 5185/5185/5185  5176/5176/5176  5178/5178/5178
f 5185/5185/5185  5183/5183/5183  5176/5176/5176
f 5187/5187/5187  5185/5185/5185  5178/5178/5178
f 5193/5193/5193  5180/5180/5180  5184/5184/5184
f 5206/5206/5206  5181/5181/5181  5195/5195/5195
f 5211/5211/5211  5181/5181/5181  5206/5206/5206
f 5196/5196/5196  5184/5184/5184  5186/5186/5186
f 5196/5196/5196  5193/5193/5193  5184/5184/5184
f 5198/5198/5198  5186/5186/5186  5188/5188/5188
f 5198/5198/5198  5196/5196/5196  5186/5186/5186
f 5200/5200/5200  5188/5188/5188  5190/5190/5190
f 5200/5200/5200  5198/5198/5198  5188/5188/5188
f 5202/5202/5202  5200/5200/5200  5190/5190/5190
f 5215/5215/5215  5204/5204/5204  5191/5191/5191
f 5205/5205/5205  5194/5194/5194  5197/5197/5197
f 5205/5205/5205  5197/5197/5197  5199/5199/5199
f 5207/5207/5207  5199/5199/5199  5201/5201/5201
f 5207/5207/5207  5205/5205/5205  5199/5199/5199
f 5209/5209/5209  5201/5201/5201  5203/5203/5203
f 5209/5209/5209  5207/5207/5207  5201/5201/5201
f 5215/5215/5215  5210/5210/5210  5204/5204/5204
f 5211/5211/5211  5206/5206/5206  5208/5208/5208
f 5213/5213/5213  5208/5208/5208  5210/5210/5210
f 5213/5213/5213  5211/5211/5211  5208/5208/5208
f 5215/5215/5215  5213/5213/5213  5210/5210/5210
