mtllib sdh_handmitte1_klein.mtl

v  9.900000 29.500000 -12.000000
v  9.900000 29.500000 -12.000000
v  9.900000 29.500000 -12.000000
v  4.100000 29.500000 -12.000000
v  4.100000 29.500000 -12.000000
v  4.100000 29.500000 -12.000000
v  4.100000 29.500000 -9.031196
v  4.100000 29.500000 -9.031196
v  4.100000 29.500000 -9.031196
v  13.764794 29.500000 -9.031196
v  13.764794 29.500000 -9.031196
v  13.764794 29.500000 -9.031196
v  12.336659 29.500000 -11.172047
v  12.336659 29.500000 -11.172047
v  13.838274 29.900000 -8.700000
v  13.838274 29.900000 -8.700000
v  13.838274 29.900000 -8.700000
v  13.605326 30.061152 -9.506765
v  13.605326 30.061152 -9.506765
v  13.216591 30.568229 -10.236239
v  13.216591 30.568229 -10.236239
v  12.756565 32.000057 -10.800000
v  12.756565 32.000057 -10.800000
v  13.216661 33.431883 -10.236135
v  13.216661 33.431883 -10.236135
v  13.605379 33.938902 -9.506635
v  13.605379 33.938902 -9.506635
v  13.838274 34.100000 -8.700000
v  13.838274 34.100000 -8.700000
v  13.838274 34.100000 -8.700000
v  13.885013 34.069912 -8.345788
v  13.885013 34.069912 -8.345788
v  13.900000 33.979899 -8.000000
v  13.900000 33.979899 -8.000000
v  13.900000 33.979899 -8.000000
v  13.900000 35.000000 -8.000000
v  13.900000 35.000000 -8.000000
v  13.900000 35.000000 -8.000000
v  12.728399 35.000000 -10.828445
v  12.728399 35.000000 -10.828445
v  9.900000 35.000000 -12.000000
v  9.900000 35.000000 -12.000000
v  9.900000 35.000000 -12.000000
v  13.866320 29.526435 -8.517984
v  13.866320 29.526435 -8.517984
v  13.900000 29.607492 -8.000000
v  13.900000 29.607492 -8.000000
v  13.900000 29.607492 -8.000000
v  13.900000 30.020101 -8.000000
v  13.900000 30.020101 -8.000000
v  13.900000 30.020101 -8.000000
v  13.885011 29.930085 -8.345811
v  13.885011 29.930085 -8.345811
v  8.400000 29.900000 -8.700000
v  8.400000 29.900000 -8.700000
v  8.400000 29.900000 -8.700000
v  8.400000 30.513412 -10.183285
v  8.400000 30.513412 -10.183285
v  8.400000 31.994968 -10.799987
v  8.400000 31.994968 -10.799987
v  8.400000 33.479221 -10.190595
v  8.400000 33.479221 -10.190595
v  8.400000 34.100000 -8.700000
v  8.400000 34.100000 -8.700000
v  8.400000 34.100000 -8.700000
v  9.350000 34.100000 -8.700000
v  9.350000 34.100000 -8.700000
v  9.350000 34.100000 -8.700000
v  9.350000 34.100000 -8.700000
v  9.751052 33.867599 -9.660207
v  9.751052 33.867599 -9.660207
v  10.700109 33.608571 -10.050000
v  10.700109 33.608571 -10.050000
v  11.648949 33.867599 -9.660206
v  11.648949 33.867599 -9.660206
v  12.050000 34.100000 -8.700000
v  12.050000 34.100000 -8.700000
v  12.050000 34.100000 -8.700000
v  12.050000 34.100000 -8.700000
v  11.648939 33.867594 -7.739784
v  11.648939 33.867594 -7.739784
v  10.699921 33.608571 -7.350000
v  10.699921 33.608571 -7.350000
v  9.751065 33.867592 -7.739780
v  9.751065 33.867592 -7.739780
v  8.400000 33.486588 -7.216715
v  8.400000 33.486588 -7.216715
v  8.400000 32.005032 -6.600013
v  8.400000 32.005032 -6.600013
v  8.400000 30.520779 -7.209405
v  8.400000 30.520779 -7.209405
v  13.900000 30.465251 -7.266699
v  13.900000 30.465251 -7.266699
v  13.900000 31.163998 -6.773689
v  13.900000 31.163998 -6.773689
v  13.900000 32.000026 -6.600125
v  13.900000 32.000026 -6.600125
v  13.900000 32.836044 -6.773707
v  13.900000 32.836044 -6.773707
v  13.900000 33.534769 -7.266720
v  13.900000 33.534769 -7.266720
v  12.050000 35.000000 -8.700000
v  12.050000 35.000000 -8.700000
v  12.050000 35.000000 -8.700000
v  11.376700 35.000000 -7.531856
v  11.376700 35.000000 -7.531856
v  10.032604 35.000000 -7.526516
v  10.032604 35.000000 -7.526516
v  9.534000 35.000000 -8.019607
v  9.534000 35.000000 -8.019607
v  9.350000 35.000000 -8.700000
v  9.350000 35.000000 -8.700000
v  9.350000 35.000000 -8.700000
v  -9.900000 35.000000 -12.000000
v  -9.900000 35.000000 -12.000000
v  -9.900000 35.000000 -12.000000
v  13.900000 35.000000 8.000000
v  13.900000 35.000000 8.000000
v  13.900000 35.000000 8.000000
v  12.728445 35.000000 10.828399
v  12.728445 35.000000 10.828399
v  9.900000 35.000000 12.000000
v  9.900000 35.000000 12.000000
v  9.900000 35.000000 12.000000
v  -9.900000 35.000000 12.000000
v  -9.900000 35.000000 12.000000
v  -9.900000 35.000000 12.000000
v  -12.728399 35.000000 10.828445
v  -12.728399 35.000000 10.828445
v  -13.900000 35.000000 8.000000
v  -13.900000 35.000000 8.000000
v  -13.900000 35.000000 8.000000
v  -13.900000 35.000000 -8.000000
v  -13.900000 35.000000 -8.000000
v  -13.900000 35.000000 -8.000000
v  -12.728445 35.000000 -10.828399
v  -12.728445 35.000000 -10.828399
v  2.750000 35.000000 -7.700000
v  2.750000 35.000000 -7.700000
v  2.750000 35.000000 -7.700000
v  -2.750000 35.000000 -7.700000
v  -2.750000 35.000000 -7.700000
v  -2.750000 35.000000 -7.700000
v  -7.279798 35.000000 -6.226754
v  -7.279798 35.000000 -6.226754
v  -10.071592 35.000000 -2.383809
v  -10.071592 35.000000 -2.383809
v  -10.077940 35.000000 2.364126
v  -10.077940 35.000000 2.364126
v  -7.273161 35.000000 6.231605
v  -7.273161 35.000000 6.231605
v  -2.750000 35.000000 7.700000
v  -2.750000 35.000000 7.700000
v  -2.750000 35.000000 7.700000
v  2.750000 35.000000 7.700000
v  2.750000 35.000000 7.700000
v  2.750000 35.000000 7.700000
v  7.279798 35.000000 6.226754
v  7.279798 35.000000 6.226754
v  10.071592 35.000000 2.383809
v  10.071592 35.000000 2.383809
v  10.077940 35.000000 -2.364126
v  10.077940 35.000000 -2.364126
v  7.273161 35.000000 -6.231605
v  7.273161 35.000000 -6.231605
v  11.866000 35.000000 -9.380393
v  11.866000 35.000000 -9.380393
v  11.367396 35.000000 -9.873484
v  11.367396 35.000000 -9.873484
v  10.023300 35.000000 -9.868144
v  10.023300 35.000000 -9.868144
v  12.050000 35.000000 8.700000
v  12.050000 35.000000 8.700000
v  12.050000 35.000000 8.700000
v  11.866000 35.000000 8.019607
v  11.866000 35.000000 8.019607
v  11.367396 35.000000 7.526516
v  11.367396 35.000000 7.526516
v  10.023300 35.000000 7.531856
v  10.023300 35.000000 7.531856
v  9.350000 35.000000 8.700000
v  9.350000 35.000000 8.700000
v  9.350000 35.000000 8.700000
v  9.534000 35.000000 9.380393
v  9.534000 35.000000 9.380393
v  10.032604 35.000000 9.873484
v  10.032604 35.000000 9.873484
v  11.376700 35.000000 9.868144
v  11.376700 35.000000 9.868144
v  -9.350000 35.000000 8.700000
v  -9.350000 35.000000 8.700000
v  -9.350000 35.000000 8.700000
v  -9.534000 35.000000 8.019607
v  -9.534000 35.000000 8.019607
v  -10.032604 35.000000 7.526516
v  -10.032604 35.000000 7.526516
v  -11.376700 35.000000 7.531856
v  -11.376700 35.000000 7.531856
v  -12.050000 35.000000 8.700000
v  -12.050000 35.000000 8.700000
v  -12.050000 35.000000 8.700000
v  -11.866000 35.000000 9.380393
v  -11.866000 35.000000 9.380393
v  -11.367396 35.000000 9.873484
v  -11.367396 35.000000 9.873484
v  -10.023300 35.000000 9.868144
v  -10.023300 35.000000 9.868144
v  -12.050000 35.000000 -8.700000
v  -12.050000 35.000000 -8.700000
v  -12.050000 35.000000 -8.700000
v  -11.866000 35.000000 -8.019607
v  -11.866000 35.000000 -8.019607
v  -11.367396 35.000000 -7.526516
v  -11.367396 35.000000 -7.526516
v  -10.023300 35.000000 -7.531856
v  -10.023300 35.000000 -7.531856
v  -9.350000 35.000000 -8.700000
v  -9.350000 35.000000 -8.700000
v  -9.350000 35.000000 -8.700000
v  -9.534000 35.000000 -9.380393
v  -9.534000 35.000000 -9.380393
v  -10.032604 35.000000 -9.873484
v  -10.032604 35.000000 -9.873484
v  -11.376700 35.000000 -9.868144
v  -11.376700 35.000000 -9.868144
v  -13.838274 34.100000 -8.700000
v  -13.838274 34.100000 -8.700000
v  -13.838274 34.100000 -8.700000
v  -13.570310 33.902583 -9.588920
v  -13.570310 33.902583 -9.588920
v  -13.225403 33.446608 -10.222276
v  -13.225403 33.446608 -10.222276
v  -12.756987 32.000841 -10.800000
v  -12.756987 32.000841 -10.800000
v  -13.196764 30.600000 -10.265248
v  -13.196764 30.600000 -10.265248
v  -13.196764 30.600000 -10.265248
v  -11.762661 30.600000 -11.539844
v  -11.762661 30.600000 -11.539844
v  -9.899962 30.600039 -12.000000
v  -9.899962 30.600039 -12.000000
v  -9.899962 30.600039 -12.000000
v  -13.900000 33.979899 -8.000000
v  -13.900000 33.979899 -8.000000
v  -13.900000 33.979899 -8.000000
v  -13.885014 34.069911 -8.345785
v  -13.885014 34.069911 -8.345785
v  -8.400000 34.100000 -8.700000
v  -8.400000 34.100000 -8.700000
v  -8.400000 34.100000 -8.700000
v  -8.400000 33.486588 -10.183285
v  -8.400000 33.486588 -10.183285
v  -8.400000 32.005032 -10.799987
v  -8.400000 32.005032 -10.799987
v  -8.400000 30.520779 -10.190595
v  -8.400000 30.520779 -10.190595
v  -8.400000 29.900000 -8.700000
v  -8.400000 29.900000 -8.700000
v  -8.400000 29.900000 -8.700000
v  -13.844152 29.900000 -8.700000
v  -13.844152 29.900000 -8.700000
v  -13.844152 29.900000 -8.700000
v  -13.598480 30.077499 -9.544980
v  -13.598480 30.077499 -9.544980
v  -12.050000 34.100000 -8.700000
v  -12.050000 34.100000 -8.700000
v  -12.050000 34.100000 -8.700000
v  -12.050000 34.100000 -8.700000
v  -11.631481 33.859090 -9.676618
v  -11.631481 33.859090 -9.676618
v  -10.704226 33.608576 -10.049993
v  -10.704226 33.608576 -10.049993
v  -9.770809 33.858014 -9.678665
v  -9.770809 33.858014 -9.678665
v  -9.350000 34.100000 -8.700000
v  -9.350000 34.100000 -8.700000
v  -9.350000 34.100000 -8.700000
v  -9.350000 34.100000 -8.700000
v  -8.400000 33.479221 -7.209405
v  -8.400000 33.479221 -7.209405
v  -8.400000 31.994968 -6.600013
v  -8.400000 31.994968 -6.600013
v  -8.400000 30.513412 -7.216715
v  -8.400000 30.513412 -7.216715
v  -9.766343 33.860184 -7.725466
v  -9.766343 33.860184 -7.725466
v  -10.689949 33.608602 -7.350037
v  -10.689949 33.608602 -7.350037
v  -11.628332 33.857568 -7.720489
v  -11.628332 33.857568 -7.720489
v  -13.900000 33.532093 -7.263862
v  -13.900000 33.532093 -7.263862
v  -13.900000 32.828899 -6.770624
v  -13.900000 32.828899 -6.770624
v  -13.900000 31.988405 -6.600159
v  -13.900000 31.988405 -6.600159
v  -13.900000 31.149851 -6.779892
v  -13.900000 31.149851 -6.779892
v  -13.900000 30.452157 -7.280851
v  -13.900000 30.452157 -7.280851
v  -13.900000 30.012509 -8.021857
v  -13.900000 30.012509 -8.021857
v  -13.900000 30.012509 -8.021857
v  -13.886529 29.928083 -8.357714
v  -13.886529 29.928083 -8.357714
v  -13.900000 33.979899 8.000000
v  -13.900000 33.979899 8.000000
v  -13.900000 33.979899 8.000000
v  -13.900000 33.532113 7.263883
v  -13.900000 33.532113 7.263883
v  -13.900000 32.828942 6.770642
v  -13.900000 32.828942 6.770642
v  -13.900000 31.988458 6.600159
v  -13.900000 31.988458 6.600159
v  -13.900000 31.149894 6.779874
v  -13.900000 31.149894 6.779874
v  -13.900000 30.452176 7.280830
v  -13.900000 30.452176 7.280830
v  -13.900000 30.012509 8.021857
v  -13.900000 30.012509 8.021857
v  -13.900000 30.012509 8.021857
v  -13.900000 29.803171 8.040256
v  -13.900000 29.803171 8.040256
v  -13.900000 29.594397 8.064211
v  -13.900000 29.594397 8.064211
v  -13.900000 29.594397 8.064211
v  -13.900000 29.788706 7.356802
v  -13.900000 29.788706 7.356802
v  -13.900000 30.084416 6.685431
v  -13.900000 30.084416 6.685431
v  -13.900000 30.084416 6.685431
v  -13.900000 31.749867 0.000000
v  -13.900000 31.749867 0.000000
v  -13.900000 30.084416 -6.685431
v  -13.900000 30.084416 -6.685431
v  -13.900000 30.084416 -6.685431
v  -13.900000 29.788706 -7.356802
v  -13.900000 29.788706 -7.356802
v  -13.900000 29.594397 -8.064211
v  -13.900000 29.594397 -8.064211
v  -13.900000 29.594397 -8.064211
v  -13.900000 29.803171 -8.040256
v  -13.900000 29.803171 -8.040256
v  -13.838274 34.100000 8.700000
v  -13.838274 34.100000 8.700000
v  -13.838274 34.100000 8.700000
v  -13.885011 34.069915 8.345808
v  -13.885011 34.069915 8.345808
v  -9.899963 30.600041 12.000000
v  -9.899963 30.600041 12.000000
v  -9.899963 30.600041 12.000000
v  -11.762661 30.600000 11.539844
v  -11.762661 30.600000 11.539844
v  -13.196764 30.600000 10.265248
v  -13.196764 30.600000 10.265248
v  -13.196764 30.600000 10.265248
v  -12.756961 32.003912 10.799996
v  -12.756961 32.003912 10.799996
v  -13.225752 33.447128 10.221782
v  -13.225752 33.447128 10.221782
v  -13.569709 33.901914 9.590350
v  -13.569709 33.901914 9.590350
v  -12.050000 34.100000 8.700000
v  -12.050000 34.100000 8.700000
v  -12.050000 34.100000 8.700000
v  -12.050000 34.100000 8.700000
v  -11.631481 33.859090 7.723382
v  -11.631481 33.859090 7.723382
v  -10.704226 33.608576 7.350007
v  -10.704226 33.608576 7.350007
v  -9.770809 33.858014 7.721335
v  -9.770809 33.858014 7.721335
v  -9.350000 34.100000 8.700000
v  -9.350000 34.100000 8.700000
v  -9.350000 34.100000 8.700000
v  -9.350000 34.100000 8.700000
v  -8.400000 34.100000 8.700000
v  -8.400000 34.100000 8.700000
v  -8.400000 34.100000 8.700000
v  -8.400000 33.486588 7.216715
v  -8.400000 33.486588 7.216715
v  -8.400000 32.005032 6.600013
v  -8.400000 32.005032 6.600013
v  -8.400000 30.520779 7.209405
v  -8.400000 30.520779 7.209405
v  -8.400000 29.900000 8.700000
v  -8.400000 29.900000 8.700000
v  -8.400000 29.900000 8.700000
v  -13.844152 29.900000 8.700000
v  -13.844152 29.900000 8.700000
v  -13.844152 29.900000 8.700000
v  -13.886531 29.928087 8.357691
v  -13.886531 29.928087 8.357691
v  -13.586399 30.089908 9.572668
v  -13.586399 30.089908 9.572668
v  -8.400000 30.513412 10.183285
v  -8.400000 30.513412 10.183285
v  -8.400000 31.994968 10.799987
v  -8.400000 31.994968 10.799987
v  -8.400000 33.479221 10.190595
v  -8.400000 33.479221 10.190595
v  -9.766343 33.860184 9.674534
v  -9.766343 33.860184 9.674534
v  -10.689949 33.608602 10.049963
v  -10.689949 33.608602 10.049963
v  -11.628332 33.857568 9.679511
v  -11.628332 33.857568 9.679511
v  -10.336480 30.167226 12.000000
v  -10.336480 30.167226 12.000000
v  -11.000000 29.491535 12.000000
v  -11.000000 29.491535 12.000000
v  -11.000000 29.491535 12.000000
v  -1.900000 28.262237 10.073993
v  -1.900000 28.262237 10.073993
v  -1.900000 27.700020 9.750000
v  -1.900000 27.700020 9.750000
v  -1.900000 27.700020 9.750000
v  -11.000000 29.500000 11.997608
v  -11.000000 29.500000 11.997608
v  -11.000000 29.500000 11.997608
v  -12.777626 29.500000 10.897697
v  -12.777626 29.500000 10.897697
v  -13.787072 29.500000 9.031196
v  -13.787072 29.500000 9.031196
v  -13.787072 29.500000 9.031196
v  -13.872141 29.523248 8.549594
v  -13.872141 29.523248 8.549594
v  9.900000 29.500000 12.000000
v  9.900000 29.500000 12.000000
v  9.900000 29.500000 12.000000
v  4.100000 29.500000 12.000000
v  4.100000 29.500000 12.000000
v  4.100000 29.500000 12.000000
v  4.100000 26.217798 12.000000
v  4.100000 26.217798 12.000000
v  4.100000 26.217798 12.000000
v  -11.000000 26.217798 12.000000
v  -11.000000 26.217798 12.000000
v  -11.000000 26.217798 12.000000
v  13.838274 29.900000 8.700000
v  13.838274 29.900000 8.700000
v  13.838274 29.900000 8.700000
v  13.885014 29.930089 8.345785
v  13.885014 29.930089 8.345785
v  13.900000 30.020101 8.000000
v  13.900000 30.020101 8.000000
v  13.900000 30.020101 8.000000
v  13.900000 29.607492 8.000000
v  13.900000 29.607492 8.000000
v  13.900000 29.607492 8.000000
v  13.866320 29.526435 8.517985
v  13.866320 29.526435 8.517985
v  13.764794 29.500000 9.031196
v  13.764794 29.500000 9.031196
v  13.764794 29.500000 9.031196
v  12.336659 29.500000 11.172047
v  12.336659 29.500000 11.172047
v  13.900000 33.979899 8.000000
v  13.900000 33.979899 8.000000
v  13.900000 33.979899 8.000000
v  13.885011 34.069915 8.345808
v  13.885011 34.069915 8.345808
v  13.838274 34.100000 8.700000
v  13.838274 34.100000 8.700000
v  13.838274 34.100000 8.700000
v  13.605276 33.938798 9.506885
v  13.605276 33.938798 9.506885
v  13.216557 33.431717 10.236289
v  13.216557 33.431717 10.236289
v  12.756564 31.999957 10.800000
v  12.756564 31.999957 10.800000
v  13.216585 30.568238 10.236248
v  13.216585 30.568238 10.236248
v  13.605316 30.061162 9.506789
v  13.605316 30.061162 9.506789
v  8.400000 29.900000 8.700000
v  8.400000 29.900000 8.700000
v  8.400000 29.900000 8.700000
v  8.400000 30.513412 7.216715
v  8.400000 30.513412 7.216715
v  8.400000 31.994968 6.600013
v  8.400000 31.994968 6.600013
v  8.400000 33.479221 7.209405
v  8.400000 33.479221 7.209405
v  8.400000 34.100000 8.700000
v  8.400000 34.100000 8.700000
v  8.400000 34.100000 8.700000
v  9.350000 34.100000 8.700000
v  9.350000 34.100000 8.700000
v  9.350000 34.100000 8.700000
v  9.350000 34.100000 8.700000
v  9.751052 33.867599 7.739793
v  9.751052 33.867599 7.739793
v  10.700109 33.608571 7.350000
v  10.700109 33.608571 7.350000
v  11.648949 33.867599 7.739794
v  11.648949 33.867599 7.739794
v  12.050000 34.100000 8.700000
v  12.050000 34.100000 8.700000
v  12.050000 34.100000 8.700000
v  12.050000 34.100000 8.700000
v  13.900000 33.534749 7.266699
v  13.900000 33.534749 7.266699
v  13.900000 32.836002 6.773689
v  13.900000 32.836002 6.773689
v  13.900000 31.999974 6.600125
v  13.900000 31.999974 6.600125
v  13.900000 31.163956 6.773707
v  13.900000 31.163956 6.773707
v  13.900000 30.465231 7.266720
v  13.900000 30.465231 7.266720
v  11.648939 33.867594 9.660216
v  11.648939 33.867594 9.660216
v  10.699921 33.608571 10.050000
v  10.699921 33.608571 10.050000
v  9.751065 33.867592 9.660220
v  9.751065 33.867592 9.660220
v  8.400000 33.486588 10.183285
v  8.400000 33.486588 10.183285
v  8.400000 32.005032 10.799987
v  8.400000 32.005032 10.799987
v  8.400000 30.520779 10.190595
v  8.400000 30.520779 10.190595
v  13.900000 29.799778 -7.325963
v  13.900000 29.799778 -7.325963
v  13.900000 30.084416 -6.685431
v  13.900000 30.084416 -6.685431
v  13.900000 30.084416 -6.685431
v  13.900000 31.327333 -3.444892
v  13.900000 31.327333 -3.444892
v  13.900000 31.750000 0.000000
v  13.900000 31.750000 0.000000
v  13.900000 31.327333 3.444892
v  13.900000 31.327333 3.444892
v  13.900000 30.084416 6.685431
v  13.900000 30.084416 6.685431
v  13.900000 30.084416 6.685431
v  13.900000 29.799778 7.325963
v  13.900000 29.799778 7.325963
v  4.100000 29.648387 -7.822482
v  4.100000 29.648387 -7.822482
v  4.100000 30.084416 -6.685431
v  4.100000 30.084416 -6.685431
v  4.100000 30.084416 -6.685431
v  4.100000 29.500000 9.031196
v  4.100000 29.500000 9.031196
v  4.100000 29.500000 9.031196
v  4.100000 29.648387 7.822482
v  4.100000 29.648387 7.822482
v  4.100000 30.084416 6.685431
v  4.100000 30.084416 6.685431
v  4.100000 30.084416 6.685431
v  4.100000 31.327333 3.444892
v  4.100000 31.327333 3.444892
v  4.100000 31.750000 0.000000
v  4.100000 31.750000 0.000000
v  4.100000 31.327333 -3.444892
v  4.100000 31.327333 -3.444892
v  4.100000 26.217798 -12.000000
v  4.100000 26.217798 -12.000000
v  4.100000 26.217798 -12.000000
v  4.100000 24.876174 -12.151997
v  4.100000 24.876174 -12.151997
v  4.100000 23.602459 -12.600000
v  4.100000 23.602459 -12.600000
v  4.100000 23.602459 -12.600000
v  4.100000 18.153174 -13.984679
v  4.100000 18.153174 -13.984679
v  4.100000 12.606484 -13.116780
v  4.100000 12.606484 -13.116780
v  4.100000 7.838892 -10.132057
v  4.100000 7.838892 -10.132057
v  4.100000 4.629883 -5.509826
v  4.100000 4.629883 -5.509826
v  4.100000 3.500000 0.000000
v  4.100000 3.500000 0.000000
v  4.100000 4.629076 5.507924
v  4.100000 4.629076 5.507924
v  4.100000 7.827933 10.121636
v  4.100000 7.827933 10.121636
v  4.100000 12.592328 13.111458
v  4.100000 12.592328 13.111458
v  4.100000 18.151111 13.984783
v  4.100000 18.151111 13.984783
v  4.100000 23.602459 12.600000
v  4.100000 23.602459 12.600000
v  4.100000 23.602459 12.600000
v  4.100000 24.876174 12.151997
v  4.100000 24.876174 12.151997
v  4.100000 29.685000 0.000000
v  4.100000 29.685000 0.000000
v  4.100000 29.685000 0.000000
v  4.100000 28.044040 6.107146
v  4.100000 28.044040 6.107146
v  4.100000 23.582352 10.558365
v  4.100000 23.582352 10.558365
v  4.100000 17.494298 12.184841
v  4.100000 17.494298 12.184841
v  4.100000 11.408448 10.553059
v  4.100000 11.408448 10.553059
v  4.100000 6.948213 6.093789
v  4.100000 6.948213 6.093789
v  4.100000 5.315000 -0.000000
v  4.100000 5.315000 -0.000000
v  4.100000 5.315000 -0.000000
v  4.100000 6.955960 -6.107146
v  4.100000 6.955960 -6.107146
v  4.100000 11.417648 -10.558365
v  4.100000 11.417648 -10.558365
v  4.100000 17.505702 -12.184841
v  4.100000 17.505702 -12.184841
v  4.100000 23.591552 -10.553059
v  4.100000 23.591552 -10.553059
v  4.100000 28.051787 -6.093789
v  4.100000 28.051787 -6.093789
v  4.100000 27.700020 -11.050000
v  4.100000 27.700020 -11.050000
v  4.100000 27.700020 -11.050000
v  4.100000 28.029063 -10.960325
v  4.100000 28.029063 -10.960325
v  4.100000 28.264768 -10.721654
v  4.100000 28.264768 -10.721654
v  4.100000 28.262237 -10.073993
v  4.100000 28.262237 -10.073993
v  4.100000 27.700020 -9.750000
v  4.100000 27.700020 -9.750000
v  4.100000 27.700020 -9.750000
v  4.100000 27.370976 -9.839675
v  4.100000 27.370976 -9.839675
v  4.100000 27.135271 -10.078346
v  4.100000 27.135271 -10.078346
v  4.100000 27.137803 -10.726007
v  4.100000 27.137803 -10.726007
v  4.100000 27.700020 9.750000
v  4.100000 27.700020 9.750000
v  4.100000 27.700020 9.750000
v  4.100000 28.029063 9.839675
v  4.100000 28.029063 9.839675
v  4.100000 28.264768 10.078346
v  4.100000 28.264768 10.078346
v  4.100000 28.262237 10.726007
v  4.100000 28.262237 10.726007
v  4.100000 27.700020 11.050000
v  4.100000 27.700020 11.050000
v  4.100000 27.700020 11.050000
v  4.100000 27.370976 10.960325
v  4.100000 27.370976 10.960325
v  4.100000 27.135271 10.721654
v  4.100000 27.135271 10.721654
v  4.100000 27.137803 10.073993
v  4.100000 27.137803 10.073993
v  -10.222454 30.280811 -12.000000
v  -10.222454 30.280811 -12.000000
v  -11.000000 29.491535 -12.000000
v  -11.000000 29.491535 -12.000000
v  -11.000000 29.491535 -12.000000
v  -11.000000 26.217798 -12.000000
v  -11.000000 26.217798 -12.000000
v  -11.000000 26.217798 -12.000000
v  -13.872141 29.523248 -8.549595
v  -13.872141 29.523248 -8.549595
v  -13.787072 29.500000 -9.031196
v  -13.787072 29.500000 -9.031196
v  -13.787072 29.500000 -9.031196
v  -12.778335 29.500000 -10.896954
v  -12.778335 29.500000 -10.896954
v  -11.000000 29.500000 -11.997608
v  -11.000000 29.500000 -11.997608
v  -11.000000 29.500000 -11.997608
v  -1.900000 28.264768 10.721654
v  -1.900000 28.264768 10.721654
v  -1.900000 28.029063 10.960325
v  -1.900000 28.029063 10.960325
v  -11.000000 30.084416 -6.685431
v  -11.000000 30.084416 -6.685431
v  -11.000000 30.084416 -6.685431
v  -11.000000 29.648387 -7.822482
v  -11.000000 29.648387 -7.822482
v  -11.000000 29.500000 -9.031196
v  -11.000000 29.500000 -9.031196
v  -11.000000 29.500000 -9.031196
v  -11.000000 30.084416 6.685431
v  -11.000000 30.084416 6.685431
v  -11.000000 30.084416 6.685431
v  -11.000000 31.327395 3.444347
v  -11.000000 31.327395 3.444347
v  -11.000000 31.749867 0.000000
v  -11.000000 31.749867 0.000000
v  -11.000000 31.327395 -3.444347
v  -11.000000 31.327395 -3.444347
v  -11.000000 29.500000 9.031196
v  -11.000000 29.500000 9.031196
v  -11.000000 29.500000 9.031196
v  -11.000000 29.648387 7.822482
v  -11.000000 29.648387 7.822482
v  -11.000000 24.876174 12.151997
v  -11.000000 24.876174 12.151997
v  -11.000000 23.602459 12.600000
v  -11.000000 23.602459 12.600000
v  -11.000000 23.602459 12.600000
v  -11.000000 17.500000 13.999905
v  -11.000000 17.500000 13.999905
v  -11.000000 11.397541 12.600000
v  -11.000000 11.397541 12.600000
v  -11.000000 7.221770 9.505532
v  -11.000000 7.221770 9.505532
v  -11.000000 4.464872 5.107111
v  -11.000000 4.464872 5.107111
v  -11.000000 3.500000 0.000000
v  -11.000000 3.500000 0.000000
v  -11.000000 4.629076 -5.507924
v  -11.000000 4.629076 -5.507924
v  -11.000000 7.827933 -10.121636
v  -11.000000 7.827933 -10.121636
v  -11.000000 12.592328 -13.111458
v  -11.000000 12.592328 -13.111458
v  -11.000000 18.151111 -13.984783
v  -11.000000 18.151111 -13.984783
v  -11.000000 23.602459 -12.600000
v  -11.000000 23.602459 -12.600000
v  -11.000000 23.602459 -12.600000
v  -11.000000 24.876174 -12.151997
v  -11.000000 24.876174 -12.151997
v  -11.000000 28.916898 -7.390158
v  -11.000000 28.916898 -7.390158
v  -11.000000 28.916898 -7.390158
v  -11.000000 26.740112 -9.978872
v  -11.000000 26.740112 -9.978872
v  -11.000000 24.000149 -11.945975
v  -11.000000 24.000149 -11.945975
v  -11.000000 20.859103 -13.178551
v  -11.000000 20.859103 -13.178551
v  -11.000000 17.507171 -13.599991
v  -11.000000 17.507171 -13.599991
v  -11.000000 14.150870 -13.181082
v  -11.000000 14.150870 -13.181082
v  -11.000000 11.002960 -11.947660
v  -11.000000 11.002960 -11.947660
v  -11.000000 8.259473 -9.978498
v  -11.000000 8.259473 -9.978498
v  -11.000000 6.083102 -7.390159
v  -11.000000 6.083102 -7.390159
v  -11.000000 4.457195 -3.852932
v  -11.000000 4.457195 -3.852932
v  -11.000000 3.900000 0.000000
v  -11.000000 3.900000 0.000000
v  -11.000000 5.131650 5.655426
v  -11.000000 5.131650 5.655426
v  -11.000000 8.585344 10.270771
v  -11.000000 8.585344 10.270771
v  -11.000000 13.639300 13.040506
v  -11.000000 13.639300 13.040506
v  -11.000000 19.400285 13.466579
v  -11.000000 19.400285 13.466579
v  -11.000000 24.820913 11.461421
v  -11.000000 24.820913 11.461421
v  -11.000000 28.916898 7.390158
v  -11.000000 28.916898 7.390158
v  -11.000000 28.916898 7.390158
v  -11.000000 29.939247 5.810753
v  -11.000000 29.939247 5.810753
v  -11.000000 29.939247 5.810753
v  -11.000000 31.027171 3.443931
v  -11.000000 31.027171 3.443931
v  -11.000000 31.400000 0.865864
v  -11.000000 31.400000 0.865864
v  -11.000000 31.400000 0.865864
v  -11.000000 31.400000 -0.865864
v  -11.000000 31.400000 -0.865864
v  -11.000000 31.400000 -0.865864
v  -11.000000 31.027171 -3.443931
v  -11.000000 31.027171 -3.443931
v  -11.000000 29.939246 -5.810754
v  -11.000000 29.939246 -5.810754
v  -11.000000 29.939246 -5.810754
v  -10.970711 29.879887 -5.772330
v  -10.970711 29.879887 -5.772330
v  -10.900000 29.855299 -5.756414
v  -10.900000 29.855299 -5.756414
v  -10.900000 29.855299 -5.756414
v  -10.900000 29.855299 -5.756414
v  -10.900000 28.832950 -7.335819
v  -10.900000 28.832950 -7.335819
v  -10.900000 28.832950 -7.335819
v  -10.900000 28.832950 -7.335819
v  -10.970711 28.857538 -7.351735
v  -10.970711 28.857538 -7.351735
v  -10.970711 31.329289 -0.865865
v  -10.970711 31.329289 -0.865865
v  -10.900000 31.300000 -0.865865
v  -10.900000 31.300000 -0.865865
v  -10.900000 31.300000 -0.865865
v  -10.900000 31.300000 -0.865865
v  -10.900000 30.931271 -3.415602
v  -10.900000 30.931271 -3.415602
v  -10.970711 31.329289 0.865865
v  -10.970711 31.329289 0.865865
v  -10.900000 31.300000 0.865865
v  -10.900000 31.300000 0.865865
v  -10.900000 31.300000 0.865865
v  -10.900000 31.300000 0.865865
v  -10.970711 29.879887 5.772330
v  -10.970711 29.879887 5.772330
v  -10.900000 29.855299 5.756414
v  -10.900000 29.855299 5.756414
v  -10.900000 29.855299 5.756414
v  -10.900000 29.855299 5.756414
v  -10.900000 30.931271 3.415602
v  -10.900000 30.931271 3.415602
v  -10.970711 28.857538 7.351735
v  -10.970711 28.857538 7.351735
v  -10.900000 28.832950 7.335819
v  -10.900000 28.832950 7.335819
v  -10.900000 28.832950 7.335819
v  -10.900000 28.832950 7.335819
v  -10.900000 26.674836 -9.903150
v  -10.900000 26.674836 -9.903150
v  -10.900000 23.950443 -11.859249
v  -10.900000 23.950443 -11.859249
v  -10.900000 20.827923 -13.083384
v  -10.900000 20.827923 -13.083384
v  -10.900000 17.500000 -13.500000
v  -10.900000 17.500000 -13.500000
v  -10.900000 12.333774 -12.472374
v  -10.900000 12.333774 -12.472374
v  -10.900000 7.954058 -9.545942
v  -10.900000 7.954058 -9.545942
v  -10.900000 5.027626 -5.166226
v  -10.900000 5.027626 -5.166226
v  -10.900000 4.000000 -0.000000
v  -10.900000 4.000000 -0.000000
v  -10.900000 5.027626 5.166226
v  -10.900000 5.027626 5.166226
v  -10.900000 7.954058 9.545942
v  -10.900000 7.954058 9.545942
v  -10.900000 12.333774 12.472374
v  -10.900000 12.333774 12.472374
v  -10.900000 17.500000 13.500000
v  -10.900000 17.500000 13.500000
v  -10.900000 20.827923 13.083384
v  -10.900000 20.827923 13.083384
v  -10.900000 23.950443 11.859249
v  -10.900000 23.950443 11.859249
v  -10.900000 26.674836 9.903150
v  -10.900000 26.674836 9.903150
v  -10.500000 28.832950 -7.335819
v  -10.500000 28.832950 -7.335819
v  -10.500000 28.832950 -7.335819
v  -10.500000 28.832950 -7.335819
v  -10.500000 26.674836 -9.903150
v  -10.500000 26.674836 -9.903150
v  -10.500000 23.950443 -11.859249
v  -10.500000 23.950443 -11.859249
v  -10.500000 20.827923 -13.083384
v  -10.500000 20.827923 -13.083384
v  -10.500000 17.500000 -13.500000
v  -10.500000 17.500000 -13.500000
v  -10.500000 11.642570 -12.163080
v  -10.500000 11.642570 -12.163080
v  -10.500000 6.945275 -8.417112
v  -10.500000 6.945275 -8.417112
v  -10.500000 4.338473 -3.004033
v  -10.500000 4.338473 -3.004033
v  -10.500000 4.338473 3.004033
v  -10.500000 4.338473 3.004033
v  -10.500000 6.945275 8.417112
v  -10.500000 6.945275 8.417112
v  -10.500000 11.642570 12.163080
v  -10.500000 11.642570 12.163080
v  -10.500000 17.500000 13.500000
v  -10.500000 17.500000 13.500000
v  -10.500000 20.827923 13.083384
v  -10.500000 20.827923 13.083384
v  -10.500000 23.950443 11.859249
v  -10.500000 23.950443 11.859249
v  -10.500000 26.674836 9.903150
v  -10.500000 26.674836 9.903150
v  -10.500000 28.832950 7.335819
v  -10.500000 28.832950 7.335819
v  -10.500000 28.832950 7.335819
v  -10.500000 28.832950 7.335819
v  -10.500000 29.855299 -5.756414
v  -10.500000 29.855299 -5.756414
v  -10.500000 29.855299 -5.756414
v  -10.500000 29.855299 -5.756414
v  -10.500000 31.300000 -0.865865
v  -10.500000 31.300000 -0.865865
v  -10.500000 31.300000 -0.865865
v  -10.500000 31.300000 -0.865865
v  -10.500000 30.931271 -3.415602
v  -10.500000 30.931271 -3.415602
v  -10.500000 31.300000 0.865865
v  -10.500000 31.300000 0.865865
v  -10.500000 31.300000 0.865865
v  -10.500000 31.300000 0.865865
v  -10.500000 29.855299 5.756414
v  -10.500000 29.855299 5.756414
v  -10.500000 29.855299 5.756414
v  -10.500000 29.855299 5.756414
v  -10.500000 30.931271 3.415602
v  -10.500000 30.931271 3.415602
v  -10.300000 28.665055 7.227139
v  -10.300000 28.665055 7.227139
v  -10.300000 28.665055 7.227139
v  -10.300000 29.687404 5.647735
v  -10.300000 29.687404 5.647735
v  -10.300000 29.687404 5.647735
v  -10.358579 29.806124 5.724583
v  -10.358579 29.806124 5.724583
v  -10.358579 28.783775 7.303988
v  -10.358579 28.783775 7.303988
v  -10.300000 29.687405 -5.647733
v  -10.300000 29.687405 -5.647733
v  -10.300000 29.687405 -5.647733
v  -10.300000 30.739462 -3.358940
v  -10.300000 30.739462 -3.358940
v  -10.300000 31.100000 -0.865866
v  -10.300000 31.100000 -0.865866
v  -10.300000 31.100000 -0.865866
v  -10.300000 31.100000 0.865866
v  -10.300000 31.100000 0.865866
v  -10.300000 31.100000 0.865866
v  -10.300000 30.739462 3.358940
v  -10.300000 30.739462 3.358940
v  -10.300000 24.648561 11.215525
v  -10.300000 24.648561 11.215525
v  -10.300000 19.360898 13.169165
v  -10.300000 19.360898 13.169165
v  -10.300000 13.739235 12.757212
v  -10.300000 13.739235 12.757212
v  -10.300000 8.782886 10.044988
v  -10.300000 8.782886 10.044988
v  -10.300000 5.399040 5.518760
v  -10.300000 5.399040 5.518760
v  -10.300000 4.200000 0.000000
v  -10.300000 4.200000 0.000000
v  -10.300000 5.404492 -5.530699
v  -10.300000 5.404492 -5.530699
v  -10.300000 8.781772 -10.044020
v  -10.300000 8.781772 -10.044020
v  -10.300000 13.724886 -12.752973
v  -10.300000 13.724886 -12.752973
v  -10.300000 19.359437 -13.169371
v  -10.300000 19.359437 -13.169371
v  -10.300000 24.659626 -11.208466
v  -10.300000 24.659626 -11.208466
v  -10.300000 28.665055 -7.227139
v  -10.300000 28.665055 -7.227139
v  -10.300000 28.665055 -7.227139
v  -10.300000 29.183719 5.321696
v  -10.300000 29.183719 5.321696
v  -10.300000 29.183719 5.321696
v  -10.300000 30.164044 3.188958
v  -10.300000 30.164044 3.188958
v  -10.300000 30.500000 0.865867
v  -10.300000 30.500000 0.865867
v  -10.300000 30.500000 0.865867
v  -10.300000 30.500000 -0.865867
v  -10.300000 30.500000 -0.865867
v  -10.300000 30.500000 -0.865867
v  -10.300000 30.164044 -3.188958
v  -10.300000 30.164044 -3.188958
v  -10.300000 29.183717 -5.321699
v  -10.300000 29.183717 -5.321699
v  -10.300000 29.183717 -5.321699
v  -10.300000 28.161368 -6.901103
v  -10.300000 28.161368 -6.901103
v  -10.300000 28.161368 -6.901103
v  -10.300000 23.389931 -11.251725
v  -10.300000 23.389931 -11.251725
v  -10.300000 17.112787 -12.694035
v  -10.300000 17.112787 -12.694035
v  -10.300000 10.933730 -10.870683
v  -10.300000 10.933730 -10.870683
v  -10.300000 6.435263 -6.234089
v  -10.300000 6.435263 -6.234089
v  -10.300000 4.800000 -0.000000
v  -10.300000 4.800000 -0.000000
v  -10.300000 6.441413 6.245020
v  -10.300000 6.441413 6.245020
v  -10.300000 10.927194 10.866770
v  -10.300000 10.927194 10.866770
v  -10.300000 17.105173 12.693769
v  -10.300000 17.105173 12.693769
v  -10.300000 23.401034 11.245891
v  -10.300000 23.401034 11.245891
v  -10.300000 28.161368 6.901103
v  -10.300000 28.161368 6.901103
v  -10.300000 28.161368 6.901103
v  -10.358579 28.783775 -7.303988
v  -10.358579 28.783775 -7.303988
v  -10.358579 29.806124 -5.724583
v  -10.358579 29.806124 -5.724583
v  -10.358579 31.241421 -0.865865
v  -10.358579 31.241421 -0.865865
v  -10.358579 31.241421 0.865865
v  -10.358579 31.241421 0.865865
v  -10.358579 28.042648 6.824257
v  -10.358579 28.042648 6.824257
v  -10.500000 27.993472 6.792425
v  -10.500000 27.993472 6.792425
v  -10.500000 27.993472 6.792425
v  -10.500000 27.993472 6.792425
v  -10.500000 29.015821 5.213020
v  -10.500000 29.015821 5.213020
v  -10.500000 29.015821 5.213020
v  -10.500000 29.015821 5.213020
v  -10.358579 29.064997 5.244851
v  -10.358579 29.064997 5.244851
v  -10.358579 28.042648 -6.824257
v  -10.358579 28.042648 -6.824257
v  -10.500000 27.993472 -6.792425
v  -10.500000 27.993472 -6.792425
v  -10.500000 27.993472 -6.792425
v  -10.500000 27.993472 -6.792425
v  -10.500000 23.472633 -10.980786
v  -10.500000 23.472633 -10.980786
v  -10.500000 17.500000 -12.500000
v  -10.500000 17.500000 -12.500000
v  -10.500000 14.264762 -12.074073
v  -10.500000 14.264762 -12.074073
v  -10.500000 11.250000 -10.825318
v  -10.500000 11.250000 -10.825318
v  -10.500000 8.661165 -8.838835
v  -10.500000 8.661165 -8.838835
v  -10.500000 6.674682 -6.250000
v  -10.500000 6.674682 -6.250000
v  -10.500000 5.425927 -3.235238
v  -10.500000 5.425927 -3.235238
v  -10.500000 5.000000 -0.000000
v  -10.500000 5.000000 -0.000000
v  -10.500000 5.425927 3.235238
v  -10.500000 5.425927 3.235238
v  -10.500000 6.674682 6.250000
v  -10.500000 6.674682 6.250000
v  -10.500000 8.661165 8.838835
v  -10.500000 8.661165 8.838835
v  -10.500000 11.250000 10.825318
v  -10.500000 11.250000 10.825318
v  -10.500000 14.264762 12.074073
v  -10.500000 14.264762 12.074073
v  -10.500000 17.500000 12.500000
v  -10.500000 17.500000 12.500000
v  -10.500000 23.472633 10.980786
v  -10.500000 23.472633 10.980786
v  -10.358579 29.064997 -5.244851
v  -10.358579 29.064997 -5.244851
v  -10.500000 29.015821 -5.213020
v  -10.500000 29.015821 -5.213020
v  -10.500000 29.015821 -5.213020
v  -10.500000 29.015821 -5.213020
v  -10.358579 30.358579 -0.865865
v  -10.358579 30.358579 -0.865865
v  -10.500000 30.300000 -0.865865
v  -10.500000 30.300000 -0.865865
v  -10.500000 30.300000 -0.865865
v  -10.500000 30.300000 -0.865865
v  -10.500000 29.972241 -3.132298
v  -10.500000 29.972241 -3.132298
v  -10.358579 30.358579 0.865865
v  -10.358579 30.358579 0.865865
v  -10.500000 30.300000 0.865865
v  -10.500000 30.300000 0.865865
v  -10.500000 30.300000 0.865865
v  -10.500000 30.300000 0.865865
v  -10.500000 29.972241 3.132298
v  -10.500000 29.972241 3.132298
v  -10.900000 29.015821 5.213020
v  -10.900000 29.015821 5.213020
v  -10.900000 29.015821 5.213020
v  -10.900000 29.015821 5.213020
v  -10.900000 29.972241 3.132298
v  -10.900000 29.972241 3.132298
v  -10.900000 30.300000 0.865865
v  -10.900000 30.300000 0.865865
v  -10.900000 30.300000 0.865865
v  -10.900000 30.300000 0.865865
v  -11.000000 28.931874 5.158680
v  -11.000000 28.931874 5.158680
v  -11.000000 28.931874 5.158680
v  -11.000000 29.876335 3.103966
v  -11.000000 29.876335 3.103966
v  -11.000000 30.200000 0.865864
v  -11.000000 30.200000 0.865864
v  -11.000000 30.200000 0.865864
v  -10.970711 30.270711 0.865865
v  -10.970711 30.270711 0.865865
v  -10.970711 28.991234 5.197104
v  -10.970711 28.991234 5.197104
v  -11.000000 27.909524 6.738086
v  -11.000000 27.909524 6.738086
v  -11.000000 27.909524 6.738086
v  -11.000000 23.424238 10.893190
v  -11.000000 23.424238 10.893190
v  -11.000000 17.505133 12.399992
v  -11.000000 17.505133 12.399992
v  -11.000000 11.577900 10.894348
v  -11.000000 11.577900 10.894348
v  -11.000000 7.090476 6.738086
v  -11.000000 7.090476 6.738086
v  -11.000000 5.608030 3.512967
v  -11.000000 5.608030 3.512967
v  -11.000000 5.100000 0.000000
v  -11.000000 5.100000 0.000000
v  -11.000000 6.703157 -6.098410
v  -11.000000 6.703157 -6.098410
v  -11.000000 11.082552 -10.610130
v  -11.000000 11.082552 -10.610130
v  -11.000000 17.115337 -12.393941
v  -11.000000 17.115337 -12.393941
v  -11.000000 23.261032 -10.980557
v  -11.000000 23.261032 -10.980557
v  -11.000000 27.909525 -6.738085
v  -11.000000 27.909525 -6.738085
v  -11.000000 27.909525 -6.738085
v  -11.000000 28.931874 -5.158680
v  -11.000000 28.931874 -5.158680
v  -11.000000 28.931874 -5.158680
v  -11.000000 29.876335 -3.103966
v  -11.000000 29.876335 -3.103966
v  -11.000000 30.200000 -0.865864
v  -11.000000 30.200000 -0.865864
v  -11.000000 30.200000 -0.865864
v  -11.000000 29.500000 -3.500000
v  -11.000000 29.500000 -3.500000
v  -11.000000 29.500000 -3.500000
v  -11.000000 29.280318 -4.030337
v  -11.000000 29.280318 -4.030337
v  -11.000000 28.750000 -4.250000
v  -11.000000 28.750000 -4.250000
v  -11.000000 28.487013 -4.202316
v  -11.000000 28.487013 -4.202316
v  -11.000000 28.257388 -4.065538
v  -11.000000 28.257388 -4.065538
v  -11.000000 28.257388 -4.065538
v  -11.000000 25.121618 -8.611749
v  -11.000000 25.121618 -8.611749
v  -11.000000 20.249006 -11.166480
v  -11.000000 20.249006 -11.166480
v  -11.000000 14.746799 -11.165429
v  -11.000000 14.746799 -11.165429
v  -11.000000 9.868248 -8.602748
v  -11.000000 9.868248 -8.602748
v  -11.000000 6.742612 -4.065538
v  -11.000000 6.742612 -4.065538
v  -11.000000 6.187235 -2.066392
v  -11.000000 6.187235 -2.066392
v  -11.000000 6.000000 -0.000000
v  -11.000000 6.000000 -0.000000
v  -11.000000 7.219792 5.154344
v  -11.000000 7.219792 5.154344
v  -11.000000 10.598697 9.199014
v  -11.000000 10.598697 9.199014
v  -11.000000 15.421902 11.310672
v  -11.000000 15.421902 11.310672
v  -11.000000 20.695711 11.047048
v  -11.000000 20.695711 11.047048
v  -11.000000 25.303110 8.447568
v  -11.000000 25.303110 8.447568
v  -11.000000 28.257388 4.065538
v  -11.000000 28.257388 4.065538
v  -11.000000 28.257388 4.065538
v  -11.000000 28.487013 4.202316
v  -11.000000 28.487013 4.202316
v  -11.000000 28.750000 4.250000
v  -11.000000 28.750000 4.250000
v  -11.000000 29.280337 4.030318
v  -11.000000 29.280337 4.030318
v  -11.000000 29.500000 3.500000
v  -11.000000 29.500000 3.500000
v  -11.000000 29.500000 3.500000
v  -10.900000 27.993472 6.792425
v  -10.900000 27.993472 6.792425
v  -10.900000 27.993472 6.792425
v  -10.900000 27.993472 6.792425
v  -10.970711 27.968884 6.776510
v  -10.970711 27.968884 6.776510
v  -10.900000 17.500000 12.500000
v  -10.900000 17.500000 12.500000
v  -10.900000 23.472633 10.980786
v  -10.900000 23.472633 10.980786
v  -10.900000 27.993472 -6.792425
v  -10.900000 27.993472 -6.792425
v  -10.900000 27.993472 -6.792425
v  -10.900000 27.993472 -6.792425
v  -10.900000 23.472633 -10.980786
v  -10.900000 23.472633 -10.980786
v  -10.900000 17.500000 -12.500000
v  -10.900000 17.500000 -12.500000
v  -10.900000 12.299863 -11.366995
v  -10.900000 12.299863 -11.366995
v  -10.900000 8.042411 -8.173372
v  -10.900000 8.042411 -8.173372
v  -10.900000 5.499438 -3.498074
v  -10.900000 5.499438 -3.498074
v  -10.900000 5.131937 1.811358
v  -10.900000 5.131937 1.811358
v  -10.900000 7.006528 6.792425
v  -10.900000 7.006528 6.792425
v  -10.900000 11.527367 10.980786
v  -10.900000 11.527367 10.980786
v  -10.970711 27.968884 -6.776510
v  -10.970711 27.968884 -6.776510
v  -10.900000 29.015821 -5.213020
v  -10.900000 29.015821 -5.213020
v  -10.900000 29.015821 -5.213020
v  -10.900000 29.015821 -5.213020
v  -10.970711 28.991234 -5.197104
v  -10.970711 28.991234 -5.197104
v  -10.900000 30.300000 -0.865865
v  -10.900000 30.300000 -0.865865
v  -10.900000 30.300000 -0.865865
v  -10.900000 30.300000 -0.865865
v  -10.900000 29.972241 -3.132298
v  -10.900000 29.972241 -3.132298
v  -10.970711 30.270711 -0.865865
v  -10.970711 30.270711 -0.865865
v  -9.199038 29.500000 3.500000
v  -9.199038 29.500000 3.500000
v  -9.199038 29.500000 3.500000
v  -9.348856 29.500000 3.138220
v  -9.348856 29.500000 3.138220
v  -9.400000 29.500000 2.750000
v  -9.400000 29.500000 2.750000
v  -9.400000 29.500000 2.750000
v  -9.400000 29.500000 -2.750000
v  -9.400000 29.500000 -2.750000
v  -9.400000 29.500000 -2.750000
v  -9.348856 29.500000 -3.138220
v  -9.348856 29.500000 -3.138220
v  -9.199038 29.500000 -3.500000
v  -9.199038 29.500000 -3.500000
v  -9.199038 29.500000 -3.500000
v  -14.600000 28.257388 4.065538
v  -14.600000 28.257388 4.065538
v  -14.600000 28.257388 4.065538
v  -14.600000 28.067483 3.810627
v  -14.600000 28.067483 3.810627
v  -14.600000 28.000000 3.500000
v  -14.600000 28.000000 3.500000
v  -14.600000 28.000000 3.500000
v  -6.400000 28.000000 3.500000
v  -6.400000 28.000000 3.500000
v  -6.400000 28.000000 3.500000
v  -6.400000 28.219663 4.030318
v  -6.400000 28.219663 4.030318
v  -6.400000 28.750000 4.250000
v  -6.400000 28.750000 4.250000
v  -6.400000 29.280318 4.030337
v  -6.400000 29.280318 4.030337
v  -6.400000 29.500000 3.500000
v  -6.400000 29.500000 3.500000
v  -6.400000 29.500000 3.500000
v  -6.600962 29.500000 3.500000
v  -6.600962 29.500000 3.500000
v  -6.600962 29.500000 3.500000
v  -6.937407 29.384178 3.900398
v  -6.937407 29.384178 3.900398
v  -7.543854 29.000000 4.207107
v  -7.543854 29.000000 4.207107
v  -7.543854 29.000000 4.207107
v  -8.256146 29.000000 4.207107
v  -8.256146 29.000000 4.207107
v  -8.256146 29.000000 4.207107
v  -8.862603 29.384183 3.900389
v  -8.862603 29.384183 3.900389
v  -14.600000 28.257388 -4.065538
v  -14.600000 28.257388 -4.065538
v  -14.600000 28.257388 -4.065538
v  -14.600000 27.849156 -5.014467
v  -14.600000 27.849156 -5.014467
v  -14.600000 27.357424 -5.922938
v  -14.600000 27.357424 -5.922938
v  -14.600000 27.357424 -5.922938
v  -14.600000 27.357424 -5.922938
v  -14.600000 25.502997 -8.258452
v  -14.600000 25.502997 -8.258452
v  -14.600000 23.110386 -10.038604
v  -14.600000 23.110386 -10.038604
v  -14.600000 20.340489 -11.143681
v  -14.600000 20.340489 -11.143681
v  -14.600000 17.379574 -11.499369
v  -14.600000 17.379574 -11.499369
v  -14.600000 14.426759 -11.081750
v  -14.600000 14.426759 -11.081750
v  -14.600000 11.680612 -9.918907
v  -14.600000 11.680612 -9.918907
v  -14.600000 9.325806 -8.089039
v  -14.600000 9.325806 -8.089039
v  -14.600000 7.520697 -5.715201
v  -14.600000 7.520697 -5.715201
v  -14.600000 6.386675 -2.957027
v  -14.600000 6.386675 -2.957027
v  -14.600000 6.000000 -0.000000
v  -14.600000 6.000000 -0.000000
v  -14.600000 6.386675 2.957027
v  -14.600000 6.386675 2.957027
v  -14.600000 7.520697 5.715201
v  -14.600000 7.520697 5.715201
v  -14.600000 9.325806 8.089039
v  -14.600000 9.325806 8.089039
v  -14.600000 11.680612 9.918907
v  -14.600000 11.680612 9.918907
v  -14.600000 14.426759 11.081750
v  -14.600000 14.426759 11.081750
v  -14.600000 17.379574 11.499369
v  -14.600000 17.379574 11.499369
v  -14.600000 20.340489 11.143681
v  -14.600000 20.340489 11.143681
v  -14.600000 23.110386 10.038604
v  -14.600000 23.110386 10.038604
v  -14.600000 25.502997 8.258452
v  -14.600000 25.502997 8.258452
v  -14.600000 27.357424 5.922938
v  -14.600000 27.357424 5.922938
v  -14.600000 27.357424 5.922938
v  -14.600000 27.357424 5.922938
v  -14.600000 27.849156 5.014467
v  -14.600000 27.849156 5.014467
v  -8.862593 29.384178 -3.900398
v  -8.862593 29.384178 -3.900398
v  -8.256146 29.000000 -4.207107
v  -8.256146 29.000000 -4.207107
v  -8.256146 29.000000 -4.207107
v  -7.543854 29.000000 -4.207107
v  -7.543854 29.000000 -4.207107
v  -7.543854 29.000000 -4.207107
v  -6.937395 29.384184 -3.900388
v  -6.937395 29.384184 -3.900388
v  -6.600962 29.500000 -3.500000
v  -6.600962 29.500000 -3.500000
v  -6.600962 29.500000 -3.500000
v  -6.400000 29.500000 -3.500000
v  -6.400000 29.500000 -3.500000
v  -6.400000 29.500000 -3.500000
v  -6.400000 29.280337 -4.030318
v  -6.400000 29.280337 -4.030318
v  -6.400000 28.750000 -4.250000
v  -6.400000 28.750000 -4.250000
v  -6.400000 28.219682 -4.030337
v  -6.400000 28.219682 -4.030337
v  -6.400000 28.000000 -3.500000
v  -6.400000 28.000000 -3.500000
v  -6.400000 28.000000 -3.500000
v  -14.600000 28.000000 -3.500000
v  -14.600000 28.000000 -3.500000
v  -14.600000 28.000000 -3.500000
v  -14.600000 28.067483 -3.810627
v  -14.600000 28.067483 -3.810627
v  -6.400000 29.500000 -2.750000
v  -6.400000 29.500000 -2.750000
v  -6.400000 29.500000 -2.750000
v  -6.451144 29.500000 -3.138220
v  -6.451144 29.500000 -3.138220
v  -7.720640 29.000000 -4.239237
v  -7.720640 29.000000 -4.239237
v  -7.900000 29.000000 -4.250000
v  -7.900000 29.000000 -4.250000
v  -8.079360 29.000000 -4.239237
v  -8.079360 29.000000 -4.239237
v  -9.400000 37.000000 -2.750000
v  -9.400000 37.000000 -2.750000
v  -9.400000 37.000000 -2.750000
v  -8.960605 37.000000 -3.810605
v  -8.960605 37.000000 -3.810605
v  -7.900000 37.000000 -4.250000
v  -7.900000 37.000000 -4.250000
v  -6.839395 37.000000 -3.810605
v  -6.839395 37.000000 -3.810605
v  -6.400000 37.000000 -2.750000
v  -6.400000 37.000000 -2.750000
v  -6.400000 37.000000 -2.750000
v  -6.400000 37.000000 2.750000
v  -6.400000 37.000000 2.750000
v  -6.400000 37.000000 2.750000
v  -6.400000 29.500000 2.750000
v  -6.400000 29.500000 2.750000
v  -6.400000 29.500000 2.750000
v  -2.750000 37.000000 -8.500000
v  -2.750000 37.000000 -8.500000
v  -2.750000 37.000000 -8.500000
v  2.750000 37.000000 -8.500000
v  2.750000 37.000000 -8.500000
v  2.750000 37.000000 -8.500000
v  7.748097 37.000000 -6.875417
v  7.748097 37.000000 -6.875417
v  10.831332 37.000000 -2.634383
v  10.831332 37.000000 -2.634383
v  10.839625 37.000000 2.608701
v  10.839625 37.000000 2.608701
v  7.742468 37.000000 6.879533
v  7.742468 37.000000 6.879533
v  2.750000 37.000000 8.500000
v  2.750000 37.000000 8.500000
v  2.750000 37.000000 8.500000
v  -2.750000 37.000000 8.500000
v  -2.750000 37.000000 8.500000
v  -2.750000 37.000000 8.500000
v  -7.748097 37.000000 6.875417
v  -7.748097 37.000000 6.875417
v  -10.831332 37.000000 2.634383
v  -10.831332 37.000000 2.634383
v  -10.839625 37.000000 -2.608701
v  -10.839625 37.000000 -2.608701
v  -7.742468 37.000000 -6.879533
v  -7.742468 37.000000 -6.879533
v  -9.400000 37.000000 2.750000
v  -9.400000 37.000000 2.750000
v  -9.400000 37.000000 2.750000
v  -8.960605 37.000000 3.810605
v  -8.960605 37.000000 3.810605
v  -7.900000 37.000000 4.250000
v  -7.900000 37.000000 4.250000
v  -6.839395 37.000000 3.810605
v  -6.839395 37.000000 3.810605
v  -2.750000 36.000000 8.500000
v  -2.750000 36.000000 8.500000
v  -2.750000 36.000000 8.500000
v  -7.742468 36.000000 6.879533
v  -7.742468 36.000000 6.879533
v  -10.839625 36.000000 2.608701
v  -10.839625 36.000000 2.608701
v  -10.831332 36.000000 -2.634383
v  -10.831332 36.000000 -2.634383
v  -7.748097 36.000000 -6.875417
v  -7.748097 36.000000 -6.875417
v  -2.750000 36.000000 -8.500000
v  -2.750000 36.000000 -8.500000
v  -2.750000 36.000000 -8.500000
v  2.750000 36.000000 8.500000
v  2.750000 36.000000 8.500000
v  2.750000 36.000000 8.500000
v  7.748097 36.000000 6.875417
v  7.748097 36.000000 6.875417
v  10.831332 36.000000 2.634383
v  10.831332 36.000000 2.634383
v  10.839625 36.000000 -2.608701
v  10.839625 36.000000 -2.608701
v  7.742468 36.000000 -6.879533
v  7.742468 36.000000 -6.879533
v  2.750000 36.000000 -8.500000
v  2.750000 36.000000 -8.500000
v  2.750000 36.000000 -8.500000
v  2.750000 36.000000 -7.700000
v  2.750000 36.000000 -7.700000
v  2.750000 36.000000 -7.700000
v  7.279798 36.000000 -6.226754
v  7.279798 36.000000 -6.226754
v  10.071592 36.000000 -2.383809
v  10.071592 36.000000 -2.383809
v  10.077940 36.000000 2.364126
v  10.077940 36.000000 2.364126
v  7.273161 36.000000 6.231605
v  7.273161 36.000000 6.231605
v  2.750000 36.000000 7.700000
v  2.750000 36.000000 7.700000
v  2.750000 36.000000 7.700000
v  -2.750000 36.000000 7.700000
v  -2.750000 36.000000 7.700000
v  -2.750000 36.000000 7.700000
v  -7.279798 36.000000 6.226754
v  -7.279798 36.000000 6.226754
v  -10.071592 36.000000 2.383809
v  -10.071592 36.000000 2.383809
v  -10.077940 36.000000 -2.364126
v  -10.077940 36.000000 -2.364126
v  -7.273161 36.000000 -6.231605
v  -7.273161 36.000000 -6.231605
v  -2.750000 36.000000 -7.700000
v  -2.750000 36.000000 -7.700000
v  -2.750000 36.000000 -7.700000
v  -8.079360 29.000000 4.239237
v  -8.079360 29.000000 4.239237
v  -7.900000 29.000000 4.250000
v  -7.900000 29.000000 4.250000
v  -7.720640 29.000000 4.239237
v  -7.720640 29.000000 4.239237
v  -6.451144 29.500000 3.138220
v  -6.451144 29.500000 3.138220
v  -14.600000 26.999888 0.000000
v  -14.600000 26.999888 0.000000
v  -14.600000 26.999888 0.000000
v  -14.600000 26.655536 -2.534682
v  -14.600000 26.655536 -2.534682
v  -14.600000 25.643089 -4.892862
v  -14.600000 25.643089 -4.892862
v  -14.600000 25.643089 -4.892862
v  -14.600000 25.643089 4.892862
v  -14.600000 25.643089 4.892862
v  -14.600000 25.643089 4.892862
v  -14.600000 26.655536 2.534682
v  -14.600000 26.655536 2.534682
v  -14.600000 27.016230 3.937490
v  -14.600000 27.016230 3.937490
v  -14.600000 27.016230 3.937490
v  -14.600000 26.763120 4.006471
v  -14.600000 26.763120 4.006471
v  -14.600000 26.581808 4.190064
v  -14.600000 26.581808 4.190064
v  -14.600000 26.583755 4.688264
v  -14.600000 26.583755 4.688264
v  -14.600000 27.016230 4.937490
v  -14.600000 27.016230 4.937490
v  -14.600000 27.016230 4.937490
v  -14.600000 27.269340 4.868509
v  -14.600000 27.269340 4.868509
v  -14.600000 27.450652 4.684916
v  -14.600000 27.450652 4.684916
v  -14.600000 27.448705 4.186716
v  -14.600000 27.448705 4.186716
v  -14.600000 27.016230 -4.937490
v  -14.600000 27.016230 -4.937490
v  -14.600000 27.016230 -4.937490
v  -14.600000 26.763120 -4.868509
v  -14.600000 26.763120 -4.868509
v  -14.600000 26.581808 -4.684916
v  -14.600000 26.581808 -4.684916
v  -14.600000 26.583755 -4.186716
v  -14.600000 26.583755 -4.186716
v  -14.600000 27.016230 -3.937490
v  -14.600000 27.016230 -3.937490
v  -14.600000 27.016230 -3.937490
v  -14.600000 27.269340 -4.006471
v  -14.600000 27.269340 -4.006471
v  -14.600000 27.450652 -4.190064
v  -14.600000 27.450652 -4.190064
v  -14.600000 27.448705 -4.688264
v  -14.600000 27.448705 -4.688264
v  -16.100000 25.643089 4.892862
v  -16.100000 25.643089 4.892862
v  -16.100000 25.643089 4.892862
v  -16.100000 22.135412 8.292556
v  -16.100000 22.135412 8.292556
v  -16.100000 17.376773 9.498940
v  -16.100000 17.376773 9.498940
v  -16.100000 12.680938 8.186670
v  -16.100000 12.680938 8.186670
v  -16.100000 9.252273 4.714062
v  -16.100000 9.252273 4.714062
v  -16.100000 8.000008 0.000000
v  -16.100000 8.000008 0.000000
v  -16.100000 8.000008 0.000000
v  -11.100000 8.000000 0.000000
v  -11.100000 8.000000 0.000000
v  -11.100000 8.000000 0.000000
v  -11.100000 9.269866 4.745277
v  -11.100000 9.269866 4.745277
v  -11.100000 12.763434 8.234826
v  -11.100000 12.763434 8.234826
v  -11.100000 17.521462 9.499968
v  -11.100000 17.521462 9.499968
v  -11.100000 22.256294 8.223484
v  -11.100000 22.256294 8.223484
v  -11.100000 25.725361 4.753612
v  -11.100000 25.725361 4.753612
v  -11.100000 27.000000 -0.000000
v  -11.100000 27.000000 -0.000000
v  -11.100000 27.000000 -0.000000
v  -16.100000 26.071673 5.150381
v  -16.100000 26.071673 5.150381
v  -16.100000 26.071673 5.150381
v  -16.100000 22.425381 8.702844
v  -16.100000 22.425381 8.702844
v  -16.100000 17.503322 9.999845
v  -16.100000 17.503322 9.999845
v  -16.100000 12.575911 8.703567
v  -16.100000 12.575911 8.703567
v  -16.100000 8.928327 5.150381
v  -16.100000 8.928327 5.150381
v  -16.100000 7.863698 2.672383
v  -16.100000 7.863698 2.672383
v  -16.100000 7.500000 0.000000
v  -16.100000 7.500000 0.000000
v  -16.100000 8.826797 -4.977648
v  -16.100000 8.826797 -4.977648
v  -16.100000 12.441110 -8.625923
v  -16.100000 12.441110 -8.625923
v  -16.100000 17.393308 -9.999351
v  -16.100000 17.393308 -9.999351
v  -16.100000 22.381846 -8.727481
v  -16.100000 22.381846 -8.727481
v  -16.100000 26.071673 -5.150381
v  -16.100000 26.071673 -5.150381
v  -16.100000 26.071673 -5.150381
v  -16.100000 25.643089 -4.892862
v  -16.100000 25.643089 -4.892862
v  -16.100000 25.643089 -4.892862
v  -16.100000 22.129658 -8.295715
v  -16.100000 22.129658 -8.295715
v  -16.100000 17.390638 -9.499196
v  -16.100000 17.390638 -9.499196
v  -16.100000 12.675236 -8.183421
v  -16.100000 12.675236 -8.183421
v  -16.100000 9.250753 -4.711552
v  -16.100000 9.250753 -4.711552
v  -11.100000 25.730134 -4.745277
v  -11.100000 25.730134 -4.745277
v  -11.100000 22.236566 -8.234826
v  -11.100000 22.236566 -8.234826
v  -11.100000 17.478538 -9.499968
v  -11.100000 17.478538 -9.499968
v  -11.100000 12.743706 -8.223484
v  -11.100000 12.743706 -8.223484
v  -11.100000 9.274639 -4.753612
v  -11.100000 9.274639 -4.753612
v  -11.100000 25.500000 0.000000
v  -11.100000 25.500000 0.000000
v  -11.100000 25.500000 0.000000
v  -11.100000 23.969995 -4.705420
v  -11.100000 23.969995 -4.705420
v  -11.100000 19.977645 -7.606537
v  -11.100000 19.977645 -7.606537
v  -11.100000 15.044251 -7.613602
v  -11.100000 15.044251 -7.613602
v  -11.100000 11.025418 -4.699145
v  -11.100000 11.025418 -4.699145
v  -11.100000 9.500000 -0.000000
v  -11.100000 9.500000 -0.000000
v  -11.100000 9.500000 -0.000000
v  -11.100000 11.030005 4.705420
v  -11.100000 11.030005 4.705420
v  -11.100000 15.022355 7.606537
v  -11.100000 15.022355 7.606537
v  -11.100000 19.955749 7.613602
v  -11.100000 19.955749 7.613602
v  -11.100000 23.974582 4.699145
v  -11.100000 23.974582 4.699145
v  -9.700000 9.500000 0.000000
v  -9.700000 9.500000 0.000000
v  -9.700000 9.500000 0.000000
v  -9.700000 11.025418 4.699145
v  -9.700000 11.025418 4.699145
v  -9.700000 15.044251 7.613602
v  -9.700000 15.044251 7.613602
v  -9.700000 19.977645 7.606537
v  -9.700000 19.977645 7.606537
v  -9.700000 23.969995 4.705420
v  -9.700000 23.969995 4.705420
v  -9.700000 25.500000 -0.000000
v  -9.700000 25.500000 -0.000000
v  -9.700000 25.500000 -0.000000
v  -9.700000 23.974582 -4.699145
v  -9.700000 23.974582 -4.699145
v  -9.700000 19.955749 -7.613602
v  -9.700000 19.955749 -7.613602
v  -9.700000 15.022355 -7.606537
v  -9.700000 15.022355 -7.606537
v  -9.700000 11.030005 -4.705420
v  -9.700000 11.030005 -4.705420
v  -9.700000 27.750000 0.000000
v  -9.700000 27.750000 0.000000
v  -9.700000 27.750000 0.000000
v  -9.700000 26.375240 -5.128050
v  -9.700000 26.375240 -5.128050
v  -9.700000 22.632709 -8.872178
v  -9.700000 22.632709 -8.872178
v  -9.700000 17.525035 -10.249961
v  -9.700000 17.525035 -10.249961
v  -9.700000 12.391528 -8.886115
v  -9.700000 12.391528 -8.886115
v  -9.700000 8.620321 -5.120284
v  -9.700000 8.620321 -5.120284
v  -9.700000 7.250000 -0.000000
v  -9.700000 7.250000 -0.000000
v  -9.700000 7.250000 -0.000000
v  -9.700000 8.624760 5.128050
v  -9.700000 8.624760 5.128050
v  -9.700000 12.367291 8.872178
v  -9.700000 12.367291 8.872178
v  -9.700000 17.474965 10.249961
v  -9.700000 17.474965 10.249961
v  -9.700000 22.608472 8.886115
v  -9.700000 22.608472 8.886115
v  -9.700000 26.379679 5.120284
v  -9.700000 26.379679 5.120284
v  -5.900000 7.250000 0.000000
v  -5.900000 7.250000 0.000000
v  -5.900000 7.250000 0.000000
v  -5.900000 8.620321 5.120284
v  -5.900000 8.620321 5.120284
v  -5.900000 12.391528 8.886115
v  -5.900000 12.391528 8.886115
v  -5.900000 17.525035 10.249961
v  -5.900000 17.525035 10.249961
v  -5.900000 22.632709 8.872178
v  -5.900000 22.632709 8.872178
v  -5.900000 26.375240 5.128050
v  -5.900000 26.375240 5.128050
v  -5.900000 27.750000 -0.000000
v  -5.900000 27.750000 -0.000000
v  -5.900000 27.750000 -0.000000
v  -5.900000 26.379679 -5.120284
v  -5.900000 26.379679 -5.120284
v  -5.900000 22.608472 -8.886115
v  -5.900000 22.608472 -8.886115
v  -5.900000 17.474965 -10.249961
v  -5.900000 17.474965 -10.249961
v  -5.900000 12.367291 -8.872178
v  -5.900000 12.367291 -8.872178
v  -5.900000 8.624760 -5.128050
v  -5.900000 8.624760 -5.128050
v  -5.900000 28.200000 0.000000
v  -5.900000 28.200000 0.000000
v  -5.900000 28.200000 0.000000
v  -5.900000 26.765118 -5.352802
v  -5.900000 26.765118 -5.352802
v  -5.900000 22.858864 -9.261219
v  -5.900000 22.858864 -9.261219
v  -5.900000 17.527241 -10.699957
v  -5.900000 17.527241 -10.699957
v  -5.900000 12.168163 -9.276762
v  -5.900000 12.168163 -9.276762
v  -5.900000 8.230663 -5.345412
v  -5.900000 8.230663 -5.345412
v  -5.900000 6.800000 -0.000000
v  -5.900000 6.800000 -0.000000
v  -5.900000 6.800000 -0.000000
v  -5.900000 8.234882 5.352802
v  -5.900000 8.234882 5.352802
v  -5.900000 12.141136 9.261219
v  -5.900000 12.141136 9.261219
v  -5.900000 17.472759 10.699957
v  -5.900000 17.472759 10.699957
v  -5.900000 22.831837 9.276762
v  -5.900000 22.831837 9.276762
v  -5.900000 26.769337 5.345412
v  -5.900000 26.769337 5.345412
v  -3.600000 6.800000 0.000000
v  -3.600000 6.800000 0.000000
v  -3.600000 6.800000 0.000000
v  -3.600000 8.230663 5.345412
v  -3.600000 8.230663 5.345412
v  -3.600000 12.168163 9.276762
v  -3.600000 12.168163 9.276762
v  -3.600000 17.527241 10.699957
v  -3.600000 17.527241 10.699957
v  -3.600000 22.858864 9.261219
v  -3.600000 22.858864 9.261219
v  -3.600000 26.765118 5.352802
v  -3.600000 26.765118 5.352802
v  -3.600000 28.200000 -0.000000
v  -3.600000 28.200000 -0.000000
v  -3.600000 28.200000 -0.000000
v  -3.600000 26.769337 -5.345412
v  -3.600000 26.769337 -5.345412
v  -3.600000 22.831837 -9.276762
v  -3.600000 22.831837 -9.276762
v  -3.600000 17.472759 -10.699957
v  -3.600000 17.472759 -10.699957
v  -3.600000 12.141136 -9.261219
v  -3.600000 12.141136 -9.261219
v  -3.600000 8.234882 -5.352802
v  -3.600000 8.234882 -5.352802
v  -3.600000 29.685000 0.000000
v  -3.600000 29.685000 0.000000
v  -3.600000 29.685000 0.000000
v  -3.600000 28.044040 -6.107146
v  -3.600000 28.044040 -6.107146
v  -3.600000 23.582352 -10.558365
v  -3.600000 23.582352 -10.558365
v  -3.600000 17.494298 -12.184841
v  -3.600000 17.494298 -12.184841
v  -3.600000 11.408448 -10.553059
v  -3.600000 11.408448 -10.553059
v  -3.600000 6.948213 -6.093789
v  -3.600000 6.948213 -6.093789
v  -3.600000 5.315000 -0.000000
v  -3.600000 5.315000 -0.000000
v  -3.600000 5.315000 -0.000000
v  -3.600000 6.955960 6.107146
v  -3.600000 6.955960 6.107146
v  -3.600000 11.417648 10.558365
v  -3.600000 11.417648 10.558365
v  -3.600000 17.505702 12.184841
v  -3.600000 17.505702 12.184841
v  -3.600000 23.591552 10.553059
v  -3.600000 23.591552 10.553059
v  -3.600000 28.051787 6.093789
v  -3.600000 28.051787 6.093789
v  -10.600000 27.016230 4.937490
v  -10.600000 27.016230 4.937490
v  -10.600000 27.016230 4.937490
v  -10.600000 27.448705 4.688264
v  -10.600000 27.448705 4.688264
v  -10.600000 27.450652 4.190064
v  -10.600000 27.450652 4.190064
v  -10.600000 27.269340 4.006471
v  -10.600000 27.269340 4.006471
v  -10.600000 27.016230 3.937490
v  -10.600000 27.016230 3.937490
v  -10.600000 27.016230 3.937490
v  -10.600000 26.583755 4.186716
v  -10.600000 26.583755 4.186716
v  -10.600000 26.581808 4.684916
v  -10.600000 26.581808 4.684916
v  -10.600000 26.763120 4.868509
v  -10.600000 26.763120 4.868509
v  -10.600000 27.016230 -3.937490
v  -10.600000 27.016230 -3.937490
v  -10.600000 27.016230 -3.937490
v  -10.600000 27.448705 -4.186716
v  -10.600000 27.448705 -4.186716
v  -10.600000 27.450652 -4.684916
v  -10.600000 27.450652 -4.684916
v  -10.600000 27.269340 -4.868509
v  -10.600000 27.269340 -4.868509
v  -10.600000 27.016230 -4.937490
v  -10.600000 27.016230 -4.937490
v  -10.600000 27.016230 -4.937490
v  -10.600000 26.583755 -4.688264
v  -10.600000 26.583755 -4.688264
v  -10.600000 26.581808 -4.190064
v  -10.600000 26.581808 -4.190064
v  -10.600000 26.763120 -4.006471
v  -10.600000 26.763120 -4.006471
v  -1.900000 27.700020 -9.750000
v  -1.900000 27.700020 -9.750000
v  -1.900000 27.700020 -9.750000
v  -1.900000 27.137803 -10.073993
v  -1.900000 27.137803 -10.073993
v  -1.900000 27.135271 -10.721654
v  -1.900000 27.135271 -10.721654
v  -1.900000 27.370976 -10.960325
v  -1.900000 27.370976 -10.960325
v  -1.900000 27.700020 -11.050000
v  -1.900000 27.700020 -11.050000
v  -1.900000 27.700020 -11.050000
v  -1.900000 28.262237 -10.726007
v  -1.900000 28.262237 -10.726007
v  -1.900000 28.264768 -10.078346
v  -1.900000 28.264768 -10.078346
v  -1.900000 28.029063 -9.839675
v  -1.900000 28.029063 -9.839675
v  -1.900000 27.700020 11.050000
v  -1.900000 27.700020 11.050000
v  -1.900000 27.700020 11.050000
v  -1.900000 27.137803 10.726007
v  -1.900000 27.137803 10.726007
v  -1.900000 27.135271 10.078346
v  -1.900000 27.135271 10.078346
v  -1.900000 27.370976 9.839675
v  -1.900000 27.370976 9.839675

vt  0.254075 0.284255 0.000000
vt  0.254075 0.284255 0.000000
vt  0.254075 0.284255 0.000000
vt  0.341377 0.275497 0.000000
vt  0.341377 0.275497 0.000000
vt  0.341377 0.275497 0.000000
vt  0.341377 0.327425 0.000000
vt  0.341377 0.327425 0.000000
vt  0.341377 0.327425 0.000000
vt  0.201045 0.341371 0.000000
vt  0.201045 0.341371 0.000000
vt  0.201045 0.341371 0.000000
vt  0.220079 0.302973 0.000000
vt  0.220079 0.302973 0.000000
vt  0.202508 0.348671 0.000000
vt  0.202508 0.348671 0.000000
vt  0.202508 0.348671 0.000000
vt  0.206485 0.335572 0.000000
vt  0.206485 0.335572 0.000000
vt  0.214437 0.325206 0.000000
vt  0.214437 0.325206 0.000000
vt  0.227957 0.321923 0.000000
vt  0.227957 0.321923 0.000000
vt  0.229301 0.337401 0.000000
vt  0.229301 0.337401 0.000000
vt  0.227050 0.350899 0.000000
vt  0.227050 0.350899 0.000000
vt  0.225054 0.363923 0.000000
vt  0.225054 0.363923 0.000000
vt  0.225054 0.363923 0.000000
vt  0.224356 0.369242 0.000000
vt  0.224356 0.369242 0.000000
vt  0.223743 0.374235 0.000000
vt  0.223743 0.374235 0.000000
vt  0.223743 0.374235 0.000000
vt  0.228565 0.377302 0.000000
vt  0.228565 0.377302 0.000000
vt  0.228565 0.377302 0.000000
vt  0.242313 0.334143 0.000000
vt  0.242313 0.334143 0.000000
vt  0.276703 0.313209 0.000000
vt  0.276703 0.313209 0.000000
vt  0.276703 0.313209 0.000000
vt  0.199880 0.350280 0.000000
vt  0.199880 0.350280 0.000000
vt  0.199937 0.359390 0.000000
vt  0.199937 0.359390 0.000000
vt  0.199937 0.359390 0.000000
vt  0.202429 0.360920 0.000000
vt  0.202429 0.360920 0.000000
vt  0.202429 0.360920 0.000000
vt  0.202084 0.354775 0.000000
vt  0.202084 0.354775 0.000000
vt  0.277539 0.339904 0.000000
vt  0.277539 0.339904 0.000000
vt  0.277539 0.339904 0.000000
vt  0.280004 0.317528 0.000000
vt  0.280004 0.317528 0.000000
vt  0.285593 0.315021 0.000000
vt  0.285593 0.315021 0.000000
vt  0.290727 0.331725 0.000000
vt  0.290727 0.331725 0.000000
vt  0.292750 0.357656 0.000000
vt  0.292750 0.357656 0.000000
vt  0.292750 0.357656 0.000000
vt  0.280483 0.358582 0.000000
vt  0.280483 0.358582 0.000000
vt  0.280483 0.358582 0.000000
vt  0.280483 0.358582 0.000000
vt  0.274503 0.343184 0.000000
vt  0.274503 0.343184 0.000000
vt  0.261389 0.337291 0.000000
vt  0.261389 0.337291 0.000000
vt  0.250550 0.345571 0.000000
vt  0.250550 0.345571 0.000000
vt  0.246603 0.361623 0.000000
vt  0.246603 0.361623 0.000000
vt  0.246603 0.361623 0.000000
vt  0.246603 0.361623 0.000000
vt  0.250551 0.375243 0.000000
vt  0.250551 0.375243 0.000000
vt  0.261391 0.379571 0.000000
vt  0.261391 0.379571 0.000000
vt  0.274503 0.373282 0.000000
vt  0.274503 0.373282 0.000000
vt  0.290751 0.379208 0.000000
vt  0.290751 0.379208 0.000000
vt  0.285629 0.384594 0.000000
vt  0.285629 0.384594 0.000000
vt  0.280033 0.368741 0.000000
vt  0.280033 0.368741 0.000000
vt  0.205055 0.374740 0.000000
vt  0.205055 0.374740 0.000000
vt  0.209051 0.385133 0.000000
vt  0.209051 0.385133 0.000000
vt  0.213641 0.390403 0.000000
vt  0.213641 0.390403 0.000000
vt  0.218033 0.389955 0.000000
vt  0.218033 0.389955 0.000000
vt  0.221560 0.384191 0.000000
vt  0.221560 0.384191 0.000000
vt  0.250412 0.364687 0.000000
vt  0.250412 0.364687 0.000000
vt  0.250412 0.364687 0.000000
vt  0.258545 0.381669 0.000000
vt  0.258545 0.381669 0.000000
vt  0.275055 0.380510 0.000000
vt  0.275055 0.380510 0.000000
vt  0.281267 0.372462 0.000000
vt  0.281267 0.372462 0.000000
vt  0.283571 0.361847 0.000000
vt  0.283571 0.361847 0.000000
vt  0.283571 0.361847 0.000000
vt  0.535909 0.313209 0.000000
vt  0.535909 0.313209 0.000000
vt  0.535909 0.313209 0.000000
vt  0.228565 0.622678 0.000000
vt  0.228565 0.622678 0.000000
vt  0.228565 0.622678 0.000000
vt  0.242313 0.665836 0.000000
vt  0.242313 0.665836 0.000000
vt  0.276703 0.686771 0.000000
vt  0.276703 0.686771 0.000000
vt  0.276703 0.686771 0.000000
vt  0.535909 0.686771 0.000000
vt  0.535909 0.686771 0.000000
vt  0.535909 0.686771 0.000000
vt  0.570298 0.665836 0.000000
vt  0.570298 0.665836 0.000000
vt  0.584046 0.622678 0.000000
vt  0.584046 0.622678 0.000000
vt  0.584046 0.622678 0.000000
vt  0.584046 0.377302 0.000000
vt  0.584046 0.377302 0.000000
vt  0.584046 0.377302 0.000000
vt  0.570299 0.334144 0.000000
vt  0.570299 0.334144 0.000000
vt  0.369440 0.373442 0.000000
vt  0.369440 0.373442 0.000000
vt  0.369440 0.373442 0.000000
vt  0.443171 0.373442 0.000000
vt  0.443171 0.373442 0.000000
vt  0.443171 0.373442 0.000000
vt  0.502722 0.398913 0.000000
vt  0.502722 0.398913 0.000000
vt  0.538040 0.461681 0.000000
vt  0.538040 0.461681 0.000000
vt  0.538119 0.537982 0.000000
vt  0.538119 0.537982 0.000000
vt  0.502637 0.601148 0.000000
vt  0.502637 0.601148 0.000000
vt  0.443171 0.626538 0.000000
vt  0.443171 0.626538 0.000000
vt  0.443171 0.626538 0.000000
vt  0.369440 0.626538 0.000000
vt  0.369440 0.626538 0.000000
vt  0.369440 0.626538 0.000000
vt  0.309889 0.601067 0.000000
vt  0.309889 0.601067 0.000000
vt  0.274571 0.538299 0.000000
vt  0.274571 0.538299 0.000000
vt  0.274492 0.461998 0.000000
vt  0.274492 0.461998 0.000000
vt  0.309975 0.398832 0.000000
vt  0.309975 0.398832 0.000000
vt  0.252625 0.354295 0.000000
vt  0.252625 0.354295 0.000000
vt  0.258658 0.346348 0.000000
vt  0.258658 0.346348 0.000000
vt  0.275170 0.344847 0.000000
vt  0.275170 0.344847 0.000000
vt  0.250412 0.635293 0.000000
vt  0.250412 0.635293 0.000000
vt  0.250412 0.635293 0.000000
vt  0.252625 0.625238 0.000000
vt  0.252625 0.625238 0.000000
vt  0.258658 0.618238 0.000000
vt  0.258658 0.618238 0.000000
vt  0.275170 0.619561 0.000000
vt  0.275170 0.619561 0.000000
vt  0.283571 0.638132 0.000000
vt  0.283571 0.638132 0.000000
vt  0.283571 0.638132 0.000000
vt  0.281267 0.648307 0.000000
vt  0.281267 0.648307 0.000000
vt  0.275055 0.655202 0.000000
vt  0.275055 0.655202 0.000000
vt  0.258545 0.653541 0.000000
vt  0.258545 0.653541 0.000000
vt  0.529040 0.638132 0.000000
vt  0.529040 0.638132 0.000000
vt  0.529040 0.638132 0.000000
vt  0.531344 0.627518 0.000000
vt  0.531344 0.627518 0.000000
vt  0.537557 0.619470 0.000000
vt  0.537557 0.619470 0.000000
vt  0.554066 0.618310 0.000000
vt  0.554066 0.618310 0.000000
vt  0.562200 0.635293 0.000000
vt  0.562200 0.635293 0.000000
vt  0.562200 0.635293 0.000000
vt  0.559986 0.645685 0.000000
vt  0.559986 0.645685 0.000000
vt  0.553953 0.653631 0.000000
vt  0.553953 0.653631 0.000000
vt  0.537441 0.655133 0.000000
vt  0.537441 0.655133 0.000000
vt  0.562200 0.364687 0.000000
vt  0.562200 0.364687 0.000000
vt  0.562200 0.364687 0.000000
vt  0.559986 0.374742 0.000000
vt  0.559986 0.374742 0.000000
vt  0.553953 0.381742 0.000000
vt  0.553953 0.381742 0.000000
vt  0.537441 0.380419 0.000000
vt  0.537441 0.380419 0.000000
vt  0.529040 0.361847 0.000000
vt  0.529040 0.361847 0.000000
vt  0.529040 0.361847 0.000000
vt  0.531344 0.351673 0.000000
vt  0.531344 0.351673 0.000000
vt  0.537557 0.344777 0.000000
vt  0.537557 0.344777 0.000000
vt  0.554066 0.346439 0.000000
vt  0.554066 0.346439 0.000000
vt  0.587557 0.363923 0.000000
vt  0.587557 0.363923 0.000000
vt  0.587557 0.363923 0.000000
vt  0.585316 0.349481 0.000000
vt  0.585316 0.349481 0.000000
vt  0.583346 0.337683 0.000000
vt  0.583346 0.337683 0.000000
vt  0.584656 0.321928 0.000000
vt  0.584656 0.321928 0.000000
vt  0.597740 0.324845 0.000000
vt  0.597740 0.324845 0.000000
vt  0.597740 0.324845 0.000000
vt  0.578849 0.301608 0.000000
vt  0.578849 0.301608 0.000000
vt  0.553419 0.290674 0.000000
vt  0.553419 0.290674 0.000000
vt  0.553419 0.290674 0.000000
vt  0.588868 0.374235 0.000000
vt  0.588868 0.374235 0.000000
vt  0.588868 0.374235 0.000000
vt  0.588255 0.369242 0.000000
vt  0.588255 0.369242 0.000000
vt  0.519862 0.357656 0.000000
vt  0.519862 0.357656 0.000000
vt  0.519862 0.357656 0.000000
vt  0.521860 0.331872 0.000000
vt  0.521860 0.331872 0.000000
vt  0.526982 0.315072 0.000000
vt  0.526982 0.315072 0.000000
vt  0.532579 0.317444 0.000000
vt  0.532579 0.317444 0.000000
vt  0.535072 0.339904 0.000000
vt  0.535072 0.339904 0.000000
vt  0.535072 0.339904 0.000000
vt  0.610180 0.348682 0.000000
vt  0.610180 0.348682 0.000000
vt  0.610180 0.348682 0.000000
vt  0.605942 0.335002 0.000000
vt  0.605942 0.335002 0.000000
vt  0.566009 0.361623 0.000000
vt  0.566009 0.361623 0.000000
vt  0.566009 0.361623 0.000000
vt  0.566009 0.361623 0.000000
vt  0.561880 0.345264 0.000000
vt  0.561880 0.345264 0.000000
vt  0.551275 0.337297 0.000000
vt  0.551275 0.337297 0.000000
vt  0.538397 0.342882 0.000000
vt  0.538397 0.342882 0.000000
vt  0.532129 0.358582 0.000000
vt  0.532129 0.358582 0.000000
vt  0.532129 0.358582 0.000000
vt  0.532129 0.358582 0.000000
vt  0.521884 0.379303 0.000000
vt  0.521884 0.379303 0.000000
vt  0.527018 0.384561 0.000000
vt  0.527018 0.384561 0.000000
vt  0.532608 0.368584 0.000000
vt  0.532608 0.368584 0.000000
vt  0.538332 0.373499 0.000000
vt  0.538332 0.373499 0.000000
vt  0.551094 0.379561 0.000000
vt  0.551094 0.379561 0.000000
vt  0.561848 0.375490 0.000000
vt  0.561848 0.375490 0.000000
vt  0.591064 0.384228 0.000000
vt  0.591064 0.384228 0.000000
vt  0.594616 0.389984 0.000000
vt  0.594616 0.389984 0.000000
vt  0.599033 0.390370 0.000000
vt  0.599033 0.390370 0.000000
vt  0.603640 0.384988 0.000000
vt  0.603640 0.384988 0.000000
vt  0.607633 0.374460 0.000000
vt  0.607633 0.374460 0.000000
vt  0.610228 0.360527 0.000000
vt  0.610228 0.360527 0.000000
vt  0.610228 0.360527 0.000000
vt  0.610559 0.354572 0.000000
vt  0.610559 0.354572 0.000000
vt  0.588868 0.625745 0.000000
vt  0.588868 0.625745 0.000000
vt  0.588868 0.625745 0.000000
vt  0.591064 0.615753 0.000000
vt  0.591064 0.615753 0.000000
vt  0.594615 0.609996 0.000000
vt  0.594615 0.609996 0.000000
vt  0.599033 0.609610 0.000000
vt  0.599033 0.609610 0.000000
vt  0.603639 0.614991 0.000000
vt  0.603639 0.614991 0.000000
vt  0.607633 0.625520 0.000000
vt  0.607633 0.625520 0.000000
vt  0.610228 0.639453 0.000000
vt  0.610228 0.639453 0.000000
vt  0.610228 0.639453 0.000000
vt  0.611486 0.640538 0.000000
vt  0.611486 0.640538 0.000000
vt  0.612755 0.641724 0.000000
vt  0.612755 0.641724 0.000000
vt  0.612755 0.641724 0.000000
vt  0.611573 0.629039 0.000000
vt  0.611573 0.629039 0.000000
vt  0.609799 0.616664 0.000000
vt  0.609799 0.616664 0.000000
vt  0.609799 0.616664 0.000000
vt  0.600323 0.499990 0.000000
vt  0.600323 0.499990 0.000000
vt  0.609799 0.383316 0.000000
vt  0.609799 0.383316 0.000000
vt  0.609799 0.383316 0.000000
vt  0.611573 0.370941 0.000000
vt  0.611573 0.370941 0.000000
vt  0.612755 0.358256 0.000000
vt  0.612755 0.358256 0.000000
vt  0.612755 0.358256 0.000000
vt  0.611486 0.359442 0.000000
vt  0.611486 0.359442 0.000000
vt  0.587557 0.636057 0.000000
vt  0.587557 0.636057 0.000000
vt  0.587557 0.636057 0.000000
vt  0.588255 0.630738 0.000000
vt  0.588255 0.630738 0.000000
vt  0.553419 0.709306 0.000000
vt  0.553419 0.709306 0.000000
vt  0.553419 0.709306 0.000000
vt  0.578849 0.698372 0.000000
vt  0.578849 0.698372 0.000000
vt  0.597740 0.675135 0.000000
vt  0.597740 0.675135 0.000000
vt  0.597740 0.675135 0.000000
vt  0.584640 0.678038 0.000000
vt  0.584640 0.678038 0.000000
vt  0.583347 0.662287 0.000000
vt  0.583347 0.662287 0.000000
vt  0.585312 0.650524 0.000000
vt  0.585312 0.650524 0.000000
vt  0.566009 0.638357 0.000000
vt  0.566009 0.638357 0.000000
vt  0.566009 0.638357 0.000000
vt  0.566009 0.638357 0.000000
vt  0.561880 0.624526 0.000000
vt  0.561880 0.624526 0.000000
vt  0.551275 0.620404 0.000000
vt  0.551275 0.620404 0.000000
vt  0.538397 0.626418 0.000000
vt  0.538397 0.626418 0.000000
vt  0.532129 0.641398 0.000000
vt  0.532129 0.641398 0.000000
vt  0.532129 0.641398 0.000000
vt  0.532129 0.641398 0.000000
vt  0.519862 0.642324 0.000000
vt  0.519862 0.642324 0.000000
vt  0.519862 0.642324 0.000000
vt  0.521860 0.620772 0.000000
vt  0.521860 0.620772 0.000000
vt  0.526982 0.615386 0.000000
vt  0.526982 0.615386 0.000000
vt  0.532579 0.631239 0.000000
vt  0.532579 0.631239 0.000000
vt  0.535072 0.660076 0.000000
vt  0.535072 0.660076 0.000000
vt  0.535072 0.660076 0.000000
vt  0.610180 0.651298 0.000000
vt  0.610180 0.651298 0.000000
vt  0.610180 0.651298 0.000000
vt  0.610559 0.645408 0.000000
vt  0.610559 0.645408 0.000000
vt  0.605712 0.665401 0.000000
vt  0.605712 0.665401 0.000000
vt  0.532608 0.682452 0.000000
vt  0.532608 0.682452 0.000000
vt  0.527018 0.684958 0.000000
vt  0.527018 0.684958 0.000000
vt  0.521884 0.668255 0.000000
vt  0.521884 0.668255 0.000000
vt  0.538332 0.657030 0.000000
vt  0.538332 0.657030 0.000000
vt  0.551094 0.662701 0.000000
vt  0.551094 0.662701 0.000000
vt  0.561848 0.654770 0.000000
vt  0.561848 0.654770 0.000000
vt  0.561507 0.710946 0.000000
vt  0.561507 0.710946 0.000000
vt  0.574156 0.713475 0.000000
vt  0.574156 0.713475 0.000000
vt  0.574156 0.713475 0.000000
vt  0.437866 0.700266 0.000000
vt  0.437866 0.700266 0.000000
vt  0.438505 0.697930 0.000000
vt  0.438505 0.697930 0.000000
vt  0.438505 0.697930 0.000000
vt  0.574112 0.713387 0.000000
vt  0.574112 0.713387 0.000000
vt  0.574112 0.713387 0.000000
vt  0.598482 0.691551 0.000000
vt  0.598482 0.691551 0.000000
vt  0.611858 0.658565 0.000000
vt  0.611858 0.658565 0.000000
vt  0.611858 0.658565 0.000000
vt  0.612827 0.650233 0.000000
vt  0.612827 0.650233 0.000000
vt  0.254075 0.715725 0.000000
vt  0.254075 0.715725 0.000000
vt  0.254075 0.715725 0.000000
vt  0.341377 0.724483 0.000000
vt  0.341377 0.724483 0.000000
vt  0.341377 0.724483 0.000000
vt  0.333371 0.748912 0.000000
vt  0.333371 0.748912 0.000000
vt  0.333371 0.748912 0.000000
vt  0.593080 0.734077 0.000000
vt  0.593080 0.734077 0.000000
vt  0.593080 0.734077 0.000000
vt  0.202508 0.651309 0.000000
vt  0.202508 0.651309 0.000000
vt  0.202508 0.651309 0.000000
vt  0.202084 0.645204 0.000000
vt  0.202084 0.645204 0.000000
vt  0.202429 0.639060 0.000000
vt  0.202429 0.639060 0.000000
vt  0.202429 0.639060 0.000000
vt  0.199937 0.640590 0.000000
vt  0.199937 0.640590 0.000000
vt  0.199937 0.640590 0.000000
vt  0.199880 0.649700 0.000000
vt  0.199880 0.649700 0.000000
vt  0.201045 0.658609 0.000000
vt  0.201045 0.658609 0.000000
vt  0.201045 0.658609 0.000000
vt  0.220079 0.697007 0.000000
vt  0.220079 0.697007 0.000000
vt  0.223743 0.625745 0.000000
vt  0.223743 0.625745 0.000000
vt  0.223743 0.625745 0.000000
vt  0.224356 0.630738 0.000000
vt  0.224356 0.630738 0.000000
vt  0.225054 0.636057 0.000000
vt  0.225054 0.636057 0.000000
vt  0.225054 0.636057 0.000000
vt  0.227051 0.649085 0.000000
vt  0.227051 0.649085 0.000000
vt  0.229302 0.662582 0.000000
vt  0.229302 0.662582 0.000000
vt  0.227956 0.678057 0.000000
vt  0.227956 0.678057 0.000000
vt  0.214437 0.674774 0.000000
vt  0.214437 0.674774 0.000000
vt  0.206485 0.664409 0.000000
vt  0.206485 0.664409 0.000000
vt  0.277539 0.660076 0.000000
vt  0.277539 0.660076 0.000000
vt  0.277539 0.660076 0.000000
vt  0.280004 0.631396 0.000000
vt  0.280004 0.631396 0.000000
vt  0.285593 0.615419 0.000000
vt  0.285593 0.615419 0.000000
vt  0.290727 0.620677 0.000000
vt  0.290727 0.620677 0.000000
vt  0.292750 0.642324 0.000000
vt  0.292750 0.642324 0.000000
vt  0.292750 0.642324 0.000000
vt  0.280483 0.641398 0.000000
vt  0.280483 0.641398 0.000000
vt  0.280483 0.641398 0.000000
vt  0.280483 0.641398 0.000000
vt  0.274503 0.626698 0.000000
vt  0.274503 0.626698 0.000000
vt  0.261389 0.620408 0.000000
vt  0.261389 0.620408 0.000000
vt  0.250550 0.624737 0.000000
vt  0.250550 0.624737 0.000000
vt  0.246603 0.638357 0.000000
vt  0.246603 0.638357 0.000000
vt  0.246603 0.638357 0.000000
vt  0.246603 0.638357 0.000000
vt  0.221560 0.615789 0.000000
vt  0.221560 0.615789 0.000000
vt  0.218032 0.610025 0.000000
vt  0.218032 0.610025 0.000000
vt  0.213640 0.609577 0.000000
vt  0.213640 0.609577 0.000000
vt  0.209051 0.614847 0.000000
vt  0.209051 0.614847 0.000000
vt  0.205055 0.625241 0.000000
vt  0.205055 0.625241 0.000000
vt  0.250551 0.654409 0.000000
vt  0.250551 0.654409 0.000000
vt  0.261391 0.662689 0.000000
vt  0.261391 0.662689 0.000000
vt  0.274503 0.656796 0.000000
vt  0.274503 0.656796 0.000000
vt  0.290751 0.668108 0.000000
vt  0.290751 0.668108 0.000000
vt  0.285629 0.684908 0.000000
vt  0.285629 0.684908 0.000000
vt  0.280033 0.682536 0.000000
vt  0.280033 0.682536 0.000000
vt  0.201105 0.371503 0.000000
vt  0.201105 0.371503 0.000000
vt  0.202812 0.383316 0.000000
vt  0.202812 0.383316 0.000000
vt  0.202812 0.383316 0.000000
vt  0.209964 0.441273 0.000000
vt  0.209964 0.441273 0.000000
vt  0.212289 0.499990 0.000000
vt  0.212289 0.499990 0.000000
vt  0.209964 0.558707 0.000000
vt  0.209964 0.558707 0.000000
vt  0.202812 0.616664 0.000000
vt  0.202812 0.616664 0.000000
vt  0.202812 0.616664 0.000000
vt  0.201105 0.628477 0.000000
vt  0.201105 0.628477 0.000000
vt  0.341698 0.350154 0.000000
vt  0.341698 0.350154 0.000000
vt  0.342623 0.372959 0.000000
vt  0.342623 0.372959 0.000000
vt  0.342623 0.372959 0.000000
vt  0.341377 0.672555 0.000000
vt  0.341377 0.672555 0.000000
vt  0.341377 0.672555 0.000000
vt  0.341698 0.649826 0.000000
vt  0.341698 0.649826 0.000000
vt  0.342623 0.627021 0.000000
vt  0.342623 0.627021 0.000000
vt  0.342623 0.627021 0.000000
vt  0.345120 0.563647 0.000000
vt  0.345120 0.563647 0.000000
vt  0.345926 0.499990 0.000000
vt  0.345926 0.499990 0.000000
vt  0.345120 0.436333 0.000000
vt  0.345120 0.436333 0.000000
vt  0.333371 0.251068 0.000000
vt  0.333371 0.251068 0.000000
vt  0.333371 0.251068 0.000000
vt  0.329506 0.236736 0.000000
vt  0.329506 0.236736 0.000000
vt  0.325440 0.216185 0.000000
vt  0.325440 0.216185 0.000000
vt  0.325440 0.216185 0.000000
vt  0.301869 0.122275 0.000000
vt  0.301869 0.122275 0.000000
vt  0.258468 0.042751 0.000000
vt  0.258468 0.042751 0.000000
vt  0.179733 0.000000 0.000000
vt  0.179733 0.000000 0.000000
vt  0.065544 0.073416 0.000000
vt  0.065544 0.073416 0.000000
vt  0.000000 0.499990 0.000000
vt  0.000000 0.499990 0.000000
vt  0.065503 0.926492 0.000000
vt  0.065503 0.926492 0.000000
vt  0.179463 1.000000 0.000000
vt  0.179463 1.000000 0.000000
vt  0.258313 0.957408 0.000000
vt  0.258313 0.957408 0.000000
vt  0.301858 0.877737 0.000000
vt  0.301858 0.877737 0.000000
vt  0.325440 0.783795 0.000000
vt  0.325440 0.783795 0.000000
vt  0.325440 0.783795 0.000000
vt  0.329506 0.763244 0.000000
vt  0.329506 0.763244 0.000000
vt  0.341777 0.499990 0.000000
vt  0.341777 0.499990 0.000000
vt  0.341777 0.499990 0.000000
vt  0.338052 0.624386 0.000000
vt  0.338052 0.624386 0.000000
vt  0.325373 0.743487 0.000000
vt  0.325373 0.743487 0.000000
vt  0.298071 0.849261 0.000000
vt  0.298071 0.849261 0.000000
vt  0.244096 0.919823 0.000000
vt  0.244096 0.919823 0.000000
vt  0.155665 0.879159 0.000000
vt  0.155665 0.879159 0.000000
vt  0.097382 0.499990 0.000000
vt  0.097382 0.499990 0.000000
vt  0.097382 0.499990 0.000000
vt  0.155895 0.120437 0.000000
vt  0.155895 0.120437 0.000000
vt  0.244216 0.080218 0.000000
vt  0.244216 0.080218 0.000000
vt  0.298139 0.150887 0.000000
vt  0.298139 0.150887 0.000000
vt  0.325404 0.256684 0.000000
vt  0.325404 0.256684 0.000000
vt  0.338071 0.375890 0.000000
vt  0.338071 0.375890 0.000000
vt  0.337217 0.279689 0.000000
vt  0.337217 0.279689 0.000000
vt  0.337217 0.279689 0.000000
vt  0.338016 0.283605 0.000000
vt  0.338016 0.283605 0.000000
vt  0.338578 0.289499 0.000000
vt  0.338578 0.289499 0.000000
vt  0.338572 0.301218 0.000000
vt  0.338572 0.301218 0.000000
vt  0.337217 0.303600 0.000000
vt  0.337217 0.303600 0.000000
vt  0.337217 0.303600 0.000000
vt  0.336398 0.299775 0.000000
vt  0.336398 0.299775 0.000000
vt  0.335800 0.293701 0.000000
vt  0.335800 0.293701 0.000000
vt  0.335806 0.281624 0.000000
vt  0.335806 0.281624 0.000000
vt  0.337217 0.696380 0.000000
vt  0.337217 0.696380 0.000000
vt  0.337217 0.696380 0.000000
vt  0.338016 0.695943 0.000000
vt  0.338016 0.695943 0.000000
vt  0.338578 0.698825 0.000000
vt  0.338578 0.698825 0.000000
vt  0.338572 0.710576 0.000000
vt  0.338572 0.710576 0.000000
vt  0.337217 0.720290 0.000000
vt  0.337217 0.720290 0.000000
vt  0.337217 0.720290 0.000000
vt  0.336398 0.721000 0.000000
vt  0.336398 0.721000 0.000000
vt  0.335800 0.718293 0.000000
vt  0.335800 0.718293 0.000000
vt  0.335806 0.706180 0.000000
vt  0.335806 0.706180 0.000000
vt  0.559379 0.289462 0.000000
vt  0.559379 0.289462 0.000000
vt  0.574156 0.286504 0.000000
vt  0.574156 0.286504 0.000000
vt  0.574156 0.286504 0.000000
vt  0.593080 0.265903 0.000000
vt  0.593080 0.265903 0.000000
vt  0.593080 0.265903 0.000000
vt  0.612827 0.349747 0.000000
vt  0.612827 0.349747 0.000000
vt  0.611858 0.341415 0.000000
vt  0.611858 0.341415 0.000000
vt  0.611858 0.341415 0.000000
vt  0.598492 0.308442 0.000000
vt  0.598492 0.308442 0.000000
vt  0.574112 0.286592 0.000000
vt  0.574112 0.286592 0.000000
vt  0.574112 0.286592 0.000000
vt  0.437863 0.712059 0.000000
vt  0.437863 0.712059 0.000000
vt  0.438128 0.718016 0.000000
vt  0.438128 0.718016 0.000000
vt  0.571115 0.379391 0.000000
vt  0.571115 0.379391 0.000000
vt  0.571115 0.379391 0.000000
vt  0.573341 0.357856 0.000000
vt  0.573341 0.357856 0.000000
vt  0.574112 0.336256 0.000000
vt  0.574112 0.336256 0.000000
vt  0.574112 0.336256 0.000000
vt  0.571115 0.620589 0.000000
vt  0.571115 0.620589 0.000000
vt  0.571115 0.620589 0.000000
vt  0.565071 0.560577 0.000000
vt  0.565071 0.560577 0.000000
vt  0.563112 0.499990 0.000000
vt  0.563112 0.499990 0.000000
vt  0.565071 0.439403 0.000000
vt  0.565071 0.439403 0.000000
vt  0.574112 0.663724 0.000000
vt  0.574112 0.663724 0.000000
vt  0.574112 0.663724 0.000000
vt  0.573341 0.642124 0.000000
vt  0.573341 0.642124 0.000000
vt  0.602053 0.746260 0.000000
vt  0.602053 0.746260 0.000000
vt  0.611354 0.764136 0.000000
vt  0.611354 0.764136 0.000000
vt  0.611354 0.764136 0.000000
vt  0.670144 0.848930 0.000000
vt  0.670144 0.848930 0.000000
vt  0.767226 0.893847 0.000000
vt  0.767226 0.893847 0.000000
vt  0.871695 0.866661 0.000000
vt  0.871695 0.866661 0.000000
vt  0.963550 0.738112 0.000000
vt  0.963550 0.738112 0.000000
vt  1.000000 0.499990 0.000000
vt  1.000000 0.499990 0.000000
vt  0.957555 0.246553 0.000000
vt  0.957555 0.246553 0.000000
vt  0.854045 0.122930 0.000000
vt  0.854045 0.122930 0.000000
vt  0.743885 0.110208 0.000000
vt  0.743885 0.110208 0.000000
vt  0.662467 0.158504 0.000000
vt  0.662467 0.158504 0.000000
vt  0.611354 0.235844 0.000000
vt  0.611354 0.235844 0.000000
vt  0.611354 0.235844 0.000000
vt  0.602053 0.253720 0.000000
vt  0.602053 0.253720 0.000000
vt  0.577208 0.362559 0.000000
vt  0.577208 0.362559 0.000000
vt  0.577208 0.362559 0.000000
vt  0.589795 0.305208 0.000000
vt  0.589795 0.305208 0.000000
vt  0.608363 0.250934 0.000000
vt  0.608363 0.250934 0.000000
vt  0.634469 0.201295 0.000000
vt  0.634469 0.201295 0.000000
vt  0.670057 0.158973 0.000000
vt  0.670057 0.158973 0.000000
vt  0.716974 0.128326 0.000000
vt  0.716974 0.128326 0.000000
vt  0.775507 0.116151 0.000000
vt  0.775507 0.116151 0.000000
vt  0.842026 0.132150 0.000000
vt  0.842026 0.132150 0.000000
vt  0.907332 0.188468 0.000000
vt  0.907332 0.188468 0.000000
vt  0.963831 0.316007 0.000000
vt  0.963831 0.316007 0.000000
vt  0.984642 0.499990 0.000000
vt  0.984642 0.499990 0.000000
vt  0.939608 0.755551 0.000000
vt  0.939608 0.755551 0.000000
vt  0.833245 0.871898 0.000000
vt  0.833245 0.871898 0.000000
vt  0.725399 0.874991 0.000000
vt  0.725399 0.874991 0.000000
vt  0.648817 0.818394 0.000000
vt  0.648817 0.818394 0.000000
vt  0.602440 0.734128 0.000000
vt  0.602440 0.734128 0.000000
vt  0.577208 0.637421 0.000000
vt  0.577208 0.637421 0.000000
vt  0.577208 0.637421 0.000000
vt  0.571850 0.605611 0.000000
vt  0.571850 0.605611 0.000000
vt  0.571850 0.605611 0.000000
vt  0.566491 0.561087 0.000000
vt  0.566491 0.561087 0.000000
vt  0.564731 0.515240 0.000000
vt  0.564731 0.515240 0.000000
vt  0.564731 0.515240 0.000000
vt  0.564731 0.484740 0.000000
vt  0.564731 0.484740 0.000000
vt  0.564731 0.484740 0.000000
vt  0.566491 0.438893 0.000000
vt  0.566491 0.438893 0.000000
vt  0.571850 0.394369 0.000000
vt  0.571850 0.394369 0.000000
vt  0.571850 0.394369 0.000000
vt  0.571746 0.394840 0.000000
vt  0.571746 0.394840 0.000000
vt  0.570890 0.394971 0.000000
vt  0.570890 0.394971 0.000000
vt  0.570890 0.394971 0.000000
vt  0.570890 0.394971 0.000000
vt  0.576238 0.363047 0.000000
vt  0.576238 0.363047 0.000000
vt  0.576238 0.363047 0.000000
vt  0.576238 0.363047 0.000000
vt  0.577113 0.362966 0.000000
vt  0.577113 0.362966 0.000000
vt  0.564670 0.484705 0.000000
vt  0.564670 0.484705 0.000000
vt  0.563861 0.484681 0.000000
vt  0.563861 0.484681 0.000000
vt  0.563861 0.484681 0.000000
vt  0.563861 0.484681 0.000000
vt  0.565600 0.439165 0.000000
vt  0.565600 0.439165 0.000000
vt  0.564670 0.515275 0.000000
vt  0.564670 0.515275 0.000000
vt  0.563861 0.515299 0.000000
vt  0.563861 0.515299 0.000000
vt  0.563861 0.515299 0.000000
vt  0.563861 0.515299 0.000000
vt  0.571746 0.605140 0.000000
vt  0.571746 0.605140 0.000000
vt  0.570890 0.605009 0.000000
vt  0.570890 0.605009 0.000000
vt  0.570890 0.605009 0.000000
vt  0.570890 0.605009 0.000000
vt  0.565600 0.560815 0.000000
vt  0.565600 0.560815 0.000000
vt  0.577113 0.637014 0.000000
vt  0.577113 0.637014 0.000000
vt  0.576238 0.636933 0.000000
vt  0.576238 0.636933 0.000000
vt  0.576238 0.636933 0.000000
vt  0.576238 0.636933 0.000000
vt  0.588691 0.305968 0.000000
vt  0.588691 0.305968 0.000000
vt  0.607108 0.251812 0.000000
vt  0.607108 0.251812 0.000000
vt  0.632990 0.202317 0.000000
vt  0.632990 0.202317 0.000000
vt  0.668213 0.160187 0.000000
vt  0.668213 0.160187 0.000000
vt  0.746593 0.119924 0.000000
vt  0.746593 0.119924 0.000000
vt  0.848444 0.139109 0.000000
vt  0.848444 0.139109 0.000000
vt  0.941645 0.261772 0.000000
vt  0.941645 0.261772 0.000000
vt  0.979472 0.499990 0.000000
vt  0.979472 0.499990 0.000000
vt  0.941645 0.738208 0.000000
vt  0.941645 0.738208 0.000000
vt  0.848444 0.860871 0.000000
vt  0.848444 0.860871 0.000000
vt  0.746593 0.880056 0.000000
vt  0.746593 0.880056 0.000000
vt  0.668213 0.839793 0.000000
vt  0.668213 0.839793 0.000000
vt  0.632990 0.797663 0.000000
vt  0.632990 0.797663 0.000000
vt  0.607108 0.748168 0.000000
vt  0.607108 0.748168 0.000000
vt  0.588691 0.694012 0.000000
vt  0.588691 0.694012 0.000000
vt  0.570505 0.362448 0.000000
vt  0.570505 0.362448 0.000000
vt  0.570505 0.362448 0.000000
vt  0.570505 0.362448 0.000000
vt  0.582618 0.305032 0.000000
vt  0.582618 0.305032 0.000000
vt  0.600563 0.250444 0.000000
vt  0.600563 0.250444 0.000000
vt  0.625847 0.200369 0.000000
vt  0.625847 0.200369 0.000000
vt  0.660391 0.157449 0.000000
vt  0.660391 0.157449 0.000000
vt  0.751331 0.113255 0.000000
vt  0.751331 0.113255 0.000000
vt  0.870079 0.154562 0.000000
vt  0.870079 0.154562 0.000000
vt  0.960614 0.348476 0.000000
vt  0.960614 0.348476 0.000000
vt  0.960614 0.651504 0.000000
vt  0.960614 0.651504 0.000000
vt  0.870079 0.845418 0.000000
vt  0.870079 0.845418 0.000000
vt  0.751331 0.886725 0.000000
vt  0.751331 0.886725 0.000000
vt  0.660391 0.842531 0.000000
vt  0.660391 0.842531 0.000000
vt  0.625847 0.799611 0.000000
vt  0.625847 0.799611 0.000000
vt  0.600563 0.749536 0.000000
vt  0.600563 0.749536 0.000000
vt  0.582618 0.694948 0.000000
vt  0.582618 0.694948 0.000000
vt  0.570505 0.637532 0.000000
vt  0.570505 0.637532 0.000000
vt  0.570505 0.637532 0.000000
vt  0.570505 0.637532 0.000000
vt  0.565308 0.394532 0.000000
vt  0.565308 0.394532 0.000000
vt  0.565308 0.394532 0.000000
vt  0.565308 0.394532 0.000000
vt  0.558481 0.484621 0.000000
vt  0.558481 0.484621 0.000000
vt  0.558481 0.484621 0.000000
vt  0.558481 0.484621 0.000000
vt  0.560169 0.438923 0.000000
vt  0.560169 0.438923 0.000000
vt  0.558481 0.515359 0.000000
vt  0.558481 0.515359 0.000000
vt  0.558481 0.515359 0.000000
vt  0.558481 0.515359 0.000000
vt  0.565308 0.605447 0.000000
vt  0.565308 0.605447 0.000000
vt  0.565308 0.605447 0.000000
vt  0.565308 0.605447 0.000000
vt  0.560169 0.561056 0.000000
vt  0.560169 0.561056 0.000000
vt  0.568491 0.636536 0.000000
vt  0.568491 0.636536 0.000000
vt  0.568491 0.636536 0.000000
vt  0.563318 0.604222 0.000000
vt  0.563318 0.604222 0.000000
vt  0.563318 0.604222 0.000000
vt  0.563563 0.605180 0.000000
vt  0.563563 0.605180 0.000000
vt  0.568721 0.637364 0.000000
vt  0.568721 0.637364 0.000000
vt  0.563318 0.395758 0.000000
vt  0.563318 0.395758 0.000000
vt  0.563318 0.395758 0.000000
vt  0.558317 0.439477 0.000000
vt  0.558317 0.439477 0.000000
vt  0.556673 0.484502 0.000000
vt  0.556673 0.484502 0.000000
vt  0.556673 0.484502 0.000000
vt  0.556673 0.515477 0.000000
vt  0.556673 0.515477 0.000000
vt  0.556673 0.515477 0.000000
vt  0.558317 0.560502 0.000000
vt  0.558317 0.560502 0.000000
vt  0.592405 0.732969 0.000000
vt  0.592405 0.732969 0.000000
vt  0.636177 0.816962 0.000000
vt  0.636177 0.816962 0.000000
vt  0.708759 0.874504 0.000000
vt  0.708759 0.874504 0.000000
vt  0.812870 0.874182 0.000000
vt  0.812870 0.874182 0.000000
vt  0.917839 0.759696 0.000000
vt  0.917839 0.759696 0.000000
vt  0.962795 0.499990 0.000000
vt  0.962795 0.499990 0.000000
vt  0.917644 0.239843 0.000000
vt  0.917644 0.239843 0.000000
vt  0.812900 0.125810 0.000000
vt  0.812900 0.125810 0.000000
vt  0.708995 0.125381 0.000000
vt  0.708995 0.125381 0.000000
vt  0.636192 0.182999 0.000000
vt  0.636192 0.182999 0.000000
vt  0.592330 0.267223 0.000000
vt  0.592330 0.267223 0.000000
vt  0.568491 0.363444 0.000000
vt  0.568491 0.363444 0.000000
vt  0.568491 0.363444 0.000000
vt  0.565826 0.599802 0.000000
vt  0.565826 0.599802 0.000000
vt  0.565826 0.599802 0.000000
vt  0.561014 0.558437 0.000000
vt  0.561014 0.558437 0.000000
vt  0.559428 0.515751 0.000000
vt  0.559428 0.515751 0.000000
vt  0.559428 0.515751 0.000000
vt  0.559428 0.484229 0.000000
vt  0.559428 0.484229 0.000000
vt  0.559428 0.484229 0.000000
vt  0.561014 0.441543 0.000000
vt  0.561014 0.441543 0.000000
vt  0.565826 0.400178 0.000000
vt  0.565826 0.400178 0.000000
vt  0.565826 0.400178 0.000000
vt  0.571161 0.367404 0.000000
vt  0.571161 0.367404 0.000000
vt  0.571161 0.367404 0.000000
vt  0.601333 0.256911 0.000000
vt  0.601333 0.256911 0.000000
vt  0.661043 0.168155 0.000000
vt  0.661043 0.168155 0.000000
vt  0.761542 0.132811 0.000000
vt  0.761542 0.132811 0.000000
vt  0.882276 0.222029 0.000000
vt  0.882276 0.222029 0.000000
vt  0.939799 0.499990 0.000000
vt  0.939799 0.499990 0.000000
vt  0.882074 0.778304 0.000000
vt  0.882074 0.778304 0.000000
vt  0.761683 0.867157 0.000000
vt  0.761683 0.867157 0.000000
vt  0.661136 0.831906 0.000000
vt  0.661136 0.831906 0.000000
vt  0.601251 0.742870 0.000000
vt  0.601251 0.742870 0.000000
vt  0.571161 0.632576 0.000000
vt  0.571161 0.632576 0.000000
vt  0.571161 0.632576 0.000000
vt  0.568721 0.362616 0.000000
vt  0.568721 0.362616 0.000000
vt  0.563563 0.394800 0.000000
vt  0.563563 0.394800 0.000000
vt  0.556832 0.484574 0.000000
vt  0.556832 0.484574 0.000000
vt  0.556832 0.515406 0.000000
vt  0.556832 0.515406 0.000000
vt  0.572668 0.631535 0.000000
vt  0.572668 0.631535 0.000000
vt  0.575022 0.630928 0.000000
vt  0.575022 0.630928 0.000000
vt  0.575022 0.630928 0.000000
vt  0.575022 0.630928 0.000000
vt  0.569551 0.598084 0.000000
vt  0.569551 0.598084 0.000000
vt  0.569551 0.598084 0.000000
vt  0.569551 0.598084 0.000000
vt  0.567270 0.598677 0.000000
vt  0.567270 0.598677 0.000000
vt  0.572668 0.368445 0.000000
vt  0.572668 0.368445 0.000000
vt  0.575022 0.369052 0.000000
vt  0.575022 0.369052 0.000000
vt  0.575022 0.369052 0.000000
vt  0.575022 0.369052 0.000000
vt  0.604070 0.263434 0.000000
vt  0.604070 0.263434 0.000000
vt  0.660391 0.177880 0.000000
vt  0.660391 0.177880 0.000000
vt  0.704639 0.149300 0.000000
vt  0.704639 0.149300 0.000000
vt  0.759364 0.140668 0.000000
vt  0.759364 0.140668 0.000000
vt  0.820552 0.162417 0.000000
vt  0.820552 0.162417 0.000000
vt  0.878608 0.227140 0.000000
vt  0.878608 0.227140 0.000000
vt  0.920585 0.343385 0.000000
vt  0.920585 0.343385 0.000000
vt  0.935886 0.499990 0.000000
vt  0.935886 0.499990 0.000000
vt  0.920585 0.656595 0.000000
vt  0.920585 0.656595 0.000000
vt  0.878608 0.772840 0.000000
vt  0.878608 0.772840 0.000000
vt  0.820552 0.837563 0.000000
vt  0.820552 0.837563 0.000000
vt  0.759364 0.859311 0.000000
vt  0.759364 0.859311 0.000000
vt  0.704639 0.850680 0.000000
vt  0.704639 0.850680 0.000000
vt  0.660391 0.822100 0.000000
vt  0.660391 0.822100 0.000000
vt  0.604070 0.736546 0.000000
vt  0.604070 0.736546 0.000000
vt  0.567270 0.401303 0.000000
vt  0.567270 0.401303 0.000000
vt  0.569551 0.401896 0.000000
vt  0.569551 0.401896 0.000000
vt  0.569551 0.401896 0.000000
vt  0.569551 0.401896 0.000000
vt  0.560905 0.484172 0.000000
vt  0.560905 0.484172 0.000000
vt  0.563144 0.484168 0.000000
vt  0.563144 0.484168 0.000000
vt  0.563144 0.484168 0.000000
vt  0.563144 0.484168 0.000000
vt  0.564733 0.442367 0.000000
vt  0.564733 0.442367 0.000000
vt  0.560905 0.515808 0.000000
vt  0.560905 0.515808 0.000000
vt  0.563144 0.515812 0.000000
vt  0.563144 0.515812 0.000000
vt  0.563144 0.515812 0.000000
vt  0.563144 0.515812 0.000000
vt  0.564733 0.557613 0.000000
vt  0.564733 0.557613 0.000000
vt  0.575257 0.597654 0.000000
vt  0.575257 0.597654 0.000000
vt  0.575257 0.597654 0.000000
vt  0.575257 0.597654 0.000000
vt  0.570299 0.557372 0.000000
vt  0.570299 0.557372 0.000000
vt  0.568663 0.515747 0.000000
vt  0.568663 0.515747 0.000000
vt  0.568663 0.515747 0.000000
vt  0.568663 0.515747 0.000000
vt  0.577127 0.596787 0.000000
vt  0.577127 0.596787 0.000000
vt  0.577127 0.596787 0.000000
vt  0.572170 0.556955 0.000000
vt  0.572170 0.556955 0.000000
vt  0.570535 0.515776 0.000000
vt  0.570535 0.515776 0.000000
vt  0.570535 0.515776 0.000000
vt  0.569779 0.515749 0.000000
vt  0.569779 0.515749 0.000000
vt  0.576392 0.597356 0.000000
vt  0.576392 0.597356 0.000000
vt  0.582822 0.629491 0.000000
vt  0.582822 0.629491 0.000000
vt  0.582822 0.629491 0.000000
vt  0.612722 0.733517 0.000000
vt  0.612722 0.733517 0.000000
vt  0.670081 0.816648 0.000000
vt  0.670081 0.816648 0.000000
vt  0.763539 0.850879 0.000000
vt  0.763539 0.850879 0.000000
vt  0.875638 0.778673 0.000000
vt  0.875638 0.778673 0.000000
vt  0.923166 0.662461 0.000000
vt  0.923166 0.662461 0.000000
vt  0.940720 0.499990 0.000000
vt  0.940720 0.499990 0.000000
vt  0.887521 0.240826 0.000000
vt  0.887521 0.240826 0.000000
vt  0.773813 0.150173 0.000000
vt  0.773813 0.150173 0.000000
vt  0.674874 0.179296 0.000000
vt  0.674874 0.179296 0.000000
vt  0.613990 0.263576 0.000000
vt  0.613990 0.263576 0.000000
vt  0.582822 0.370489 0.000000
vt  0.582822 0.370489 0.000000
vt  0.582822 0.370489 0.000000
vt  0.577127 0.403193 0.000000
vt  0.577127 0.403193 0.000000
vt  0.577127 0.403193 0.000000
vt  0.572170 0.443025 0.000000
vt  0.572170 0.443025 0.000000
vt  0.570535 0.484204 0.000000
vt  0.570535 0.484204 0.000000
vt  0.570535 0.484204 0.000000
vt  0.574112 0.435098 0.000000
vt  0.574112 0.435098 0.000000
vt  0.574112 0.435098 0.000000
vt  0.575266 0.424879 0.000000
vt  0.575266 0.424879 0.000000
vt  0.578115 0.419574 0.000000
vt  0.578115 0.419574 0.000000
vt  0.579561 0.419834 0.000000
vt  0.579561 0.419834 0.000000
vt  0.580844 0.421871 0.000000
vt  0.580844 0.421871 0.000000
vt  0.580844 0.421871 0.000000
vt  0.600351 0.321650 0.000000
vt  0.600351 0.321650 0.000000
vt  0.640275 0.235511 0.000000
vt  0.640275 0.235511 0.000000
vt  0.707627 0.180271 0.000000
vt  0.707627 0.180271 0.000000
vt  0.801044 0.190993 0.000000
vt  0.801044 0.190993 0.000000
vt  0.886294 0.321069 0.000000
vt  0.886294 0.321069 0.000000
vt  0.903937 0.404867 0.000000
vt  0.903937 0.404867 0.000000
vt  0.910061 0.499990 0.000000
vt  0.910061 0.499990 0.000000
vt  0.871754 0.718827 0.000000
vt  0.871754 0.718827 0.000000
vt  0.784305 0.817700 0.000000
vt  0.784305 0.817700 0.000000
vt  0.697608 0.815490 0.000000
vt  0.697608 0.815490 0.000000
vt  0.635998 0.758156 0.000000
vt  0.635998 0.758156 0.000000
vt  0.599111 0.674135 0.000000
vt  0.599111 0.674135 0.000000
vt  0.580844 0.578109 0.000000
vt  0.580844 0.578109 0.000000
vt  0.580844 0.578109 0.000000
vt  0.579561 0.580146 0.000000
vt  0.579561 0.580146 0.000000
vt  0.578115 0.580406 0.000000
vt  0.578115 0.580406 0.000000
vt  0.575266 0.575100 0.000000
vt  0.575266 0.575100 0.000000
vt  0.574112 0.564882 0.000000
vt  0.574112 0.564882 0.000000
vt  0.574112 0.564882 0.000000
vt  0.580884 0.630326 0.000000
vt  0.580884 0.630326 0.000000
vt  0.580884 0.630326 0.000000
vt  0.580884 0.630326 0.000000
vt  0.582055 0.630019 0.000000
vt  0.582055 0.630019 0.000000
vt  0.668213 0.819451 0.000000
vt  0.668213 0.819451 0.000000
vt  0.610704 0.735188 0.000000
vt  0.610704 0.735188 0.000000
vt  0.580884 0.369654 0.000000
vt  0.580884 0.369654 0.000000
vt  0.580884 0.369654 0.000000
vt  0.580884 0.369654 0.000000
vt  0.610704 0.264792 0.000000
vt  0.610704 0.264792 0.000000
vt  0.668213 0.180529 0.000000
vt  0.668213 0.180529 0.000000
vt  0.747235 0.145324 0.000000
vt  0.747235 0.145324 0.000000
vt  0.845967 0.181778 0.000000
vt  0.845967 0.181778 0.000000
vt  0.925142 0.336433 0.000000
vt  0.925142 0.336433 0.000000
vt  0.937948 0.587458 0.000000
vt  0.937948 0.587458 0.000000
vt  0.876232 0.782984 0.000000
vt  0.876232 0.782984 0.000000
vt  0.762422 0.854854 0.000000
vt  0.762422 0.854854 0.000000
vt  0.582055 0.369961 0.000000
vt  0.582055 0.369961 0.000000
vt  0.575257 0.402326 0.000000
vt  0.575257 0.402326 0.000000
vt  0.575257 0.402326 0.000000
vt  0.575257 0.402326 0.000000
vt  0.576392 0.402624 0.000000
vt  0.576392 0.402624 0.000000
vt  0.568663 0.484233 0.000000
vt  0.568663 0.484233 0.000000
vt  0.568663 0.484233 0.000000
vt  0.568663 0.484233 0.000000
vt  0.570299 0.442608 0.000000
vt  0.570299 0.442608 0.000000
vt  0.569779 0.484231 0.000000
vt  0.569779 0.484231 0.000000
vt  0.548424 0.566096 0.000000
vt  0.548424 0.566096 0.000000
vt  0.548424 0.566096 0.000000
vt  0.550597 0.559226 0.000000
vt  0.550597 0.559226 0.000000
vt  0.551338 0.551914 0.000000
vt  0.551338 0.551914 0.000000
vt  0.551338 0.551914 0.000000
vt  0.551338 0.448066 0.000000
vt  0.551338 0.448066 0.000000
vt  0.551338 0.448066 0.000000
vt  0.550597 0.440753 0.000000
vt  0.550597 0.440753 0.000000
vt  0.548424 0.433884 0.000000
vt  0.548424 0.433884 0.000000
vt  0.548424 0.433884 0.000000
vt  0.630527 0.574506 0.000000
vt  0.630527 0.574506 0.000000
vt  0.630527 0.574506 0.000000
vt  0.631822 0.570248 0.000000
vt  0.631822 0.570248 0.000000
vt  0.632286 0.564691 0.000000
vt  0.632286 0.564691 0.000000
vt  0.632286 0.564691 0.000000
vt  0.511956 0.571063 0.000000
vt  0.511956 0.571063 0.000000
vt  0.511956 0.571063 0.000000
vt  0.511161 0.581105 0.000000
vt  0.511161 0.581105 0.000000
vt  0.509289 0.583985 0.000000
vt  0.509289 0.583985 0.000000
vt  0.507481 0.578338 0.000000
vt  0.507481 0.578338 0.000000
vt  0.506750 0.567647 0.000000
vt  0.506750 0.567647 0.000000
vt  0.506750 0.567647 0.000000
vt  0.509805 0.567552 0.000000
vt  0.509805 0.567552 0.000000
vt  0.509805 0.567552 0.000000
vt  0.515312 0.575293 0.000000
vt  0.515312 0.575293 0.000000
vt  0.525959 0.581748 0.000000
vt  0.525959 0.581748 0.000000
vt  0.525959 0.581748 0.000000
vt  0.536708 0.581247 0.000000
vt  0.536708 0.581247 0.000000
vt  0.536708 0.581247 0.000000
vt  0.544032 0.574080 0.000000
vt  0.544032 0.574080 0.000000
vt  0.630527 0.425474 0.000000
vt  0.630527 0.425474 0.000000
vt  0.630527 0.425474 0.000000
vt  0.633329 0.407299 0.000000
vt  0.633329 0.407299 0.000000
vt  0.636791 0.389370 0.000000
vt  0.636791 0.389370 0.000000
vt  0.636791 0.389370 0.000000
vt  0.636791 0.389370 0.000000
vt  0.650762 0.339413 0.000000
vt  0.650762 0.339413 0.000000
vt  0.671213 0.293707 0.000000
vt  0.671213 0.293707 0.000000
vt  0.699010 0.254550 0.000000
vt  0.699010 0.254550 0.000000
vt  0.734808 0.225138 0.000000
vt  0.734808 0.225138 0.000000
vt  0.778376 0.209822 0.000000
vt  0.778376 0.209822 0.000000
vt  0.827585 0.214110 0.000000
vt  0.827585 0.214110 0.000000
vt  0.877581 0.243949 0.000000
vt  0.877581 0.243949 0.000000
vt  0.921194 0.303703 0.000000
vt  0.921194 0.303703 0.000000
vt  0.950957 0.392452 0.000000
vt  0.950957 0.392452 0.000000
vt  0.961510 0.499990 0.000000
vt  0.961510 0.499990 0.000000
vt  0.950957 0.607528 0.000000
vt  0.950957 0.607528 0.000000
vt  0.921194 0.696277 0.000000
vt  0.921194 0.696277 0.000000
vt  0.877581 0.756031 0.000000
vt  0.877581 0.756031 0.000000
vt  0.827585 0.785870 0.000000
vt  0.827585 0.785870 0.000000
vt  0.778376 0.790158 0.000000
vt  0.778376 0.790158 0.000000
vt  0.734808 0.774842 0.000000
vt  0.734808 0.774842 0.000000
vt  0.699010 0.745430 0.000000
vt  0.699010 0.745430 0.000000
vt  0.671213 0.706273 0.000000
vt  0.671213 0.706273 0.000000
vt  0.650762 0.660567 0.000000
vt  0.650762 0.660567 0.000000
vt  0.636791 0.610610 0.000000
vt  0.636791 0.610610 0.000000
vt  0.636791 0.610610 0.000000
vt  0.636791 0.610610 0.000000
vt  0.633329 0.592680 0.000000
vt  0.633329 0.592680 0.000000
vt  0.544032 0.425900 0.000000
vt  0.544032 0.425900 0.000000
vt  0.536708 0.418733 0.000000
vt  0.536708 0.418733 0.000000
vt  0.536708 0.418733 0.000000
vt  0.525959 0.418232 0.000000
vt  0.525959 0.418232 0.000000
vt  0.525959 0.418232 0.000000
vt  0.515312 0.424687 0.000000
vt  0.515312 0.424687 0.000000
vt  0.509805 0.432428 0.000000
vt  0.509805 0.432428 0.000000
vt  0.509805 0.432428 0.000000
vt  0.506750 0.432332 0.000000
vt  0.506750 0.432332 0.000000
vt  0.506750 0.432332 0.000000
vt  0.507481 0.421643 0.000000
vt  0.507481 0.421643 0.000000
vt  0.509289 0.415995 0.000000
vt  0.509289 0.415995 0.000000
vt  0.511161 0.418874 0.000000
vt  0.511161 0.418874 0.000000
vt  0.511956 0.428916 0.000000
vt  0.511956 0.428916 0.000000
vt  0.511956 0.428916 0.000000
vt  0.632286 0.435289 0.000000
vt  0.632286 0.435289 0.000000
vt  0.632286 0.435289 0.000000
vt  0.631822 0.429732 0.000000
vt  0.631822 0.429732 0.000000
vt  0.506750 0.446740 0.000000
vt  0.506750 0.446740 0.000000
vt  0.506750 0.446740 0.000000
vt  0.507529 0.439295 0.000000
vt  0.507529 0.439295 0.000000
vt  0.528639 0.417738 0.000000
vt  0.528639 0.417738 0.000000
vt  0.531350 0.417658 0.000000
vt  0.531350 0.417658 0.000000
vt  0.534053 0.417992 0.000000
vt  0.534053 0.417992 0.000000
vt  0.523278 0.457841 0.000000
vt  0.523278 0.457841 0.000000
vt  0.523278 0.457841 0.000000
vt  0.518018 0.441516 0.000000
vt  0.518018 0.441516 0.000000
vt  0.505207 0.434423 0.000000
vt  0.505207 0.434423 0.000000
vt  0.492244 0.440832 0.000000
vt  0.492244 0.440832 0.000000
vt  0.486834 0.457140 0.000000
vt  0.486834 0.457140 0.000000
vt  0.486834 0.457140 0.000000
vt  0.486834 0.542840 0.000000
vt  0.486834 0.542840 0.000000
vt  0.486834 0.542840 0.000000
vt  0.506750 0.553240 0.000000
vt  0.506750 0.553240 0.000000
vt  0.506750 0.553240 0.000000
vt  0.441186 0.367987 0.000000
vt  0.441186 0.367987 0.000000
vt  0.441186 0.367987 0.000000
vt  0.371425 0.367987 0.000000
vt  0.371425 0.367987 0.000000
vt  0.371425 0.367987 0.000000
vt  0.309252 0.394539 0.000000
vt  0.309252 0.394539 0.000000
vt  0.272412 0.460001 0.000000
vt  0.272412 0.460001 0.000000
vt  0.272315 0.539588 0.000000
vt  0.272315 0.539588 0.000000
vt  0.309321 0.605505 0.000000
vt  0.309321 0.605505 0.000000
vt  0.371425 0.631993 0.000000
vt  0.371425 0.631993 0.000000
vt  0.371425 0.631993 0.000000
vt  0.441186 0.631993 0.000000
vt  0.441186 0.631993 0.000000
vt  0.441186 0.631993 0.000000
vt  0.503359 0.605440 0.000000
vt  0.503359 0.605440 0.000000
vt  0.540199 0.539979 0.000000
vt  0.540199 0.539979 0.000000
vt  0.540296 0.460392 0.000000
vt  0.540296 0.460392 0.000000
vt  0.503291 0.394475 0.000000
vt  0.503291 0.394475 0.000000
vt  0.523278 0.542139 0.000000
vt  0.523278 0.542139 0.000000
vt  0.523278 0.542139 0.000000
vt  0.518018 0.558464 0.000000
vt  0.518018 0.558464 0.000000
vt  0.505207 0.565556 0.000000
vt  0.505207 0.565556 0.000000
vt  0.492244 0.559148 0.000000
vt  0.492244 0.559148 0.000000
vt  0.442151 0.635511 0.000000
vt  0.442151 0.635511 0.000000
vt  0.442151 0.635511 0.000000
vt  0.505906 0.608246 0.000000
vt  0.505906 0.608246 0.000000
vt  0.543812 0.540594 0.000000
vt  0.543812 0.540594 0.000000
vt  0.543713 0.458984 0.000000
vt  0.543713 0.458984 0.000000
vt  0.505976 0.391801 0.000000
vt  0.505976 0.391801 0.000000
vt  0.442151 0.364469 0.000000
vt  0.442151 0.364469 0.000000
vt  0.442151 0.364469 0.000000
vt  0.370460 0.635511 0.000000
vt  0.370460 0.635511 0.000000
vt  0.370460 0.635511 0.000000
vt  0.306636 0.608179 0.000000
vt  0.306636 0.608179 0.000000
vt  0.268898 0.540995 0.000000
vt  0.268898 0.540995 0.000000
vt  0.268799 0.459386 0.000000
vt  0.268799 0.459386 0.000000
vt  0.306706 0.391734 0.000000
vt  0.306706 0.391734 0.000000
vt  0.370460 0.364469 0.000000
vt  0.370460 0.364469 0.000000
vt  0.370460 0.364469 0.000000
vt  0.370460 0.376833 0.000000
vt  0.370460 0.376833 0.000000
vt  0.370460 0.376833 0.000000
vt  0.312496 0.401557 0.000000
vt  0.312496 0.401557 0.000000
vt  0.278049 0.462664 0.000000
vt  0.278049 0.462664 0.000000
vt  0.277972 0.537007 0.000000
vt  0.277972 0.537007 0.000000
vt  0.312579 0.598501 0.000000
vt  0.312579 0.598501 0.000000
vt  0.370460 0.623147 0.000000
vt  0.370460 0.623147 0.000000
vt  0.370460 0.623147 0.000000
vt  0.442151 0.623147 0.000000
vt  0.442151 0.623147 0.000000
vt  0.442151 0.623147 0.000000
vt  0.500115 0.598422 0.000000
vt  0.500115 0.598422 0.000000
vt  0.534562 0.537316 0.000000
vt  0.534562 0.537316 0.000000
vt  0.534639 0.462973 0.000000
vt  0.534639 0.462973 0.000000
vt  0.500032 0.401479 0.000000
vt  0.500032 0.401479 0.000000
vt  0.442151 0.376833 0.000000
vt  0.442151 0.376833 0.000000
vt  0.442151 0.376833 0.000000
vt  0.534053 0.581988 0.000000
vt  0.534053 0.581988 0.000000
vt  0.531350 0.582322 0.000000
vt  0.531350 0.582322 0.000000
vt  0.528639 0.582242 0.000000
vt  0.528639 0.582242 0.000000
vt  0.507529 0.560685 0.000000
vt  0.507529 0.560685 0.000000
vt  0.639369 0.499990 0.000000
vt  0.639369 0.499990 0.000000
vt  0.639369 0.499990 0.000000
vt  0.641903 0.451220 0.000000
vt  0.641903 0.451220 0.000000
vt  0.649653 0.403678 0.000000
vt  0.649653 0.403678 0.000000
vt  0.649653 0.403678 0.000000
vt  0.649653 0.596302 0.000000
vt  0.649653 0.596302 0.000000
vt  0.649653 0.596302 0.000000
vt  0.641903 0.548760 0.000000
vt  0.641903 0.548760 0.000000
vt  0.639250 0.574735 0.000000
vt  0.639250 0.574735 0.000000
vt  0.639250 0.574735 0.000000
vt  0.641106 0.576579 0.000000
vt  0.641106 0.576579 0.000000
vt  0.642452 0.580460 0.000000
vt  0.642452 0.580460 0.000000
vt  0.642437 0.589882 0.000000
vt  0.642437 0.589882 0.000000
vt  0.639250 0.593430 0.000000
vt  0.639250 0.593430 0.000000
vt  0.639250 0.593430 0.000000
vt  0.637421 0.591493 0.000000
vt  0.637421 0.591493 0.000000
vt  0.636127 0.587648 0.000000
vt  0.636127 0.587648 0.000000
vt  0.636141 0.578448 0.000000
vt  0.636141 0.578448 0.000000
vt  0.639250 0.406550 0.000000
vt  0.639250 0.406550 0.000000
vt  0.639250 0.406550 0.000000
vt  0.641106 0.407173 0.000000
vt  0.641106 0.407173 0.000000
vt  0.642452 0.410156 0.000000
vt  0.642452 0.410156 0.000000
vt  0.642437 0.419587 0.000000
vt  0.642437 0.419587 0.000000
vt  0.639250 0.425245 0.000000
vt  0.639250 0.425245 0.000000
vt  0.639250 0.425245 0.000000
vt  0.637421 0.424492 0.000000
vt  0.637421 0.424492 0.000000
vt  0.636127 0.421474 0.000000
vt  0.636127 0.421474 0.000000
vt  0.636141 0.412265 0.000000
vt  0.636141 0.412265 0.000000
vt  0.669900 0.593894 0.000000
vt  0.669900 0.593894 0.000000
vt  0.669900 0.593894 0.000000
vt  0.701963 0.672414 0.000000
vt  0.701963 0.672414 0.000000
vt  0.757647 0.723514 0.000000
vt  0.757647 0.723514 0.000000
vt  0.831163 0.722743 0.000000
vt  0.831163 0.722743 0.000000
vt  0.899603 0.645709 0.000000
vt  0.899603 0.645709 0.000000
vt  0.928015 0.499990 0.000000
vt  0.928015 0.499990 0.000000
vt  0.928015 0.499990 0.000000
vt  0.851220 0.499990 0.000000
vt  0.851220 0.499990 0.000000
vt  0.851220 0.499990 0.000000
vt  0.817699 0.685826 0.000000
vt  0.817699 0.685826 0.000000
vt  0.742850 0.765542 0.000000
vt  0.742850 0.765542 0.000000
vt  0.671804 0.751732 0.000000
vt  0.671804 0.751732 0.000000
vt  0.623819 0.687160 0.000000
vt  0.623819 0.687160 0.000000
vt  0.597825 0.598496 0.000000
vt  0.597825 0.598496 0.000000
vt  0.589692 0.499990 0.000000
vt  0.589692 0.499990 0.000000
vt  0.589692 0.499990 0.000000
vt  0.666403 0.597595 0.000000
vt  0.666403 0.597595 0.000000
vt  0.666403 0.597595 0.000000
vt  0.699058 0.678986 0.000000
vt  0.699058 0.678986 0.000000
vt  0.755947 0.733291 0.000000
vt  0.755947 0.733291 0.000000
vt  0.833062 0.736048 0.000000
vt  0.833062 0.736048 0.000000
vt  0.906776 0.659878 0.000000
vt  0.906776 0.659878 0.000000
vt  0.931218 0.586769 0.000000
vt  0.931218 0.586769 0.000000
vt  0.939869 0.499990 0.000000
vt  0.939869 0.499990 0.000000
vt  0.909050 0.344820 0.000000
vt  0.909050 0.344820 0.000000
vt  0.835517 0.264966 0.000000
vt  0.835517 0.264966 0.000000
vt  0.757424 0.265985 0.000000
vt  0.757424 0.265985 0.000000
vt  0.699491 0.320303 0.000000
vt  0.699491 0.320303 0.000000
vt  0.666403 0.402385 0.000000
vt  0.666403 0.402385 0.000000
vt  0.666403 0.402385 0.000000
vt  0.669900 0.406086 0.000000
vt  0.669900 0.406086 0.000000
vt  0.669900 0.406086 0.000000
vt  0.702021 0.327476 0.000000
vt  0.702021 0.327476 0.000000
vt  0.757460 0.276547 0.000000
vt  0.757460 0.276547 0.000000
vt  0.831266 0.277283 0.000000
vt  0.831266 0.277283 0.000000
vt  0.899636 0.354340 0.000000
vt  0.899636 0.354340 0.000000
vt  0.597793 0.401668 0.000000
vt  0.597793 0.401668 0.000000
vt  0.623986 0.312455 0.000000
vt  0.623986 0.312455 0.000000
vt  0.672325 0.247860 0.000000
vt  0.672325 0.247860 0.000000
vt  0.743210 0.234553 0.000000
vt  0.743210 0.234553 0.000000
vt  0.817580 0.313885 0.000000
vt  0.817580 0.313885 0.000000
vt  0.599334 0.499990 0.000000
vt  0.599334 0.499990 0.000000
vt  0.599334 0.499990 0.000000
vt  0.610204 0.396666 0.000000
vt  0.610204 0.396666 0.000000
vt  0.644748 0.311670 0.000000
vt  0.644748 0.311670 0.000000
vt  0.705170 0.273320 0.000000
vt  0.705170 0.273320 0.000000
vt  0.777155 0.328966 0.000000
vt  0.777155 0.328966 0.000000
vt  0.812015 0.499990 0.000000
vt  0.812015 0.499990 0.000000
vt  0.812015 0.499990 0.000000
vt  0.777057 0.671196 0.000000
vt  0.777057 0.671196 0.000000
vt  0.705497 0.726663 0.000000
vt  0.705497 0.726663 0.000000
vt  0.644967 0.688621 0.000000
vt  0.644967 0.688621 0.000000
vt  0.610170 0.603163 0.000000
vt  0.610170 0.603163 0.000000
vt  0.780468 0.499990 0.000000
vt  0.780468 0.499990 0.000000
vt  0.780468 0.499990 0.000000
vt  0.745544 0.681513 0.000000
vt  0.745544 0.681513 0.000000
vt  0.675561 0.735703 0.000000
vt  0.675561 0.735703 0.000000
vt  0.618826 0.693406 0.000000
vt  0.618826 0.693406 0.000000
vt  0.587096 0.605493 0.000000
vt  0.587096 0.605493 0.000000
vt  0.577205 0.499990 0.000000
vt  0.577205 0.499990 0.000000
vt  0.577205 0.499990 0.000000
vt  0.587065 0.394642 0.000000
vt  0.587065 0.394642 0.000000
vt  0.619029 0.306248 0.000000
vt  0.619029 0.306248 0.000000
vt  0.675873 0.264255 0.000000
vt  0.675873 0.264255 0.000000
vt  0.745447 0.318280 0.000000
vt  0.745447 0.318280 0.000000
vt  0.564409 0.499990 0.000000
vt  0.564409 0.499990 0.000000
vt  0.564409 0.499990 0.000000
vt  0.571999 0.394199 0.000000
vt  0.571999 0.394199 0.000000
vt  0.596675 0.297290 0.000000
vt  0.596675 0.297290 0.000000
vt  0.643983 0.222763 0.000000
vt  0.643983 0.222763 0.000000
vt  0.718569 0.198695 0.000000
vt  0.718569 0.198695 0.000000
vt  0.803246 0.279714 0.000000
vt  0.803246 0.279714 0.000000
vt  0.843061 0.499990 0.000000
vt  0.843061 0.499990 0.000000
vt  0.843061 0.499990 0.000000
vt  0.803126 0.720524 0.000000
vt  0.803126 0.720524 0.000000
vt  0.719016 0.801195 0.000000
vt  0.719016 0.801195 0.000000
vt  0.644553 0.777737 0.000000
vt  0.644553 0.777737 0.000000
vt  0.596858 0.703153 0.000000
vt  0.596858 0.703153 0.000000
vt  0.571973 0.605609 0.000000
vt  0.571973 0.605609 0.000000
vt  0.727471 0.499990 0.000000
vt  0.727471 0.499990 0.000000
vt  0.727471 0.499990 0.000000
vt  0.688497 0.767117 0.000000
vt  0.688497 0.767117 0.000000
vt  0.615232 0.836774 0.000000
vt  0.615232 0.836774 0.000000
vt  0.558987 0.796654 0.000000
vt  0.558987 0.796654 0.000000
vt  0.526201 0.712497 0.000000
vt  0.526201 0.712497 0.000000
vt  0.509775 0.609894 0.000000
vt  0.509775 0.609894 0.000000
vt  0.504801 0.499990 0.000000
vt  0.504801 0.499990 0.000000
vt  0.504801 0.499990 0.000000
vt  0.509758 0.390266 0.000000
vt  0.509758 0.390266 0.000000
vt  0.526324 0.286982 0.000000
vt  0.526324 0.286982 0.000000
vt  0.559395 0.202687 0.000000
vt  0.559395 0.202687 0.000000
vt  0.615590 0.163199 0.000000
vt  0.615590 0.163199 0.000000
vt  0.688384 0.232593 0.000000
vt  0.688384 0.232593 0.000000
vt  0.503274 0.499990 0.000000
vt  0.503274 0.499990 0.000000
vt  0.503274 0.499990 0.000000
vt  0.508315 0.386941 0.000000
vt  0.508315 0.386941 0.000000
vt  0.525065 0.280870 0.000000
vt  0.525065 0.280870 0.000000
vt  0.558970 0.192556 0.000000
vt  0.558970 0.192556 0.000000
vt  0.618571 0.147573 0.000000
vt  0.618571 0.147573 0.000000
vt  0.698715 0.215323 0.000000
vt  0.698715 0.215323 0.000000
vt  0.742307 0.499990 0.000000
vt  0.742307 0.499990 0.000000
vt  0.742307 0.499990 0.000000
vt  0.698601 0.784909 0.000000
vt  0.698601 0.784909 0.000000
vt  0.618982 0.852441 0.000000
vt  0.618982 0.852441 0.000000
vt  0.559413 0.808135 0.000000
vt  0.559413 0.808135 0.000000
vt  0.525200 0.719666 0.000000
vt  0.525200 0.719666 0.000000
vt  0.508300 0.612871 0.000000
vt  0.508300 0.612871 0.000000
vt  0.635227 0.499990 0.000000
vt  0.635227 0.499990 0.000000
vt  0.635227 0.499990 0.000000
vt  0.600162 0.814595 0.000000
vt  0.600162 0.814595 0.000000
vt  0.541547 0.869993 0.000000
vt  0.541547 0.869993 0.000000
vt  0.501550 0.815879 0.000000
vt  0.501550 0.815879 0.000000
vt  0.479747 0.723124 0.000000
vt  0.479747 0.723124 0.000000
vt  0.469167 0.614678 0.000000
vt  0.469167 0.614678 0.000000
vt  0.466004 0.499990 0.000000
vt  0.466004 0.499990 0.000000
vt  0.466004 0.499990 0.000000
vt  0.469157 0.385474 0.000000
vt  0.469157 0.385474 0.000000
vt  0.479833 0.276283 0.000000
vt  0.479833 0.276283 0.000000
vt  0.501839 0.183330 0.000000
vt  0.501839 0.183330 0.000000
vt  0.541832 0.129885 0.000000
vt  0.541832 0.129885 0.000000
vt  0.600073 0.185140 0.000000
vt  0.600073 0.185140 0.000000
vt  0.463047 0.499990 0.000000
vt  0.463047 0.499990 0.000000
vt  0.463047 0.499990 0.000000
vt  0.466332 0.375303 0.000000
vt  0.466332 0.375303 0.000000
vt  0.477529 0.255763 0.000000
vt  0.477529 0.255763 0.000000
vt  0.501724 0.149084 0.000000
vt  0.501724 0.149084 0.000000
vt  0.550018 0.076301 0.000000
vt  0.550018 0.076301 0.000000
vt  0.631061 0.112193 0.000000
vt  0.631061 0.112193 0.000000
vt  0.686216 0.499990 0.000000
vt  0.686216 0.499990 0.000000
vt  0.686216 0.499990 0.000000
vt  0.630847 0.888160 0.000000
vt  0.630847 0.888160 0.000000
vt  0.549910 0.923612 0.000000
vt  0.549910 0.923612 0.000000
vt  0.501664 0.850725 0.000000
vt  0.501664 0.850725 0.000000
vt  0.477502 0.744026 0.000000
vt  0.477502 0.744026 0.000000
vt  0.466316 0.624379 0.000000
vt  0.466316 0.624379 0.000000
vt  0.582099 0.598764 0.000000
vt  0.582099 0.598764 0.000000
vt  0.582099 0.598764 0.000000
vt  0.579575 0.592601 0.000000
vt  0.579575 0.592601 0.000000
vt  0.579564 0.582893 0.000000
vt  0.579564 0.582893 0.000000
vt  0.580614 0.579758 0.000000
vt  0.580614 0.579758 0.000000
vt  0.582099 0.579031 0.000000
vt  0.582099 0.579031 0.000000
vt  0.582099 0.579031 0.000000
vt  0.584694 0.585131 0.000000
vt  0.584694 0.585131 0.000000
vt  0.584706 0.595101 0.000000
vt  0.584706 0.595101 0.000000
vt  0.583609 0.598192 0.000000
vt  0.583609 0.598192 0.000000
vt  0.582099 0.420949 0.000000
vt  0.582099 0.420949 0.000000
vt  0.582099 0.420949 0.000000
vt  0.579575 0.417147 0.000000
vt  0.579575 0.417147 0.000000
vt  0.579564 0.407450 0.000000
vt  0.579564 0.407450 0.000000
vt  0.580614 0.403341 0.000000
vt  0.580614 0.403341 0.000000
vt  0.582099 0.401216 0.000000
vt  0.582099 0.401216 0.000000
vt  0.582099 0.401216 0.000000
vt  0.584694 0.404818 0.000000
vt  0.584694 0.404818 0.000000
vt  0.584706 0.414776 0.000000
vt  0.584706 0.414776 0.000000
vt  0.583609 0.418932 0.000000
vt  0.583609 0.418932 0.000000
vt  0.438505 0.302050 0.000000
vt  0.438505 0.302050 0.000000
vt  0.438505 0.302050 0.000000
vt  0.439170 0.292118 0.000000
vt  0.439170 0.292118 0.000000
vt  0.439173 0.279925 0.000000
vt  0.439173 0.279925 0.000000
vt  0.438891 0.277230 0.000000
vt  0.438891 0.277230 0.000000
vt  0.438505 0.277985 0.000000
vt  0.438505 0.277985 0.000000
vt  0.438505 0.277985 0.000000
vt  0.437866 0.287825 0.000000
vt  0.437866 0.287825 0.000000
vt  0.437863 0.299650 0.000000
vt  0.437863 0.299650 0.000000
vt  0.438128 0.302526 0.000000
vt  0.438128 0.302526 0.000000
vt  0.438505 0.721995 0.000000
vt  0.438505 0.721995 0.000000
vt  0.438505 0.721995 0.000000
vt  0.439170 0.720118 0.000000
vt  0.439170 0.720118 0.000000
vt  0.439173 0.707962 0.000000
vt  0.439173 0.707962 0.000000
vt  0.438891 0.701818 0.000000
vt  0.438891 0.701818 0.000000

vn  0.000000 -1.000000 0.000000
vn  0.000000 0.000000 -1.000000
vn  0.000000 0.000000 -1.000000
vn  0.000000 -1.000000 0.000000
vn  1.000000 0.000000 0.000000
vn  0.000000 0.000000 -1.000000
vn  0.000000 -1.000000 0.000000
vn  0.000000 -1.000000 0.000000
vn  1.000000 0.000000 0.000000
vn  0.000000 -1.000000 0.000000
vn  0.966199 0.000000 -0.257799
vn  0.000000 -1.000000 0.000000
vn  0.000000 -1.000000 0.000000
vn  0.609180 0.000000 -0.793032
vn  0.984568 0.000000 -0.175000
vn  0.000000 1.000000 0.000000
vn  0.000000 1.000000 -0.000000
vn  0.926335 0.000000 -0.376701
vn  0.000000 0.923261 0.384174
vn  0.829138 0.000000 -0.559044
vn  0.000000 0.681796 0.731542
vn  0.714139 0.000000 -0.700004
vn  0.000000 -0.000027 1.000000
vn  0.829156 0.000000 -0.559018
vn  0.000000 -0.681849 0.731493
vn  0.926348 0.000000 -0.376669
vn  0.000000 -0.923286 0.384112
vn  0.984568 0.000000 -0.175000
vn  0.000000 -1.000000 0.000000
vn  0.000000 -1.000000 0.000000
vn  0.996256 0.000000 -0.086447
vn  0.000000 -0.985672 -0.168672
vn  1.000000 0.000000 -0.000000
vn  0.000000 -0.942809 -0.333333
vn  1.000000 0.000000 0.000000
vn  1.000000 0.000000 -0.000000
vn  0.000000 1.000000 0.000000
vn  1.000000 0.000000 0.000000
vn  0.707101 0.000000 -0.707113
vn  0.000000 1.000000 0.000000
vn  0.000000 0.000000 -1.000000
vn  0.000000 1.000000 0.000000
vn  0.000000 0.000000 -1.000000
vn  0.991580 0.000000 -0.129496
vn  0.000000 -0.994718 0.102642
vn  1.000000 0.000000 -0.000000
vn  1.000000 0.000000 0.000000
vn  0.000000 -0.978502 0.206239
vn  1.000000 0.000000 -0.000000
vn  0.000000 0.942809 -0.333333
vn  1.000000 0.000000 0.000000
vn  0.996256 0.000000 -0.086452
vn  0.000000 0.985674 -0.168662
vn  0.000000 1.000000 0.000000
vn  0.000000 1.000000 -0.000000
vn  1.000000 0.000000 0.000000
vn  0.000000 0.707892 0.706320
vn  1.000000 0.000000 0.000000
vn  0.000000 0.002396 0.999997
vn  1.000000 0.000000 0.000000
vn  0.000000 -0.704389 0.709814
vn  1.000000 0.000000 0.000000
vn  0.000000 -1.000000 0.000000
vn  0.000000 -1.000000 0.000000
vn  1.000000 0.000000 0.000000
vn  0.000000 -1.000000 0.000000
vn  0.000000 -1.000000 0.000000
vn  1.000000 0.000000 0.000000
vn  1.000000 0.000000 0.000000
vn  0.000000 -0.889346 0.457234
vn  0.702924 0.000000 0.711265
vn  0.000000 -0.765986 0.642857
vn  -0.000081 0.000000 1.000000
vn  0.000000 -0.889347 0.457234
vn  -0.702925 0.000000 0.711264
vn  0.000000 -1.000000 0.000000
vn  0.000000 -1.000000 0.000000
vn  -1.000000 0.000000 -0.000000
vn  -1.000000 0.000000 0.000000
vn  0.000000 -0.889344 -0.457238
vn  -0.702918 0.000000 -0.711271
vn  0.000000 -0.765986 -0.642857
vn  0.000059 0.000000 -1.000000
vn  0.000000 -0.889343 -0.457240
vn  0.702915 0.000000 -0.711274
vn  0.000000 -0.707892 -0.706320
vn  1.000000 0.000000 0.000000
vn  0.000000 -0.002396 -0.999997
vn  1.000000 0.000000 0.000000
vn  0.000000 0.704389 -0.709814
vn  1.000000 0.000000 0.000000
vn  0.000000 0.730967 -0.682413
vn  1.000000 0.000000 0.000000
vn  0.000000 0.398242 -0.917281
vn  1.000000 0.000000 0.000000
vn  0.000000 -0.000012 -1.000000
vn  1.000000 0.000000 0.000000
vn  0.000000 -0.398262 -0.917272
vn  1.000000 0.000000 0.000000
vn  0.000000 -0.730976 -0.682403
vn  1.000000 0.000000 0.000000
vn  -1.000000 0.000000 -0.000000
vn  0.000000 1.000000 0.000000
vn  -1.000000 0.000000 0.000000
vn  -0.501262 0.000000 -0.865296
vn  0.000000 1.000000 0.000000
vn  0.494370 0.000000 -0.869252
vn  0.000000 1.000000 0.000000
vn  0.863706 0.000000 -0.503996
vn  0.000000 1.000000 0.000000
vn  1.000000 0.000000 0.000000
vn  0.000000 1.000000 0.000000
vn  1.000000 0.000000 0.000000
vn  0.000000 1.000000 0.000000
vn  0.000009 0.000000 -1.000000
vn  0.000000 0.000000 -1.000000
vn  0.000000 1.000000 0.000000
vn  1.000000 0.000000 0.000000
vn  1.000000 0.000000 0.000000
vn  0.000000 1.000000 0.000000
vn  0.707113 0.000000 0.707101
vn  0.000000 1.000000 0.000000
vn  0.000000 0.000000 1.000000
vn  0.000000 0.000000 1.000000
vn  0.000000 1.000000 0.000000
vn  0.000009 0.000000 1.000000
vn  0.000000 0.000000 1.000000
vn  0.000000 1.000000 0.000000
vn  -0.707101 0.000000 0.707113
vn  0.000000 1.000000 0.000000
vn  -1.000000 0.000000 0.000000
vn  -1.000000 0.000000 -0.000000
vn  0.000000 1.000000 0.000000
vn  -1.000000 0.000000 0.000000
vn  -1.000000 0.000000 0.000000
vn  0.000000 1.000000 0.000000
vn  -0.707113 0.000000 -0.707101
vn  0.000000 1.000000 0.000000
vn  0.000000 0.000000 -1.000000
vn  0.000000 0.000000 -1.000000
vn  0.000000 1.000000 0.000000
vn  0.000000 0.000000 -1.000000
vn  0.000000 0.000000 -1.000000
vn  0.000000 1.000000 0.000000
vn  -0.588220 0.000000 -0.808701
vn  0.000000 1.000000 0.000000
vn  -0.950859 0.000000 -0.309624
vn  0.000000 1.000000 0.000000
vn  -0.951687 0.000000 0.307068
vn  0.000000 1.000000 0.000000
vn  -0.587355 0.000000 0.809329
vn  0.000000 1.000000 0.000000
vn  0.000000 0.000000 1.000000
vn  -0.000000 0.000000 1.000000
vn  0.000000 1.000000 0.000000
vn  -0.000000 0.000000 1.000000
vn  0.000000 0.000000 1.000000
vn  0.000000 1.000000 0.000000
vn  0.588220 0.000000 0.808701
vn  0.000000 1.000000 0.000000
vn  0.950859 0.000000 0.309624
vn  0.000000 1.000000 0.000000
vn  0.951687 0.000000 -0.307068
vn  0.000000 1.000000 0.000000
vn  0.587355 0.000000 -0.809329
vn  0.000000 1.000000 0.000000
vn  -0.863706 0.000000 0.503996
vn  0.000000 1.000000 0.000000
vn  -0.494370 0.000000 0.869252
vn  0.000000 1.000000 0.000000
vn  0.501262 0.000000 0.865296
vn  0.000000 1.000000 0.000000
vn  -1.000000 0.000000 -0.000000
vn  -1.000000 0.000000 0.000000
vn  0.000000 1.000000 0.000000
vn  -0.863706 0.000000 0.503996
vn  0.000000 1.000000 0.000000
vn  -0.494370 0.000000 0.869252
vn  0.000000 1.000000 0.000000
vn  0.501262 0.000000 0.865296
vn  0.000000 1.000000 0.000000
vn  1.000000 0.000000 0.000000
vn  1.000000 0.000000 0.000000
vn  0.000000 1.000000 0.000000
vn  0.863706 0.000000 -0.503996
vn  0.000000 1.000000 0.000000
vn  0.494370 0.000000 -0.869252
vn  0.000000 1.000000 0.000000
vn  -0.501262 0.000000 -0.865296
vn  0.000000 1.000000 0.000000
vn  -1.000000 0.000000 -0.000000
vn  -1.000000 0.000000 0.000000
vn  0.000000 1.000000 0.000000
vn  -0.863706 0.000000 0.503996
vn  0.000000 1.000000 0.000000
vn  -0.494370 0.000000 0.869252
vn  0.000000 1.000000 0.000000
vn  0.501262 0.000000 0.865296
vn  0.000000 1.000000 0.000000
vn  1.000000 0.000000 0.000000
vn  1.000000 0.000000 0.000000
vn  0.000000 1.000000 0.000000
vn  0.863706 0.000000 -0.503996
vn  0.000000 1.000000 0.000000
vn  0.494370 0.000000 -0.869252
vn  0.000000 1.000000 0.000000
vn  -0.501262 0.000000 -0.865296
vn  0.000000 1.000000 0.000000
vn  1.000000 0.000000 0.000000
vn  1.000000 0.000000 0.000000
vn  0.000000 1.000000 0.000000
vn  0.863706 0.000000 -0.503996
vn  0.000000 1.000000 0.000000
vn  0.494370 0.000000 -0.869252
vn  0.000000 1.000000 0.000000
vn  -0.501262 0.000000 -0.865296
vn  0.000000 1.000000 0.000000
vn  -1.000000 0.000000 -0.000000
vn  -1.000000 0.000000 0.000000
vn  0.000000 1.000000 0.000000
vn  -0.863706 0.000000 0.503996
vn  0.000000 1.000000 0.000000
vn  -0.494370 0.000000 0.869252
vn  0.000000 1.000000 0.000000
vn  0.501262 0.000000 0.865296
vn  -0.984568 0.000000 -0.175000
vn  0.000000 -1.000000 0.000000
vn  0.000000 -1.000000 0.000000
vn  -0.917708 0.000000 -0.397255
vn  0.000000 -0.905992 0.423295
vn  -0.831338 0.000000 -0.555767
vn  0.000000 -0.688861 0.724893
vn  -0.714211 0.000000 -0.699930
vn  0.000000 -0.000400 1.000000
vn  -0.824191 0.000000 -0.566312
vn  0.000000 0.666667 0.745356
vn  -0.824191 -0.000000 -0.566312
vn  -0.465665 0.000000 -0.884961
vn  -0.465665 -0.000000 -0.884961
vn  0.000009 0.000000 -1.000000
vn  0.000000 0.000000 -1.000000
vn  0.000025 -0.000000 -1.000000
vn  -1.000000 0.000000 0.000000
vn  0.000000 -0.942809 -0.333333
vn  -1.000000 0.000000 0.000000
vn  -0.996257 0.000000 -0.086446
vn  0.000000 -0.985672 -0.168674
vn  0.000000 -1.000000 0.000000
vn  -1.000000 0.000000 0.000000
vn  0.000000 -1.000000 0.000000
vn  0.000000 -0.707892 0.706320
vn  -1.000000 0.000000 0.000000
vn  0.000000 -0.002396 0.999997
vn  -1.000000 0.000000 0.000000
vn  0.000000 0.704389 0.709814
vn  -1.000000 0.000000 0.000000
vn  0.000000 1.000000 0.000000
vn  -1.000000 0.000000 0.000000
vn  0.000000 1.000000 -0.000000
vn  0.000000 1.000000 0.000000
vn  0.000000 1.000000 -0.000000
vn  -0.986038 0.016099 -0.165740
vn  0.000000 0.915477 0.402371
vn  -0.924620 0.031181 -0.379612
vn  0.000000 -1.000000 0.000000
vn  0.000000 -1.000000 0.000000
vn  1.000000 0.000000 0.000000
vn  1.000000 0.000000 0.000000
vn  0.000000 -0.885281 0.465056
vn  0.690213 0.000000 0.723606
vn  0.000000 -0.765989 0.642854
vn  0.003130 0.000000 0.999995
vn  0.000000 -0.884768 0.466031
vn  -0.688587 0.000000 0.725154
vn  0.000000 -1.000000 0.000000
vn  0.000000 -1.000000 0.000000
vn  -1.000000 0.000000 -0.000000
vn  -1.000000 0.000000 0.000000
vn  -1.000000 0.000000 0.000000
vn  0.000000 -0.704389 -0.709814
vn  -1.000000 0.000000 0.000000
vn  0.000000 0.002396 -0.999997
vn  -1.000000 0.000000 0.000000
vn  0.000000 0.707892 -0.706320
vn  0.000000 -0.885802 -0.464064
vn  -0.691830 0.000000 -0.722061
vn  0.000000 -0.766001 -0.642839
vn  -0.007445 0.000000 -0.999972
vn  0.000000 -0.884556 -0.466434
vn  0.687940 0.000000 -0.725768
vn  0.000000 -0.729704 -0.683763
vn  -1.000000 0.000000 0.000000
vn  0.000000 -0.394861 -0.918741
vn  -1.000000 0.000000 0.000000
vn  0.000000 0.005522 -0.999985
vn  -1.000000 0.000000 0.000000
vn  0.000000 0.404980 -0.914325
vn  -1.000000 0.000000 0.000000
vn  0.000000 0.737203 -0.675671
vn  -1.000000 0.000000 0.000000
vn  0.000000 0.946425 -0.322925
vn  -1.000000 0.000000 0.000000
vn  -1.000000 -0.000000 0.000000
vn  0.000000 0.986627 -0.162993
vn  -0.996635 0.007267 -0.081645
vn  -1.000000 0.000000 0.000000
vn  -1.000000 0.000000 -0.000000
vn  0.000000 -0.942809 0.333333
vn  -1.000000 0.000000 0.000000
vn  0.000000 -0.729714 0.683753
vn  -1.000000 0.000000 0.000000
vn  0.000000 -0.394882 0.918732
vn  -1.000000 0.000000 0.000000
vn  0.000000 0.005497 0.999985
vn  -1.000000 0.000000 0.000000
vn  0.000000 0.404960 0.914334
vn  -1.000000 0.000000 0.000000
vn  0.000000 0.737194 0.675681
vn  -1.000000 0.000000 0.000000
vn  0.000000 0.946425 0.322925
vn  -1.000000 -0.000000 -0.000000
vn  -1.000000 0.000000 0.000000
vn  -1.000000 -0.000000 -0.000000
vn  -1.000000 0.000000 0.000000
vn  -1.000000 -0.000000 -0.000000
vn  0.000000 -0.981121 -0.193397
vn  -1.000000 0.000000 0.000000
vn  0.000000 -0.942261 -0.334880
vn  -1.000000 0.000000 0.000000
vn  0.000000 -0.883117 -0.469153
vn  0.000000 -0.883117 -0.469153
vn  -1.000000 0.000000 0.000000
vn  0.000000 -1.000000 -0.000000
vn  -1.000000 0.000000 0.000000
vn  0.000000 -0.883117 0.469153
vn  0.000000 -0.883117 0.469153
vn  -1.000000 0.000000 0.000000
vn  0.000000 -0.942261 0.334880
vn  -1.000000 0.000000 0.000000
vn  -1.000000 -0.000000 0.000000
vn  0.000000 -0.981121 0.193397
vn  -1.000000 0.000000 0.000000
vn  -1.000000 -0.000000 0.000000
vn  -0.984568 0.000000 0.175000
vn  0.000000 -1.000000 0.000000
vn  0.000000 -1.000000 0.000000
vn  -0.996256 0.000000 0.086452
vn  0.000000 -0.985674 0.168663
vn  0.000009 0.000000 1.000000
vn  0.000024 0.000000 1.000000
vn  0.000000 0.000000 1.000000
vn  -0.465665 0.000000 0.884961
vn  -0.465665 0.000000 0.884961
vn  -0.824191 0.000000 0.566312
vn  0.000000 0.666667 -0.745356
vn  -0.824191 0.000000 0.566312
vn  -0.714204 0.000000 0.699938
vn  0.000000 -0.001863 -0.999998
vn  -0.831414 0.000000 0.555654
vn  0.000000 -0.689108 -0.724658
vn  -0.917553 0.000000 0.397614
vn  0.000000 -0.905673 -0.423976
vn  0.000000 -1.000000 0.000000
vn  0.000000 -1.000000 0.000000
vn  1.000000 0.000000 0.000000
vn  1.000000 0.000000 0.000000
vn  0.000000 -0.885281 0.465056
vn  0.690213 0.000000 0.723606
vn  0.000000 -0.765989 0.642854
vn  0.003130 0.000000 0.999995
vn  0.000000 -0.884768 0.466031
vn  -0.688587 0.000000 0.725154
vn  0.000000 -1.000000 0.000000
vn  0.000000 -1.000000 0.000000
vn  -1.000000 0.000000 -0.000000
vn  -1.000000 0.000000 0.000000
vn  0.000000 -1.000000 0.000000
vn  0.000000 -1.000000 0.000000
vn  -1.000000 0.000000 0.000000
vn  0.000000 -0.707892 0.706320
vn  -1.000000 0.000000 0.000000
vn  0.000000 -0.002396 0.999997
vn  -1.000000 0.000000 0.000000
vn  0.000000 0.704389 0.709814
vn  -1.000000 0.000000 0.000000
vn  0.000000 1.000000 0.000000
vn  0.000000 1.000000 -0.000000
vn  -1.000000 0.000000 0.000000
vn  0.000000 1.000000 0.000000
vn  0.000000 1.000000 -0.000000
vn  -0.986038 0.016099 0.165740
vn  0.000000 0.986625 0.163004
vn  -0.996635 0.007267 0.081640
vn  0.000000 0.909568 -0.415556
vn  -0.921645 0.031123 0.386784
vn  0.000000 0.707892 -0.706320
vn  -1.000000 0.000000 0.000000
vn  0.000000 0.002396 -0.999997
vn  -1.000000 0.000000 0.000000
vn  0.000000 -0.704389 -0.709814
vn  -1.000000 0.000000 0.000000
vn  0.000000 -0.885802 -0.464064
vn  -0.691830 0.000000 -0.722061
vn  0.000000 -0.766001 -0.642839
vn  -0.007445 0.000000 -0.999972
vn  0.000000 -0.884556 -0.466434
vn  0.687940 0.000000 -0.725768
vn  -0.109120 0.109456 0.987984
vn  0.000000 0.000000 1.000000
vn  -0.275000 0.262455 0.924928
vn  0.000000 0.000000 1.000000
vn  -1.000000 0.000000 0.000000
vn  0.000000 -0.865264 0.501316
vn  1.000000 0.000000 0.000000
vn  0.000000 0.000000 1.000000
vn  0.000000 0.000000 1.000000
vn  1.000000 0.000000 0.000000
vn  -0.275000 0.260451 0.925495
vn  0.000000 -1.000000 0.000000
vn  -1.000000 0.000000 0.000000
vn  -0.719407 0.148977 0.678425
vn  0.000000 -1.000000 0.000000
vn  -0.971768 0.037275 0.232976
vn  0.000000 -1.000000 0.000000
vn  0.000000 -1.000000 0.000000
vn  -0.993036 0.017060 0.116566
vn  0.000000 -0.995350 -0.096320
vn  0.000000 0.000000 1.000000
vn  0.000000 0.000000 1.000000
vn  0.000000 -1.000000 0.000000
vn  0.000000 0.000000 1.000000
vn  1.000000 0.000000 0.000000
vn  0.000000 -1.000000 0.000000
vn  0.000000 0.000000 1.000000
vn  1.000000 0.000000 0.000000
vn  0.000000 0.000000 1.000000
vn  0.000000 0.000000 1.000000
vn  -1.000000 0.000000 0.000000
vn  0.000000 0.000000 1.000000
vn  0.984568 0.000000 0.175000
vn  0.000000 1.000000 0.000000
vn  0.000000 1.000000 -0.000000
vn  0.996257 0.000000 0.086446
vn  0.000000 0.985672 0.168674
vn  1.000000 0.000000 0.000000
vn  0.000000 0.942809 0.333333
vn  1.000000 0.000000 0.000000
vn  1.000000 0.000000 0.000000
vn  1.000000 0.000000 0.000000
vn  0.000000 -0.978502 -0.206239
vn  0.991580 0.000000 0.129496
vn  0.000000 -0.994718 -0.102642
vn  0.966199 0.000000 0.257799
vn  0.000000 -1.000000 0.000000
vn  0.000000 -1.000000 0.000000
vn  0.609180 0.000000 0.793032
vn  0.000000 -1.000000 0.000000
vn  1.000000 0.000000 0.000000
vn  0.000000 -0.942809 0.333333
vn  1.000000 0.000000 0.000000
vn  0.996256 0.000000 0.086452
vn  0.000000 -0.985674 0.168663
vn  0.984568 0.000000 0.175000
vn  0.000000 -1.000000 0.000000
vn  0.000000 -1.000000 0.000000
vn  0.926323 0.000000 0.376731
vn  0.000000 -0.923237 -0.384231
vn  0.829130 0.000000 0.559056
vn  0.000000 -0.681770 -0.731566
vn  0.714139 0.000000 0.700004
vn  0.000000 0.000020 -1.000000
vn  0.829137 0.000000 0.559046
vn  0.000000 0.681791 -0.731547
vn  0.926332 0.000000 0.376707
vn  0.000000 0.923256 -0.384185
vn  0.000000 1.000000 0.000000
vn  0.000000 1.000000 -0.000000
vn  1.000000 0.000000 0.000000
vn  0.000000 0.707892 0.706320
vn  1.000000 0.000000 0.000000
vn  0.000000 0.002396 0.999997
vn  1.000000 0.000000 0.000000
vn  0.000000 -0.704389 0.709814
vn  1.000000 0.000000 0.000000
vn  0.000000 -1.000000 0.000000
vn  0.000000 -1.000000 0.000000
vn  1.000000 0.000000 0.000000
vn  0.000000 -1.000000 0.000000
vn  0.000000 -1.000000 0.000000
vn  1.000000 0.000000 0.000000
vn  1.000000 0.000000 0.000000
vn  0.000000 -0.889346 0.457234
vn  0.702924 0.000000 0.711265
vn  0.000000 -0.765986 0.642857
vn  -0.000081 0.000000 1.000000
vn  0.000000 -0.889347 0.457234
vn  -0.702925 0.000000 0.711264
vn  0.000000 -1.000000 0.000000
vn  0.000000 -1.000000 0.000000
vn  -1.000000 0.000000 -0.000000
vn  -1.000000 0.000000 0.000000
vn  0.000000 -0.730967 0.682413
vn  1.000000 0.000000 0.000000
vn  0.000000 -0.398242 0.917281
vn  1.000000 0.000000 0.000000
vn  0.000000 0.000012 1.000000
vn  1.000000 0.000000 0.000000
vn  0.000000 0.398262 0.917272
vn  1.000000 0.000000 0.000000
vn  0.000000 0.730976 0.682403
vn  1.000000 0.000000 0.000000
vn  0.000000 -0.889344 -0.457238
vn  -0.702918 0.000000 -0.711271
vn  0.000000 -0.765986 -0.642857
vn  0.000059 0.000000 -1.000000
vn  0.000000 -0.889343 -0.457240
vn  0.702915 0.000000 -0.711274
vn  0.000000 -0.707892 -0.706320
vn  1.000000 0.000000 0.000000
vn  0.000000 -0.002396 -0.999997
vn  1.000000 0.000000 0.000000
vn  0.000000 0.704389 -0.709814
vn  1.000000 0.000000 0.000000
vn  1.000000 0.000000 0.000000
vn  0.000000 -0.940046 0.341047
vn  1.000000 0.000000 0.000000
vn  0.000000 -0.883117 0.469153
vn  0.000000 -0.883117 0.469153
vn  1.000000 0.000000 0.000000
vn  0.000000 -0.970339 0.241747
vn  1.000000 0.000000 0.000000
vn  0.000000 -1.000000 0.000000
vn  1.000000 0.000000 0.000000
vn  0.000000 -0.970339 -0.241747
vn  1.000000 0.000000 0.000000
vn  0.000000 -0.883117 -0.469153
vn  0.000000 -0.883117 -0.469153
vn  1.000000 0.000000 0.000000
vn  0.000000 -0.940046 -0.341047
vn  0.000000 -0.970339 0.241747
vn  1.000000 0.000000 0.000000
vn  0.000000 -0.883117 0.469153
vn  1.000000 0.000000 0.000000
vn  0.000000 -0.883117 0.469153
vn  1.000000 0.000000 0.000000
vn  0.000000 -1.000000 0.000000
vn  0.000000 -1.000000 0.000000
vn  1.000000 0.000000 0.000000
vn  0.000000 -0.970339 -0.241747
vn  1.000000 0.000000 0.000000
vn  0.000000 -0.883117 -0.469153
vn  0.000000 -0.883117 -0.469153
vn  1.000000 0.000000 0.000000
vn  0.000000 -0.970339 -0.241747
vn  1.000000 0.000000 0.000000
vn  0.000000 -1.000000 0.000000
vn  1.000000 0.000000 0.000000
vn  0.000000 -0.970339 0.241747
vn  1.000000 0.000000 0.000000
vn  0.000000 0.000000 -1.000000
vn  0.000000 0.000000 -1.000000
vn  1.000000 0.000000 0.000000
vn  0.000000 0.223607 -0.974679
vn  1.000000 0.000000 0.000000
vn  0.000000 0.435890 -0.900000
vn  0.000000 0.435890 -0.900000
vn  1.000000 0.000000 0.000000
vn  0.000000 0.046703 -0.998909
vn  1.000000 0.000000 0.000000
vn  0.000000 -0.349517 -0.936930
vn  1.000000 0.000000 0.000000
vn  0.000000 -0.690104 -0.723710
vn  1.000000 0.000000 0.000000
vn  0.000000 -0.919317 -0.393517
vn  1.000000 0.000000 0.000000
vn  0.000000 -1.000000 0.000000
vn  1.000000 0.000000 0.000000
vn  0.000000 -0.919375 0.393381
vn  1.000000 0.000000 0.000000
vn  0.000000 -0.690886 0.722964
vn  1.000000 0.000000 0.000000
vn  0.000000 -0.350529 0.936552
vn  1.000000 0.000000 0.000000
vn  0.000000 0.046556 0.998916
vn  1.000000 0.000000 0.000000
vn  0.000000 0.435890 0.900000
vn  0.000000 0.435890 0.900000
vn  1.000000 0.000000 0.000000
vn  0.000000 0.223607 0.974679
vn  1.000000 0.000000 0.000000
vn  0.000000 -1.000000 -0.000000
vn  0.000000 -1.000000 0.000000
vn  1.000000 0.000000 0.000000
vn  0.000000 -0.865330 -0.501203
vn  1.000000 0.000000 0.000000
vn  0.000000 -0.499167 -0.866506
vn  1.000000 0.000000 0.000000
vn  0.000000 0.000468 -1.000000
vn  1.000000 0.000000 0.000000
vn  0.000000 0.499923 -0.866070
vn  1.000000 0.000000 0.000000
vn  0.000000 0.865965 -0.500105
vn  1.000000 0.000000 0.000000
vn  0.000000 1.000000 0.000000
vn  0.000000 1.000000 0.000000
vn  1.000000 0.000000 0.000000
vn  0.000000 0.865330 0.501203
vn  1.000000 0.000000 0.000000
vn  0.000000 0.499167 0.866506
vn  1.000000 0.000000 0.000000
vn  0.000000 -0.000468 1.000000
vn  1.000000 0.000000 0.000000
vn  0.000000 -0.499923 0.866070
vn  1.000000 0.000000 0.000000
vn  0.000000 -0.865965 0.500105
vn  1.000000 0.000000 0.000000
vn  0.000000 0.000000 1.000000
vn  0.000000 0.000000 1.000000
vn  1.000000 0.000000 0.000000
vn  0.000000 -0.506064 0.862496
vn  1.000000 0.000000 0.000000
vn  0.000000 -0.869132 0.494581
vn  1.000000 0.000000 0.000000
vn  0.000000 -0.865264 -0.501316
vn  1.000000 0.000000 0.000000
vn  0.000000 -0.000000 -1.000000
vn  0.000000 -0.000000 -1.000000
vn  1.000000 0.000000 0.000000
vn  0.000000 0.506064 -0.862496
vn  1.000000 0.000000 0.000000
vn  0.000000 0.869132 -0.494581
vn  1.000000 0.000000 0.000000
vn  0.000000 0.865264 0.501316
vn  1.000000 0.000000 0.000000
vn  0.000000 0.000000 1.000000
vn  0.000000 0.000000 1.000000
vn  1.000000 0.000000 0.000000
vn  0.000000 -0.506064 0.862496
vn  1.000000 0.000000 0.000000
vn  0.000000 -0.869132 0.494581
vn  1.000000 0.000000 0.000000
vn  0.000000 -0.865264 -0.501316
vn  1.000000 0.000000 0.000000
vn  0.000000 -0.000000 -1.000000
vn  0.000000 -0.000000 -1.000000
vn  1.000000 0.000000 0.000000
vn  0.000000 0.506064 -0.862496
vn  1.000000 0.000000 0.000000
vn  0.000000 0.869132 -0.494581
vn  1.000000 0.000000 0.000000
vn  0.000000 0.865264 0.501316
vn  0.000000 0.000000 -1.000000
vn  -0.080614 0.081173 -0.993435
vn  0.000000 0.000000 -1.000000
vn  -0.275000 0.262455 -0.924928
vn  -1.000000 0.000000 0.000000
vn  0.000000 0.000000 -1.000000
vn  -1.000000 0.000000 0.000000
vn  0.000000 0.000000 -1.000000
vn  -0.993036 0.017060 -0.116566
vn  0.000000 -0.995350 0.096320
vn  -0.971768 0.037275 -0.232976
vn  0.000000 -1.000000 -0.000000
vn  0.000000 -1.000000 0.000000
vn  -0.719584 0.148922 -0.678249
vn  0.000000 -1.000000 0.000000
vn  -0.275000 0.260451 -0.925495
vn  -1.000000 0.000000 0.000000
vn  0.000000 -1.000000 0.000000
vn  0.000000 -0.869132 -0.494581
vn  1.000000 0.000000 0.000000
vn  0.000000 -0.506064 -0.862496
vn  1.000000 0.000000 0.000000
vn  0.000000 -0.883117 0.469153
vn  0.000000 -0.883117 0.469153
vn  -1.000000 0.000000 0.000000
vn  0.000000 -0.970339 0.241747
vn  -1.000000 0.000000 0.000000
vn  0.000000 -1.000000 -0.000000
vn  -1.000000 0.000000 0.000000
vn  0.000000 -1.000000 0.000000
vn  0.000000 -0.883117 -0.469153
vn  0.000000 -0.883117 -0.469153
vn  -1.000000 0.000000 0.000000
vn  0.000000 -0.970338 -0.241751
vn  -1.000000 0.000000 0.000000
vn  0.000000 -1.000000 -0.000000
vn  -1.000000 0.000000 0.000000
vn  0.000000 -0.970338 0.241751
vn  -1.000000 0.000000 0.000000
vn  0.000000 -1.000000 0.000000
vn  0.000000 -1.000000 0.000000
vn  -1.000000 0.000000 0.000000
vn  0.000000 -0.970339 -0.241747
vn  -1.000000 0.000000 0.000000
vn  -1.000000 0.000000 0.000000
vn  0.000000 0.223607 0.974679
vn  -1.000000 0.000000 0.000000
vn  0.000000 0.435890 0.900000
vn  0.000000 0.435890 0.900000
vn  -1.000000 0.000000 0.000000
vn  0.000000 0.000000 1.000000
vn  -1.000000 0.000000 0.000000
vn  0.000000 -0.435890 0.900000
vn  -1.000000 0.000000 0.000000
vn  0.000000 -0.734142 0.678996
vn  -1.000000 0.000000 0.000000
vn  0.000000 -0.931100 0.364765
vn  -1.000000 0.000000 0.000000
vn  0.000000 -1.000000 0.000000
vn  -1.000000 0.000000 0.000000
vn  0.000000 -0.919375 -0.393381
vn  -1.000000 0.000000 0.000000
vn  0.000000 -0.690886 -0.722964
vn  -1.000000 0.000000 0.000000
vn  0.000000 -0.350529 -0.936552
vn  -1.000000 0.000000 0.000000
vn  0.000000 0.046556 -0.998916
vn  -1.000000 0.000000 0.000000
vn  0.000000 0.435890 -0.900000
vn  0.000000 0.435890 -0.900000
vn  -1.000000 0.000000 0.000000
vn  0.000000 0.223607 -0.974679
vn  -1.000000 0.000000 0.000000
vn  -1.000000 0.000000 0.000000
vn  -1.000000 -0.000001 0.000000
vn  -1.000000 0.000000 0.000000
vn  -1.000000 -0.000001 0.000001
vn  -1.000000 0.000000 0.000000
vn  -1.000000 -0.000000 0.000001
vn  -1.000000 0.000000 0.000000
vn  -1.000000 -0.000000 0.000001
vn  -1.000000 0.000000 0.000000
vn  -1.000000 -0.000000 0.000001
vn  -1.000000 0.000000 0.000000
vn  -1.000000 0.000000 0.000001
vn  -1.000000 0.000000 0.000000
vn  -1.000000 0.000000 0.000001
vn  -1.000000 0.000000 0.000000
vn  -1.000000 0.000001 0.000001
vn  -1.000000 0.000000 0.000000
vn  -1.000000 0.000001 0.000000
vn  -1.000000 0.000000 0.000000
vn  -1.000000 0.000001 0.000000
vn  -1.000000 0.000000 0.000000
vn  -1.000000 0.000001 0.000000
vn  -1.000000 0.000000 0.000000
vn  -1.000000 0.000001 -0.000000
vn  -1.000000 0.000000 0.000000
vn  -1.000000 0.000001 -0.000001
vn  -1.000000 0.000000 0.000000
vn  -1.000000 0.000000 -0.000001
vn  -1.000000 0.000000 0.000000
vn  -1.000000 -0.000000 -0.000001
vn  -1.000000 0.000000 0.000000
vn  -1.000000 -0.000000 -0.000001
vn  -1.000000 0.000000 0.000000
vn  -1.000000 0.000000 0.000000
vn  -1.000000 -0.000001 -0.000000
vn  -1.000000 0.000000 0.000000
vn  -1.000000 -0.000001 -0.000000
vn  -1.000000 0.000000 0.000000
vn  -1.000000 0.000000 0.000000
vn  -1.000000 -0.000001 -0.000000
vn  -1.000000 0.000000 0.000000
vn  -1.000000 0.000000 0.000000
vn  -1.000000 -0.000001 -0.000000
vn  -1.000000 0.000000 0.000000
vn  -1.000000 -0.000001 0.000000
vn  -1.000000 0.000000 0.000000
vn  -1.000000 0.000000 0.000000
vn  -1.000000 -0.000001 0.000000
vn  -1.000000 0.000000 0.000000
vn  -1.000000 0.000000 0.000000
vn  -1.000000 -0.000001 0.000000
vn  -0.707107 -0.593600 0.384238
vn  -0.707107 -0.593600 0.384238
vn  -0.000000 -0.839478 0.543394
vn  -0.000000 -0.839478 0.543394
vn  0.000000 -0.839478 0.543394
vn  0.000000 -0.839478 0.543394
vn  -0.000000 -0.839478 0.543394
vn  -0.000000 -0.839478 0.543394
vn  0.000000 -0.839478 0.543394
vn  0.000000 -0.839478 0.543394
vn  -0.707107 -0.593600 0.384238
vn  -0.707107 -0.593600 0.384238
vn  -0.707107 -0.707107 0.000000
vn  -0.707107 -0.707107 0.000000
vn  -0.000000 -1.000000 0.000000
vn  -0.000000 -1.000000 0.000000
vn  0.000000 -1.000000 -0.000000
vn  0.000000 -1.000000 0.000000
vn  -0.000000 -0.959030 0.283304
vn  0.000000 -0.959030 0.283304
vn  -0.707107 -0.707107 0.000000
vn  -0.707107 -0.707107 -0.000000
vn  -0.000000 -1.000000 0.000000
vn  -0.000000 -1.000000 -0.000000
vn  0.000000 -1.000000 0.000000
vn  0.000000 -1.000000 0.000000
vn  -0.707107 -0.593600 -0.384238
vn  -0.707107 -0.593600 -0.384238
vn  -0.000000 -0.839478 -0.543394
vn  -0.000000 -0.839478 -0.543394
vn  0.000000 -0.839478 -0.543394
vn  0.000000 -0.839478 -0.543394
vn  -0.000000 -0.959030 -0.283304
vn  0.000000 -0.959030 -0.283304
vn  -0.707107 -0.593600 -0.384238
vn  -0.707107 -0.593600 -0.384238
vn  -0.000000 -0.839478 -0.543394
vn  -0.000000 -0.839478 -0.543394
vn  0.000000 -0.839478 -0.543394
vn  0.000000 -0.839478 -0.543394
vn  -0.000000 -0.679618 0.733567
vn  0.000000 -0.679618 0.733567
vn  -0.000000 -0.477811 0.878463
vn  0.000000 -0.477811 0.878463
vn  -0.000000 -0.246513 0.969140
vn  0.000000 -0.246513 0.969140
vn  -0.000000 -0.000000 1.000000
vn  0.000000 0.000000 1.000000
vn  -0.000000 0.382683 0.923880
vn  0.000000 0.382683 0.923880
vn  -0.000000 0.707107 0.707107
vn  0.000000 0.707107 0.707107
vn  -0.000000 0.923880 0.382683
vn  0.000000 0.923880 0.382683
vn  -0.000000 1.000000 0.000000
vn  0.000000 1.000000 0.000000
vn  -0.000000 0.923880 -0.382683
vn  0.000000 0.923880 -0.382683
vn  -0.000000 0.707107 -0.707107
vn  0.000000 0.707107 -0.707107
vn  -0.000000 0.382683 -0.923880
vn  0.000000 0.382683 -0.923880
vn  -0.000000 0.000000 -1.000000
vn  0.000000 -0.000000 -1.000000
vn  -0.000000 -0.246513 -0.969140
vn  0.000000 -0.246513 -0.969140
vn  -0.000000 -0.477811 -0.878463
vn  0.000000 -0.477811 -0.878463
vn  -0.000000 -0.679618 -0.733567
vn  0.000000 -0.679618 -0.733567
vn  0.000000 -0.839478 0.543394
vn  0.000000 -0.839478 0.543394
vn  -0.000000 -0.839478 0.543394
vn  0.000000 -0.839478 0.543394
vn  0.000000 -0.679618 0.733567
vn  0.000000 -0.679618 0.733567
vn  0.000000 -0.477811 0.878463
vn  0.000000 -0.477811 0.878463
vn  0.000000 -0.246513 0.969140
vn  0.000000 -0.246513 0.969140
vn  0.000000 0.000000 1.000000
vn  0.000000 0.000000 1.000000
vn  0.000000 0.433884 0.900969
vn  0.000000 0.433884 0.900969
vn  0.000000 0.781831 0.623490
vn  0.000000 0.781831 0.623490
vn  0.000000 0.974928 0.222521
vn  0.000000 0.974928 0.222521
vn  0.000000 0.974928 -0.222521
vn  0.000000 0.974928 -0.222521
vn  0.000000 0.781831 -0.623490
vn  0.000000 0.781831 -0.623490
vn  0.000000 0.433884 -0.900969
vn  0.000000 0.433884 -0.900969
vn  0.000000 0.000000 -1.000000
vn  0.000000 0.000000 -1.000000
vn  0.000000 -0.246513 -0.969140
vn  0.000000 -0.246513 -0.969140
vn  0.000000 -0.477811 -0.878463
vn  0.000000 -0.477811 -0.878463
vn  0.000000 -0.679618 -0.733567
vn  0.000000 -0.679618 -0.733567
vn  0.000000 -0.839478 -0.543394
vn  0.000000 -0.839478 -0.543394
vn  -0.000000 -0.839478 -0.543394
vn  0.000000 -0.839478 -0.543394
vn  0.000000 -0.839478 0.543394
vn  0.000000 -0.839478 0.543394
vn  -0.000000 -0.839478 0.543394
vn  0.000000 -0.839478 0.543394
vn  0.000000 -1.000000 -0.000000
vn  0.000000 -1.000000 0.000000
vn  0.000000 -1.000000 0.000000
vn  -0.000000 -1.000000 0.000000
vn  0.000000 -0.959030 0.283304
vn  0.000000 -0.959030 0.283304
vn  0.000000 -1.000000 0.000000
vn  0.000000 -1.000000 0.000000
vn  -0.000000 -1.000000 0.000000
vn  0.000000 -1.000000 -0.000000
vn  0.000000 -0.839478 -0.543394
vn  0.000000 -0.839478 -0.543394
vn  -0.000000 -0.839478 -0.543394
vn  0.000000 -0.839478 -0.543394
vn  0.000000 -0.959030 -0.283304
vn  0.000000 -0.959030 -0.283304
vn  -1.000000 0.000000 0.000000
vn  -1.000000 0.000000 0.000000
vn  -1.000000 0.000000 0.000000
vn  -1.000000 0.000000 0.000000
vn  -1.000000 0.000000 0.000000
vn  -1.000000 -0.000001 -0.000000
vn  -0.707107 -0.593600 -0.384238
vn  -0.707107 -0.593600 -0.384238
vn  -0.707107 -0.593600 -0.384238
vn  -0.707107 -0.593600 -0.384238
vn  -1.000000 0.000000 0.000000
vn  -1.000000 0.000000 0.000000
vn  -1.000000 -0.000001 0.000000
vn  -1.000000 0.000000 0.000000
vn  -1.000000 -0.000001 0.000000
vn  -1.000000 0.000000 0.000000
vn  -1.000000 -0.000001 0.000000
vn  -1.000000 0.000000 0.000000
vn  -1.000000 0.000000 0.000000
vn  -1.000000 0.000000 0.000000
vn  -1.000000 -0.000001 -0.000000
vn  -1.000000 0.000000 0.000000
vn  -1.000000 -0.000001 -0.000000
vn  -1.000000 0.000000 0.000000
vn  -1.000000 0.000000 0.000000
vn  -1.000000 0.000000 0.000000
vn  -1.000000 0.000000 0.000000
vn  -1.000000 0.000000 0.000000
vn  -1.000000 -0.000000 0.000000
vn  -1.000000 0.000000 0.000000
vn  -1.000000 -0.000000 0.000000
vn  -1.000000 0.000000 0.000000
vn  -1.000000 -0.000000 0.000000
vn  -1.000000 0.000000 0.000000
vn  -1.000000 -0.000000 0.000000
vn  -1.000000 0.000000 0.000000
vn  -1.000000 -0.000000 -0.000000
vn  -1.000000 0.000000 0.000000
vn  -1.000000 -0.000000 -0.000000
vn  -1.000000 0.000000 0.000000
vn  -1.000000 -0.000000 -0.000000
vn  -1.000000 0.000000 0.000000
vn  -1.000000 0.000000 -0.000000
vn  -1.000000 0.000000 0.000000
vn  -1.000000 0.000000 -0.000000
vn  -1.000000 0.000000 0.000000
vn  -1.000000 0.000000 0.000000
vn  -1.000000 0.000000 -0.000000
vn  -1.000000 0.000000 0.000000
vn  -1.000000 0.000000 0.000000
vn  -1.000000 -0.000001 -0.000001
vn  -1.000000 0.000000 0.000000
vn  -1.000000 -0.000001 -0.000000
vn  -1.000000 0.000000 0.000000
vn  -1.000000 0.000000 0.000000
vn  -1.000000 -0.000001 -0.000000
vn  -1.000000 0.000000 0.000000
vn  -1.000000 -0.000001 0.000000
vn  -1.000000 0.000000 0.000000
vn  -1.000000 0.000000 0.000000
vn  -1.000000 -0.000001 0.000000
vn  -1.000000 0.000000 0.000000
vn  -1.000000 0.000000 0.000000
vn  -1.000000 -0.000001 0.000001
vn  -1.000000 0.000000 0.000000
vn  -1.000000 0.000000 -0.000000
vn  -1.000000 0.000000 0.000000
vn  -1.000000 0.000000 0.000000
vn  -1.000000 0.000000 -0.000000
vn  -1.000000 0.000000 0.000000
vn  -1.000000 -0.000000 -0.000000
vn  -1.000000 0.000000 0.000000
vn  -1.000000 -0.000000 -0.000000
vn  -1.000000 0.000000 0.000000
vn  -1.000000 -0.000000 -0.000000
vn  -1.000000 0.000000 0.000000
vn  -1.000000 -0.000000 -0.000000
vn  -1.000000 0.000000 0.000000
vn  -1.000000 -0.000000 0.000000
vn  -1.000000 0.000000 0.000000
vn  -1.000000 -0.000000 0.000000
vn  -1.000000 0.000000 0.000000
vn  -1.000000 -0.000000 0.000000
vn  -1.000000 0.000000 0.000000
vn  -1.000000 0.000000 0.000000
vn  -1.000000 0.000000 0.000000
vn  -1.000000 0.000000 0.000000
vn  -1.000000 0.000000 0.000000
vn  -0.707107 -0.593600 0.384238
vn  -0.707107 -0.593600 0.384238
vn  -0.707107 -0.593600 0.384238
vn  -0.707107 -0.593600 0.384238
vn  -0.707107 -0.707107 0.000000
vn  -0.707107 -0.707107 0.000000
vn  -0.707107 -0.707107 0.000000
vn  -0.707107 -0.707107 -0.000000
vn  -0.707107 0.593600 0.384238
vn  -0.707107 0.593600 0.384238
vn  -0.000000 0.839478 0.543394
vn  -0.000000 0.839478 0.543394
vn  0.000000 0.839478 0.543394
vn  0.000000 0.839478 0.543394
vn  -0.000000 0.839478 0.543394
vn  -0.000000 0.839478 0.543394
vn  0.000000 0.839478 0.543394
vn  0.000000 0.839478 0.543394
vn  -0.707107 0.593600 0.384238
vn  -0.707107 0.593600 0.384238
vn  -0.707107 0.593600 -0.384238
vn  -0.707107 0.593600 -0.384238
vn  -0.000000 0.839478 -0.543394
vn  -0.000000 0.839478 -0.543394
vn  0.000000 0.839478 -0.543394
vn  0.000000 0.839478 -0.543394
vn  -0.000000 0.477811 -0.878463
vn  0.000000 0.477811 -0.878463
vn  -0.000000 0.000000 -1.000000
vn  0.000000 0.000000 -1.000000
vn  -0.000000 -0.258819 -0.965926
vn  0.000000 -0.258819 -0.965926
vn  -0.000000 -0.500000 -0.866025
vn  0.000000 -0.500000 -0.866025
vn  -0.000000 -0.707107 -0.707107
vn  0.000000 -0.707107 -0.707107
vn  -0.000000 -0.866025 -0.500000
vn  0.000000 -0.866025 -0.500000
vn  -0.000000 -0.965926 -0.258819
vn  0.000000 -0.965926 -0.258819
vn  -0.000000 -1.000000 -0.000000
vn  0.000000 -1.000000 -0.000000
vn  -0.000000 -0.965926 0.258819
vn  0.000000 -0.965926 0.258819
vn  -0.000000 -0.866025 0.500000
vn  0.000000 -0.866025 0.500000
vn  -0.000000 -0.707107 0.707107
vn  0.000000 -0.707107 0.707107
vn  -0.000000 -0.500000 0.866025
vn  0.000000 -0.500000 0.866025
vn  -0.000000 -0.258819 0.965926
vn  0.000000 -0.258819 0.965926
vn  -0.000000 -0.000000 1.000000
vn  0.000000 -0.000000 1.000000
vn  -0.000000 0.477811 0.878463
vn  0.000000 0.477811 0.878463
vn  -0.707107 0.593600 -0.384238
vn  -0.707107 0.593600 -0.384238
vn  -0.000000 0.839478 -0.543394
vn  -0.000000 0.839478 -0.543394
vn  0.000000 0.839478 -0.543394
vn  0.000000 0.839478 -0.543394
vn  -0.707107 0.707107 0.000000
vn  -0.707107 0.707107 0.000000
vn  -0.000000 1.000000 0.000000
vn  -0.000000 1.000000 0.000000
vn  0.000000 1.000000 0.000000
vn  0.000000 1.000000 0.000000
vn  -0.000000 0.959030 -0.283304
vn  0.000000 0.959030 -0.283304
vn  -0.707107 0.707107 0.000000
vn  -0.707107 0.707107 0.000000
vn  -0.000000 1.000000 0.000000
vn  -0.000000 1.000000 0.000000
vn  0.000000 1.000000 0.000000
vn  0.000000 1.000000 0.000000
vn  -0.000000 0.959030 0.283304
vn  0.000000 0.959030 0.283304
vn  0.000000 0.839478 0.543394
vn  0.000000 0.839478 0.543394
vn  -0.000000 0.839478 0.543394
vn  0.000000 0.839478 0.543394
vn  0.000000 0.959030 0.283304
vn  0.000000 0.959030 0.283304
vn  0.000000 1.000000 0.000000
vn  0.000000 1.000000 0.000000
vn  -0.000000 1.000000 0.000000
vn  0.000000 1.000000 0.000000
vn  -1.000000 -0.000001 -0.000001
vn  -1.000000 0.000000 0.000000
vn  -1.000000 0.000000 0.000000
vn  -1.000000 -0.000001 -0.000000
vn  -1.000000 0.000000 0.000000
vn  -1.000000 -0.000001 -0.000000
vn  -1.000000 0.000000 0.000000
vn  -1.000000 0.000000 0.000000
vn  -0.707107 0.707107 0.000000
vn  -0.707107 0.707107 0.000000
vn  -0.707107 0.593600 0.384238
vn  -0.707107 0.593600 0.384238
vn  -1.000000 0.000000 0.000000
vn  -1.000000 0.000000 0.000000
vn  -1.000000 -0.000001 -0.000001
vn  -1.000000 0.000000 0.000000
vn  -1.000000 -0.000000 -0.000001
vn  -1.000000 0.000000 0.000000
vn  -1.000000 -0.000000 -0.000001
vn  -1.000000 0.000000 0.000000
vn  -1.000000 0.000000 -0.000001
vn  -1.000000 0.000000 0.000000
vn  -1.000000 0.000001 -0.000001
vn  -1.000000 0.000000 0.000000
vn  -1.000000 0.000001 -0.000000
vn  -1.000000 0.000000 0.000000
vn  -1.000000 0.000001 -0.000000
vn  -1.000000 0.000000 0.000000
vn  -1.000000 0.000001 0.000000
vn  -1.000000 0.000000 0.000000
vn  -1.000000 0.000001 0.000001
vn  -1.000000 0.000000 0.000000
vn  -1.000000 0.000000 0.000001
vn  -1.000000 0.000000 0.000000
vn  -1.000000 -0.000000 0.000001
vn  -1.000000 0.000000 0.000000
vn  -1.000000 -0.000001 0.000001
vn  -1.000000 0.000000 0.000000
vn  -1.000000 0.000000 0.000000
vn  -1.000000 0.000000 0.000000
vn  -1.000000 -0.000001 0.000001
vn  -1.000000 0.000000 0.000000
vn  -1.000000 -0.000001 0.000000
vn  -1.000000 0.000000 0.000000
vn  -1.000000 -0.000001 0.000000
vn  -1.000000 0.000000 0.000000
vn  -1.000000 0.000000 0.000000
vn  0.000000 -1.000000 0.000000
vn  0.000000 -1.000000 -0.000000
vn  -1.000000 0.000000 0.000000
vn  0.000000 -0.707094 0.707119
vn  -1.000000 0.000000 0.000000
vn  0.000000 -0.000000 1.000000
vn  -1.000000 0.000000 0.000000
vn  0.000000 0.350677 0.936496
vn  -1.000000 0.000000 0.000000
vn  0.000000 0.935425 -0.353525
vn  0.000000 0.656816 0.754051
vn  -1.000000 0.000000 0.000000
vn  0.000000 0.662705 -0.748881
vn  -1.000000 0.000000 0.000000
vn  0.000000 0.239019 -0.971015
vn  -1.000000 0.000000 0.000000
vn  0.000000 -0.239384 -0.970925
vn  -1.000000 0.000000 0.000000
vn  0.000000 -0.663587 -0.748099
vn  -1.000000 0.000000 0.000000
vn  0.000000 -0.935425 -0.353525
vn  -1.000000 0.000000 0.000000
vn  0.000000 -0.983724 -0.179687
vn  -1.000000 0.000000 0.000000
vn  0.000000 -1.000000 -0.000000
vn  -1.000000 0.000000 0.000000
vn  0.000000 -0.893931 0.448204
vn  -1.000000 0.000000 0.000000
vn  0.000000 -0.600114 0.799915
vn  -1.000000 0.000000 0.000000
vn  0.000000 -0.180704 0.983537
vn  -1.000000 0.000000 0.000000
vn  0.000000 0.277888 0.960613
vn  -1.000000 0.000000 0.000000
vn  0.000000 0.678531 0.734571
vn  -1.000000 0.000000 0.000000
vn  0.000000 0.656816 -0.754051
vn  0.000000 0.935425 0.353525
vn  -1.000000 0.000000 0.000000
vn  0.000000 0.350677 -0.936496
vn  -1.000000 0.000000 0.000000
vn  0.000000 0.000000 -1.000000
vn  -1.000000 0.000000 0.000000
vn  0.000000 -0.707119 -0.707094
vn  -1.000000 0.000000 0.000000
vn  0.000000 -1.000000 0.000000
vn  0.000000 -1.000000 -0.000000
vn  -0.000000 0.839478 0.543394
vn  0.000000 0.839478 0.543394
vn  0.000000 0.839478 0.543394
vn  0.000000 0.839478 0.543394
vn  -0.707107 0.593600 0.384238
vn  -0.707107 0.593600 0.384238
vn  0.000000 -0.000000 1.000000
vn  0.000000 -0.000000 1.000000
vn  0.000000 0.477811 0.878463
vn  0.000000 0.477811 0.878463
vn  0.000000 0.839478 -0.543394
vn  0.000000 0.839478 -0.543394
vn  -0.000000 0.839478 -0.543394
vn  0.000000 0.839478 -0.543394
vn  0.000000 0.477811 -0.878463
vn  0.000000 0.477811 -0.878463
vn  0.000000 0.000000 -1.000000
vn  0.000000 0.000000 -1.000000
vn  0.000000 -0.416011 -0.909360
vn  0.000000 -0.416011 -0.909360
vn  0.000000 -0.756607 -0.653870
vn  0.000000 -0.756607 -0.653870
vn  0.000000 -0.960045 -0.279846
vn  0.000000 -0.960045 -0.279846
vn  0.000000 -0.989445 0.144909
vn  0.000000 -0.989445 0.144909
vn  0.000000 -0.839478 0.543394
vn  0.000000 -0.839478 0.543394
vn  0.000000 -0.477811 0.878463
vn  0.000000 -0.477811 0.878463
vn  -0.707107 0.593600 -0.384238
vn  -0.707107 0.593600 -0.384238
vn  -0.000000 0.839478 -0.543394
vn  0.000000 0.839478 -0.543394
vn  0.000000 0.839478 -0.543394
vn  0.000000 0.839478 -0.543394
vn  -0.707107 0.593600 -0.384238
vn  -0.707107 0.593600 -0.384238
vn  0.000000 1.000000 0.000000
vn  0.000000 1.000000 0.000000
vn  -0.000000 1.000000 0.000000
vn  0.000000 1.000000 0.000000
vn  0.000000 0.959030 -0.283304
vn  0.000000 0.959030 -0.283304
vn  -0.707107 0.707107 0.000000
vn  -0.707107 0.707107 0.000000
vn  0.000000 -1.000000 0.000000
vn  0.000000 -1.000000 -0.000000
vn  0.866025 0.000000 -0.500000
vn  0.000000 -1.000000 0.000000
vn  0.965926 0.000000 -0.258819
vn  0.000000 -1.000000 0.000000
vn  1.000000 0.000000 0.000000
vn  1.000000 0.000000 0.000000
vn  0.000000 -1.000000 0.000000
vn  1.000000 0.000000 0.000000
vn  1.000000 0.000000 0.000000
vn  0.000000 -1.000000 0.000000
vn  0.965926 0.000000 0.258819
vn  0.000000 -1.000000 0.000000
vn  0.000000 -1.000000 -0.000000
vn  0.866025 0.000000 0.500000
vn  0.000000 0.656816 -0.754051
vn  0.000000 0.935425 0.353525
vn  -1.000000 0.000000 0.000000
vn  0.000000 0.910169 -0.414237
vn  -1.000000 0.000000 0.000000
vn  0.000000 1.000000 0.000000
vn  0.000000 1.000000 0.000000
vn  -1.000000 0.000000 0.000000
vn  0.000000 1.000000 0.000000
vn  -1.000000 0.000000 0.000000
vn  0.000000 1.000000 0.000000
vn  0.000000 0.707119 -0.707094
vn  -1.000000 0.000000 0.000000
vn  0.000000 0.000000 -1.000000
vn  -1.000000 0.000000 0.000000
vn  0.000000 -0.707094 -0.707119
vn  -1.000000 0.000000 0.000000
vn  0.000000 -1.000000 -0.000000
vn  -1.000000 0.000000 0.000000
vn  0.000000 -1.000000 0.000000
vn  0.000000 -1.000000 -0.000000
vn  -0.866025 0.000000 -0.500000
vn  0.000000 -1.000000 0.000000
vn  0.000000 -0.845570 -0.533864
vn  -0.641728 0.000000 -0.766932
vn  0.000000 -0.333333 -0.942809
vn  -0.237431 0.000000 -0.971405
vn  0.000000 1.000000 0.000000
vn  0.000000 -0.333333 -0.942809
vn  0.237431 0.000000 -0.971405
vn  0.000000 1.000000 0.000000
vn  0.000000 -0.845578 -0.533853
vn  0.641735 0.000000 -0.766926
vn  0.000000 0.935425 -0.353525
vn  0.000000 0.656816 0.754051
vn  -1.000000 0.000000 0.000000
vn  0.000000 0.899927 -0.436041
vn  -1.000000 0.000000 0.000000
vn  0.000000 0.857167 -0.515038
vn  -1.000000 0.000000 0.000000
vn  0.000000 0.515038 0.857167
vn  -0.707107 0.606109 -0.364187
vn  0.000000 0.695913 -0.718126
vn  -0.707107 0.492085 -0.507792
vn  0.000000 0.487860 -0.872922
vn  -0.707107 0.344969 -0.617249
vn  0.000000 0.246999 -0.969016
vn  -0.707107 0.174655 -0.685198
vn  0.000000 -0.010472 -0.999945
vn  -0.707107 -0.007405 -0.707068
vn  0.000000 -0.267238 -0.963630
vn  -0.707107 -0.188966 -0.681390
vn  0.000000 -0.506034 -0.862514
vn  -0.707107 -0.357820 -0.609889
vn  0.000000 -0.710799 -0.703395
vn  -0.707107 -0.502611 -0.497375
vn  0.000000 -0.867765 -0.496974
vn  -0.707107 -0.613603 -0.351414
vn  0.000000 -0.966376 -0.257133
vn  -0.707107 -0.683331 -0.181820
vn  0.000000 -1.000000 -0.000000
vn  -0.707107 -0.707107 0.000000
vn  0.000000 -0.966376 0.257133
vn  -0.707107 -0.683331 0.181820
vn  0.000000 -0.867765 0.496974
vn  -0.707107 -0.613603 0.351414
vn  0.000000 -0.710799 0.703395
vn  -0.707107 -0.502611 0.497375
vn  0.000000 -0.506034 0.862514
vn  -0.707107 -0.357820 0.609889
vn  0.000000 -0.267238 0.963630
vn  -0.707107 -0.188966 0.681390
vn  0.000000 -0.010472 0.999945
vn  -0.707107 -0.007405 0.707068
vn  0.000000 0.246999 0.969016
vn  -0.707107 0.174655 0.685198
vn  0.000000 0.487860 0.872922
vn  -0.707107 0.344969 0.617249
vn  0.000000 0.695913 0.718126
vn  -0.707107 0.492085 0.507792
vn  0.000000 0.857167 0.515038
vn  -1.000000 0.000000 0.000000
vn  0.000000 0.515038 -0.857167
vn  -0.707107 0.606109 0.364187
vn  0.000000 0.899927 0.436041
vn  -1.000000 0.000000 0.000000
vn  0.000000 -0.845571 0.533864
vn  0.641729 0.000000 0.766932
vn  0.000000 -0.333333 0.942809
vn  0.237431 0.000000 0.971405
vn  0.000000 1.000000 0.000000
vn  0.000000 -0.333333 0.942809
vn  -0.237431 0.000000 0.971405
vn  0.000000 1.000000 0.000000
vn  0.000000 -0.845579 0.533850
vn  -0.641737 0.000000 0.766925
vn  0.000000 -1.000000 -0.000000
vn  -0.866025 0.000000 0.500000
vn  0.000000 -1.000000 0.000000
vn  0.000000 -1.000000 -0.000000
vn  0.000000 -1.000000 0.000000
vn  -1.000000 0.000000 0.000000
vn  0.000000 -0.707119 0.707094
vn  -1.000000 0.000000 0.000000
vn  0.000000 -0.000000 1.000000
vn  -1.000000 0.000000 0.000000
vn  0.000000 0.707094 0.707119
vn  -1.000000 0.000000 0.000000
vn  0.000000 1.000000 0.000000
vn  -1.000000 0.000000 0.000000
vn  0.000000 1.000000 0.000000
vn  0.000000 1.000000 0.000000
vn  0.000000 1.000000 0.000000
vn  -1.000000 0.000000 0.000000
vn  0.000000 0.910169 0.414237
vn  -1.000000 0.000000 0.000000
vn  -1.000000 0.000000 0.000000
vn  0.000000 -1.000000 0.000000
vn  -1.000000 0.000000 0.000000
vn  -0.965926 0.000000 0.258819
vn  0.000000 -1.000000 0.000000
vn  -0.119573 0.000000 0.992825
vn  0.000000 1.000000 0.000000
vn  0.000000 0.000000 1.000000
vn  0.000000 1.000000 0.000000
vn  0.119573 0.000000 0.992825
vn  0.000000 1.000000 0.000000
vn  1.000000 0.000000 0.000000
vn  0.000000 1.000000 0.000000
vn  1.000000 0.000000 0.000000
vn  0.707107 0.000000 0.707107
vn  0.000000 1.000000 0.000000
vn  0.000000 0.000000 1.000000
vn  0.000000 1.000000 0.000000
vn  -0.707107 0.000000 0.707107
vn  0.000000 1.000000 0.000000
vn  -1.000000 0.000000 0.000000
vn  -1.000000 0.000000 0.000000
vn  0.000000 1.000000 0.000000
vn  -1.000000 0.000000 0.000000
vn  0.000000 1.000000 0.000000
vn  -1.000000 0.000000 -0.000000
vn  -1.000000 0.000000 0.000000
vn  -1.000000 0.000000 -0.000000
vn  0.000000 -1.000000 0.000000
vn  0.000000 1.000000 0.000000
vn  0.000000 0.000000 -1.000000
vn  0.000000 0.000000 -1.000000
vn  0.000000 1.000000 0.000000
vn  0.000000 0.000000 -1.000000
vn  0.000000 0.000000 -1.000000
vn  0.000000 1.000000 0.000000
vn  0.587944 0.000000 -0.808902
vn  0.000000 1.000000 0.000000
vn  0.950748 0.000000 -0.309966
vn  0.000000 1.000000 0.000000
vn  0.951727 0.000000 0.306945
vn  0.000000 1.000000 0.000000
vn  0.587279 0.000000 0.809385
vn  0.000000 1.000000 0.000000
vn  0.000000 0.000000 1.000000
vn  -0.000000 0.000000 1.000000
vn  0.000000 1.000000 0.000000
vn  -0.000000 0.000000 1.000000
vn  0.000000 0.000000 1.000000
vn  0.000000 1.000000 0.000000
vn  -0.587944 0.000000 0.808902
vn  0.000000 1.000000 0.000000
vn  -0.950748 0.000000 0.309966
vn  0.000000 1.000000 0.000000
vn  -0.951727 0.000000 -0.306945
vn  0.000000 1.000000 0.000000
vn  -0.587279 0.000000 -0.809385
vn  0.000000 1.000000 0.000000
vn  1.000000 0.000000 0.000000
vn  1.000000 0.000000 0.000000
vn  0.000000 1.000000 0.000000
vn  0.707107 0.000000 -0.707107
vn  0.000000 1.000000 0.000000
vn  0.000000 0.000000 -1.000000
vn  0.000000 1.000000 0.000000
vn  -0.707107 0.000000 -0.707107
vn  -0.000000 0.000000 1.000000
vn  0.000000 -1.000000 0.000000
vn  0.000000 0.000000 1.000000
vn  -0.587279 0.000000 0.809385
vn  0.000000 -1.000000 0.000000
vn  -0.951727 0.000000 0.306945
vn  0.000000 -1.000000 0.000000
vn  -0.950748 0.000000 -0.309966
vn  0.000000 -1.000000 0.000000
vn  -0.587944 0.000000 -0.808902
vn  0.000000 -1.000000 0.000000
vn  0.000000 0.000000 -1.000000
vn  0.000000 -1.000000 0.000000
vn  0.000000 0.000000 -1.000000
vn  0.000000 -1.000000 0.000000
vn  0.000000 0.000000 1.000000
vn  -0.000000 0.000000 1.000000
vn  0.000000 -1.000000 0.000000
vn  0.587944 0.000000 0.808902
vn  0.000000 -1.000000 0.000000
vn  0.950748 0.000000 0.309966
vn  0.000000 -1.000000 0.000000
vn  0.951727 0.000000 -0.306945
vn  0.000000 -1.000000 0.000000
vn  0.587279 0.000000 -0.809385
vn  0.000000 -1.000000 0.000000
vn  0.000000 0.000000 -1.000000
vn  0.000000 0.000000 -1.000000
vn  0.000000 -1.000000 0.000000
vn  0.000000 0.000000 -1.000000
vn  0.000000 0.000000 -1.000000
vn  0.000000 -1.000000 0.000000
vn  0.588220 0.000000 -0.808701
vn  0.000000 -1.000000 0.000000
vn  0.950859 0.000000 -0.309624
vn  0.000000 -1.000000 0.000000
vn  0.951687 0.000000 0.307068
vn  0.000000 -1.000000 0.000000
vn  0.587355 0.000000 0.809329
vn  0.000000 -1.000000 0.000000
vn  -0.000000 0.000000 1.000000
vn  0.000000 0.000000 1.000000
vn  0.000000 -1.000000 0.000000
vn  0.000000 0.000000 1.000000
vn  -0.000000 0.000000 1.000000
vn  0.000000 -1.000000 0.000000
vn  -0.588220 0.000000 0.808701
vn  0.000000 -1.000000 0.000000
vn  -0.950859 0.000000 0.309624
vn  0.000000 -1.000000 0.000000
vn  -0.951687 0.000000 -0.307068
vn  0.000000 -1.000000 0.000000
vn  -0.587355 0.000000 -0.809329
vn  0.000000 -1.000000 0.000000
vn  0.000000 0.000000 -1.000000
vn  0.000000 0.000000 -1.000000
vn  0.119573 0.000000 -0.992825
vn  0.000000 1.000000 0.000000
vn  0.000000 0.000000 -1.000000
vn  0.000000 1.000000 0.000000
vn  -0.119573 0.000000 -0.992825
vn  0.000000 1.000000 0.000000
vn  -0.965926 0.000000 -0.258819
vn  0.000000 -1.000000 0.000000
vn  -1.000000 0.000000 0.000000
vn  0.000000 -1.000000 0.000000
vn  0.000000 -1.000000 0.000000
vn  -1.000000 0.000000 0.000000
vn  0.000000 -0.963749 0.266811
vn  -1.000000 0.000000 0.000000
vn  0.000000 -0.857167 0.515038
vn  0.000000 0.515038 0.857167
vn  -1.000000 0.000000 0.000000
vn  0.000000 -0.857167 -0.515038
vn  0.000000 0.515038 -0.857167
vn  -1.000000 0.000000 0.000000
vn  0.000000 -0.963749 -0.266811
vn  -1.000000 0.000000 0.000000
vn  0.000000 -0.000000 1.000000
vn  0.000000 0.000000 1.000000
vn  -1.000000 0.000000 0.000000
vn  0.000000 0.506064 0.862496
vn  -1.000000 0.000000 0.000000
vn  0.000000 0.869132 0.494581
vn  -1.000000 0.000000 0.000000
vn  0.000000 0.865264 -0.501316
vn  -1.000000 0.000000 0.000000
vn  0.000000 0.000000 -1.000000
vn  0.000000 0.000000 -1.000000
vn  -1.000000 0.000000 0.000000
vn  0.000000 -0.506064 -0.862496
vn  -1.000000 0.000000 0.000000
vn  0.000000 -0.869132 -0.494581
vn  -1.000000 0.000000 0.000000
vn  0.000000 -0.865264 0.501316
vn  -1.000000 0.000000 0.000000
vn  0.000000 -0.000000 1.000000
vn  0.000000 0.000000 1.000000
vn  -1.000000 0.000000 0.000000
vn  0.000000 0.506064 0.862496
vn  -1.000000 0.000000 0.000000
vn  0.000000 0.869132 0.494581
vn  -1.000000 0.000000 0.000000
vn  0.000000 0.865264 -0.501316
vn  -1.000000 0.000000 0.000000
vn  0.000000 0.000000 -1.000000
vn  0.000000 0.000000 -1.000000
vn  -1.000000 0.000000 0.000000
vn  0.000000 -0.506064 -0.862496
vn  -1.000000 0.000000 0.000000
vn  0.000000 -0.869132 -0.494581
vn  -1.000000 0.000000 0.000000
vn  0.000000 -0.865264 0.501316
vn  0.000000 -0.857167 -0.515038
vn  0.000000 0.515038 -0.857167
vn  -1.000000 0.000000 0.000000
vn  0.000000 -0.487906 -0.872896
vn  -1.000000 0.000000 0.000000
vn  0.000000 0.012914 -0.999917
vn  -1.000000 0.000000 0.000000
vn  0.000000 0.507332 -0.861751
vn  -1.000000 0.000000 0.000000
vn  0.000000 0.868180 -0.496249
vn  -1.000000 0.000000 0.000000
vn  0.000000 1.000000 -0.000000
vn  -1.000000 0.000000 0.000000
vn  0.000000 1.000000 -0.000000
vn  0.000000 1.000000 0.000000
vn  0.000000 1.000000 0.000000
vn  -1.000000 0.000000 0.000000
vn  0.000000 0.866293 -0.499535
vn  -1.000000 0.000000 0.000000
vn  0.000000 0.498634 -0.866812
vn  -1.000000 0.000000 0.000000
vn  0.000000 -0.002259 -0.999997
vn  -1.000000 0.000000 0.000000
vn  0.000000 -0.500709 -0.865616
vn  -1.000000 0.000000 0.000000
vn  0.000000 -0.865788 -0.500411
vn  -1.000000 0.000000 0.000000
vn  0.000000 -1.000000 -0.000000
vn  0.000000 -1.000000 0.000000
vn  -1.000000 0.000000 0.000000
vn  0.000000 0.515038 -0.857167
vn  -1.000000 0.000000 0.000000
vn  -0.707107 0.606109 0.364187
vn  -1.000000 0.000000 0.000000
vn  -0.707107 0.348241 0.615409
vn  -1.000000 0.000000 0.000000
vn  -0.707107 0.000235 0.707107
vn  -1.000000 0.000000 0.000000
vn  -0.707107 -0.348150 0.615461
vn  -1.000000 0.000000 0.000000
vn  -0.707107 -0.606109 0.364187
vn  -1.000000 0.000000 0.000000
vn  -0.707107 -0.681390 0.188966
vn  -1.000000 0.000000 0.000000
vn  -0.707107 -0.707107 0.000000
vn  -1.000000 0.000000 0.000000
vn  -0.707107 -0.613273 -0.351988
vn  -1.000000 0.000000 0.000000
vn  -0.707107 -0.357754 -0.609928
vn  -1.000000 0.000000 0.000000
vn  -0.707107 -0.007504 -0.707067
vn  -1.000000 0.000000 0.000000
vn  -0.707107 0.345179 -0.617132
vn  -1.000000 0.000000 0.000000
vn  0.000000 0.515038 0.857167
vn  -0.707107 0.606109 -0.364187
vn  -1.000000 0.000000 0.000000
vn  0.000000 -0.857167 0.515038
vn  0.000000 0.515038 0.857167
vn  -1.000000 0.000000 0.000000
vn  0.000000 -0.487267 0.873253
vn  -1.000000 0.000000 0.000000
vn  0.000000 0.011546 0.999933
vn  -1.000000 0.000000 0.000000
vn  0.000000 0.507850 0.861446
vn  -1.000000 0.000000 0.000000
vn  0.000000 0.868314 0.496015
vn  0.000000 -0.866293 0.499535
vn  -1.000000 0.000000 0.000000
vn  0.000000 -0.498634 0.866812
vn  -1.000000 0.000000 0.000000
vn  0.000000 0.002259 0.999997
vn  -1.000000 0.000000 0.000000
vn  0.000000 0.500709 0.865616
vn  -1.000000 0.000000 0.000000
vn  0.000000 0.865788 0.500411
vn  -1.000000 0.000000 0.000000
vn  -1.000000 0.000000 0.000000
vn  0.000000 -1.000000 0.000000
vn  0.000000 -1.000000 0.000000
vn  -1.000000 0.000000 0.000000
vn  0.000000 -0.808780 0.588111
vn  -1.000000 0.000000 0.000000
vn  0.000000 -0.309744 0.950820
vn  -1.000000 0.000000 0.000000
vn  0.000000 0.307008 0.951707
vn  -1.000000 0.000000 0.000000
vn  0.000000 0.809352 0.587324
vn  -1.000000 0.000000 0.000000
vn  0.000000 1.000000 -0.000000
vn  0.000000 1.000000 -0.000000
vn  -1.000000 0.000000 0.000000
vn  0.000000 0.808780 -0.588111
vn  -1.000000 0.000000 0.000000
vn  0.000000 0.309744 -0.950820
vn  -1.000000 0.000000 0.000000
vn  0.000000 -0.307008 -0.951707
vn  -1.000000 0.000000 0.000000
vn  0.000000 -0.809352 -0.587324
vn  0.000000 1.000000 0.000000
vn  0.000000 1.000000 0.000000
vn  1.000000 0.000000 0.000000
vn  0.000000 0.809352 -0.587324
vn  1.000000 0.000000 0.000000
vn  0.000000 0.307008 -0.951707
vn  1.000000 0.000000 0.000000
vn  0.000000 -0.309744 -0.950820
vn  1.000000 0.000000 0.000000
vn  0.000000 -0.808780 -0.588111
vn  1.000000 0.000000 0.000000
vn  0.000000 -1.000000 -0.000000
vn  0.000000 -1.000000 0.000000
vn  1.000000 0.000000 0.000000
vn  0.000000 -0.809352 0.587324
vn  1.000000 0.000000 0.000000
vn  0.000000 -0.307008 0.951707
vn  1.000000 0.000000 0.000000
vn  0.000000 0.309744 0.950820
vn  1.000000 0.000000 0.000000
vn  0.000000 0.808780 0.588111
vn  1.000000 0.000000 0.000000
vn  1.000000 0.000000 0.000000
vn  0.000000 -1.000000 0.000000
vn  0.000000 -1.000000 0.000000
vn  1.000000 0.000000 0.000000
vn  0.000000 -0.865836 0.500328
vn  1.000000 0.000000 0.000000
vn  0.000000 -0.500798 0.865564
vn  1.000000 0.000000 0.000000
vn  0.000000 -0.002442 0.999997
vn  1.000000 0.000000 0.000000
vn  0.000000 0.498436 0.866927
vn  1.000000 0.000000 0.000000
vn  0.000000 0.866273 0.499571
vn  1.000000 0.000000 0.000000
vn  0.000000 1.000000 -0.000000
vn  0.000000 1.000000 -0.000000
vn  1.000000 0.000000 0.000000
vn  0.000000 0.865836 -0.500328
vn  1.000000 0.000000 0.000000
vn  0.000000 0.500798 -0.865564
vn  1.000000 0.000000 0.000000
vn  0.000000 0.002442 -0.999997
vn  1.000000 0.000000 0.000000
vn  0.000000 -0.498436 -0.866927
vn  1.000000 0.000000 0.000000
vn  0.000000 -0.866273 -0.499571
vn  0.000000 1.000000 0.000000
vn  0.000000 1.000000 0.000000
vn  1.000000 0.000000 0.000000
vn  0.000000 0.866273 -0.499571
vn  1.000000 0.000000 0.000000
vn  0.000000 0.498436 -0.866927
vn  1.000000 0.000000 0.000000
vn  0.000000 -0.002442 -0.999997
vn  1.000000 0.000000 0.000000
vn  0.000000 -0.500798 -0.865564
vn  1.000000 0.000000 0.000000
vn  0.000000 -0.865836 -0.500328
vn  1.000000 0.000000 0.000000
vn  0.000000 -1.000000 -0.000000
vn  0.000000 -1.000000 0.000000
vn  1.000000 0.000000 0.000000
vn  0.000000 -0.866273 0.499571
vn  1.000000 0.000000 0.000000
vn  0.000000 -0.498436 0.866927
vn  1.000000 0.000000 0.000000
vn  0.000000 0.002442 0.999997
vn  1.000000 0.000000 0.000000
vn  0.000000 0.500798 0.865564
vn  1.000000 0.000000 0.000000
vn  0.000000 0.865836 0.500328
vn  1.000000 0.000000 0.000000
vn  1.000000 0.000000 0.000000
vn  0.000000 -1.000000 -0.000000
vn  0.000000 -1.000000 0.000000
vn  1.000000 0.000000 0.000000
vn  0.000000 -0.865857 0.500291
vn  1.000000 0.000000 0.000000
vn  0.000000 -0.500874 0.865520
vn  1.000000 0.000000 0.000000
vn  0.000000 -0.002546 0.999997
vn  1.000000 0.000000 0.000000
vn  0.000000 0.498351 0.866975
vn  1.000000 0.000000 0.000000
vn  0.000000 0.866255 0.499602
vn  1.000000 0.000000 0.000000
vn  0.000000 1.000000 0.000000
vn  0.000000 1.000000 0.000000
vn  1.000000 0.000000 0.000000
vn  0.000000 0.865857 -0.500291
vn  1.000000 0.000000 0.000000
vn  0.000000 0.500874 -0.865520
vn  1.000000 0.000000 0.000000
vn  0.000000 0.002546 -0.999997
vn  1.000000 0.000000 0.000000
vn  0.000000 -0.498351 -0.866975
vn  1.000000 0.000000 0.000000
vn  0.000000 -0.866255 -0.499602
vn  0.000000 1.000000 0.000000
vn  0.000000 1.000000 0.000000
vn  1.000000 0.000000 0.000000
vn  0.000000 0.866255 -0.499602
vn  1.000000 0.000000 0.000000
vn  0.000000 0.498351 -0.866975
vn  1.000000 0.000000 0.000000
vn  0.000000 -0.002546 -0.999997
vn  1.000000 0.000000 0.000000
vn  0.000000 -0.500874 -0.865520
vn  1.000000 0.000000 0.000000
vn  0.000000 -0.865857 -0.500291
vn  1.000000 0.000000 0.000000
vn  0.000000 -1.000000 -0.000000
vn  0.000000 -1.000000 0.000000
vn  1.000000 0.000000 0.000000
vn  0.000000 -0.866255 0.499602
vn  1.000000 0.000000 0.000000
vn  0.000000 -0.498351 0.866975
vn  1.000000 0.000000 0.000000
vn  0.000000 0.002546 0.999997
vn  1.000000 0.000000 0.000000
vn  0.000000 0.500874 0.865520
vn  1.000000 0.000000 0.000000
vn  0.000000 0.865857 0.500291
vn  1.000000 0.000000 0.000000
vn  1.000000 0.000000 0.000000
vn  0.000000 -1.000000 -0.000000
vn  0.000000 -1.000000 0.000000
vn  1.000000 0.000000 0.000000
vn  0.000000 -0.865330 0.501203
vn  1.000000 0.000000 0.000000
vn  0.000000 -0.499167 0.866506
vn  1.000000 0.000000 0.000000
vn  0.000000 0.000468 1.000000
vn  1.000000 0.000000 0.000000
vn  0.000000 0.499923 0.866070
vn  1.000000 0.000000 0.000000
vn  0.000000 0.865965 0.500105
vn  1.000000 0.000000 0.000000
vn  0.000000 1.000000 0.000000
vn  0.000000 1.000000 0.000000
vn  1.000000 0.000000 0.000000
vn  0.000000 0.865330 -0.501203
vn  1.000000 0.000000 0.000000
vn  0.000000 0.499167 -0.866506
vn  1.000000 0.000000 0.000000
vn  0.000000 -0.000468 -1.000000
vn  1.000000 0.000000 0.000000
vn  0.000000 -0.499923 -0.866070
vn  1.000000 0.000000 0.000000
vn  0.000000 -0.865965 -0.500105
vn  0.000000 0.000000 -1.000000
vn  0.000000 0.000000 -1.000000
vn  -1.000000 0.000000 0.000000
vn  0.000000 -0.865264 -0.501316
vn  -1.000000 0.000000 0.000000
vn  0.000000 -0.869132 0.494581
vn  -1.000000 0.000000 0.000000
vn  0.000000 -0.506064 0.862496
vn  -1.000000 0.000000 0.000000
vn  0.000000 -0.000000 1.000000
vn  0.000000 0.000000 1.000000
vn  -1.000000 0.000000 0.000000
vn  0.000000 0.865264 0.501316
vn  -1.000000 0.000000 0.000000
vn  0.000000 0.869132 -0.494581
vn  -1.000000 0.000000 0.000000
vn  0.000000 0.506064 -0.862496
vn  -1.000000 0.000000 0.000000
vn  0.000000 0.000000 -1.000000
vn  0.000000 0.000000 -1.000000
vn  -1.000000 0.000000 0.000000
vn  0.000000 -0.865264 -0.501316
vn  -1.000000 0.000000 0.000000
vn  0.000000 -0.869132 0.494581
vn  -1.000000 0.000000 0.000000
vn  0.000000 -0.506064 0.862496
vn  -1.000000 0.000000 0.000000
vn  0.000000 -0.000000 1.000000
vn  0.000000 0.000000 1.000000
vn  -1.000000 0.000000 0.000000
vn  0.000000 0.865264 0.501316
vn  -1.000000 0.000000 0.000000
vn  0.000000 0.869132 -0.494581
vn  -1.000000 0.000000 0.000000
vn  0.000000 0.506064 -0.862496
vn  -1.000000 0.000000 0.000000
vn  0.000000 -0.000000 -1.000000
vn  0.000000 -0.000000 -1.000000
vn  1.000000 0.000000 0.000000
vn  0.000000 0.865264 -0.501316
vn  1.000000 0.000000 0.000000
vn  0.000000 0.869132 0.494581
vn  1.000000 0.000000 0.000000
vn  0.000000 0.506064 0.862496
vn  1.000000 0.000000 0.000000
vn  0.000000 0.000000 1.000000
vn  0.000000 0.000000 1.000000
vn  1.000000 0.000000 0.000000
vn  0.000000 -0.865264 0.501316
vn  1.000000 0.000000 0.000000
vn  0.000000 -0.869132 -0.494581
vn  1.000000 0.000000 0.000000
vn  0.000000 -0.506064 -0.862496
vn  1.000000 0.000000 0.000000
vn  0.000000 -0.000000 -1.000000
vn  0.000000 -0.000000 -1.000000
vn  1.000000 0.000000 0.000000
vn  0.000000 0.865264 -0.501316
vn  1.000000 0.000000 0.000000
vn  0.000000 0.869132 0.494581
vn  1.000000 0.000000 0.000000
vn  0.000000 0.506064 0.862496
vn  1.000000 0.000000 0.000000


g 0
g 1
usemtl MTL0
f 7/7/7  4/4/4  1/1/1
f 43/43/43  3/3/3  6/6/6
f 13/13/13  7/7/7  1/1/1
f 39/39/39  14/14/14  2/2/2
f 41/41/41  39/39/39  2/2/2
f 614/614/614  5/5/5  9/9/9
f 241/241/241  43/43/43  6/6/6
f 657/657/657  241/241/241  6/6/6
f 616/616/616  559/559/559  5/5/5
f 657/657/657  6/6/6  560/560/560
f 623/623/623  5/5/5  614/614/614
f 619/619/619  616/616/616  5/5/5
f 621/621/621  619/619/619  5/5/5
f 623/623/623  621/621/621  5/5/5
f 13/13/13  10/10/10  7/7/7
f 45/45/45  8/8/8  12/12/12
f 48/48/48  8/8/8  45/45/45
f 540/540/540  8/8/8  48/48/48
f 614/614/614  9/9/9  541/541/541
f 18/18/18  11/11/11  14/14/14
f 18/18/18  15/15/15  11/11/11
f 44/44/44  11/11/11  15/15/15
f 20/20/20  18/18/18  14/14/14
f 22/22/22  20/20/20  14/14/14
f 39/39/39  22/22/22  14/14/14
f 54/54/54  16/16/16  19/19/19
f 52/52/52  44/44/44  15/15/15
f 90/90/90  53/53/53  17/17/17
f 90/90/90  17/17/17  55/55/55
f 57/57/57  19/19/19  21/21/21
f 57/57/57  54/54/54  19/19/19
f 59/59/59  21/21/21  23/23/23
f 59/59/59  57/57/57  21/21/21
f 39/39/39  24/24/24  22/22/22
f 59/59/59  23/23/23  25/25/25
f 36/36/36  26/26/26  24/24/24
f 72/72/72  25/25/25  27/27/27
f 39/39/39  36/36/36  24/24/24
f 61/61/61  59/59/59  25/25/25
f 72/72/72  61/61/61  25/25/25
f 36/36/36  28/28/28  26/26/26
f 74/74/74  27/27/27  29/29/29
f 74/74/74  72/72/72  27/27/27
f 36/36/36  31/31/31  28/28/28
f 77/77/77  30/30/30  32/32/32
f 76/76/76  74/74/74  29/29/29
f 36/36/36  33/33/33  31/31/31
f 77/77/77  32/32/32  34/34/34
f 119/119/119  35/35/35  38/38/38
f 80/80/80  77/77/77  34/34/34
f 100/100/100  80/80/80  34/34/34
f 119/119/119  101/101/101  35/35/35
f 117/117/117  37/37/37  40/40/40
f 166/166/166  40/40/40  42/42/42
f 120/120/120  40/40/40  103/103/103
f 166/166/166  103/103/103  40/40/40
f 120/120/120  117/117/117  40/40/40
f 114/114/114  112/112/112  42/42/42
f 170/170/170  42/42/42  112/112/112
f 241/241/241  116/116/116  43/43/43
f 168/168/168  166/166/166  42/42/42
f 170/170/170  168/168/168  42/42/42
f 49/49/49  46/46/46  44/44/44
f 52/52/52  49/49/49  44/44/44
f 93/93/93  47/47/47  51/51/51
f 524/524/524  47/47/47  93/93/93
f 540/540/540  48/48/48  525/525/525
f 90/90/90  50/50/50  53/53/53
f 92/92/92  50/50/50  90/90/90
f 91/91/91  56/56/56  58/58/58
f 91/91/91  58/58/58  60/60/60
f 89/89/89  60/60/60  62/62/62
f 91/91/91  60/60/60  89/89/89
f 66/66/66  63/63/63  61/61/61
f 87/87/87  62/62/62  65/65/65
f 70/70/70  66/66/66  61/61/61
f 72/72/72  70/70/70  61/61/61
f 89/89/89  62/62/62  87/87/87
f 84/84/84  64/64/64  67/67/67
f 86/86/86  64/64/64  84/84/84
f 113/113/113  69/69/69  71/71/71
f 109/109/109  85/85/85  68/68/68
f 111/111/111  109/109/109  68/68/68
f 171/171/171  71/71/71  73/73/73
f 171/171/171  113/113/113  71/71/71
f 169/169/169  73/73/73  75/75/75
f 171/171/171  73/73/73  169/169/169
f 167/167/167  75/75/75  79/79/79
f 169/169/169  75/75/75  167/167/167
f 102/102/102  78/78/78  81/81/81
f 167/167/167  79/79/79  104/104/104
f 100/100/100  82/82/82  80/80/80
f 105/105/105  81/81/81  83/83/83
f 105/105/105  102/102/102  81/81/81
f 86/86/86  84/84/84  82/82/82
f 107/107/107  83/83/83  85/85/85
f 100/100/100  86/86/86  82/82/82
f 107/107/107  105/105/105  83/83/83
f 109/109/109  107/107/107  85/85/85
f 98/98/98  88/88/88  86/86/86
f 100/100/100  98/98/98  86/86/86
f 94/94/94  90/90/90  88/88/88
f 96/96/96  94/94/94  88/88/88
f 98/98/98  96/96/96  88/88/88
f 94/94/94  92/92/92  90/90/90
f 524/524/524  93/93/93  95/95/95
f 526/526/526  95/95/95  97/97/97
f 526/526/526  524/524/524  95/95/95
f 119/119/119  97/97/97  99/99/99
f 529/529/529  97/97/97  119/119/119
f 529/529/529  526/526/526  97/97/97
f 119/119/119  99/99/99  101/101/101
f 172/172/172  103/103/103  106/106/106
f 172/172/172  120/120/120  103/103/103
f 177/177/177  106/106/106  108/108/108
f 175/175/175  172/172/172  106/106/106
f 177/177/177  175/175/175  106/106/106
f 162/162/162  108/108/108  110/110/110
f 177/177/177  108/108/108  162/162/162
f 162/162/162  110/110/110  112/112/112
f 164/164/164  112/112/112  114/114/114
f 164/164/164  162/162/162  112/112/112
f 222/222/222  114/114/114  136/136/136
f 238/238/238  137/137/137  115/115/115
f 141/141/141  138/138/138  114/114/114
f 164/164/164  114/114/114  138/138/138
f 144/144/144  141/141/141  114/114/114
f 217/217/217  144/144/144  114/114/114
f 220/220/220  217/217/217  114/114/114
f 222/222/222  220/220/220  114/114/114
f 240/240/240  238/238/238  115/115/115
f 458/458/458  118/118/118  121/121/121
f 503/503/503  119/119/119  460/460/460
f 505/505/505  119/119/119  503/503/503
f 533/533/533  119/119/119  505/505/505
f 531/531/531  529/529/529  119/119/119
f 533/533/533  531/531/531  119/119/119
f 186/186/186  122/122/122  120/120/120
f 456/456/456  121/121/121  124/124/124
f 188/188/188  120/120/120  172/172/172
f 188/188/188  186/186/186  120/120/120
f 470/470/470  121/121/121  456/456/456
f 461/461/461  458/458/458  121/121/121
f 463/463/463  461/461/461  121/121/121
f 466/466/466  463/463/463  121/121/121
f 468/468/468  466/466/466  121/121/121
f 470/470/470  468/468/468  121/121/121
f 190/190/190  125/125/125  122/122/122
f 428/428/428  123/123/123  127/127/127
f 152/152/152  150/150/150  122/122/122
f 190/190/190  122/122/122  150/150/150
f 155/155/155  152/152/152  122/122/122
f 158/158/158  155/155/155  122/122/122
f 181/181/181  158/158/158  122/122/122
f 184/184/184  181/181/181  122/122/122
f 186/186/186  184/184/184  122/122/122
f 456/456/456  124/124/124  429/429/429
f 202/202/202  128/128/128  125/125/125
f 349/349/349  126/126/126  129/129/129
f 206/206/206  125/125/125  190/190/190
f 204/204/204  202/202/202  125/125/125
f 206/206/206  204/204/204  125/125/125
f 434/434/434  127/127/127  351/351/351
f 431/431/431  428/428/428  127/127/127
f 434/434/434  431/431/431  127/127/127
f 133/133/133  130/130/130  128/128/128
f 359/359/359  129/129/129  132/132/132
f 136/136/136  133/133/133  128/128/128
f 199/199/199  136/136/136  128/128/128
f 202/202/202  199/199/199  128/128/128
f 352/352/352  349/349/349  129/129/129
f 357/357/357  352/352/352  129/129/129
f 359/359/359  357/357/357  129/129/129
f 306/306/306  131/131/131  135/135/135
f 347/347/347  132/132/132  307/307/307
f 347/347/347  344/344/344  132/132/132
f 361/361/361  132/132/132  344/344/344
f 361/361/361  359/359/359  132/132/132
f 243/243/243  134/134/134  137/137/137
f 292/292/292  135/135/135  245/245/245
f 294/294/294  135/135/135  292/292/292
f 332/332/332  135/135/135  294/294/294
f 309/309/309  306/306/306  135/135/135
f 311/311/311  309/309/309  135/135/135
f 313/313/313  311/311/311  135/135/135
f 332/332/332  313/313/313  135/135/135
f 208/208/208  136/136/136  199/199/199
f 224/224/224  136/136/136  208/208/208
f 224/224/224  222/222/222  136/136/136
f 229/229/229  226/226/226  137/137/137
f 246/246/246  137/137/137  226/226/226
f 231/231/231  229/229/229  137/137/137
f 233/233/233  231/231/231  137/137/137
f 238/238/238  233/233/233  137/137/137
f 246/246/246  243/243/243  137/137/137
f 1445/1445/1445  139/139/139  142/142/142
f 1448/1448/1448  165/165/165  140/140/140
f 1448/1448/1448  140/140/140  1446/1446/1446
f 1471/1471/1471  143/143/143  145/145/145
f 1470/1470/1470  1445/1445/1445  142/142/142
f 215/215/215  146/146/146  144/144/144
f 1468/1468/1468  145/145/145  147/147/147
f 217/217/217  215/215/215  144/144/144
f 1471/1471/1471  145/145/145  1468/1468/1468
f 213/213/213  148/148/148  146/146/146
f 1466/1466/1466  147/147/147  149/149/149
f 215/215/215  213/213/213  146/146/146
f 1468/1468/1468  147/147/147  1466/1466/1466
f 190/190/190  150/150/150  148/148/148
f 1464/1464/1464  149/149/149  151/151/151
f 193/193/193  190/190/190  148/148/148
f 195/195/195  193/193/193  148/148/148
f 213/213/213  195/195/195  148/148/148
f 1466/1466/1466  149/149/149  1464/1464/1464
f 1462/1462/1462  151/151/151  154/154/154
f 1464/1464/1464  151/151/151  1462/1462/1462
f 1459/1459/1459  153/153/153  157/157/157
f 1462/1462/1462  154/154/154  1460/1460/1460
f 1456/1456/1456  156/156/156  159/159/159
f 1459/1459/1459  157/157/157  1457/1457/1457
f 179/179/179  160/160/160  158/158/158
f 1454/1454/1454  159/159/159  161/161/161
f 181/181/181  179/179/179  158/158/158
f 1456/1456/1456  159/159/159  1454/1454/1454
f 177/177/177  162/162/162  160/160/160
f 1452/1452/1452  161/161/161  163/163/163
f 179/179/179  177/177/177  160/160/160
f 1454/1454/1454  161/161/161  1452/1452/1452
f 1450/1450/1450  163/163/163  165/165/165
f 1452/1452/1452  163/163/163  1450/1450/1450
f 1450/1450/1450  165/165/165  1448/1448/1448
f 501/501/501  174/174/174  176/176/176
f 513/513/513  189/189/189  173/173/173
f 513/513/513  173/173/173  500/500/500
f 497/497/497  176/176/176  178/178/178
f 501/501/501  176/176/176  497/497/497
f 495/495/495  178/178/178  180/180/180
f 497/497/497  178/178/178  495/495/495
f 493/493/493  180/180/180  183/183/183
f 495/495/495  180/180/180  493/493/493
f 490/490/490  182/182/182  185/185/185
f 493/493/493  183/183/183  491/491/491
f 517/517/517  185/185/185  187/187/187
f 517/517/517  490/490/490  185/185/185
f 515/515/515  187/187/187  189/189/189
f 517/517/517  187/187/187  515/515/515
f 515/515/515  189/189/189  513/513/513
f 376/376/376  192/192/192  194/194/194
f 403/403/403  207/207/207  191/191/191
f 403/403/403  191/191/191  375/375/375
f 372/372/372  194/194/194  196/196/196
f 376/376/376  194/194/194  372/372/372
f 213/213/213  197/197/197  195/195/195
f 370/370/370  196/196/196  198/198/198
f 372/372/372  196/196/196  370/370/370
f 208/208/208  199/199/199  197/197/197
f 368/368/368  198/198/198  201/201/201
f 211/211/211  208/208/208  197/197/197
f 213/213/213  211/211/211  197/197/197
f 370/370/370  198/198/198  368/368/368
f 365/365/365  200/200/200  203/203/203
f 368/368/368  201/201/201  366/366/366
f 407/407/407  203/203/203  205/205/205
f 407/407/407  365/365/365  203/203/203
f 405/405/405  205/205/205  207/207/207
f 407/407/407  205/205/205  405/405/405
f 405/405/405  207/207/207  403/403/403
f 267/267/267  209/209/209  212/212/212
f 270/270/270  225/225/225  210/210/210
f 270/270/270  210/210/210  268/268/268
f 290/290/290  212/212/212  214/214/214
f 290/290/290  267/267/267  212/212/212
f 288/288/288  214/214/214  216/216/216
f 290/290/290  214/214/214  288/288/288
f 286/286/286  216/216/216  218/218/218
f 288/288/288  216/216/216  286/286/286
f 278/278/278  219/219/219  221/221/221
f 286/286/286  218/218/218  277/277/277
f 274/274/274  221/221/221  223/223/223
f 278/278/278  221/221/221  274/274/274
f 272/272/272  223/223/223  225/225/225
f 274/274/274  223/223/223  272/272/272
f 272/272/272  225/225/225  270/270/270
f 265/265/265  227/227/227  230/230/230
f 289/289/289  247/247/247  228/228/228
f 289/289/289  228/228/228  266/266/266
f 269/269/269  230/230/230  232/232/232
f 269/269/269  265/265/265  230/230/230
f 253/253/253  232/232/232  234/234/234
f 253/253/253  251/251/251  232/232/232
f 271/271/271  232/232/232  251/251/251
f 271/271/271  269/269/269  232/232/232
f 238/238/238  235/235/235  233/233/233
f 253/253/253  234/234/234  236/236/236
f 665/665/665  237/237/237  239/239/239
f 255/255/255  253/253/253  236/236/236
f 263/263/263  255/255/255  236/236/236
f 662/662/662  264/264/264  237/237/237
f 665/665/665  662/662/662  237/237/237
f 667/667/667  239/239/239  242/242/242
f 667/667/667  665/665/665  239/239/239
f 655/655/655  242/242/242  653/653/653
f 657/657/657  652/652/652  241/241/241
f 671/671/671  1840/1840/1840  414/414/414
f 673/673/673  1838/1838/1838  671/671/671
f 655/655/655  667/667/667  242/242/242
f 289/289/289  244/244/244  247/247/247
f 289/289/289  287/287/287  244/244/244
f 291/291/291  244/244/244  287/287/287
f 273/273/273  251/251/251  248/248/248
f 279/279/279  249/249/249  252/252/252
f 275/275/275  273/273/273  248/248/248
f 280/280/280  276/276/276  250/250/250
f 279/279/279  252/252/252  254/254/254
f 273/273/273  271/271/271  251/251/251
f 281/281/281  254/254/254  256/256/256
f 281/281/281  279/279/279  254/254/254
f 260/260/260  257/257/257  255/255/255
f 283/283/283  256/256/256  258/258/258
f 263/263/263  260/260/260  255/255/255
f 283/283/283  281/281/281  256/256/256
f 304/304/304  259/259/259  261/261/261
f 299/299/299  284/284/284  259/259/259
f 301/301/301  299/299/299  259/259/259
f 304/304/304  301/301/301  259/259/259
f 662/662/662  262/262/262  264/264/264
f 660/660/660  305/305/305  262/262/262
f 662/662/662  660/660/660  262/262/262
f 285/285/285  276/276/276  280/280/280
f 293/293/293  280/280/280  282/282/282
f 287/287/287  285/285/285  280/280/280
f 291/291/291  287/287/287  280/280/280
f 293/293/293  291/291/291  280/280/280
f 295/295/295  282/282/282  284/284/284
f 295/295/295  293/293/293  282/282/282
f 297/297/297  295/295/295  284/284/284
f 299/299/299  297/297/297  284/284/284
f 332/332/332  294/294/294  296/296/296
f 334/334/334  296/296/296  298/298/298
f 334/334/334  332/332/332  296/296/296
f 334/334/334  298/298/298  300/300/300
f 337/337/337  300/300/300  302/302/302
f 337/337/337  334/334/334  300/300/300
f 343/343/343  303/303/303  305/305/305
f 342/342/342  337/337/337  302/302/302
f 343/343/343  305/305/305  340/340/340
f 660/660/660  340/340/340  305/305/305
f 367/367/367  308/308/308  310/310/310
f 363/363/363  348/348/348  308/308/308
f 367/367/367  363/363/363  308/308/308
f 380/380/380  310/310/310  312/312/312
f 369/369/369  367/367/367  310/310/310
f 380/380/380  369/369/369  310/310/310
f 382/382/382  312/312/312  314/314/314
f 382/382/382  380/380/380  312/312/312
f 329/329/329  315/315/315  313/313/313
f 382/382/382  314/314/314  316/316/316
f 332/332/332  329/329/329  313/313/313
f 327/327/327  317/317/317  315/315/315
f 384/384/384  316/316/316  318/318/318
f 329/329/329  327/327/327  315/315/315
f 384/384/384  382/382/382  316/316/316
f 327/327/327  319/319/319  317/317/317
f 384/384/384  318/318/318  320/320/320
f 327/327/327  322/322/322  319/319/319
f 426/426/426  321/321/321  323/323/323
f 392/392/392  384/384/384  320/320/320
f 426/426/426  393/393/393  321/321/321
f 327/327/327  324/324/324  322/322/322
f 426/426/426  323/323/323  325/325/325
f 694/694/694  326/326/326  328/328/328
f 691/691/691  427/427/427  326/326/326
f 694/694/694  691/691/691  326/326/326
f 694/694/694  328/328/328  331/331/331
f 682/682/682  330/330/330  333/333/333
f 694/694/694  331/331/331  683/683/683
f 687/687/687  333/333/333  336/336/336
f 685/685/685  682/682/682  333/333/333
f 687/687/687  685/685/685  333/333/333
f 674/674/674  335/335/335  338/338/338
f 689/689/689  336/336/336  675/675/675
f 689/689/689  687/687/687  336/336/336
f 342/342/342  339/339/339  337/337/337
f 677/677/677  338/338/338  341/341/341
f 677/677/677  674/674/674  338/338/338
f 677/677/677  341/341/341  661/661/661
f 363/363/363  345/345/345  348/348/348
f 406/406/406  362/362/362  346/346/346
f 406/406/406  346/346/346  364/364/364
f 408/408/408  350/350/350  353/353/353
f 434/434/434  351/351/351  409/409/409
f 357/357/357  354/354/354  352/352/352
f 421/421/421  353/353/353  356/356/356
f 418/418/418  408/408/408  353/353/353
f 421/421/421  418/418/418  353/353/353
f 398/398/398  355/355/355  358/358/358
f 396/396/396  394/394/394  355/355/355
f 421/421/421  356/356/356  395/395/395
f 398/398/398  396/396/396  355/355/355
f 398/398/398  358/358/358  360/360/360
f 404/404/404  360/360/360  362/362/362
f 400/400/400  398/398/398  360/360/360
f 404/404/404  400/400/400  360/360/360
f 406/406/406  404/404/404  362/362/362
f 380/380/380  371/371/371  369/369/369
f 377/377/377  373/373/373  371/371/371
f 380/380/380  377/377/377  371/371/371
f 400/400/400  374/374/374  378/378/378
f 402/402/402  374/374/374  400/400/400
f 401/401/401  379/379/379  381/381/381
f 401/401/401  381/381/381  383/383/383
f 399/399/399  383/383/383  385/385/385
f 401/401/401  383/383/383  399/399/399
f 389/389/389  386/386/386  384/384/384
f 397/397/397  385/385/385  388/388/388
f 392/392/392  389/389/389  384/384/384
f 399/399/399  385/385/385  397/397/397
f 394/394/394  387/387/387  390/390/390
f 396/396/396  387/387/387  394/394/394
f 426/426/426  391/391/391  393/393/393
f 423/423/423  395/395/395  391/391/391
f 426/426/426  423/423/423  391/391/391
f 423/423/423  421/421/421  395/395/395
f 404/404/404  402/402/402  400/400/400
f 673/673/673  1836/1836/1836  1838/1838/1838
f 434/434/434  409/409/409  411/411/411
f 1831/1831/1831  1822/1822/1822  1829/1829/1829
f 418/418/418  410/410/410  408/408/408
f 671/671/671  1838/1838/1838  1840/1840/1840
f 437/437/437  434/434/434  411/411/411
f 757/757/757  438/438/438  412/412/412
f 1829/1829/1829  1824/1824/1824  1827/1827/1827
f 757/757/757  412/412/412  420/420/420
f 425/425/425  419/419/419  422/422/422
f 692/692/692  419/419/419  425/425/425
f 757/757/757  420/420/420  693/693/693
f 691/691/691  424/424/424  427/427/427
f 454/454/454  430/430/430  433/433/433
f 457/457/457  430/430/430  454/454/454
f 641/641/641  432/432/432  435/435/435
f 546/546/546  454/454/454  433/433/433
f 641/641/641  545/545/545  432/432/432
f 697/697/697  436/436/436  439/439/439
f 593/593/593  435/435/435  588/588/588
f 697/697/697  589/589/589  436/436/436
f 650/650/650  435/435/435  593/593/593
f 643/643/643  641/641/641  435/435/435
f 646/646/646  643/643/643  435/435/435
f 648/648/648  646/646/646  435/435/435
f 650/650/650  648/648/648  435/435/435
f 755/755/755  696/696/696  438/438/438
f 757/757/757  755/755/755  438/438/438
f 451/451/451  443/443/443  440/440/440
f 476/476/476  441/441/441  444/444/444
f 453/453/453  451/451/451  440/440/440
f 474/474/474  453/453/453  440/440/440
f 522/522/522  475/475/475  442/442/442
f 522/522/522  442/442/442  477/477/477
f 448/448/448  445/445/445  443/443/443
f 476/476/476  444/444/444  446/446/446
f 451/451/451  448/448/448  443/443/443
f 538/538/538  447/447/447  449/449/449
f 510/510/510  476/476/476  446/446/446
f 538/538/538  511/511/511  447/447/447
f 549/549/549  450/450/450  452/452/452
f 549/549/549  539/539/539  450/450/450
f 549/549/549  452/452/452  455/455/455
f 472/472/472  456/456/456  453/453/453
f 474/474/474  472/472/472  453/453/453
f 549/549/549  455/455/455  547/547/547
f 472/472/472  470/470/470  456/456/456
f 496/496/496  459/459/459  462/462/462
f 496/496/496  494/494/494  459/459/459
f 502/502/502  459/459/459  494/494/494
f 496/496/496  462/462/462  464/464/464
f 499/499/499  465/465/465  467/467/467
f 498/498/498  496/496/496  464/464/464
f 512/512/512  467/467/467  469/469/469
f 512/512/512  499/499/499  467/467/467
f 520/520/520  469/469/469  471/471/471
f 514/514/514  512/512/512  469/469/469
f 518/518/518  514/514/514  469/469/469
f 520/520/520  518/518/518  469/469/469
f 520/520/520  471/471/471  473/473/473
f 522/522/522  473/473/473  475/475/475
f 522/522/522  520/520/520  473/473/473
f 510/510/510  479/479/479  476/476/476
f 523/523/523  478/478/478  480/480/480
f 508/508/508  481/481/481  479/479/479
f 523/523/523  480/480/480  482/482/482
f 510/510/510  508/508/508  479/479/479
f 504/504/504  483/483/483  481/481/481
f 521/521/521  482/482/482  484/484/484
f 506/506/506  504/504/504  481/481/481
f 508/508/508  506/506/506  481/481/481
f 523/523/523  482/482/482  521/521/521
f 488/488/488  485/485/485  483/483/483
f 519/519/519  484/484/484  487/487/487
f 492/492/492  488/488/488  483/483/483
f 494/494/494  492/492/492  483/483/483
f 502/502/502  494/494/494  483/483/483
f 504/504/504  502/502/502  483/483/483
f 521/521/521  484/484/484  519/519/519
f 516/516/516  486/486/486  489/489/489
f 518/518/518  486/486/486  516/516/516
f 533/533/533  505/505/505  507/507/507
f 535/535/535  507/507/507  509/509/509
f 535/535/535  533/533/533  507/507/507
f 535/535/535  509/509/509  511/511/511
f 538/538/538  535/535/535  511/511/511
f 518/518/518  516/516/516  514/514/514
f 540/540/540  525/525/525  527/527/527
f 544/544/544  528/528/528  530/530/530
f 542/542/542  540/540/540  527/527/527
f 558/558/558  530/530/530  532/532/532
f 558/558/558  544/544/544  530/530/530
f 556/556/556  532/532/532  534/534/534
f 558/558/558  532/532/532  556/556/556
f 554/554/554  534/534/534  537/537/537
f 556/556/556  534/534/534  554/554/554
f 551/551/551  536/536/536  539/539/539
f 554/554/554  537/537/537  552/552/552
f 551/551/551  539/539/539  549/549/549
f 590/590/590  541/541/541  543/543/543
f 614/614/614  541/541/541  590/590/590
f 550/550/550  548/548/548  543/543/543
f 590/590/590  543/543/543  548/548/548
f 557/557/557  550/550/550  543/543/543
f 590/590/590  548/548/548  545/545/545
f 639/639/639  590/590/590  545/545/545
f 641/641/641  639/639/639  545/545/545
f 557/557/557  553/553/553  550/550/550
f 557/557/557  555/555/555  553/553/553
f 612/612/612  562/562/562  559/559/559
f 659/659/659  561/561/561  563/563/563
f 630/630/630  612/612/612  559/559/559
f 632/632/632  559/559/559  616/616/616
f 632/632/632  630/630/630  559/559/559
f 612/612/612  564/564/564  562/562/562
f 723/723/723  563/563/563  566/566/566
f 723/723/723  659/659/659  563/563/563
f 612/612/612  567/567/567  564/564/564
f 720/720/720  565/565/565  568/568/568
f 723/723/723  566/566/566  721/721/721
f 610/610/610  569/569/569  567/567/567
f 718/718/718  568/568/568  570/570/570
f 612/612/612  610/610/610  567/567/567
f 720/720/720  568/568/568  718/718/718
f 608/608/608  571/571/571  569/569/569
f 716/716/716  570/570/570  572/572/572
f 610/610/610  608/608/608  569/569/569
f 718/718/718  570/570/570  716/716/716
f 603/603/603  573/573/573  571/571/571
f 714/714/714  572/572/572  574/574/574
f 606/606/606  603/603/603  571/571/571
f 608/608/608  606/606/606  571/571/571
f 716/716/716  572/572/572  714/714/714
f 577/577/577  575/575/575  573/573/573
f 712/712/712  574/574/574  576/576/576
f 603/603/603  577/577/577  573/573/573
f 714/714/714  574/574/574  712/712/712
f 710/710/710  576/576/576  578/578/578
f 712/712/712  576/576/576  710/710/710
f 601/601/601  579/579/579  577/577/577
f 706/706/706  578/578/578  580/580/580
f 603/603/603  601/601/601  577/577/577
f 708/708/708  578/578/578  706/706/706
f 710/710/710  578/578/578  708/708/708
f 599/599/599  581/581/581  579/579/579
f 704/704/704  580/580/580  582/582/582
f 601/601/601  599/599/599  579/579/579
f 706/706/706  580/580/580  704/704/704
f 597/597/597  583/583/583  581/581/581
f 702/702/702  582/582/582  584/584/584
f 599/599/599  597/597/597  581/581/581
f 704/704/704  582/582/582  702/702/702
f 595/595/595  585/585/585  583/583/583
f 702/702/702  584/584/584  587/587/587
f 597/597/597  595/595/595  583/583/583
f 593/593/593  588/588/588  585/585/585
f 699/699/699  586/586/586  589/589/589
f 595/595/595  593/593/593  585/585/585
f 702/702/702  587/587/587  700/700/700
f 699/699/699  589/589/589  697/697/697
f 639/639/639  593/593/593  590/590/590
f 1755/1755/1755  591/591/591  594/594/594
f 1758/1758/1758  615/615/615  592/592/592
f 1758/1758/1758  592/592/592  1756/1756/1756
f 1777/1777/1777  594/594/594  596/596/596
f 637/637/637  634/634/634  593/593/593
f 650/650/650  593/593/593  634/634/634
f 639/639/639  637/637/637  593/593/593
f 1779/1779/1779  1755/1755/1755  594/594/594
f 1779/1779/1779  594/594/594  1777/1777/1777
f 1775/1775/1775  596/596/596  598/598/598
f 1777/1777/1777  596/596/596  1775/1775/1775
f 1773/1773/1773  598/598/598  600/600/600
f 1775/1775/1775  598/598/598  1773/1773/1773
f 1771/1771/1771  600/600/600  602/602/602
f 1773/1773/1773  600/600/600  1771/1771/1771
f 1771/1771/1771  602/602/602  604/604/604
f 1769/1769/1769  605/605/605  607/607/607
f 1771/1771/1771  604/604/604  1768/1768/1768
f 1764/1764/1764  607/607/607  609/609/609
f 1766/1766/1766  607/607/607  1764/1764/1764
f 1769/1769/1769  607/607/607  1766/1766/1766
f 1762/1762/1762  609/609/609  611/611/611
f 1764/1764/1764  609/609/609  1762/1762/1762
f 1760/1760/1760  611/611/611  613/613/613
f 1762/1762/1762  611/611/611  1760/1760/1760
f 625/625/625  614/614/614  612/612/612
f 1758/1758/1758  613/613/613  615/615/615
f 628/628/628  625/625/625  612/612/612
f 630/630/630  628/628/628  612/612/612
f 1760/1760/1760  613/613/613  1758/1758/1758
f 625/625/625  623/623/623  614/614/614
f 1826/1826/1826  618/618/618  620/620/620
f 1823/1823/1823  633/633/633  617/617/617
f 1825/1825/1825  1823/1823/1823  617/617/617
f 1828/1828/1828  620/620/620  622/622/622
f 1828/1828/1828  1826/1826/1826  620/620/620
f 1830/1830/1830  622/622/622  624/624/624
f 1830/1830/1830  1828/1828/1828  622/622/622
f 1832/1832/1832  624/624/624  627/627/627
f 1832/1832/1832  1830/1830/1830  624/624/624
f 1816/1816/1816  626/626/626  629/629/629
f 1832/1832/1832  627/627/627  1817/1817/1817
f 1819/1819/1819  629/629/629  631/631/631
f 1819/1819/1819  1816/1816/1816  629/629/629
f 1821/1821/1821  631/631/631  633/633/633
f 1821/1821/1821  1819/1819/1819  631/631/631
f 1823/1823/1823  1821/1821/1821  633/633/633
f 416/416/416  636/636/636  638/638/638
f 1841/1841/1841  651/651/651  635/635/635
f 415/415/415  1841/1841/1841  635/635/635
f 413/413/413  638/638/638  640/640/640
f 413/413/413  416/416/416  638/638/638
f 670/670/670  640/640/640  642/642/642
f 670/670/670  413/413/413  640/640/640
f 672/672/672  642/642/642  645/645/645
f 672/672/672  670/670/670  642/642/642
f 1834/1834/1834  644/644/644  647/647/647
f 672/672/672  645/645/645  1835/1835/1835
f 1837/1837/1837  647/647/647  649/649/649
f 1837/1837/1837  1834/1834/1834  647/647/647
f 1839/1839/1839  649/649/649  651/651/651
f 1839/1839/1839  1837/1837/1837  649/649/649
f 1841/1841/1841  1839/1839/1839  651/651/651
f 657/657/657  654/654/654  652/652/652
f 724/724/724  656/656/656  658/658/658
f 414/414/414  1842/1842/1842  417/417/417
f 724/724/724  680/680/680  656/656/656
f 727/727/727  658/658/658  722/722/722
f 727/727/727  724/724/724  658/658/658
f 677/677/677  661/661/661  663/663/663
f 681/681/681  664/664/664  666/666/666
f 679/679/679  677/677/677  663/663/663
f 681/681/681  666/666/666  669/669/669
f 414/414/414  1840/1840/1840  1842/1842/1842
f 680/680/680  668/668/668  656/656/656
f 773/773/773  676/676/676  678/678/678
f 771/771/771  690/690/690  676/676/676
f 773/773/773  771/771/771  676/676/676
f 724/724/724  678/678/678  680/680/680
f 773/773/773  678/678/678  724/724/724
f 763/763/763  684/684/684  686/686/686
f 760/760/760  695/695/695  684/684/684
f 763/763/763  760/760/760  684/684/684
f 765/765/765  686/686/686  688/688/688
f 765/765/765  763/763/763  686/686/686
f 768/768/768  688/688/688  690/690/690
f 768/768/768  765/765/765  688/688/688
f 771/771/771  768/768/768  690/690/690
f 757/757/757  693/693/693  695/695/695
f 760/760/760  757/757/757  695/695/695
f 755/755/755  698/698/698  696/696/696
f 753/753/753  701/701/701  698/698/698
f 755/755/755  753/753/753  698/698/698
f 751/751/751  703/703/703  701/701/701
f 753/753/753  751/751/751  701/701/701
f 749/749/749  705/705/705  703/703/703
f 751/751/751  749/749/749  703/703/703
f 747/747/747  707/707/707  705/705/705
f 749/749/749  747/747/747  705/705/705
f 745/745/745  709/709/709  707/707/707
f 747/747/747  745/745/745  707/707/707
f 743/743/743  711/711/711  709/709/709
f 745/745/745  743/743/743  709/709/709
f 741/741/741  713/713/713  711/711/711
f 743/743/743  741/741/741  711/711/711
f 737/737/737  715/715/715  713/713/713
f 739/739/739  737/737/737  713/713/713
f 741/741/741  739/739/739  713/713/713
f 733/733/733  717/717/717  715/715/715
f 735/735/735  733/733/733  715/715/715
f 737/737/737  735/735/735  715/715/715
f 731/731/731  719/719/719  717/717/717
f 733/733/733  731/731/731  717/717/717
f 729/729/729  722/722/722  719/719/719
f 731/731/731  729/729/729  719/719/719
f 729/729/729  727/727/727  722/722/722
f 787/787/787  726/726/726  728/728/728
f 786/786/786  774/774/774  725/725/725
f 816/816/816  728/728/728  730/730/730
f 787/787/787  728/728/728  783/783/783
f 816/816/816  783/783/783  728/728/728
f 818/818/818  730/730/730  732/732/732
f 818/818/818  816/816/816  730/730/730
f 820/820/820  732/732/732  734/734/734
f 820/820/820  818/818/818  732/732/732
f 822/822/822  734/734/734  736/736/736
f 822/822/822  820/820/820  734/734/734
f 824/824/824  736/736/736  738/738/738
f 824/824/824  822/822/822  736/736/736
f 824/824/824  738/738/738  740/740/740
f 826/826/826  740/740/740  742/742/742
f 826/826/826  824/824/824  740/740/740
f 828/828/828  742/742/742  744/744/744
f 828/828/828  826/826/826  742/742/742
f 828/828/828  744/744/744  746/746/746
f 830/830/830  746/746/746  748/748/748
f 830/830/830  828/828/828  746/746/746
f 834/834/834  748/748/748  750/750/750
f 832/832/832  830/830/830  748/748/748
f 834/834/834  832/832/832  748/748/748
f 836/836/836  750/750/750  752/752/752
f 836/836/836  834/834/834  750/750/750
f 838/838/838  752/752/752  754/754/754
f 838/838/838  836/836/836  752/752/752
f 840/840/840  754/754/754  756/756/756
f 840/840/840  838/838/838  754/754/754
f 844/844/844  756/756/756  759/759/759
f 842/842/842  840/840/840  756/756/756
f 844/844/844  842/842/842  756/756/756
f 803/803/803  758/758/758  762/762/762
f 810/810/810  758/758/758  803/803/803
f 844/844/844  759/759/759  811/811/811
f 802/802/802  761/761/761  764/764/764
f 808/808/808  764/764/764  767/767/767
f 804/804/804  802/802/802  764/764/764
f 808/808/808  804/804/804  764/764/764
f 789/789/789  766/766/766  770/770/770
f 796/796/796  766/766/766  789/789/789
f 808/808/808  767/767/767  797/797/797
f 788/788/788  769/769/769  772/772/772
f 794/794/794  772/772/772  775/775/775
f 790/790/790  788/788/788  772/772/772
f 794/794/794  790/790/790  772/772/772
f 786/786/786  776/776/776  774/774/774
f 794/794/794  775/775/775  777/777/777
f 782/782/782  778/778/778  776/776/776
f 794/794/794  777/777/777  779/779/779
f 786/786/786  782/782/782  776/776/776
f 882/882/882  780/780/780  785/785/785
f 890/890/890  795/795/795  781/781/781
f 890/890/890  781/781/781  883/883/883
f 846/846/846  784/784/784  817/817/817
f 882/882/882  785/785/785  847/847/847
f 796/796/796  789/789/789  791/791/791
f 886/886/886  792/792/792  795/795/795
f 798/798/798  796/796/796  791/791/791
f 892/892/892  800/800/800  793/793/793
f 892/892/892  793/793/793  887/887/887
f 890/890/890  886/886/886  795/795/795
f 808/808/808  797/797/797  799/799/799
f 900/900/900  809/809/809  801/801/801
f 900/900/900  801/801/801  893/893/893
f 810/810/810  803/803/803  805/805/805
f 896/896/896  806/806/806  809/809/809
f 812/812/812  810/810/810  805/805/805
f 879/879/879  815/815/815  807/807/807
f 897/897/897  879/879/879  807/807/807
f 900/900/900  896/896/896  809/809/809
f 844/844/844  811/811/811  813/813/813
f 876/876/876  845/845/845  814/814/814
f 878/878/878  876/876/876  814/814/814
f 850/850/850  817/817/817  819/819/819
f 850/850/850  846/846/846  817/817/817
f 852/852/852  819/819/819  821/821/821
f 852/852/852  850/850/850  819/819/819
f 854/854/854  821/821/821  823/823/823
f 854/854/854  852/852/852  821/821/821
f 856/856/856  823/823/823  825/825/825
f 856/856/856  854/854/854  823/823/823
f 858/858/858  825/825/825  827/827/827
f 858/858/858  856/856/856  825/825/825
f 860/860/860  827/827/827  829/829/829
f 860/860/860  858/858/858  827/827/827
f 862/862/862  829/829/829  831/831/831
f 862/862/862  860/860/860  829/829/829
f 864/864/864  831/831/831  833/833/833
f 864/864/864  862/862/862  831/831/831
f 866/866/866  833/833/833  835/835/835
f 866/866/866  864/864/864  833/833/833
f 868/868/868  835/835/835  837/837/837
f 868/868/868  866/866/866  835/835/835
f 868/868/868  837/837/837  839/839/839
f 870/870/870  839/839/839  841/841/841
f 870/870/870  868/868/868  839/839/839
f 872/872/872  841/841/841  843/843/843
f 872/872/872  870/870/870  841/841/841
f 874/874/874  843/843/843  845/845/845
f 874/874/874  872/872/872  843/843/843
f 876/876/876  874/874/874  845/845/845
f 991/991/991  849/849/849  851/851/851
f 990/990/990  884/884/884  848/848/848
f 946/946/946  851/851/851  853/853/853
f 949/949/949  851/851/851  946/946/946
f 991/991/991  851/851/851  949/949/949
f 946/946/946  853/853/853  855/855/855
f 944/944/944  855/855/855  857/857/857
f 946/946/946  855/855/855  944/944/944
f 942/942/942  857/857/857  859/859/859
f 944/944/944  857/857/857  942/942/942
f 940/940/940  859/859/859  861/861/861
f 942/942/942  859/859/859  940/940/940
f 938/938/938  861/861/861  863/863/863
f 940/940/940  861/861/861  938/938/938
f 936/936/936  863/863/863  865/865/865
f 938/938/938  863/863/863  936/936/936
f 934/934/934  865/865/865  867/867/867
f 936/936/936  865/865/865  934/934/934
f 932/932/932  867/867/867  869/869/869
f 934/934/934  867/867/867  932/932/932
f 930/930/930  869/869/869  871/871/871
f 932/932/932  869/869/869  930/930/930
f 928/928/928  871/871/871  873/873/873
f 930/930/930  871/871/871  928/928/928
f 928/928/928  873/873/873  875/875/875
f 926/926/926  875/875/875  877/877/877
f 928/928/928  875/875/875  926/926/926
f 926/926/926  877/877/877  881/881/881
f 908/908/908  880/880/880  898/898/898
f 910/910/910  880/880/880  908/908/908
f 926/926/926  881/881/881  911/911/911
f 993/993/993  891/891/891  885/885/885
f 992/992/992  884/884/884  990/990/990
f 993/993/993  888/888/888  891/891/891
f 995/995/995  894/894/894  889/889/889
f 994/994/994  888/888/888  993/993/993
f 997/997/997  901/901/901  895/895/895
f 996/996/996  894/894/894  995/995/995
f 997/997/997  899/899/899  901/901/901
f 997/997/997  909/909/909  899/899/899
f 910/910/910  905/905/905  902/902/902
f 950/950/950  903/903/903  906/906/906
f 926/926/926  911/911/911  904/904/904
f 987/987/987  925/925/925  903/903/903
f 987/987/987  903/903/903  950/950/950
f 910/910/910  908/908/908  905/905/905
f 924/924/924  907/907/907  909/909/909
f 953/953/953  906/906/906  923/923/923
f 953/953/953  950/950/950  906/906/906
f 924/924/924  909/909/909  922/922/922
f 997/997/997  922/922/922  909/909/909
f 961/961/961  915/915/915  912/912/912
f 994/994/994  914/914/914  916/916/916
f 963/963/963  912/912/912  947/947/947
f 992/992/992  948/948/948  913/913/913
f 963/963/963  961/961/961  912/912/912
f 994/994/994  993/993/993  914/914/914
f 920/920/920  917/917/917  915/915/915
f 994/994/994  916/916/916  918/918/918
f 923/923/923  920/920/920  915/915/915
f 958/958/958  923/923/923  915/915/915
f 961/961/961  958/958/958  915/915/915
f 996/996/996  919/919/919  921/921/921
f 996/996/996  995/995/995  919/919/919
f 955/955/955  953/953/953  923/923/923
f 958/958/958  955/955/955  923/923/923
f 985/985/985  927/927/927  925/925/925
f 987/987/987  985/985/985  925/925/925
f 983/983/983  929/929/929  927/927/927
f 985/985/985  983/983/983  927/927/927
f 981/981/981  931/931/931  929/929/929
f 983/983/983  981/981/981  929/929/929
f 979/979/979  933/933/933  931/931/931
f 981/981/981  979/979/979  931/931/931
f 977/977/977  935/935/935  933/933/933
f 979/979/979  977/977/977  933/933/933
f 977/977/977  937/937/937  935/935/935
f 975/975/975  939/939/939  937/937/937
f 977/977/977  975/975/975  937/937/937
f 973/973/973  941/941/941  939/939/939
f 975/975/975  973/973/973  939/939/939
f 971/971/971  943/943/943  941/941/941
f 973/973/973  971/971/971  941/941/941
f 969/969/969  945/945/945  943/943/943
f 971/971/971  969/969/969  943/943/943
f 966/966/966  947/947/947  945/945/945
f 969/969/969  966/966/966  945/945/945
f 966/966/966  963/963/963  947/947/947
f 992/992/992  990/990/990  948/948/948
f 1061/1061/1061  952/952/952  954/954/954
f 1008/1008/1008  988/988/988  951/951/951
f 1061/1061/1061  1009/1009/1009  952/952/952
f 1061/1061/1061  954/954/954  957/957/957
f 1053/1053/1053  956/956/956  960/960/960
f 1060/1060/1060  956/956/956  1053/1053/1053
f 1047/1047/1047  959/959/959  962/962/962
f 1052/1052/1052  959/959/959  1047/1047/1047
f 1047/1047/1047  962/962/962  965/965/965
f 1011/1011/1011  964/964/964  968/968/968
f 1046/1046/1046  964/964/964  1011/1011/1011
f 1010/1010/1010  967/967/967  970/970/970
f 1018/1018/1018  970/970/970  972/972/972
f 1012/1012/1012  1010/1010/1010  970/970/970
f 1016/1016/1016  1012/1012/1012  970/970/970
f 1018/1018/1018  1016/1016/1016  970/970/970
f 1020/1020/1020  972/972/972  974/974/974
f 1020/1020/1020  1018/1018/1018  972/972/972
f 1024/1024/1024  974/974/974  976/976/976
f 1022/1022/1022  1020/1020/1020  974/974/974
f 1024/1024/1024  1022/1022/1022  974/974/974
f 1028/1028/1028  976/976/976  978/978/978
f 1026/1026/1026  1024/1024/1024  976/976/976
f 1028/1028/1028  1026/1026/1026  976/976/976
f 1030/1030/1030  978/978/978  980/980/980
f 1030/1030/1030  1028/1028/1028  978/978/978
f 1034/1034/1034  980/980/980  982/982/982
f 1032/1032/1032  1030/1030/1030  980/980/980
f 1034/1034/1034  1032/1032/1032  980/980/980
f 1038/1038/1038  982/982/982  984/984/984
f 1036/1036/1036  1034/1034/1034  982/982/982
f 1038/1038/1038  1036/1036/1036  982/982/982
f 1042/1042/1042  984/984/984  986/986/986
f 1040/1040/1040  1038/1038/1038  984/984/984
f 1042/1042/1042  1040/1040/1040  984/984/984
f 1044/1044/1044  986/986/986  989/989/989
f 1044/1044/1044  1042/1042/1042  986/986/986
f 1008/1008/1008  998/998/998  988/988/988
f 1044/1044/1044  989/989/989  999/999/999
f 1004/1004/1004  1000/1000/1000  998/998/998
f 1044/1044/1044  999/999/999  1001/1001/1001
f 1008/1008/1008  1004/1004/1004  998/998/998
f 1173/1173/1173  1002/1002/1002  1007/1007/1007
f 1180/1180/1180  1045/1045/1045  1003/1003/1003
f 1180/1180/1180  1003/1003/1003  1174/1174/1174
f 1066/1066/1066  1005/1005/1005  1009/1009/1009
f 1068/1068/1068  1006/1006/1006  1067/1067/1067
f 1173/1173/1173  1007/1007/1007  1071/1071/1071
f 1063/1063/1063  1009/1009/1009  1061/1061/1061
f 1066/1066/1066  1009/1009/1009  1063/1063/1063
f 1046/1046/1046  1011/1011/1011  1013/1013/1013
f 1182/1182/1182  1014/1014/1014  1017/1017/1017
f 1048/1048/1048  1046/1046/1046  1013/1013/1013
f 1205/1205/1205  1050/1050/1050  1015/1015/1015
f 1205/1205/1205  1015/1015/1015  1185/1185/1185
f 1186/1186/1186  1017/1017/1017  1019/1019/1019
f 1186/1186/1186  1182/1182/1182  1017/1017/1017
f 1188/1188/1188  1019/1019/1019  1021/1021/1021
f 1188/1188/1188  1186/1186/1186  1019/1019/1019
f 1190/1190/1190  1021/1021/1021  1023/1023/1023
f 1190/1190/1190  1188/1188/1188  1021/1021/1021
f 1190/1190/1190  1023/1023/1023  1025/1025/1025
f 1192/1192/1192  1025/1025/1025  1027/1027/1027
f 1192/1192/1192  1190/1190/1190  1025/1025/1025
f 1194/1194/1194  1027/1027/1027  1029/1029/1029
f 1194/1194/1194  1192/1192/1192  1027/1027/1027
f 1194/1194/1194  1029/1029/1029  1031/1031/1031
f 1196/1196/1196  1031/1031/1031  1033/1033/1033
f 1196/1196/1196  1194/1194/1194  1031/1031/1031
f 1196/1196/1196  1033/1033/1033  1035/1035/1035
f 1198/1198/1198  1035/1035/1035  1037/1037/1037
f 1198/1198/1198  1196/1196/1196  1035/1035/1035
f 1198/1198/1198  1037/1037/1037  1039/1039/1039
f 1200/1200/1200  1039/1039/1039  1041/1041/1041
f 1200/1200/1200  1198/1198/1198  1039/1039/1039
f 1200/1200/1200  1041/1041/1041  1043/1043/1043
f 1178/1178/1178  1043/1043/1043  1045/1045/1045
f 1200/1200/1200  1043/1043/1043  1178/1178/1178
f 1180/1180/1180  1178/1178/1178  1045/1045/1045
f 1052/1052/1052  1047/1047/1047  1049/1049/1049
f 1058/1058/1058  1052/1052/1052  1049/1049/1049
f 1214/1214/1214  1059/1059/1059  1051/1051/1051
f 1214/1214/1214  1051/1051/1051  1206/1206/1206
f 1058/1058/1058  1054/1054/1054  1052/1052/1052
f 1060/1060/1060  1053/1053/1053  1055/1055/1055
f 1210/1210/1210  1056/1056/1056  1059/1059/1059
f 1062/1062/1062  1060/1060/1060  1055/1055/1055
f 1077/1077/1077  1065/1065/1065  1057/1057/1057
f 1213/1213/1213  1077/1077/1077  1057/1057/1057
f 1214/1214/1214  1210/1210/1210  1059/1059/1059
f 1072/1072/1072  1067/1067/1067  1064/1064/1064
f 1074/1074/1074  1072/1072/1072  1064/1064/1064
f 1072/1072/1072  1068/1068/1068  1067/1067/1067
f 1088/1088/1088  1069/1069/1069  1073/1073/1073
f 1172/1172/1172  1070/1070/1070  1089/1089/1089
f 1081/1081/1081  1073/1073/1073  1075/1075/1075
f 1081/1081/1081  1078/1078/1078  1073/1073/1073
f 1088/1088/1088  1073/1073/1073  1078/1078/1078
f 1086/1086/1086  1081/1081/1081  1075/1075/1075
f 1217/1217/1217  1087/1087/1087  1076/1076/1076
f 1217/1217/1217  1076/1076/1076  1212/1212/1212
f 1167/1167/1167  1079/1079/1079  1082/1082/1082
f 1176/1176/1176  1089/1089/1089  1080/1080/1080
f 1160/1160/1160  1090/1090/1090  1079/1079/1079
f 1176/1176/1176  1080/1080/1080  1091/1091/1091
f 1163/1163/1163  1160/1160/1160  1079/1079/1079
f 1165/1165/1165  1163/1163/1163  1079/1079/1079
f 1167/1167/1167  1165/1165/1165  1079/1079/1079
f 1086/1086/1086  1083/1083/1083  1081/1081/1081
f 1119/1119/1119  1082/1082/1082  1084/1084/1084
f 1124/1124/1124  1082/1082/1082  1119/1119/1119
f 1169/1169/1169  1082/1082/1082  1124/1124/1124
f 1169/1169/1169  1167/1167/1167  1082/1082/1082
f 1123/1123/1123  1085/1085/1085  1087/1087/1087
f 1121/1121/1121  1119/1119/1119  1084/1084/1084
f 1217/1217/1217  1123/1123/1123  1087/1087/1087
f 1176/1176/1176  1172/1172/1172  1089/1089/1089
f 1158/1158/1158  1093/1093/1093  1090/1090/1090
f 1177/1177/1177  1092/1092/1092  1094/1094/1094
f 1160/1160/1160  1158/1158/1158  1090/1090/1090
f 1156/1156/1156  1095/1095/1095  1093/1093/1093
f 1181/1181/1181  1094/1094/1094  1096/1096/1096
f 1158/1158/1158  1156/1156/1156  1093/1093/1093
f 1177/1177/1177  1094/1094/1094  1175/1175/1175
f 1181/1181/1181  1175/1175/1175  1094/1094/1094
f 1154/1154/1154  1097/1097/1097  1095/1095/1095
f 1179/1179/1179  1096/1096/1096  1098/1098/1098
f 1156/1156/1156  1154/1154/1154  1095/1095/1095
f 1181/1181/1181  1096/1096/1096  1179/1179/1179
f 1150/1150/1150  1099/1099/1099  1097/1097/1097
f 1201/1201/1201  1098/1098/1098  1100/1100/1100
f 1152/1152/1152  1150/1150/1150  1097/1097/1097
f 1154/1154/1154  1152/1152/1152  1097/1097/1097
f 1201/1201/1201  1179/1179/1179  1098/1098/1098
f 1148/1148/1148  1101/1101/1101  1099/1099/1099
f 1199/1199/1199  1100/1100/1100  1102/1102/1102
f 1150/1150/1150  1148/1148/1148  1099/1099/1099
f 1201/1201/1201  1100/1100/1100  1199/1199/1199
f 1148/1148/1148  1103/1103/1103  1101/1101/1101
f 1197/1197/1197  1102/1102/1102  1104/1104/1104
f 1199/1199/1199  1102/1102/1102  1197/1197/1197
f 1146/1146/1146  1105/1105/1105  1103/1103/1103
f 1195/1195/1195  1104/1104/1104  1106/1106/1106
f 1148/1148/1148  1146/1146/1146  1103/1103/1103
f 1197/1197/1197  1104/1104/1104  1195/1195/1195
f 1142/1142/1142  1107/1107/1107  1105/1105/1105
f 1193/1193/1193  1106/1106/1106  1108/1108/1108
f 1144/1144/1144  1142/1142/1142  1105/1105/1105
f 1146/1146/1146  1144/1144/1144  1105/1105/1105
f 1195/1195/1195  1106/1106/1106  1193/1193/1193
f 1140/1140/1140  1109/1109/1109  1107/1107/1107
f 1191/1191/1191  1108/1108/1108  1110/1110/1110
f 1142/1142/1142  1140/1140/1140  1107/1107/1107
f 1193/1193/1193  1108/1108/1108  1191/1191/1191
f 1138/1138/1138  1111/1111/1111  1109/1109/1109
f 1189/1189/1189  1110/1110/1110  1112/1112/1112
f 1140/1140/1140  1138/1138/1138  1109/1109/1109
f 1191/1191/1191  1110/1110/1110  1189/1189/1189
f 1136/1136/1136  1113/1113/1113  1111/1111/1111
f 1187/1187/1187  1112/1112/1112  1114/1114/1114
f 1138/1138/1138  1136/1136/1136  1111/1111/1111
f 1189/1189/1189  1112/1112/1112  1187/1187/1187
f 1129/1129/1129  1116/1116/1116  1113/1113/1113
f 1208/1208/1208  1115/1115/1115  1117/1117/1117
f 1131/1131/1131  1129/1129/1129  1113/1113/1113
f 1133/1133/1133  1131/1131/1131  1113/1113/1113
f 1136/1136/1136  1133/1133/1133  1113/1113/1113
f 1202/1202/1202  1187/1187/1187  1114/1114/1114
f 1208/1208/1208  1203/1203/1203  1115/1115/1115
f 1124/1124/1124  1119/1119/1119  1116/1116/1116
f 1209/1209/1209  1118/1118/1118  1120/1120/1120
f 1127/1127/1127  1124/1124/1124  1116/1116/1116
f 1129/1129/1129  1127/1127/1127  1116/1116/1116
f 1215/1215/1215  1120/1120/1120  1122/1122/1122
f 1209/1209/1209  1120/1120/1120  1207/1207/1207
f 1215/1215/1215  1207/1207/1207  1120/1120/1120
f 1216/1216/1216  1215/1215/1215  1122/1122/1122
f 1232/1232/1232  1126/1126/1126  1128/1128/1128
f 1221/1221/1221  1170/1170/1170  1125/1125/1125
f 1223/1223/1223  1221/1221/1221  1125/1125/1125
f 1226/1226/1226  1223/1223/1223  1125/1125/1125
f 1229/1229/1229  1226/1226/1226  1125/1125/1125
f 1231/1231/1231  1229/1229/1229  1125/1125/1125
f 1322/1322/1322  1128/1128/1128  1130/1130/1130
f 1320/1320/1320  1232/1232/1232  1128/1128/1128
f 1322/1322/1322  1320/1320/1320  1128/1128/1128
f 1338/1338/1338  1130/1130/1130  1132/1132/1132
f 1325/1325/1325  1322/1322/1322  1130/1130/1130
f 1338/1338/1338  1325/1325/1325  1130/1130/1130
f 1338/1338/1338  1132/1132/1132  1135/1135/1135
f 1267/1267/1267  1134/1134/1134  1137/1137/1137
f 1348/1348/1348  1135/1135/1135  1268/1268/1268
f 1340/1340/1340  1338/1338/1338  1135/1135/1135
f 1348/1348/1348  1340/1340/1340  1135/1135/1135
f 1278/1278/1278  1137/1137/1137  1139/1139/1139
f 1270/1270/1270  1267/1267/1267  1137/1137/1137
f 1272/1272/1272  1270/1270/1270  1137/1137/1137
f 1276/1276/1276  1272/1272/1272  1137/1137/1137
f 1278/1278/1278  1276/1276/1276  1137/1137/1137
f 1282/1282/1282  1139/1139/1139  1141/1141/1141
f 1280/1280/1280  1278/1278/1278  1139/1139/1139
f 1282/1282/1282  1280/1280/1280  1139/1139/1139
f 1284/1284/1284  1141/1141/1141  1143/1143/1143
f 1284/1284/1284  1282/1282/1282  1141/1141/1141
f 1288/1288/1288  1143/1143/1143  1145/1145/1145
f 1286/1286/1286  1284/1284/1284  1143/1143/1143
f 1288/1288/1288  1286/1286/1286  1143/1143/1143
f 1292/1292/1292  1145/1145/1145  1147/1147/1147
f 1290/1290/1290  1288/1288/1288  1145/1145/1145
f 1292/1292/1292  1290/1290/1290  1145/1145/1145
f 1292/1292/1292  1147/1147/1147  1149/1149/1149
f 1294/1294/1294  1149/1149/1149  1151/1151/1151
f 1294/1294/1294  1292/1292/1292  1149/1149/1149
f 1298/1298/1298  1151/1151/1151  1153/1153/1153
f 1296/1296/1296  1294/1294/1294  1151/1151/1151
f 1298/1298/1298  1296/1296/1296  1151/1151/1151
f 1302/1302/1302  1153/1153/1153  1155/1155/1155
f 1300/1300/1300  1298/1298/1298  1153/1153/1153
f 1302/1302/1302  1300/1300/1300  1153/1153/1153
f 1306/1306/1306  1155/1155/1155  1157/1157/1157
f 1304/1304/1304  1302/1302/1302  1155/1155/1155
f 1306/1306/1306  1304/1304/1304  1155/1155/1155
f 1310/1310/1310  1157/1157/1157  1159/1159/1159
f 1308/1308/1308  1306/1306/1306  1157/1157/1157
f 1310/1310/1310  1308/1308/1308  1157/1157/1157
f 1312/1312/1312  1159/1159/1159  1162/1162/1162
f 1312/1312/1312  1310/1310/1310  1159/1159/1159
f 1245/1245/1245  1161/1161/1161  1164/1164/1164
f 1245/1245/1245  1234/1234/1234  1161/1161/1161
f 1318/1318/1318  1162/1162/1162  1235/1235/1235
f 1314/1314/1314  1312/1312/1312  1162/1162/1162
f 1318/1318/1318  1314/1314/1314  1162/1162/1162
f 1245/1245/1245  1164/1164/1164  1166/1166/1166
f 1247/1247/1247  1166/1166/1166  1168/1168/1168
f 1247/1247/1247  1245/1245/1245  1166/1166/1166
f 1265/1265/1265  1168/1168/1168  1171/1171/1171
f 1262/1262/1262  1247/1247/1247  1168/1168/1168
f 1265/1265/1265  1262/1262/1262  1168/1168/1168
f 1221/1221/1221  1218/1218/1218  1170/1170/1170
f 1265/1265/1265  1171/1171/1171  1219/1219/1219
f 1202/1202/1202  1183/1183/1183  1187/1187/1187
f 1204/1204/1204  1184/1184/1184  1203/1203/1203
f 1208/1208/1208  1204/1204/1204  1203/1203/1203
f 1216/1216/1216  1211/1211/1211  1215/1215/1215
f 1411/1411/1411  1220/1220/1220  1222/1222/1222
f 1411/1411/1411  1266/1266/1266  1220/1220/1220
f 1411/1411/1411  1222/1222/1222  1224/1224/1224
f 1363/1363/1363  1225/1225/1225  1228/1228/1228
f 1409/1409/1409  1225/1225/1225  1363/1363/1363
f 1411/1411/1411  1224/1224/1224  1408/1408/1408
f 1361/1361/1361  1227/1227/1227  1230/1230/1230
f 1361/1361/1361  1230/1230/1230  1233/1233/1233
f 1364/1364/1364  1233/1233/1233  1321/1321/1321
f 1364/1364/1364  1361/1361/1361  1233/1233/1233
f 1245/1245/1245  1237/1237/1237  1234/1234/1234
f 1493/1493/1493  1236/1236/1236  1238/1238/1238
f 1505/1505/1505  1319/1319/1319  1236/1236/1236
f 1509/1509/1509  1236/1236/1236  1493/1493/1493
f 1507/1507/1507  1505/1505/1505  1236/1236/1236
f 1509/1509/1509  1507/1507/1507  1236/1236/1236
f 1242/1242/1242  1239/1239/1239  1237/1237/1237
f 1493/1493/1493  1238/1238/1238  1241/1241/1241
f 1245/1245/1245  1242/1242/1242  1237/1237/1237
f 1346/1346/1346  1240/1240/1240  1244/1244/1244
f 1491/1491/1491  1241/1241/1241  1347/1347/1347
f 1496/1496/1496  1241/1241/1241  1491/1491/1491
f 1496/1496/1496  1493/1493/1493  1241/1241/1241
f 1343/1343/1343  1243/1243/1243  1246/1246/1246
f 1346/1346/1346  1244/1244/1244  1344/1344/1344
f 1341/1341/1341  1246/1246/1246  1248/1248/1248
f 1343/1343/1343  1246/1246/1246  1341/1341/1341
f 1259/1259/1259  1249/1249/1249  1247/1247/1247
f 1339/1339/1339  1248/1248/1248  1250/1250/1250
f 1262/1262/1262  1259/1259/1259  1247/1247/1247
f 1341/1341/1341  1248/1248/1248  1339/1339/1339
f 1254/1254/1254  1251/1251/1251  1249/1249/1249
f 1337/1337/1337  1250/1250/1250  1252/1252/1252
f 1257/1257/1257  1254/1254/1254  1249/1249/1249
f 1259/1259/1259  1257/1257/1257  1249/1249/1249
f 1339/1339/1339  1250/1250/1250  1337/1337/1337
f 1479/1479/1479  1253/1253/1253  1256/1256/1256
f 1376/1376/1376  1337/1337/1337  1252/1252/1252
f 1479/1479/1479  1378/1378/1378  1253/1253/1253
f 1415/1415/1415  1255/1255/1255  1258/1258/1258
f 1415/1415/1415  1375/1375/1375  1255/1255/1255
f 1478/1478/1478  1255/1255/1255  1375/1375/1375
f 1415/1415/1415  1258/1258/1258  1260/1260/1260
f 1477/1477/1477  1261/1261/1261  1264/1264/1264
f 1476/1476/1476  1415/1415/1415  1260/1260/1260
f 1413/1413/1413  1263/1263/1263  1266/1266/1266
f 1472/1472/1472  1263/1263/1263  1413/1413/1413
f 1475/1475/1475  1264/1264/1264  1473/1473/1473
f 1477/1477/1477  1264/1264/1264  1475/1475/1475
f 1413/1413/1413  1266/1266/1266  1411/1411/1411
f 1525/1525/1525  1269/1269/1269  1271/1271/1271
f 1520/1520/1520  1349/1349/1349  1269/1269/1269
f 1523/1523/1523  1520/1520/1520  1269/1269/1269
f 1525/1525/1525  1523/1523/1523  1269/1269/1269
f 1485/1485/1485  1271/1271/1271  1273/1273/1273
f 1511/1511/1511  1271/1271/1271  1485/1485/1485
f 1527/1527/1527  1271/1271/1271  1511/1511/1511
f 1527/1527/1527  1525/1525/1525  1271/1271/1271
f 1584/1584/1584  1275/1275/1275  1277/1277/1277
f 1587/1587/1587  1487/1487/1487  1274/1274/1274
f 1587/1587/1587  1274/1274/1274  1583/1583/1583
f 1581/1581/1581  1277/1277/1277  1279/1279/1279
f 1584/1584/1584  1277/1277/1277  1581/1581/1581
f 1581/1581/1581  1279/1279/1279  1281/1281/1281
f 1581/1581/1581  1281/1281/1281  1283/1283/1283
f 1579/1579/1579  1283/1283/1283  1285/1285/1285
f 1581/1581/1581  1283/1283/1283  1579/1579/1579
f 1577/1577/1577  1285/1285/1285  1287/1287/1287
f 1579/1579/1579  1285/1285/1285  1577/1577/1577
f 1577/1577/1577  1287/1287/1287  1289/1289/1289
f 1575/1575/1575  1289/1289/1289  1291/1291/1291
f 1577/1577/1577  1289/1289/1289  1575/1575/1575
f 1575/1575/1575  1291/1291/1291  1293/1293/1293
f 1575/1575/1575  1293/1293/1293  1295/1295/1295
f 1573/1573/1573  1295/1295/1295  1297/1297/1297
f 1575/1575/1575  1295/1295/1295  1573/1573/1573
f 1571/1571/1571  1297/1297/1297  1299/1299/1299
f 1573/1573/1573  1297/1297/1297  1571/1571/1571
f 1569/1569/1569  1299/1299/1299  1301/1301/1301
f 1571/1571/1571  1299/1299/1299  1569/1569/1569
f 1569/1569/1569  1301/1301/1301  1303/1303/1303
f 1567/1567/1567  1303/1303/1303  1305/1305/1305
f 1569/1569/1569  1303/1303/1303  1567/1567/1567
f 1567/1567/1567  1305/1305/1305  1307/1307/1307
f 1565/1565/1565  1307/1307/1307  1309/1309/1309
f 1567/1567/1567  1307/1307/1307  1565/1565/1565
f 1565/1565/1565  1309/1309/1309  1311/1311/1311
f 1563/1563/1563  1311/1311/1311  1313/1313/1313
f 1565/1565/1565  1311/1311/1311  1563/1563/1563
f 1563/1563/1563  1313/1313/1313  1317/1317/1317
f 1502/1502/1502  1315/1315/1315  1319/1319/1319
f 1502/1502/1502  1488/1488/1488  1315/1315/1315
f 1559/1559/1559  1316/1316/1316  1490/1490/1490
f 1563/1563/1563  1317/1317/1317  1561/1561/1561
f 1505/1505/1505  1502/1502/1502  1319/1319/1319
f 1364/1364/1364  1321/1321/1321  1323/1323/1323
f 1360/1360/1360  1324/1324/1324  1327/1327/1327
f 1364/1364/1364  1323/1323/1323  1359/1359/1359
f 1336/1336/1336  1328/1328/1328  1325/1325/1325
f 1366/1366/1366  1326/1326/1326  1329/1329/1329
f 1338/1338/1338  1336/1336/1336  1325/1325/1325
f 1358/1358/1358  1327/1327/1327  1356/1356/1356
f 1366/1366/1366  1355/1355/1355  1326/1326/1326
f 1360/1360/1360  1327/1327/1327  1358/1358/1358
f 1333/1333/1333  1330/1330/1330  1328/1328/1328
f 1368/1368/1368  1329/1329/1329  1331/1331/1331
f 1336/1336/1336  1333/1333/1333  1328/1328/1328
f 1368/1368/1368  1366/1366/1366  1329/1329/1329
f 1354/1354/1354  1332/1332/1332  1334/1334/1334
f 1368/1368/1368  1331/1331/1331  1353/1353/1353
f 1352/1352/1352  1335/1335/1335  1337/1337/1337
f 1354/1354/1354  1334/1334/1334  1351/1351/1351
f 1376/1376/1376  1352/1352/1352  1337/1337/1337
f 1345/1345/1345  1342/1342/1342  1340/1340/1340
f 1348/1348/1348  1345/1345/1345  1340/1340/1340
f 1483/1483/1483  1347/1347/1347  1349/1349/1349
f 1483/1483/1483  1480/1480/1480  1347/1347/1347
f 1491/1491/1491  1347/1347/1347  1480/1480/1480
f 1520/1520/1520  1483/1483/1483  1349/1349/1349
f 1368/1368/1368  1353/1353/1353  1350/1350/1350
f 1370/1370/1370  1368/1368/1368  1350/1350/1350
f 1373/1373/1373  1371/1371/1371  1352/1352/1352
f 1376/1376/1376  1373/1373/1373  1352/1352/1352
f 1366/1366/1366  1357/1357/1357  1355/1355/1355
f 1364/1364/1364  1359/1359/1359  1357/1357/1357
f 1366/1366/1366  1364/1364/1364  1357/1357/1357
f 1403/1403/1403  1362/1362/1362  1365/1365/1365
f 1407/1407/1407  1362/1362/1362  1403/1403/1403
f 1405/1405/1405  1365/1365/1365  1367/1367/1367
f 1405/1405/1405  1403/1403/1403  1365/1365/1365
f 1405/1405/1405  1367/1367/1367  1369/1369/1369
f 1405/1405/1405  1369/1369/1369  1372/1372/1372
f 1396/1396/1396  1372/1372/1372  1374/1374/1374
f 1396/1396/1396  1379/1379/1379  1372/1372/1372
f 1405/1405/1405  1372/1372/1372  1379/1379/1379
f 1478/1478/1478  1375/1375/1375  1377/1377/1377
f 1414/1414/1414  1396/1396/1396  1374/1374/1374
f 1393/1393/1393  1382/1382/1382  1379/1379/1379
f 1429/1429/1429  1381/1381/1381  1384/1384/1384
f 1396/1396/1396  1393/1393/1393  1379/1379/1379
f 1425/1425/1425  1406/1406/1406  1380/1380/1380
f 1427/1427/1427  1425/1425/1425  1380/1380/1380
f 1391/1391/1391  1385/1385/1385  1382/1382/1382
f 1442/1442/1442  1383/1383/1383  1386/1386/1386
f 1393/1393/1393  1391/1391/1391  1382/1382/1382
f 1443/1443/1443  1429/1429/1429  1384/1384/1384
f 1389/1389/1389  1387/1387/1387  1385/1385/1385
f 1440/1440/1440  1386/1386/1386  1388/1388/1388
f 1391/1391/1391  1389/1389/1389  1385/1385/1385
f 1442/1442/1442  1386/1386/1386  1440/1440/1440
f 1438/1438/1438  1388/1388/1388  1390/1390/1390
f 1440/1440/1440  1388/1388/1388  1438/1438/1438
f 1436/1436/1436  1390/1390/1390  1392/1392/1392
f 1438/1438/1438  1390/1390/1390  1436/1436/1436
f 1434/1434/1434  1392/1392/1392  1395/1395/1395
f 1436/1436/1436  1392/1392/1392  1434/1434/1434
f 1431/1431/1431  1394/1394/1394  1398/1398/1398
f 1434/1434/1434  1395/1395/1395  1432/1432/1432
f 1414/1414/1414  1399/1399/1399  1396/1396/1396
f 1416/1416/1416  1397/1397/1397  1400/1400/1400
f 1431/1431/1431  1398/1398/1398  1418/1418/1418
f 1407/1407/1407  1401/1401/1401  1399/1399/1399
f 1419/1419/1419  1400/1400/1400  1402/1402/1402
f 1410/1410/1410  1407/1407/1407  1399/1399/1399
f 1412/1412/1412  1410/1410/1410  1399/1399/1399
f 1414/1414/1414  1412/1412/1412  1399/1399/1399
f 1419/1419/1419  1416/1416/1416  1400/1400/1400
f 1407/1407/1407  1403/1403/1403  1401/1401/1401
f 1421/1421/1421  1402/1402/1402  1404/1404/1404
f 1421/1421/1421  1419/1419/1419  1402/1402/1402
f 1423/1423/1423  1404/1404/1404  1406/1406/1406
f 1423/1423/1423  1421/1421/1421  1404/1404/1404
f 1425/1425/1425  1423/1423/1423  1406/1406/1406
f 1474/1474/1474  1413/1413/1413  1415/1415/1415
f 1474/1474/1474  1472/1472/1472  1413/1413/1413
f 1476/1476/1476  1474/1474/1474  1415/1415/1415
f 1458/1458/1458  1417/1417/1417  1420/1420/1420
f 1455/1455/1455  1430/1430/1430  1417/1417/1417
f 1458/1458/1458  1455/1455/1455  1417/1417/1417
f 1463/1463/1463  1420/1420/1420  1422/1422/1422
f 1461/1461/1461  1458/1458/1458  1420/1420/1420
f 1463/1463/1463  1461/1461/1461  1420/1420/1420
f 1465/1465/1465  1422/1422/1422  1424/1424/1424
f 1465/1465/1465  1463/1463/1463  1422/1422/1422
f 1465/1465/1465  1424/1424/1424  1426/1426/1426
f 1467/1467/1467  1426/1426/1426  1428/1428/1428
f 1467/1467/1467  1465/1465/1465  1426/1426/1426
f 1469/1469/1469  1428/1428/1428  1441/1441/1441
f 1469/1469/1469  1467/1467/1467  1428/1428/1428
f 1453/1453/1453  1433/1433/1433  1430/1430/1430
f 1455/1455/1455  1453/1453/1453  1430/1430/1430
f 1451/1451/1451  1435/1435/1435  1433/1433/1433
f 1453/1453/1453  1451/1451/1451  1433/1433/1433
f 1451/1451/1451  1437/1437/1437  1435/1435/1435
f 1449/1449/1449  1439/1439/1439  1437/1437/1437
f 1451/1451/1451  1449/1449/1449  1437/1437/1437
f 1444/1444/1444  1441/1441/1441  1439/1439/1439
f 1447/1447/1447  1444/1444/1444  1439/1439/1439
f 1449/1449/1449  1447/1447/1447  1439/1439/1439
f 1469/1469/1469  1441/1441/1441  1444/1444/1444
f 1557/1557/1557  1482/1482/1482  1484/1484/1484
f 1554/1554/1554  1492/1492/1492  1481/1481/1481
f 1556/1556/1556  1554/1554/1554  1481/1481/1481
f 1518/1518/1518  1485/1485/1485  1483/1483/1483
f 1596/1596/1596  1484/1484/1484  1486/1486/1486
f 1520/1520/1520  1518/1518/1518  1483/1483/1483
f 1596/1596/1596  1557/1557/1557  1484/1484/1484
f 1514/1514/1514  1511/1511/1511  1485/1485/1485
f 1516/1516/1516  1514/1514/1514  1485/1485/1485
f 1518/1518/1518  1516/1516/1516  1485/1485/1485
f 1589/1589/1589  1486/1486/1486  1586/1586/1586
f 1598/1598/1598  1486/1486/1486  1589/1589/1589
f 1598/1598/1598  1596/1596/1596  1486/1486/1486
f 1496/1496/1496  1491/1491/1491  1488/1488/1488
f 1554/1554/1554  1489/1489/1489  1492/1492/1492
f 1498/1498/1498  1496/1496/1496  1488/1488/1488
f 1500/1500/1500  1498/1498/1498  1488/1488/1488
f 1502/1502/1502  1500/1500/1500  1488/1488/1488
f 1552/1552/1552  1529/1529/1529  1489/1489/1489
f 1559/1559/1559  1490/1490/1490  1530/1530/1530
f 1554/1554/1554  1552/1552/1552  1489/1489/1489
f 1790/1790/1790  1495/1495/1495  1497/1497/1497
f 1787/1787/1787  1510/1510/1510  1494/1494/1494
f 1789/1789/1789  1787/1787/1787  1494/1494/1494
f 1792/1792/1792  1497/1497/1497  1499/1499/1499
f 1792/1792/1792  1790/1790/1790  1497/1497/1497
f 1794/1794/1794  1499/1499/1499  1501/1501/1501
f 1794/1794/1794  1792/1792/1792  1499/1499/1499
f 1796/1796/1796  1501/1501/1501  1504/1504/1504
f 1796/1796/1796  1794/1794/1794  1501/1501/1501
f 1780/1780/1780  1503/1503/1503  1506/1506/1506
f 1796/1796/1796  1504/1504/1504  1781/1781/1781
f 1783/1783/1783  1506/1506/1506  1508/1508/1508
f 1783/1783/1783  1780/1780/1780  1506/1506/1506
f 1785/1785/1785  1508/1508/1508  1510/1510/1510
f 1785/1785/1785  1783/1783/1783  1508/1508/1508
f 1787/1787/1787  1785/1785/1785  1510/1510/1510
f 1808/1808/1808  1513/1513/1513  1515/1515/1515
f 1805/1805/1805  1528/1528/1528  1512/1512/1512
f 1807/1807/1807  1805/1805/1805  1512/1512/1512
f 1810/1810/1810  1515/1515/1515  1517/1517/1517
f 1810/1810/1810  1808/1808/1808  1515/1515/1515
f 1812/1812/1812  1517/1517/1517  1519/1519/1519
f 1812/1812/1812  1810/1810/1810  1517/1517/1517
f 1814/1814/1814  1519/1519/1519  1522/1522/1522
f 1814/1814/1814  1812/1812/1812  1519/1519/1519
f 1798/1798/1798  1521/1521/1521  1524/1524/1524
f 1814/1814/1814  1522/1522/1522  1799/1799/1799
f 1801/1801/1801  1524/1524/1524  1526/1526/1526
f 1801/1801/1801  1798/1798/1798  1524/1524/1524
f 1803/1803/1803  1526/1526/1526  1528/1528/1528
f 1803/1803/1803  1801/1801/1801  1526/1526/1526
f 1805/1805/1805  1803/1803/1803  1528/1528/1528
f 1552/1552/1552  1532/1532/1532  1529/1529/1529
f 1560/1560/1560  1531/1531/1531  1533/1533/1533
f 1550/1550/1550  1534/1534/1534  1532/1532/1532
f 1562/1562/1562  1533/1533/1533  1535/1535/1535
f 1552/1552/1552  1550/1550/1550  1532/1532/1532
f 1562/1562/1562  1560/1560/1560  1533/1533/1533
f 1548/1548/1548  1536/1536/1536  1534/1534/1534
f 1566/1566/1566  1535/1535/1535  1537/1537/1537
f 1550/1550/1550  1548/1548/1548  1534/1534/1534
f 1564/1564/1564  1562/1562/1562  1535/1535/1535
f 1566/1566/1566  1564/1564/1564  1535/1535/1535
f 1546/1546/1546  1538/1538/1538  1536/1536/1536
f 1568/1568/1568  1537/1537/1537  1539/1539/1539
f 1548/1548/1548  1546/1546/1546  1536/1536/1536
f 1568/1568/1568  1566/1566/1566  1537/1537/1537
f 1543/1543/1543  1540/1540/1540  1538/1538/1538
f 1570/1570/1570  1539/1539/1539  1541/1541/1541
f 1546/1546/1546  1543/1543/1543  1538/1538/1538
f 1570/1570/1570  1568/1568/1568  1539/1539/1539
f 1604/1604/1604  1542/1542/1542  1544/1544/1544
f 1572/1572/1572  1570/1570/1570  1541/1541/1541
f 1594/1594/1594  1572/1572/1572  1541/1541/1541
f 1604/1604/1604  1595/1595/1595  1542/1542/1542
f 1605/1605/1605  1545/1545/1545  1547/1547/1547
f 1620/1620/1620  1547/1547/1547  1549/1549/1549
f 1617/1617/1617  1605/1605/1605  1547/1547/1547
f 1620/1620/1620  1617/1617/1617  1547/1547/1547
f 1622/1622/1622  1549/1549/1549  1551/1551/1551
f 1622/1622/1622  1620/1620/1620  1549/1549/1549
f 1624/1624/1624  1551/1551/1551  1553/1553/1553
f 1624/1624/1624  1622/1622/1622  1551/1551/1551
f 1626/1626/1626  1553/1553/1553  1555/1555/1555
f 1626/1626/1626  1624/1624/1624  1553/1553/1553
f 1597/1597/1597  1555/1555/1555  1558/1558/1558
f 1606/1606/1606  1555/1555/1555  1597/1597/1597
f 1626/1626/1626  1555/1555/1555  1606/1606/1606
f 1594/1594/1594  1574/1574/1574  1572/1572/1572
f 1592/1592/1592  1576/1576/1576  1574/1574/1574
f 1594/1594/1594  1592/1592/1592  1574/1574/1574
f 1590/1590/1590  1578/1578/1578  1576/1576/1576
f 1592/1592/1592  1590/1590/1590  1576/1576/1576
f 1590/1590/1590  1580/1580/1580  1578/1578/1578
f 1588/1588/1588  1582/1582/1582  1580/1580/1580
f 1590/1590/1590  1588/1588/1588  1580/1580/1580
f 1588/1588/1588  1585/1585/1585  1582/1582/1582
f 1600/1600/1600  1589/1589/1589  1591/1591/1591
f 1600/1600/1600  1598/1598/1598  1589/1589/1589
f 1602/1602/1602  1591/1591/1591  1593/1593/1593
f 1602/1602/1602  1600/1600/1600  1591/1591/1591
f 1604/1604/1604  1593/1593/1593  1595/1595/1595
f 1604/1604/1604  1602/1602/1602  1593/1593/1593
f 1609/1609/1609  1597/1597/1597  1599/1599/1599
f 1609/1609/1609  1606/1606/1606  1597/1597/1597
f 1611/1611/1611  1599/1599/1599  1601/1601/1601
f 1611/1611/1611  1609/1609/1609  1599/1599/1599
f 1613/1613/1613  1601/1601/1601  1603/1603/1603
f 1613/1613/1613  1611/1611/1611  1601/1601/1601
f 1615/1615/1615  1603/1603/1603  1605/1605/1605
f 1615/1615/1615  1613/1613/1613  1603/1603/1603
f 1617/1617/1617  1615/1615/1615  1605/1605/1605
f 1640/1640/1640  1608/1608/1608  1610/1610/1610
f 1637/1637/1637  1627/1627/1627  1607/1607/1607
f 1639/1639/1639  1637/1637/1637  1607/1607/1607
f 1642/1642/1642  1610/1610/1610  1612/1612/1612
f 1642/1642/1642  1640/1640/1640  1610/1610/1610
f 1644/1644/1644  1612/1612/1612  1614/1614/1614
f 1644/1644/1644  1642/1642/1642  1612/1612/1612
f 1646/1646/1646  1614/1614/1614  1616/1616/1616
f 1646/1646/1646  1644/1644/1644  1614/1614/1614
f 1648/1648/1648  1616/1616/1616  1619/1619/1619
f 1648/1648/1648  1646/1646/1646  1616/1616/1616
f 1628/1628/1628  1618/1618/1618  1621/1621/1621
f 1648/1648/1648  1619/1619/1619  1629/1629/1629
f 1631/1631/1631  1621/1621/1621  1623/1623/1623
f 1631/1631/1631  1628/1628/1628  1621/1621/1621
f 1633/1633/1633  1623/1623/1623  1625/1625/1625
f 1633/1633/1633  1631/1631/1631  1623/1623/1623
f 1635/1635/1635  1625/1625/1625  1627/1627/1627
f 1635/1635/1635  1633/1633/1633  1625/1625/1625
f 1637/1637/1637  1635/1635/1635  1627/1627/1627
f 1666/1666/1666  1630/1630/1630  1632/1632/1632
f 1661/1661/1661  1649/1649/1649  1630/1630/1630
f 1666/1666/1666  1661/1661/1661  1630/1630/1630
f 1668/1668/1668  1632/1632/1632  1634/1634/1634
f 1668/1668/1668  1666/1666/1666  1632/1632/1632
f 1670/1670/1670  1634/1634/1634  1636/1636/1636
f 1670/1670/1670  1668/1668/1668  1634/1634/1634
f 1672/1672/1672  1636/1636/1636  1638/1638/1638
f 1672/1672/1672  1670/1670/1670  1636/1636/1636
f 1674/1674/1674  1638/1638/1638  1641/1641/1641
f 1674/1674/1674  1672/1672/1672  1638/1638/1638
f 1653/1653/1653  1641/1641/1641  1643/1643/1643
f 1674/1674/1674  1641/1641/1641  1653/1653/1653
f 1655/1655/1655  1643/1643/1643  1645/1645/1645
f 1655/1655/1655  1653/1653/1653  1643/1643/1643
f 1657/1657/1657  1645/1645/1645  1647/1647/1647
f 1657/1657/1657  1655/1655/1655  1645/1645/1645
f 1659/1659/1659  1647/1647/1647  1649/1649/1649
f 1659/1659/1659  1657/1657/1657  1647/1647/1647
f 1661/1661/1661  1659/1659/1659  1649/1649/1649
f 1674/1674/1674  1653/1653/1653  1650/1650/1650
f 1690/1690/1690  1652/1652/1652  1654/1654/1654
f 1687/1687/1687  1675/1675/1675  1651/1651/1651
f 1689/1689/1689  1687/1687/1687  1651/1651/1651
f 1692/1692/1692  1654/1654/1654  1656/1656/1656
f 1692/1692/1692  1690/1690/1690  1654/1654/1654
f 1694/1694/1694  1656/1656/1656  1658/1658/1658
f 1694/1694/1694  1692/1692/1692  1656/1656/1656
f 1696/1696/1696  1658/1658/1658  1660/1660/1660
f 1696/1696/1696  1694/1694/1694  1658/1658/1658
f 1698/1698/1698  1660/1660/1660  1662/1662/1662
f 1698/1698/1698  1696/1696/1696  1660/1660/1660
f 1666/1666/1666  1663/1663/1663  1661/1661/1661
f 1700/1700/1700  1662/1662/1662  1665/1665/1665
f 1700/1700/1700  1698/1698/1698  1662/1662/1662
f 1676/1676/1676  1664/1664/1664  1667/1667/1667
f 1700/1700/1700  1665/1665/1665  1677/1677/1677
f 1679/1679/1679  1667/1667/1667  1669/1669/1669
f 1679/1679/1679  1676/1676/1676  1667/1667/1667
f 1681/1681/1681  1669/1669/1669  1671/1671/1671
f 1681/1681/1681  1679/1679/1679  1669/1669/1669
f 1683/1683/1683  1671/1671/1671  1673/1673/1673
f 1683/1683/1683  1681/1681/1681  1671/1671/1671
f 1685/1685/1685  1673/1673/1673  1675/1675/1675
f 1685/1685/1685  1683/1683/1683  1673/1673/1673
f 1687/1687/1687  1685/1685/1685  1675/1675/1675
f 1718/1718/1718  1678/1678/1678  1680/1680/1680
f 1713/1713/1713  1701/1701/1701  1678/1678/1678
f 1715/1715/1715  1713/1713/1713  1678/1678/1678
f 1718/1718/1718  1715/1715/1715  1678/1678/1678
f 1720/1720/1720  1680/1680/1680  1682/1682/1682
f 1720/1720/1720  1718/1718/1718  1680/1680/1680
f 1722/1722/1722  1682/1682/1682  1684/1684/1684
f 1722/1722/1722  1720/1720/1720  1682/1682/1682
f 1722/1722/1722  1684/1684/1684  1686/1686/1686
f 1724/1724/1724  1686/1686/1686  1688/1688/1688
f 1724/1724/1724  1722/1722/1722  1686/1686/1686
f 1726/1726/1726  1688/1688/1688  1691/1691/1691
f 1726/1726/1726  1724/1724/1724  1688/1688/1688
f 1705/1705/1705  1691/1691/1691  1693/1693/1693
f 1705/1705/1705  1702/1702/1702  1691/1691/1691
f 1726/1726/1726  1691/1691/1691  1702/1702/1702
f 1707/1707/1707  1693/1693/1693  1695/1695/1695
f 1707/1707/1707  1705/1705/1705  1693/1693/1693
f 1709/1709/1709  1695/1695/1695  1697/1697/1697
f 1709/1709/1709  1707/1707/1707  1695/1695/1695
f 1709/1709/1709  1697/1697/1697  1699/1699/1699
f 1711/1711/1711  1699/1699/1699  1701/1701/1701
f 1711/1711/1711  1709/1709/1709  1699/1699/1699
f 1713/1713/1713  1711/1711/1711  1701/1701/1701
f 1742/1742/1742  1704/1704/1704  1706/1706/1706
f 1739/1739/1739  1727/1727/1727  1703/1703/1703
f 1741/1741/1741  1739/1739/1739  1703/1703/1703
f 1744/1744/1744  1706/1706/1706  1708/1708/1708
f 1744/1744/1744  1742/1742/1742  1706/1706/1706
f 1746/1746/1746  1708/1708/1708  1710/1710/1710
f 1746/1746/1746  1744/1744/1744  1708/1708/1708
f 1748/1748/1748  1710/1710/1710  1712/1712/1712
f 1748/1748/1748  1746/1746/1746  1710/1710/1710
f 1750/1750/1750  1712/1712/1712  1714/1714/1714
f 1750/1750/1750  1748/1748/1748  1712/1712/1712
f 1752/1752/1752  1714/1714/1714  1717/1717/1717
f 1752/1752/1752  1750/1750/1750  1714/1714/1714
f 1728/1728/1728  1716/1716/1716  1719/1719/1719
f 1752/1752/1752  1717/1717/1717  1729/1729/1729
f 1731/1731/1731  1719/1719/1719  1721/1721/1721
f 1731/1731/1731  1728/1728/1728  1719/1719/1719
f 1733/1733/1733  1721/1721/1721  1723/1723/1723
f 1733/1733/1733  1731/1731/1731  1721/1721/1721
f 1735/1735/1735  1723/1723/1723  1725/1725/1725
f 1735/1735/1735  1733/1733/1733  1723/1723/1723
f 1737/1737/1737  1725/1725/1725  1727/1727/1727
f 1737/1737/1737  1735/1735/1735  1725/1725/1725
f 1739/1739/1739  1737/1737/1737  1727/1727/1727
f 1767/1767/1767  1730/1730/1730  1732/1732/1732
f 1765/1765/1765  1753/1753/1753  1730/1730/1730
f 1767/1767/1767  1765/1765/1765  1730/1730/1730
f 1770/1770/1770  1732/1732/1732  1734/1734/1734
f 1770/1770/1770  1767/1767/1767  1732/1732/1732
f 1772/1772/1772  1734/1734/1734  1736/1736/1736
f 1772/1772/1772  1770/1770/1770  1734/1734/1734
f 1776/1776/1776  1736/1736/1736  1738/1738/1738
f 1774/1774/1774  1772/1772/1772  1736/1736/1736
f 1776/1776/1776  1774/1774/1774  1736/1736/1736
f 1778/1778/1778  1738/1738/1738  1740/1740/1740
f 1778/1778/1778  1776/1776/1776  1738/1738/1738
f 1778/1778/1778  1740/1740/1740  1743/1743/1743
f 1754/1754/1754  1743/1743/1743  1745/1745/1745
f 1778/1778/1778  1743/1743/1743  1754/1754/1754
f 1757/1757/1757  1745/1745/1745  1747/1747/1747
f 1757/1757/1757  1754/1754/1754  1745/1745/1745
f 1759/1759/1759  1747/1747/1747  1749/1749/1749
f 1759/1759/1759  1757/1757/1757  1747/1747/1747
f 1763/1763/1763  1749/1749/1749  1751/1751/1751
f 1761/1761/1761  1759/1759/1759  1749/1749/1749
f 1763/1763/1763  1761/1761/1761  1749/1749/1749
f 1765/1765/1765  1751/1751/1751  1753/1753/1753
f 1765/1765/1765  1763/1763/1763  1751/1751/1751
f 1797/1797/1797  1782/1782/1782  1784/1784/1784
f 1795/1795/1795  1784/1784/1784  1786/1786/1786
f 1797/1797/1797  1784/1784/1784  1795/1795/1795
f 1793/1793/1793  1786/1786/1786  1788/1788/1788
f 1795/1795/1795  1786/1786/1786  1793/1793/1793
f 1793/1793/1793  1788/1788/1788  1791/1791/1791
f 1815/1815/1815  1800/1800/1800  1802/1802/1802
f 1813/1813/1813  1802/1802/1802  1804/1804/1804
f 1815/1815/1815  1802/1802/1802  1813/1813/1813
f 1811/1811/1811  1804/1804/1804  1806/1806/1806
f 1813/1813/1813  1804/1804/1804  1811/1811/1811
f 1811/1811/1811  1806/1806/1806  1809/1809/1809
f 1833/1833/1833  1818/1818/1818  1820/1820/1820
f 1831/1831/1831  1820/1820/1820  1822/1822/1822
f 1833/1833/1833  1820/1820/1820  1831/1831/1831
f 1829/1829/1829  1822/1822/1822  1824/1824/1824

v  12.300000 17.500000 -5.700000
v  12.300000 17.500000 -5.700000
v  12.300000 17.500000 -5.700000
v  12.300000 14.146645 -4.609322
v  12.300000 14.146645 -4.609322
v  12.300000 12.080079 -1.764510
v  12.300000 12.080079 -1.764510
v  12.300000 12.075448 1.750150
v  12.300000 12.075448 1.750150
v  12.300000 14.151648 4.612977
v  12.300000 14.151648 4.612977
v  12.300000 17.500000 5.700000
v  12.300000 17.500000 5.700000
v  12.300000 17.500000 5.700000
v  12.300000 20.853355 4.609322
v  12.300000 20.853355 4.609322
v  12.300000 22.919921 1.764510
v  12.300000 22.919921 1.764510
v  12.300000 22.924552 -1.750150
v  12.300000 22.924552 -1.750150
v  12.300000 20.848352 -4.612977
v  12.300000 20.848352 -4.612977
v  12.300000 17.500000 -4.000000
v  12.300000 17.500000 -4.000000
v  12.300000 17.500000 -4.000000
v  12.300000 20.329697 -2.826949
v  12.300000 20.329697 -2.826949
v  12.300000 21.499894 -0.002907
v  12.300000 21.499894 -0.002907
v  12.300000 20.325140 2.831467
v  12.300000 20.325140 2.831467
v  12.300000 17.500000 4.000000
v  12.300000 17.500000 4.000000
v  12.300000 17.500000 4.000000
v  12.300000 14.670303 2.826949
v  12.300000 14.670303 2.826949
v  12.300000 13.500106 0.002907
v  12.300000 13.500106 0.002907
v  12.300000 14.674860 -2.831467
v  12.300000 14.674860 -2.831467
v  12.000000 17.500000 6.000000
v  12.000000 17.500000 6.000000
v  12.000000 17.500000 6.000000
v  12.000000 17.500000 6.000000
v  12.000000 21.026712 4.854102
v  12.000000 21.026712 4.854102
v  12.000000 23.206339 1.854102
v  12.000000 23.206339 1.854102
v  12.000000 23.206339 -1.854102
v  12.000000 23.206339 -1.854102
v  12.000000 21.026712 -4.854102
v  12.000000 21.026712 -4.854102
v  12.000000 17.500000 -6.000000
v  12.000000 17.500000 -6.000000
v  12.000000 17.500000 -6.000000
v  12.000000 17.500000 -6.000000
v  12.000000 13.973288 -4.854102
v  12.000000 13.973288 -4.854102
v  12.000000 11.793661 -1.854102
v  12.000000 11.793661 -1.854102
v  12.000000 11.793661 1.854102
v  12.000000 11.793661 1.854102
v  12.000000 13.973288 4.854102
v  12.000000 13.973288 4.854102
v  6.900000 17.500000 -6.000000
v  6.900000 17.500000 -6.000000
v  6.900000 17.500000 -6.000000
v  6.900000 13.975665 -4.855955
v  6.900000 13.975665 -4.855955
v  6.900000 11.789785 -1.841769
v  6.900000 11.789785 -1.841769
v  6.900000 11.795132 1.858342
v  6.900000 11.795132 1.858342
v  6.900000 13.971024 4.852562
v  6.900000 13.971024 4.852562
v  6.900000 17.500000 6.000000
v  6.900000 17.500000 6.000000
v  6.900000 17.500000 6.000000
v  6.900000 21.024335 4.855955
v  6.900000 21.024335 4.855955
v  6.900000 23.210215 1.841769
v  6.900000 23.210215 1.841769
v  6.900000 23.204868 -1.858342
v  6.900000 23.204868 -1.858342
v  6.900000 21.028976 -4.852562
v  6.900000 21.028976 -4.852562
v  6.900000 17.500000 -8.000000
v  6.900000 17.500000 -8.000000
v  6.900000 17.500000 -8.000000
v  6.900000 12.802037 -6.475269
v  6.900000 12.802037 -6.475269
v  6.900000 9.895874 -2.485392
v  6.900000 9.895874 -2.485392
v  6.900000 9.885281 2.452745
v  6.900000 9.885281 2.452745
v  6.900000 12.803560 6.476373
v  6.900000 12.803560 6.476373
v  6.900000 17.500000 8.000000
v  6.900000 17.500000 8.000000
v  6.900000 17.500000 8.000000
v  6.900000 22.197963 6.475269
v  6.900000 22.197963 6.475269
v  6.900000 25.104126 2.485392
v  6.900000 25.104126 2.485392
v  6.900000 25.114719 -2.452745
v  6.900000 25.114719 -2.452745
v  6.900000 22.196440 -6.476373
v  6.900000 22.196440 -6.476373
v  6.700000 17.500000 8.000000
v  6.700000 17.500000 8.000000
v  6.700000 17.500000 8.000000
v  6.700000 22.196440 6.476373
v  6.700000 22.196440 6.476373
v  6.700000 25.114719 2.452745
v  6.700000 25.114719 2.452745
v  6.700000 25.104126 -2.485392
v  6.700000 25.104126 -2.485392
v  6.700000 22.197963 -6.475269
v  6.700000 22.197963 -6.475269
v  6.700000 17.500000 -8.000000
v  6.700000 17.500000 -8.000000
v  6.700000 17.500000 -8.000000
v  6.700000 12.803560 -6.476373
v  6.700000 12.803560 -6.476373
v  6.700000 9.885281 -2.452745
v  6.700000 9.885281 -2.452745
v  6.700000 9.895874 2.485392
v  6.700000 9.895874 2.485392
v  6.700000 12.802037 6.475269
v  6.700000 12.802037 6.475269
v  6.700000 29.500000 8.485281
v  6.700000 29.500000 8.485281
v  6.700000 29.500000 8.485281
v  6.700000 29.633425 7.338219
v  6.700000 29.633425 7.338219
v  6.700000 30.026316 6.252313
v  6.700000 30.026316 6.252313
v  6.700000 30.026316 6.252313
v  6.700000 31.499895 -0.000000
v  6.700000 31.499895 -0.000000
v  6.700000 30.026316 -6.252313
v  6.700000 30.026316 -6.252313
v  6.700000 30.026316 -6.252313
v  6.700000 29.633425 -7.338219
v  6.700000 29.633425 -7.338219
v  6.700000 29.500000 -8.485281
v  6.700000 29.500000 -8.485281
v  6.700000 29.500000 -8.485281
v  6.700000 29.500000 -12.000000
v  6.700000 29.500000 -12.000000
v  6.700000 29.500000 -12.000000
v  6.700000 25.985281 -12.000000
v  6.700000 25.985281 -12.000000
v  6.700000 25.985281 -12.000000
v  6.700000 24.838219 -12.133425
v  6.700000 24.838219 -12.133425
v  6.700000 23.752313 -12.526316
v  6.700000 23.752313 -12.526316
v  6.700000 23.752313 -12.526316
v  6.700000 20.711820 -13.626597
v  6.700000 20.711820 -13.626597
v  6.700000 17.500000 -14.000000
v  6.700000 17.500000 -14.000000
v  6.700000 11.413134 -12.607563
v  6.700000 11.413134 -12.607563
v  6.700000 6.549101 -8.722068
v  6.700000 6.549101 -8.722068
v  6.700000 3.851724 -3.118260
v  6.700000 3.851724 -3.118260
v  6.700000 3.850190 3.111478
v  6.700000 3.850190 3.111478
v  6.700000 6.553539 8.727637
v  6.700000 6.553539 8.727637
v  6.700000 11.424177 12.612882
v  6.700000 11.424177 12.612882
v  6.700000 17.500000 14.000000
v  6.700000 17.500000 14.000000
v  6.700000 20.711820 13.626597
v  6.700000 20.711820 13.626597
v  6.700000 23.752313 12.526316
v  6.700000 23.752313 12.526316
v  6.700000 23.752313 12.526316
v  6.700000 24.838219 12.133425
v  6.700000 24.838219 12.133425
v  6.700000 25.985281 12.000000
v  6.700000 25.985281 12.000000
v  6.700000 25.985281 12.000000
v  6.700000 29.500000 12.000000
v  6.700000 29.500000 12.000000
v  6.700000 29.500000 12.000000
v  6.700000 27.700020 -11.950000
v  6.700000 27.700020 -11.950000
v  6.700000 27.700020 -11.950000
v  6.700000 29.044645 -11.170869
v  6.700000 29.044645 -11.170869
v  6.700000 29.040264 -9.621539
v  6.700000 29.040264 -9.621539
v  6.700000 27.700020 -8.850000
v  6.700000 27.700020 -8.850000
v  6.700000 27.700020 -8.850000
v  6.700000 26.355395 -9.629131
v  6.700000 26.355395 -9.629131
v  6.700000 26.359776 -11.178461
v  6.700000 26.359776 -11.178461
v  6.700000 27.700020 8.850000
v  6.700000 27.700020 8.850000
v  6.700000 27.700020 8.850000
v  6.700000 29.044645 9.629131
v  6.700000 29.044645 9.629131
v  6.700000 29.040264 11.178461
v  6.700000 29.040264 11.178461
v  6.700000 27.700020 11.950000
v  6.700000 27.700020 11.950000
v  6.700000 27.700020 11.950000
v  6.700000 26.355395 11.170869
v  6.700000 26.355395 11.170869
v  6.700000 26.359776 9.621539
v  6.700000 26.359776 9.621539
v  4.100000 29.500000 8.485281
v  4.100000 29.500000 8.485281
v  4.100000 29.500000 8.485281
v  4.100000 29.500000 12.000000
v  4.100000 29.500000 12.000000
v  4.100000 29.500000 12.000000
v  4.100000 30.026316 6.252313
v  4.100000 30.026316 6.252313
v  4.100000 30.026316 6.252313
v  4.100000 29.633425 7.338219
v  4.100000 29.633425 7.338219
v  4.100000 30.026316 -6.252313
v  4.100000 30.026316 -6.252313
v  4.100000 30.026316 -6.252313
v  4.100000 31.499895 -0.000000
v  4.100000 31.499895 -0.000000
v  4.100000 29.633425 -7.338219
v  4.100000 29.633425 -7.338219
v  4.100000 29.500000 -8.485281
v  4.100000 29.500000 -8.485281
v  4.100000 29.500000 -8.485281
v  4.100000 29.500000 -12.000000
v  4.100000 29.500000 -12.000000
v  4.100000 29.500000 -12.000000
v  4.100000 25.985281 12.000000
v  4.100000 25.985281 12.000000
v  4.100000 25.985281 12.000000
v  4.100000 24.838219 12.133425
v  4.100000 24.838219 12.133425
v  4.100000 23.752313 12.526316
v  4.100000 23.752313 12.526316
v  4.100000 23.752313 12.526316
v  4.100000 20.711820 13.626597
v  4.100000 20.711820 13.626597
v  4.100000 17.500000 14.000000
v  4.100000 17.500000 14.000000
v  4.100000 14.288180 13.626597
v  4.100000 14.288180 13.626597
v  4.100000 11.247687 12.526316
v  4.100000 11.247687 12.526316
v  4.100000 6.450087 8.596716
v  4.100000 6.450087 8.596716
v  4.100000 3.823827 2.993334
v  4.100000 3.823827 2.993334
v  4.100000 3.868699 -3.191779
v  4.100000 3.868699 -3.191779
v  4.100000 6.586113 -8.768360
v  4.100000 6.586113 -8.768360
v  4.100000 11.459755 -12.630074
v  4.100000 11.459755 -12.630074
v  4.100000 17.500000 -14.000000
v  4.100000 17.500000 -14.000000
v  4.100000 20.711820 -13.626597
v  4.100000 20.711820 -13.626597
v  4.100000 23.752313 -12.526316
v  4.100000 23.752313 -12.526316
v  4.100000 23.752313 -12.526316
v  4.100000 24.838219 -12.133425
v  4.100000 24.838219 -12.133425
v  4.100000 25.985281 -12.000000
v  4.100000 25.985281 -12.000000
v  4.100000 25.985281 -12.000000
v  4.100000 17.500000 12.300000
v  4.100000 17.500000 12.300000
v  4.100000 17.500000 12.300000
v  4.100000 23.660765 10.645889
v  4.100000 23.660765 10.645889
v  4.100000 28.153869 6.146826
v  4.100000 28.153869 6.146826
v  4.100000 29.799894 0.001106
v  4.100000 29.799894 0.001106
v  4.100000 28.151070 -6.151692
v  4.100000 28.151070 -6.151692
v  4.100000 23.649928 -10.652175
v  4.100000 23.649928 -10.652175
v  4.100000 17.500000 -12.300000
v  4.100000 17.500000 -12.300000
v  4.100000 17.500000 -12.300000
v  4.100000 11.339235 -10.645889
v  4.100000 11.339235 -10.645889
v  4.100000 6.846131 -6.146826
v  4.100000 6.846131 -6.146826
v  4.100000 5.200106 -0.001106
v  4.100000 5.200106 -0.001106
v  4.100000 6.848930 6.151692
v  4.100000 6.848930 6.151692
v  4.100000 11.350072 10.652175
v  4.100000 11.350072 10.652175
v  4.100000 27.700020 11.300000
v  4.100000 27.700020 11.300000
v  4.100000 27.700020 11.300000
v  4.100000 28.153615 11.177334
v  4.100000 28.153615 11.177334
v  4.100000 28.482342 10.844931
v  4.100000 28.482342 10.844931
v  4.100000 28.478782 9.948866
v  4.100000 28.478782 9.948866
v  4.100000 27.700020 9.500000
v  4.100000 27.700020 9.500000
v  4.100000 27.700020 9.500000
v  4.100000 27.246425 9.622666
v  4.100000 27.246425 9.622666
v  4.100000 26.917697 9.955069
v  4.100000 26.917697 9.955069
v  4.100000 26.921257 10.851134
v  4.100000 26.921257 10.851134
v  4.100000 27.700020 -9.500000
v  4.100000 27.700020 -9.500000
v  4.100000 27.700020 -9.500000
v  4.100000 28.153615 -9.622666
v  4.100000 28.153615 -9.622666
v  4.100000 28.482342 -9.955069
v  4.100000 28.482342 -9.955069
v  4.100000 28.478782 -10.851134
v  4.100000 28.478782 -10.851134
v  4.100000 27.700020 -11.300000
v  4.100000 27.700020 -11.300000
v  4.100000 27.700020 -11.300000
v  4.100000 27.246425 -11.177334
v  4.100000 27.246425 -11.177334
v  4.100000 26.917697 -10.844931
v  4.100000 26.917697 -10.844931
v  4.100000 26.921257 -9.948866
v  4.100000 26.921257 -9.948866
v  4.400000 17.500000 -12.000000
v  4.400000 17.500000 -12.000000
v  4.400000 17.500000 -12.000000
v  4.400000 17.500000 -12.000000
v  4.400000 11.500000 -10.392305
v  4.400000 11.500000 -10.392305
v  4.400000 7.107695 -6.000000
v  4.400000 7.107695 -6.000000
v  4.400000 5.500000 -0.000000
v  4.400000 5.500000 -0.000000
v  4.400000 7.107695 6.000000
v  4.400000 7.107695 6.000000
v  4.400000 11.500000 10.392305
v  4.400000 11.500000 10.392305
v  4.400000 17.500000 12.000000
v  4.400000 17.500000 12.000000
v  4.400000 17.500000 12.000000
v  4.400000 17.500000 12.000000
v  4.400000 23.500000 10.392305
v  4.400000 23.500000 10.392305
v  4.400000 27.892305 6.000000
v  4.400000 27.892305 6.000000
v  4.400000 29.500000 0.000000
v  4.400000 29.500000 0.000000
v  4.400000 27.892305 -6.000000
v  4.400000 27.892305 -6.000000
v  4.400000 23.500000 -10.392305
v  4.400000 23.500000 -10.392305
v  5.800000 17.500000 12.000000
v  5.800000 17.500000 12.000000
v  5.800000 17.500000 12.000000
v  5.800000 23.499576 10.392575
v  5.800000 23.499576 10.392575
v  5.800000 27.891882 6.000613
v  5.800000 27.891882 6.000613
v  5.800000 29.499897 -0.000415
v  5.800000 29.499897 -0.000415
v  5.800000 27.894842 -5.995468
v  5.800000 27.894842 -5.995468
v  5.800000 23.510339 -10.386332
v  5.800000 23.510339 -10.386332
v  5.800000 17.500000 -12.000000
v  5.800000 17.500000 -12.000000
v  5.800000 17.500000 -12.000000
v  5.800000 11.500424 -10.392575
v  5.800000 11.500424 -10.392575
v  5.800000 7.108118 -6.000613
v  5.800000 7.108118 -6.000613
v  5.800000 5.500103 0.000415
v  5.800000 5.500103 0.000415
v  5.800000 7.105158 5.995468
v  5.800000 7.105158 5.995468
v  5.800000 11.489661 10.386332
v  5.800000 11.489661 10.386332
v  5.800000 17.500000 5.000000
v  5.800000 17.500000 5.000000
v  5.800000 17.500000 5.000000
v  5.800000 21.038065 3.532663
v  5.800000 21.038065 3.532663
v  5.800000 22.499989 0.006728
v  5.800000 22.499989 0.006728
v  5.800000 21.035257 -3.535446
v  5.800000 21.035257 -3.535446
v  5.800000 17.500000 -5.000000
v  5.800000 17.500000 -5.000000
v  5.800000 17.500000 -5.000000
v  5.800000 13.961935 -3.532663
v  5.800000 13.961935 -3.532663
v  5.800000 12.500011 -0.006728
v  5.800000 12.500011 -0.006728
v  5.800000 13.964743 3.535446
v  5.800000 13.964743 3.535446
v  6.340000 17.500000 -5.000000
v  6.340000 17.500000 -5.000000
v  6.340000 17.500000 -5.000000
v  6.340000 13.964743 -3.535446
v  6.340000 13.964743 -3.535446
v  6.340000 12.500011 0.006728
v  6.340000 12.500011 0.006728
v  6.340000 13.961935 3.532663
v  6.340000 13.961935 3.532663
v  6.340000 17.500000 5.000000
v  6.340000 17.500000 5.000000
v  6.340000 17.500000 5.000000
v  6.340000 21.035257 3.535446
v  6.340000 21.035257 3.535446
v  6.340000 22.499989 -0.006728
v  6.340000 22.499989 -0.006728
v  6.340000 21.038065 -3.532663
v  6.340000 21.038065 -3.532663
v  6.340000 17.500000 -4.300000
v  6.340000 17.500000 -4.300000
v  6.340000 17.500000 -4.300000
v  6.340000 14.457777 -3.038670
v  6.340000 14.457777 -3.038670
v  6.340000 13.200007 -0.004030
v  6.340000 13.200007 -0.004030
v  6.340000 14.461848 3.042723
v  6.340000 14.461848 3.042723
v  6.340000 17.500000 4.300000
v  6.340000 17.500000 4.300000
v  6.340000 17.500000 4.300000
v  6.340000 20.542223 3.038670
v  6.340000 20.542223 3.038670
v  6.340000 21.799993 0.004030
v  6.340000 21.799993 0.004030
v  6.340000 20.538152 -3.042723
v  6.340000 20.538152 -3.042723
v  6.640000 17.500000 4.000000
v  6.640000 17.500000 4.000000
v  6.640000 17.500000 4.000000
v  6.640000 17.500000 4.000000
v  6.640000 20.328427 2.828427
v  6.640000 20.328427 2.828427
v  6.640000 21.500000 0.000000
v  6.640000 21.500000 0.000000
v  6.640000 20.328427 -2.828427
v  6.640000 20.328427 -2.828427
v  6.640000 17.500000 -4.000000
v  6.640000 17.500000 -4.000000
v  6.640000 17.500000 -4.000000
v  6.640000 17.500000 -4.000000
v  6.640000 14.671573 -2.828427
v  6.640000 14.671573 -2.828427
v  6.640000 13.500000 -0.000000
v  6.640000 13.500000 -0.000000
v  6.640000 14.671573 2.828427
v  6.640000 14.671573 2.828427
v  5.500000 27.700020 9.500000
v  5.500000 27.700020 9.500000
v  5.500000 27.700020 9.500000
v  5.500000 26.921257 9.948866
v  5.500000 26.921257 9.948866
v  5.500000 26.917697 10.844931
v  5.500000 26.917697 10.844931
v  5.500000 27.246425 11.177334
v  5.500000 27.246425 11.177334
v  5.500000 27.700020 11.300000
v  5.500000 27.700020 11.300000
v  5.500000 27.700020 11.300000
v  5.500000 27.700020 8.850000
v  5.500000 27.700020 8.850000
v  5.500000 27.700020 8.850000
v  5.500000 26.355395 9.629131
v  5.500000 26.355395 9.629131
v  5.500000 26.359776 11.178461
v  5.500000 26.359776 11.178461
v  5.500000 27.700020 11.950000
v  5.500000 27.700020 11.950000
v  5.500000 27.700020 11.950000
v  5.500000 29.044645 11.170869
v  5.500000 29.044645 11.170869
v  5.500000 29.040264 9.621539
v  5.500000 29.040264 9.621539
v  5.500000 28.153615 9.622666
v  5.500000 28.153615 9.622666
v  5.500000 28.482342 9.955069
v  5.500000 28.482342 9.955069
v  5.500000 28.478782 10.851134
v  5.500000 28.478782 10.851134
v  5.500000 27.700020 -11.300000
v  5.500000 27.700020 -11.300000
v  5.500000 27.700020 -11.300000
v  5.500000 26.921257 -10.851134
v  5.500000 26.921257 -10.851134
v  5.500000 26.917697 -9.955069
v  5.500000 26.917697 -9.955069
v  5.500000 27.246425 -9.622666
v  5.500000 27.246425 -9.622666
v  5.500000 27.700020 -9.500000
v  5.500000 27.700020 -9.500000
v  5.500000 27.700020 -9.500000
v  5.500000 27.700020 -11.950000
v  5.500000 27.700020 -11.950000
v  5.500000 27.700020 -11.950000
v  5.500000 26.355395 -11.170869
v  5.500000 26.355395 -11.170869
v  5.500000 26.359776 -9.621539
v  5.500000 26.359776 -9.621539
v  5.500000 27.700020 -8.850000
v  5.500000 27.700020 -8.850000
v  5.500000 27.700020 -8.850000
v  5.500000 29.044645 -9.629131
v  5.500000 29.044645 -9.629131
v  5.500000 29.040264 -11.178461
v  5.500000 29.040264 -11.178461
v  5.500000 28.153615 -11.177334
v  5.500000 28.153615 -11.177334
v  5.500000 28.482342 -10.844931
v  5.500000 28.482342 -10.844931
v  5.500000 28.478782 -9.948866
v  5.500000 28.478782 -9.948866

vt  0.436580 0.346657 0.000000
vt  0.436580 0.346657 0.000000
vt  0.436580 0.346657 0.000000
vt  0.333535 0.358090 0.000000
vt  0.333535 0.358090 0.000000
vt  0.254803 0.440374 0.000000
vt  0.254803 0.440374 0.000000
vt  0.254611 0.560564 0.000000
vt  0.254611 0.560564 0.000000
vt  0.333710 0.643406 0.000000
vt  0.333710 0.643406 0.000000
vt  0.436580 0.654758 0.000000
vt  0.436580 0.654758 0.000000
vt  0.436580 0.654758 0.000000
vt  0.516311 0.611994 0.000000
vt  0.516311 0.611994 0.000000
vt  0.556684 0.540773 0.000000
vt  0.556684 0.540773 0.000000
vt  0.556769 0.460973 0.000000
vt  0.556769 0.460973 0.000000
vt  0.516206 0.389315 0.000000
vt  0.516206 0.389315 0.000000
vt  0.436580 0.391353 0.000000
vt  0.436580 0.391353 0.000000
vt  0.436580 0.391353 0.000000
vt  0.505114 0.430659 0.000000
vt  0.505114 0.430659 0.000000
vt  0.529572 0.500638 0.000000
vt  0.529572 0.500638 0.000000
vt  0.505015 0.570877 0.000000
vt  0.505015 0.570877 0.000000
vt  0.436580 0.610062 0.000000
vt  0.436580 0.610062 0.000000
vt  0.436580 0.610062 0.000000
vt  0.351483 0.587429 0.000000
vt  0.351483 0.587429 0.000000
vt  0.310305 0.500801 0.000000
vt  0.310305 0.500801 0.000000
vt  0.351636 0.413864 0.000000
vt  0.351636 0.413864 0.000000
vt  0.448147 0.663716 0.000000
vt  0.448147 0.663716 0.000000
vt  0.448147 0.663716 0.000000
vt  0.448147 0.663716 0.000000
vt  0.530622 0.617758 0.000000
vt  0.530622 0.617758 0.000000
vt  0.571987 0.542618 0.000000
vt  0.571987 0.542618 0.000000
vt  0.571987 0.458797 0.000000
vt  0.571987 0.458797 0.000000
vt  0.530622 0.383657 0.000000
vt  0.530622 0.383657 0.000000
vt  0.448147 0.337698 0.000000
vt  0.448147 0.337698 0.000000
vt  0.448147 0.337698 0.000000
vt  0.448147 0.337698 0.000000
vt  0.339651 0.348280 0.000000
vt  0.339651 0.348280 0.000000
vt  0.255151 0.435784 0.000000
vt  0.255151 0.435784 0.000000
vt  0.255151 0.565631 0.000000
vt  0.255151 0.565631 0.000000
vt  0.339651 0.653134 0.000000
vt  0.339651 0.653134 0.000000
vt  0.673651 0.318066 0.000000
vt  0.673651 0.318066 0.000000
vt  0.673651 0.318066 0.000000
vt  0.590614 0.322050 0.000000
vt  0.590614 0.322050 0.000000
vt  0.519716 0.421432 0.000000
vt  0.519716 0.421432 0.000000
vt  0.519914 0.580660 0.000000
vt  0.519914 0.580660 0.000000
vt  0.590482 0.679292 0.000000
vt  0.590482 0.679292 0.000000
vt  0.673651 0.683348 0.000000
vt  0.673651 0.683348 0.000000
vt  0.673651 0.683348 0.000000
vt  0.732106 0.628495 0.000000
vt  0.732106 0.628495 0.000000
vt  0.760259 0.545614 0.000000
vt  0.760259 0.545614 0.000000
vt  0.760196 0.455389 0.000000
vt  0.760196 0.455389 0.000000
vt  0.732171 0.373031 0.000000
vt  0.732171 0.373031 0.000000
vt  0.673651 0.262848 0.000000
vt  0.673651 0.262848 0.000000
vt  0.673651 0.262848 0.000000
vt  0.554881 0.252918 0.000000
vt  0.554881 0.252918 0.000000
vt  0.440336 0.380522 0.000000
vt  0.440336 0.380522 0.000000
vt  0.439834 0.619439 0.000000
vt  0.439834 0.619439 0.000000
vt  0.554930 0.748514 0.000000
vt  0.554930 0.748514 0.000000
vt  0.673651 0.738567 0.000000
vt  0.673651 0.738567 0.000000
vt  0.673651 0.738567 0.000000
vt  0.747850 0.661410 0.000000
vt  0.747850 0.661410 0.000000
vt  0.780990 0.557006 0.000000
vt  0.780990 0.557006 0.000000
vt  0.781097 0.445165 0.000000
vt  0.781097 0.445165 0.000000
vt  0.747830 0.339969 0.000000
vt  0.747830 0.339969 0.000000
vt  0.683580 0.739390 0.000000
vt  0.683580 0.739390 0.000000
vt  0.683580 0.739390 0.000000
vt  0.756068 0.661832 0.000000
vt  0.756068 0.661832 0.000000
vt  0.788517 0.556360 0.000000
vt  0.788517 0.556360 0.000000
vt  0.788412 0.444296 0.000000
vt  0.788412 0.444296 0.000000
vt  0.756087 0.339618 0.000000
vt  0.756087 0.339618 0.000000
vt  0.683580 0.262025 0.000000
vt  0.683580 0.262025 0.000000
vt  0.683580 0.262025 0.000000
vt  0.567114 0.251475 0.000000
vt  0.567114 0.251475 0.000000
vt  0.453567 0.380879 0.000000
vt  0.453567 0.380879 0.000000
vt  0.454065 0.622000 0.000000
vt  0.454065 0.622000 0.000000
vt  0.567065 0.749922 0.000000
vt  0.567065 0.749922 0.000000
vt  0.825891 0.662471 0.000000
vt  0.825891 0.662471 0.000000
vt  0.825891 0.662471 0.000000
vt  0.826864 0.640899 0.000000
vt  0.826864 0.640899 0.000000
vt  0.829680 0.619309 0.000000
vt  0.829680 0.619309 0.000000
vt  0.829680 0.619309 0.000000
vt  0.839645 0.500707 0.000000
vt  0.839645 0.500707 0.000000
vt  0.829680 0.382105 0.000000
vt  0.829680 0.382105 0.000000
vt  0.829680 0.382105 0.000000
vt  0.826864 0.360516 0.000000
vt  0.826864 0.360516 0.000000
vt  0.825891 0.338943 0.000000
vt  0.825891 0.338943 0.000000
vt  0.825891 0.338943 0.000000
vt  0.825891 0.277321 0.000000
vt  0.825891 0.277321 0.000000
vt  0.825891 0.277321 0.000000
vt  0.796879 0.251966 0.000000
vt  0.796879 0.251966 0.000000
vt  0.796879 0.251966 0.000000
vt  0.785746 0.240016 0.000000
vt  0.785746 0.240016 0.000000
vt  0.774287 0.222875 0.000000
vt  0.774287 0.222875 0.000000
vt  0.774287 0.222875 0.000000
vt  0.736359 0.169862 0.000000
vt  0.736359 0.169862 0.000000
vt  0.683580 0.121149 0.000000
vt  0.683580 0.121149 0.000000
vt  0.518383 0.050464 0.000000
vt  0.518383 0.050464 0.000000
vt  0.252434 0.057267 0.000000
vt  0.252434 0.057267 0.000000
vt  0.000172 0.273848 0.000000
vt  0.000172 0.273848 0.000000
vt  0.000000 0.727140 0.000000
vt  0.000000 0.727140 0.000000
vt  0.252773 0.944238 0.000000
vt  0.252773 0.944238 0.000000
vt  0.518805 0.950862 0.000000
vt  0.518805 0.950862 0.000000
vt  0.683580 0.880266 0.000000
vt  0.683580 0.880266 0.000000
vt  0.736359 0.831552 0.000000
vt  0.736359 0.831552 0.000000
vt  0.774287 0.778540 0.000000
vt  0.774287 0.778540 0.000000
vt  0.774287 0.778540 0.000000
vt  0.785746 0.761398 0.000000
vt  0.785746 0.761398 0.000000
vt  0.796879 0.749448 0.000000
vt  0.796879 0.749448 0.000000
vt  0.796879 0.749448 0.000000
vt  0.825891 0.724093 0.000000
vt  0.825891 0.724093 0.000000
vt  0.825891 0.724093 0.000000
vt  0.811902 0.265841 0.000000
vt  0.811902 0.265841 0.000000
vt  0.811902 0.265841 0.000000
vt  0.822508 0.288603 0.000000
vt  0.822508 0.288603 0.000000
vt  0.822475 0.315987 0.000000
vt  0.822475 0.315987 0.000000
vt  0.811902 0.322598 0.000000
vt  0.811902 0.322598 0.000000
vt  0.811902 0.322598 0.000000
vt  0.800277 0.299398 0.000000
vt  0.800277 0.299398 0.000000
vt  0.800317 0.270035 0.000000
vt  0.800317 0.270035 0.000000
vt  0.811902 0.678816 0.000000
vt  0.811902 0.678816 0.000000
vt  0.811902 0.678816 0.000000
vt  0.822508 0.685539 0.000000
vt  0.822508 0.685539 0.000000
vt  0.822475 0.712972 0.000000
vt  0.822475 0.712972 0.000000
vt  0.811902 0.735573 0.000000
vt  0.811902 0.735573 0.000000
vt  0.811902 0.735573 0.000000
vt  0.800277 0.731270 0.000000
vt  0.800277 0.731270 0.000000
vt  0.800317 0.701841 0.000000
vt  0.800317 0.701841 0.000000
vt  0.911123 0.664884 0.000000
vt  0.911123 0.664884 0.000000
vt  0.911123 0.664884 0.000000
vt  0.911123 0.727270 0.000000
vt  0.911123 0.727270 0.000000
vt  0.911123 0.727270 0.000000
vt  0.913514 0.621060 0.000000
vt  0.913514 0.621060 0.000000
vt  0.913514 0.621060 0.000000
vt  0.911737 0.642999 0.000000
vt  0.911737 0.642999 0.000000
vt  0.913514 0.380355 0.000000
vt  0.913514 0.380355 0.000000
vt  0.913514 0.380355 0.000000
vt  0.919790 0.500707 0.000000
vt  0.919790 0.500707 0.000000
vt  0.911737 0.358416 0.000000
vt  0.911737 0.358416 0.000000
vt  0.911123 0.336530 0.000000
vt  0.911123 0.336530 0.000000
vt  0.911123 0.336530 0.000000
vt  0.911123 0.274144 0.000000
vt  0.911123 0.274144 0.000000
vt  0.911123 0.274144 0.000000
vt  0.892730 0.753861 0.000000
vt  0.892730 0.753861 0.000000
vt  0.892730 0.753861 0.000000
vt  0.885628 0.766379 0.000000
vt  0.885628 0.766379 0.000000
vt  0.878291 0.784213 0.000000
vt  0.878291 0.784213 0.000000
vt  0.878291 0.784213 0.000000
vt  0.853793 0.839731 0.000000
vt  0.853793 0.839731 0.000000
vt  0.819086 0.892153 0.000000
vt  0.819086 0.892153 0.000000
vt  0.769779 0.939605 0.000000
vt  0.769779 0.939605 0.000000
vt  0.699671 0.978687 0.000000
vt  0.699671 0.978687 0.000000
vt  0.483000 1.000000 0.000000
vt  0.483000 1.000000 0.000000
vt  0.228984 0.790801 0.000000
vt  0.228984 0.790801 0.000000
vt  0.234805 0.195948 0.000000
vt  0.234805 0.195948 0.000000
vt  0.492406 0.000000 0.000000
vt  0.492406 0.000000 0.000000
vt  0.705638 0.025173 0.000000
vt  0.705638 0.025173 0.000000
vt  0.819086 0.109262 0.000000
vt  0.819086 0.109262 0.000000
vt  0.853793 0.161683 0.000000
vt  0.853793 0.161683 0.000000
vt  0.878291 0.217202 0.000000
vt  0.878291 0.217202 0.000000
vt  0.878291 0.217202 0.000000
vt  0.885628 0.235035 0.000000
vt  0.885628 0.235035 0.000000
vt  0.892730 0.247554 0.000000
vt  0.892730 0.247554 0.000000
vt  0.892730 0.247554 0.000000
vt  0.819086 0.855704 0.000000
vt  0.819086 0.855704 0.000000
vt  0.819086 0.855704 0.000000
vt  0.877642 0.747551 0.000000
vt  0.877642 0.747551 0.000000
vt  0.904609 0.626574 0.000000
vt  0.904609 0.626574 0.000000
vt  0.912495 0.500729 0.000000
vt  0.912495 0.500729 0.000000
vt  0.904595 0.374732 0.000000
vt  0.904595 0.374732 0.000000
vt  0.877565 0.253637 0.000000
vt  0.877565 0.253637 0.000000
vt  0.819086 0.145711 0.000000
vt  0.819086 0.145711 0.000000
vt  0.819086 0.145711 0.000000
vt  0.702271 0.072855 0.000000
vt  0.702271 0.072855 0.000000
vt  0.509627 0.112450 0.000000
vt  0.509627 0.112450 0.000000
vt  0.381566 0.500608 0.000000
vt  0.381566 0.500608 0.000000
vt  0.509807 0.889104 0.000000
vt  0.509807 0.889104 0.000000
vt  0.702576 0.928484 0.000000
vt  0.702576 0.928484 0.000000
vt  0.902274 0.727595 0.000000
vt  0.902274 0.727595 0.000000
vt  0.902274 0.727595 0.000000
vt  0.904608 0.722144 0.000000
vt  0.904608 0.722144 0.000000
vt  0.906254 0.713904 0.000000
vt  0.906254 0.713904 0.000000
vt  0.906237 0.697634 0.000000
vt  0.906237 0.697634 0.000000
vt  0.902274 0.694185 0.000000
vt  0.902274 0.694185 0.000000
vt  0.902274 0.694185 0.000000
vt  0.899863 0.699461 0.000000
vt  0.899863 0.699461 0.000000
vt  0.898067 0.708051 0.000000
vt  0.898067 0.708051 0.000000
vt  0.898087 0.725011 0.000000
vt  0.898087 0.725011 0.000000
vt  0.902274 0.307230 0.000000
vt  0.902274 0.307230 0.000000
vt  0.902274 0.307230 0.000000
vt  0.904608 0.307781 0.000000
vt  0.904608 0.307781 0.000000
vt  0.906254 0.303689 0.000000
vt  0.906254 0.303689 0.000000
vt  0.906237 0.287375 0.000000
vt  0.906237 0.287375 0.000000
vt  0.902274 0.273819 0.000000
vt  0.902274 0.273819 0.000000
vt  0.902274 0.273819 0.000000
vt  0.899863 0.272743 0.000000
vt  0.899863 0.272743 0.000000
vt  0.898067 0.276493 0.000000
vt  0.898067 0.276493 0.000000
vt  0.898087 0.293507 0.000000
vt  0.898087 0.293507 0.000000
vt  0.802898 0.153561 0.000000
vt  0.802898 0.153561 0.000000
vt  0.802898 0.153561 0.000000
vt  0.802898 0.153561 0.000000
vt  0.683797 0.086039 0.000000
vt  0.683797 0.086039 0.000000
vt  0.494914 0.132452 0.000000
vt  0.494914 0.132452 0.000000
vt  0.374480 0.500707 0.000000
vt  0.374480 0.500707 0.000000
vt  0.494914 0.868962 0.000000
vt  0.494914 0.868962 0.000000
vt  0.683797 0.915376 0.000000
vt  0.683797 0.915376 0.000000
vt  0.802898 0.847854 0.000000
vt  0.802898 0.847854 0.000000
vt  0.802898 0.847854 0.000000
vt  0.802898 0.847854 0.000000
vt  0.864130 0.743256 0.000000
vt  0.864130 0.743256 0.000000
vt  0.892761 0.624557 0.000000
vt  0.892761 0.624557 0.000000
vt  0.901160 0.500707 0.000000
vt  0.901160 0.500707 0.000000
vt  0.892761 0.376857 0.000000
vt  0.892761 0.376857 0.000000
vt  0.864130 0.258158 0.000000
vt  0.864130 0.258158 0.000000
vt  0.729186 0.842025 0.000000
vt  0.729186 0.842025 0.000000
vt  0.729186 0.842025 0.000000
vt  0.807244 0.740608 0.000000
vt  0.807244 0.740608 0.000000
vt  0.844197 0.623508 0.000000
vt  0.844197 0.623508 0.000000
vt  0.855087 0.500699 0.000000
vt  0.855087 0.500699 0.000000
vt  0.844218 0.378021 0.000000
vt  0.844218 0.378021 0.000000
vt  0.807351 0.261027 0.000000
vt  0.807351 0.261027 0.000000
vt  0.729186 0.159390 0.000000
vt  0.729186 0.159390 0.000000
vt  0.729186 0.159390 0.000000
vt  0.582116 0.099108 0.000000
vt  0.582116 0.099108 0.000000
vt  0.364819 0.158070 0.000000
vt  0.364819 0.158070 0.000000
vt  0.237290 0.500738 0.000000
vt  0.237290 0.500738 0.000000
vt  0.364615 0.843180 0.000000
vt  0.364615 0.843180 0.000000
vt  0.581740 0.902348 0.000000
vt  0.581740 0.902348 0.000000
vt  0.729186 0.657367 0.000000
vt  0.729186 0.657367 0.000000
vt  0.729186 0.657367 0.000000
vt  0.780213 0.595640 0.000000
vt  0.780213 0.595640 0.000000
vt  0.796936 0.500879 0.000000
vt  0.796936 0.500879 0.000000
vt  0.780179 0.405689 0.000000
vt  0.780179 0.405689 0.000000
vt  0.729186 0.344048 0.000000
vt  0.729186 0.344048 0.000000
vt  0.729186 0.344048 0.000000
vt  0.655497 0.364925 0.000000
vt  0.655497 0.364925 0.000000
vt  0.614786 0.500418 0.000000
vt  0.614786 0.500418 0.000000
vt  0.655568 0.636570 0.000000
vt  0.655568 0.636570 0.000000
vt  0.701644 0.345469 0.000000
vt  0.701644 0.345469 0.000000
vt  0.701644 0.345469 0.000000
vt  0.623045 0.366686 0.000000
vt  0.623045 0.366686 0.000000
vt  0.579831 0.500991 0.000000
vt  0.579831 0.500991 0.000000
vt  0.622970 0.634648 0.000000
vt  0.622970 0.634648 0.000000
vt  0.701644 0.655945 0.000000
vt  0.701644 0.655945 0.000000
vt  0.701644 0.655945 0.000000
vt  0.756482 0.595089 0.000000
vt  0.756482 0.595089 0.000000
vt  0.774565 0.500537 0.000000
vt  0.774565 0.500537 0.000000
vt  0.756519 0.406410 0.000000
vt  0.756519 0.406410 0.000000
vt  0.701644 0.366407 0.000000
vt  0.701644 0.366407 0.000000
vt  0.701644 0.366407 0.000000
vt  0.635956 0.388224 0.000000
vt  0.635956 0.388224 0.000000
vt  0.601455 0.500544 0.000000
vt  0.601455 0.500544 0.000000
vt  0.636060 0.613311 0.000000
vt  0.636060 0.613311 0.000000
vt  0.701644 0.635007 0.000000
vt  0.701644 0.635007 0.000000
vt  0.701644 0.635007 0.000000
vt  0.749863 0.583767 0.000000
vt  0.749863 0.583767 0.000000
vt  0.766202 0.500812 0.000000
vt  0.766202 0.500812 0.000000
vt  0.749808 0.417523 0.000000
vt  0.749808 0.417523 0.000000
vt  0.686574 0.625248 0.000000
vt  0.686574 0.625248 0.000000
vt  0.686574 0.625248 0.000000
vt  0.686574 0.625248 0.000000
vt  0.733510 0.578492 0.000000
vt  0.733510 0.578492 0.000000
vt  0.749677 0.500707 0.000000
vt  0.749677 0.500707 0.000000
vt  0.733510 0.422923 0.000000
vt  0.733510 0.422923 0.000000
vt  0.686574 0.376167 0.000000
vt  0.686574 0.376167 0.000000
vt  0.686574 0.376167 0.000000
vt  0.686574 0.376167 0.000000
vt  0.624227 0.397863 0.000000
vt  0.624227 0.397863 0.000000
vt  0.592113 0.500707 0.000000
vt  0.592113 0.500707 0.000000
vt  0.624227 0.603551 0.000000
vt  0.624227 0.603551 0.000000
vt  0.853215 0.692661 0.000000
vt  0.853215 0.692661 0.000000
vt  0.853215 0.692661 0.000000
vt  0.847695 0.706201 0.000000
vt  0.847695 0.706201 0.000000
vt  0.847669 0.723100 0.000000
vt  0.847669 0.723100 0.000000
vt  0.850037 0.726870 0.000000
vt  0.850037 0.726870 0.000000
vt  0.853215 0.725856 0.000000
vt  0.853215 0.725856 0.000000
vt  0.853215 0.725856 0.000000
vt  0.853215 0.680346 0.000000
vt  0.853215 0.680346 0.000000
vt  0.853215 0.680346 0.000000
vt  0.843488 0.703884 0.000000
vt  0.843488 0.703884 0.000000
vt  0.843521 0.733465 0.000000
vt  0.843521 0.733465 0.000000
vt  0.853215 0.737498 0.000000
vt  0.853215 0.737498 0.000000
vt  0.853215 0.737498 0.000000
vt  0.862073 0.714432 0.000000
vt  0.862073 0.714432 0.000000
vt  0.862046 0.686869 0.000000
vt  0.862046 0.686869 0.000000
vt  0.856294 0.692160 0.000000
vt  0.856294 0.692160 0.000000
vt  0.858467 0.696259 0.000000
vt  0.858467 0.696259 0.000000
vt  0.858444 0.712471 0.000000
vt  0.858444 0.712471 0.000000
vt  0.853215 0.275559 0.000000
vt  0.853215 0.275559 0.000000
vt  0.853215 0.275559 0.000000
vt  0.847695 0.278224 0.000000
vt  0.847695 0.278224 0.000000
vt  0.847669 0.295072 0.000000
vt  0.847669 0.295072 0.000000
vt  0.850037 0.303564 0.000000
vt  0.850037 0.303564 0.000000
vt  0.853215 0.308754 0.000000
vt  0.853215 0.308754 0.000000
vt  0.853215 0.308754 0.000000
vt  0.853215 0.263917 0.000000
vt  0.853215 0.263917 0.000000
vt  0.853215 0.263917 0.000000
vt  0.843488 0.268058 0.000000
vt  0.843488 0.268058 0.000000
vt  0.843521 0.297708 0.000000
vt  0.843521 0.297708 0.000000
vt  0.853215 0.321069 0.000000
vt  0.853215 0.321069 0.000000
vt  0.853215 0.321069 0.000000
vt  0.862073 0.314433 0.000000
vt  0.862073 0.314433 0.000000
vt  0.862046 0.286821 0.000000
vt  0.862046 0.286821 0.000000
vt  0.856294 0.280924 0.000000
vt  0.856294 0.280924 0.000000
vt  0.858467 0.289077 0.000000
vt  0.858467 0.289077 0.000000
vt  0.858444 0.305247 0.000000
vt  0.858444 0.305247 0.000000

vn  1.000000 0.000000 0.000000
vn  0.707107 0.000000 -0.707107
vn  0.707107 0.000000 -0.707107
vn  1.000000 0.000000 0.000000
vn  0.707107 -0.415950 -0.571826
vn  1.000000 0.000000 0.000000
vn  0.707107 -0.672364 -0.218921
vn  1.000000 0.000000 0.000000
vn  0.707107 -0.672941 0.217140
vn  1.000000 0.000000 0.000000
vn  0.707107 -0.415328 0.572279
vn  1.000000 0.000000 0.000000
vn  0.707107 0.000000 0.707107
vn  0.707107 -0.000000 0.707107
vn  1.000000 0.000000 0.000000
vn  0.707107 0.415950 0.571826
vn  1.000000 0.000000 0.000000
vn  0.707107 0.672364 0.218921
vn  1.000000 0.000000 0.000000
vn  0.707107 0.672941 -0.217140
vn  1.000000 0.000000 0.000000
vn  0.707107 0.415328 -0.572279
vn  1.000000 0.000000 0.000000
vn  0.000000 -0.000000 1.000000
vn  0.000000 -0.000000 1.000000
vn  1.000000 0.000000 0.000000
vn  0.000000 -0.707519 0.706695
vn  1.000000 0.000000 0.000000
vn  0.000000 -1.000000 0.000728
vn  1.000000 0.000000 0.000000
vn  0.000000 -0.706384 -0.707829
vn  1.000000 0.000000 0.000000
vn  0.000000 0.000000 -1.000000
vn  0.000000 0.000000 -1.000000
vn  1.000000 0.000000 0.000000
vn  0.000000 0.707519 -0.706695
vn  1.000000 0.000000 0.000000
vn  0.000000 1.000000 -0.000728
vn  1.000000 0.000000 0.000000
vn  0.000000 0.706384 0.707829
vn  0.707107 0.000000 0.707107
vn  0.707107 -0.000000 0.707107
vn  0.000000 0.000000 1.000000
vn  0.000000 0.000000 1.000000
vn  0.707107 0.415627 0.572061
vn  0.000000 0.587785 0.809017
vn  0.707107 0.672499 0.218508
vn  0.000000 0.951057 0.309017
vn  0.707107 0.672499 -0.218508
vn  0.000000 0.951057 -0.309017
vn  0.707107 0.415627 -0.572061
vn  0.000000 0.587785 -0.809017
vn  0.707107 0.000000 -0.707107
vn  0.707107 0.000000 -0.707107
vn  0.000000 -0.000000 -1.000000
vn  0.000000 0.000000 -1.000000
vn  0.707107 -0.415627 -0.572061
vn  0.000000 -0.587785 -0.809017
vn  0.707107 -0.672499 -0.218508
vn  0.000000 -0.951057 -0.309017
vn  0.707107 -0.672499 0.218508
vn  0.000000 -0.951057 0.309017
vn  0.707107 -0.415627 0.572061
vn  0.000000 -0.587785 0.809017
vn  0.000000 -0.000000 -1.000000
vn  0.000000 0.000000 -1.000000
vn  1.000000 0.000000 0.000000
vn  0.000000 -0.587320 -0.809355
vn  1.000000 0.000000 0.000000
vn  0.000000 -0.951709 -0.307000
vn  1.000000 0.000000 0.000000
vn  0.000000 -0.950814 0.309762
vn  1.000000 0.000000 0.000000
vn  0.000000 -0.588096 0.808791
vn  1.000000 0.000000 0.000000
vn  0.000000 0.000000 1.000000
vn  0.000000 0.000000 1.000000
vn  1.000000 0.000000 0.000000
vn  0.000000 0.587320 0.809355
vn  1.000000 0.000000 0.000000
vn  0.000000 0.951709 0.307000
vn  1.000000 0.000000 0.000000
vn  0.000000 0.950814 -0.309762
vn  1.000000 0.000000 0.000000
vn  0.000000 0.588096 -0.808791
vn  1.000000 0.000000 0.000000
vn  1.000000 0.000000 0.000000
vn  0.000000 0.000000 -1.000000
vn  0.000000 -0.000000 -1.000000
vn  1.000000 0.000000 0.000000
vn  0.000000 -0.587246 -0.809409
vn  1.000000 0.000000 0.000000
vn  0.000000 -0.950516 -0.310674
vn  1.000000 0.000000 0.000000
vn  0.000000 -0.951841 0.306593
vn  1.000000 0.000000 0.000000
vn  0.000000 -0.587055 0.809547
vn  1.000000 0.000000 0.000000
vn  0.000000 0.000000 1.000000
vn  0.000000 0.000000 1.000000
vn  1.000000 0.000000 0.000000
vn  0.000000 0.587246 0.809409
vn  1.000000 0.000000 0.000000
vn  0.000000 0.950516 0.310674
vn  1.000000 0.000000 0.000000
vn  0.000000 0.951841 -0.306593
vn  1.000000 0.000000 0.000000
vn  0.000000 0.587055 -0.809547
vn  0.000000 0.000000 1.000000
vn  0.000000 0.000000 1.000000
vn  1.000000 0.000000 0.000000
vn  0.000000 0.587055 0.809547
vn  1.000000 0.000000 0.000000
vn  0.000000 0.951841 0.306593
vn  1.000000 0.000000 0.000000
vn  0.000000 0.950516 -0.310674
vn  1.000000 0.000000 0.000000
vn  0.000000 0.587246 -0.809409
vn  1.000000 0.000000 0.000000
vn  0.000000 0.000000 -1.000000
vn  0.000000 -0.000000 -1.000000
vn  1.000000 0.000000 0.000000
vn  0.000000 -0.587055 -0.809547
vn  1.000000 0.000000 0.000000
vn  0.000000 -0.951841 -0.306593
vn  1.000000 0.000000 0.000000
vn  0.000000 -0.950516 0.310674
vn  1.000000 0.000000 0.000000
vn  0.000000 -0.587246 0.809409
vn  1.000000 0.000000 0.000000
vn  1.000000 0.000000 0.000000
vn  0.000000 1.000000 0.000000
vn  0.000000 1.000000 0.000000
vn  1.000000 0.000000 0.000000
vn  0.000000 0.973329 0.229416
vn  1.000000 0.000000 0.000000
vn  0.000000 0.894737 0.446594
vn  0.000000 0.894737 0.446594
vn  1.000000 0.000000 0.000000
vn  0.000000 1.000000 -0.000000
vn  1.000000 0.000000 0.000000
vn  0.000000 0.894737 -0.446594
vn  0.000000 0.894737 -0.446594
vn  1.000000 0.000000 0.000000
vn  0.000000 0.973329 -0.229416
vn  1.000000 0.000000 0.000000
vn  0.000000 1.000000 0.000000
vn  0.000000 1.000000 0.000000
vn  1.000000 0.000000 0.000000
vn  0.000000 1.000000 0.000000
vn  0.000000 0.000000 -1.000000
vn  1.000000 0.000000 0.000000
vn  0.000000 0.000000 -1.000000
vn  0.000000 0.000000 -1.000000
vn  1.000000 0.000000 0.000000
vn  0.000000 0.229416 -0.973329
vn  1.000000 0.000000 0.000000
vn  0.000000 0.446594 -0.894737
vn  0.000000 0.446594 -0.894737
vn  1.000000 0.000000 0.000000
vn  0.000000 0.229416 -0.973329
vn  1.000000 0.000000 0.000000
vn  0.000000 0.000000 -1.000000
vn  1.000000 0.000000 0.000000
vn  0.000000 -0.434809 -0.900523
vn  1.000000 0.000000 0.000000
vn  0.000000 -0.782205 -0.623021
vn  1.000000 0.000000 0.000000
vn  0.000000 -0.974871 -0.222770
vn  1.000000 0.000000 0.000000
vn  0.000000 -0.974982 0.222286
vn  1.000000 0.000000 0.000000
vn  0.000000 -0.781888 0.623419
vn  1.000000 0.000000 0.000000
vn  0.000000 -0.434020 0.900903
vn  1.000000 0.000000 0.000000
vn  0.000000 -0.000000 1.000000
vn  1.000000 0.000000 0.000000
vn  0.000000 0.229416 0.973329
vn  1.000000 0.000000 0.000000
vn  0.000000 0.446594 0.894737
vn  0.000000 0.446594 0.894737
vn  1.000000 0.000000 0.000000
vn  0.000000 0.229416 0.973329
vn  1.000000 0.000000 0.000000
vn  0.000000 0.000000 1.000000
vn  0.000000 -0.000000 1.000000
vn  1.000000 0.000000 0.000000
vn  0.000000 1.000000 0.000000
vn  0.000000 0.000000 1.000000
vn  1.000000 0.000000 0.000000
vn  0.000000 0.000000 1.000000
vn  0.000000 0.000000 1.000000
vn  1.000000 0.000000 0.000000
vn  0.000000 -0.867474 0.497483
vn  1.000000 0.000000 0.000000
vn  0.000000 -0.864644 -0.502384
vn  1.000000 0.000000 0.000000
vn  0.000000 -0.000000 -1.000000
vn  0.000000 -0.000000 -1.000000
vn  1.000000 0.000000 0.000000
vn  0.000000 0.867474 -0.497483
vn  1.000000 0.000000 0.000000
vn  0.000000 0.864644 0.502384
vn  1.000000 0.000000 0.000000
vn  0.000000 0.000000 1.000000
vn  0.000000 0.000000 1.000000
vn  1.000000 0.000000 0.000000
vn  0.000000 -0.867474 0.497483
vn  1.000000 0.000000 0.000000
vn  0.000000 -0.864644 -0.502384
vn  1.000000 0.000000 0.000000
vn  0.000000 -0.000000 -1.000000
vn  0.000000 -0.000000 -1.000000
vn  1.000000 0.000000 0.000000
vn  0.000000 0.867474 -0.497483
vn  1.000000 0.000000 0.000000
vn  0.000000 0.864644 0.502384
vn  0.000000 1.000000 0.000000
vn  0.000000 1.000000 0.000000
vn  -1.000000 0.000000 0.000000
vn  0.000000 1.000000 0.000000
vn  -1.000000 0.000000 0.000000
vn  0.000000 0.000000 1.000000
vn  0.000000 0.894737 0.446594
vn  0.000000 0.894737 0.446594
vn  -1.000000 0.000000 0.000000
vn  0.000000 0.973329 0.229416
vn  -1.000000 0.000000 0.000000
vn  0.000000 0.894737 -0.446594
vn  0.000000 0.894737 -0.446594
vn  -1.000000 0.000000 0.000000
vn  0.000000 1.000000 -0.000000
vn  -1.000000 0.000000 0.000000
vn  0.000000 0.973329 -0.229416
vn  -1.000000 0.000000 0.000000
vn  0.000000 1.000000 0.000000
vn  0.000000 1.000000 0.000000
vn  -1.000000 0.000000 0.000000
vn  0.000000 1.000000 0.000000
vn  -1.000000 0.000000 0.000000
vn  0.000000 0.000000 -1.000000
vn  -1.000000 0.000000 0.000000
vn  0.000000 0.000000 1.000000
vn  0.000000 -0.000000 1.000000
vn  -1.000000 0.000000 0.000000
vn  0.000000 0.229416 0.973329
vn  -1.000000 0.000000 0.000000
vn  0.000000 0.446594 0.894737
vn  0.000000 0.446594 0.894737
vn  -1.000000 0.000000 0.000000
vn  0.000000 0.229416 0.973329
vn  -1.000000 0.000000 0.000000
vn  0.000000 -0.000000 1.000000
vn  -1.000000 0.000000 0.000000
vn  0.000000 -0.229416 0.973329
vn  -1.000000 0.000000 0.000000
vn  0.000000 -0.446594 0.894737
vn  -1.000000 0.000000 0.000000
vn  0.000000 -0.789289 0.614022
vn  -1.000000 0.000000 0.000000
vn  0.000000 -0.976869 0.213839
vn  -1.000000 0.000000 0.000000
vn  0.000000 -0.973665 -0.227984
vn  -1.000000 0.000000 0.000000
vn  0.000000 -0.779551 -0.626339
vn  -1.000000 0.000000 0.000000
vn  0.000000 -0.431468 -0.902128
vn  -1.000000 0.000000 0.000000
vn  0.000000 0.000000 -1.000000
vn  -1.000000 0.000000 0.000000
vn  0.000000 0.229416 -0.973329
vn  -1.000000 0.000000 0.000000
vn  0.000000 0.446594 -0.894737
vn  0.000000 0.446594 -0.894737
vn  -1.000000 0.000000 0.000000
vn  0.000000 0.229416 -0.973329
vn  -1.000000 0.000000 0.000000
vn  0.000000 0.000000 -1.000000
vn  0.000000 0.000000 -1.000000
vn  -1.000000 0.000000 0.000000
vn  -0.707107 0.000000 -0.707107
vn  -0.707107 0.000000 -0.707107
vn  -1.000000 0.000000 0.000000
vn  -0.707107 -0.354148 -0.612029
vn  -1.000000 0.000000 0.000000
vn  -0.707107 -0.612466 -0.353392
vn  -1.000000 0.000000 0.000000
vn  -0.707107 -0.707107 -0.000064
vn  -1.000000 0.000000 0.000000
vn  -0.707107 -0.612304 0.353672
vn  -1.000000 0.000000 0.000000
vn  -0.707107 -0.353525 0.612389
vn  -1.000000 0.000000 0.000000
vn  -0.707107 -0.000000 0.707107
vn  -0.707107 -0.000000 0.707107
vn  -1.000000 0.000000 0.000000
vn  -0.707107 0.354148 0.612029
vn  -1.000000 0.000000 0.000000
vn  -0.707107 0.612466 0.353392
vn  -1.000000 0.000000 0.000000
vn  -0.707107 0.707107 0.000064
vn  -1.000000 0.000000 0.000000
vn  -0.707107 0.612304 -0.353672
vn  -1.000000 0.000000 0.000000
vn  -0.707107 0.353525 -0.612389
vn  -1.000000 0.000000 0.000000
vn  0.000000 0.000000 -1.000000
vn  0.000000 0.000000 -1.000000
vn  -1.000000 0.000000 0.000000
vn  0.000000 -0.503996 -0.863706
vn  -1.000000 0.000000 0.000000
vn  0.000000 -0.869252 -0.494370
vn  -1.000000 0.000000 0.000000
vn  0.000000 -0.865296 0.501262
vn  -1.000000 0.000000 0.000000
vn  0.000000 0.000000 1.000000
vn  0.000000 -0.000000 1.000000
vn  -1.000000 0.000000 0.000000
vn  0.000000 0.503996 0.863706
vn  -1.000000 0.000000 0.000000
vn  0.000000 0.869252 0.494370
vn  -1.000000 0.000000 0.000000
vn  0.000000 0.865296 -0.501262
vn  -1.000000 0.000000 0.000000
vn  0.000000 0.000000 -1.000000
vn  0.000000 0.000000 -1.000000
vn  -1.000000 0.000000 0.000000
vn  0.000000 -0.503996 -0.863706
vn  -1.000000 0.000000 0.000000
vn  0.000000 -0.869252 -0.494370
vn  -1.000000 0.000000 0.000000
vn  0.000000 -0.865296 0.501262
vn  -1.000000 0.000000 0.000000
vn  0.000000 0.000000 1.000000
vn  0.000000 -0.000000 1.000000
vn  -1.000000 0.000000 0.000000
vn  0.000000 0.503996 0.863706
vn  -1.000000 0.000000 0.000000
vn  0.000000 0.869252 0.494370
vn  -1.000000 0.000000 0.000000
vn  0.000000 0.865296 -0.501262
vn  -0.707107 -0.000000 0.707107
vn  -0.707107 -0.000000 0.707107
vn  0.000000 -0.000000 1.000000
vn  0.000000 -0.000000 1.000000
vn  -0.707107 0.353553 0.612372
vn  0.000000 0.500000 0.866025
vn  -0.707107 0.612372 0.353553
vn  0.000000 0.866025 0.500000
vn  -0.707107 0.707107 0.000000
vn  0.000000 1.000000 0.000000
vn  -0.707107 0.612372 -0.353553
vn  0.000000 0.866025 -0.500000
vn  -0.707107 0.353553 -0.612372
vn  0.000000 0.500000 -0.866025
vn  -0.707107 0.000000 -0.707107
vn  -0.707107 0.000000 -0.707107
vn  0.000000 0.000000 -1.000000
vn  0.000000 0.000000 -1.000000
vn  -0.707107 -0.353553 -0.612372
vn  0.000000 -0.500000 -0.866025
vn  -0.707107 -0.612372 -0.353553
vn  0.000000 -0.866025 -0.500000
vn  -0.707107 -0.707107 -0.000000
vn  0.000000 -1.000000 -0.000000
vn  -0.707107 -0.612372 0.353553
vn  0.000000 -0.866025 0.500000
vn  -0.707107 -0.353553 0.612372
vn  0.000000 -0.500000 0.866025
vn  0.000000 0.000000 -1.000000
vn  0.000000 0.000000 -1.000000
vn  -1.000000 0.000000 0.000000
vn  0.000000 -0.499930 -0.866066
vn  -1.000000 0.000000 0.000000
vn  0.000000 -0.865979 -0.500081
vn  -1.000000 0.000000 0.000000
vn  0.000000 -1.000000 0.000035
vn  -1.000000 0.000000 0.000000
vn  0.000000 -0.866226 0.499652
vn  -1.000000 0.000000 0.000000
vn  0.000000 -0.500828 0.865547
vn  -1.000000 0.000000 0.000000
vn  0.000000 -0.000000 1.000000
vn  0.000000 -0.000000 1.000000
vn  -1.000000 0.000000 0.000000
vn  0.000000 0.499930 0.866066
vn  -1.000000 0.000000 0.000000
vn  0.000000 0.865979 0.500081
vn  -1.000000 0.000000 0.000000
vn  0.000000 1.000000 -0.000035
vn  -1.000000 0.000000 0.000000
vn  0.000000 0.866226 -0.499652
vn  -1.000000 0.000000 0.000000
vn  0.000000 0.500828 -0.865547
vn  -1.000000 0.000000 0.000000
vn  -1.000000 0.000000 0.000000
vn  0.000000 0.000000 -1.000000
vn  0.000000 0.000000 -1.000000
vn  -1.000000 0.000000 0.000000
vn  0.000000 -0.707646 -0.706568
vn  -1.000000 0.000000 0.000000
vn  0.000000 -0.999999 -0.001346
vn  -1.000000 0.000000 0.000000
vn  0.000000 -0.707086 0.707128
vn  -1.000000 0.000000 0.000000
vn  0.000000 -0.000000 1.000000
vn  0.000000 -0.000000 1.000000
vn  -1.000000 0.000000 0.000000
vn  0.000000 0.707646 0.706568
vn  -1.000000 0.000000 0.000000
vn  0.000000 0.999999 0.001346
vn  -1.000000 0.000000 0.000000
vn  0.000000 0.707086 -0.707128
vn  0.000000 -0.000000 1.000000
vn  0.000000 -0.000000 1.000000
vn  -1.000000 0.000000 0.000000
vn  0.000000 0.707086 0.707128
vn  -1.000000 0.000000 0.000000
vn  0.000000 0.999999 -0.001346
vn  -1.000000 0.000000 0.000000
vn  0.000000 0.707646 -0.706568
vn  -1.000000 0.000000 0.000000
vn  0.000000 0.000000 -1.000000
vn  0.000000 0.000000 -1.000000
vn  -1.000000 0.000000 0.000000
vn  0.000000 -0.707086 -0.707128
vn  -1.000000 0.000000 0.000000
vn  0.000000 -0.999999 0.001346
vn  -1.000000 0.000000 0.000000
vn  0.000000 -0.707646 0.706568
vn  -1.000000 0.000000 0.000000
vn  -1.000000 0.000000 0.000000
vn  -0.707107 -0.000000 0.707107
vn  -0.707107 -0.000000 0.707107
vn  -1.000000 0.000000 0.000000
vn  -0.707107 0.500291 0.499709
vn  -1.000000 0.000000 0.000000
vn  -0.707107 0.707106 0.000663
vn  -1.000000 0.000000 0.000000
vn  -0.707107 0.499622 -0.500378
vn  -1.000000 0.000000 0.000000
vn  -0.707107 0.000000 -0.707107
vn  -0.707107 0.000000 -0.707107
vn  -1.000000 0.000000 0.000000
vn  -0.707107 -0.500291 -0.499709
vn  -1.000000 0.000000 0.000000
vn  -0.707107 -0.707106 -0.000663
vn  -1.000000 0.000000 0.000000
vn  -0.707107 -0.499622 0.500378
vn  -0.707107 0.000000 -0.707107
vn  -0.707107 0.000000 -0.707107
vn  0.000000 0.000000 -1.000000
vn  0.000000 0.000000 -1.000000
vn  -0.707107 -0.500000 -0.500000
vn  0.000000 -0.707107 -0.707107
vn  -0.707107 -0.707107 -0.000000
vn  0.000000 -1.000000 -0.000000
vn  -0.707107 -0.500000 0.500000
vn  0.000000 -0.707107 0.707107
vn  -0.707107 -0.000000 0.707107
vn  -0.707107 -0.000000 0.707107
vn  0.000000 -0.000000 1.000000
vn  0.000000 -0.000000 1.000000
vn  -0.707107 0.500000 0.500000
vn  0.000000 0.707107 0.707107
vn  -0.707107 0.707107 0.000000
vn  0.000000 1.000000 0.000000
vn  -0.707107 0.500000 -0.500000
vn  0.000000 0.707107 -0.707107
vn  0.000000 0.000000 1.000000
vn  1.000000 0.000000 0.000000
vn  0.000000 -0.000000 1.000000
vn  0.000000 0.865296 0.501262
vn  1.000000 0.000000 0.000000
vn  0.000000 0.869252 -0.494370
vn  1.000000 0.000000 0.000000
vn  0.000000 0.503996 -0.863706
vn  1.000000 0.000000 0.000000
vn  0.000000 0.000000 -1.000000
vn  1.000000 0.000000 0.000000
vn  0.000000 0.000000 -1.000000
vn  1.000000 0.000000 0.000000
vn  0.000000 0.000000 1.000000
vn  0.000000 0.000000 1.000000
vn  1.000000 0.000000 0.000000
vn  0.000000 0.867474 0.497483
vn  1.000000 0.000000 0.000000
vn  0.000000 0.864644 -0.502384
vn  1.000000 0.000000 0.000000
vn  0.000000 -0.000000 -1.000000
vn  0.000000 -0.000000 -1.000000
vn  1.000000 0.000000 0.000000
vn  0.000000 -0.867474 -0.497483
vn  1.000000 0.000000 0.000000
vn  0.000000 -0.864644 0.502384
vn  1.000000 0.000000 0.000000
vn  0.000000 -0.503996 0.863706
vn  1.000000 0.000000 0.000000
vn  0.000000 -0.869252 0.494370
vn  1.000000 0.000000 0.000000
vn  0.000000 -0.865296 -0.501262
vn  0.000000 0.000000 1.000000
vn  1.000000 0.000000 0.000000
vn  0.000000 -0.000000 1.000000
vn  0.000000 0.865296 0.501262
vn  1.000000 0.000000 0.000000
vn  0.000000 0.869252 -0.494370
vn  1.000000 0.000000 0.000000
vn  0.000000 0.503996 -0.863706
vn  1.000000 0.000000 0.000000
vn  0.000000 0.000000 -1.000000
vn  1.000000 0.000000 0.000000
vn  0.000000 0.000000 -1.000000
vn  1.000000 0.000000 0.000000
vn  0.000000 0.000000 1.000000
vn  0.000000 0.000000 1.000000
vn  1.000000 0.000000 0.000000
vn  0.000000 0.867474 0.497483
vn  1.000000 0.000000 0.000000
vn  0.000000 0.864644 -0.502384
vn  1.000000 0.000000 0.000000
vn  0.000000 -0.000000 -1.000000
vn  0.000000 -0.000000 -1.000000
vn  1.000000 0.000000 0.000000
vn  0.000000 -0.867474 -0.497483
vn  1.000000 0.000000 0.000000
vn  0.000000 -0.864644 0.502384
vn  1.000000 0.000000 0.000000
vn  0.000000 -0.503996 0.863706
vn  1.000000 0.000000 0.000000
vn  0.000000 -0.869252 0.494370
vn  1.000000 0.000000 0.000000
vn  0.000000 -0.865296 -0.501262


g 2
f 1881/1881/1881  1846/1846/1846  1843/1843/1843
f 1896/1896/1896  1845/1845/1845  1847/1847/1847
f 1865/1865/1865  1843/1843/1843  1863/1863/1863
f 1893/1893/1893  1864/1864/1864  1844/1844/1844
f 1881/1881/1881  1843/1843/1843  1865/1865/1865
f 1895/1895/1895  1893/1893/1893  1844/1844/1844
f 1879/1879/1879  1848/1848/1848  1846/1846/1846
f 1899/1899/1899  1847/1847/1847  1849/1849/1849
f 1881/1881/1881  1879/1879/1879  1846/1846/1846
f 1899/1899/1899  1896/1896/1896  1847/1847/1847
f 1879/1879/1879  1850/1850/1850  1848/1848/1848
f 1901/1901/1901  1849/1849/1849  1851/1851/1851
f 1901/1901/1901  1899/1899/1899  1849/1849/1849
f 1879/1879/1879  1852/1852/1852  1850/1850/1850
f 1903/1903/1903  1851/1851/1851  1853/1853/1853
f 1903/1903/1903  1901/1901/1901  1851/1851/1851
f 1874/1874/1874  1854/1854/1854  1852/1852/1852
f 1905/1905/1905  1853/1853/1853  1856/1856/1856
f 1877/1877/1877  1874/1874/1874  1852/1852/1852
f 1879/1879/1879  1877/1877/1877  1852/1852/1852
f 1905/1905/1905  1903/1903/1903  1853/1853/1853
f 1872/1872/1872  1857/1857/1857  1854/1854/1854
f 1883/1883/1883  1855/1855/1855  1858/1858/1858
f 1874/1874/1874  1872/1872/1872  1854/1854/1854
f 1905/1905/1905  1856/1856/1856  1884/1884/1884
f 1870/1870/1870  1859/1859/1859  1857/1857/1857
f 1887/1887/1887  1858/1858/1858  1860/1860/1860
f 1872/1872/1872  1870/1870/1870  1857/1857/1857
f 1887/1887/1887  1883/1883/1883  1858/1858/1858
f 1870/1870/1870  1861/1861/1861  1859/1859/1859
f 1889/1889/1889  1860/1860/1860  1862/1862/1862
f 1889/1889/1889  1887/1887/1887  1860/1860/1860
f 1870/1870/1870  1863/1863/1863  1861/1861/1861
f 1891/1891/1891  1862/1862/1862  1864/1864/1864
f 1891/1891/1891  1889/1889/1889  1862/1862/1862
f 1868/1868/1868  1865/1865/1865  1863/1863/1863
f 1870/1870/1870  1868/1868/1868  1863/1863/1863
f 1893/1893/1893  1891/1891/1891  1864/1864/1864
f 2306/2306/2306  1867/1867/1867  1869/1869/1869
f 2308/2308/2308  1882/1882/1882  1866/1866/1866
f 2308/2308/2308  1866/1866/1866  2305/2305/2305
f 2302/2302/2302  1869/1869/1869  1871/1871/1871
f 2306/2306/2306  1869/1869/1869  2302/2302/2302
f 2300/2300/2300  1871/1871/1871  1873/1873/1873
f 2302/2302/2302  1871/1871/1871  2300/2300/2300
f 2298/2298/2298  1873/1873/1873  1876/1876/1876
f 2300/2300/2300  1873/1873/1873  2298/2298/2298
f 2295/2295/2295  1875/1875/1875  1878/1878/1878
f 2298/2298/2298  1876/1876/1876  2296/2296/2296
f 2312/2312/2312  1878/1878/1878  1880/1880/1880
f 2312/2312/2312  2295/2295/2295  1878/1878/1878
f 2310/2310/2310  1880/1880/1880  1882/1882/1882
f 2312/2312/2312  1880/1880/1880  2310/2310/2310
f 2310/2310/2310  1882/1882/1882  2308/2308/2308
f 1919/1919/1919  1886/1886/1886  1888/1888/1888
f 1916/1916/1916  1906/1906/1906  1885/1885/1885
f 1918/1918/1918  1916/1916/1916  1885/1885/1885
f 1921/1921/1921  1888/1888/1888  1890/1890/1890
f 1921/1921/1921  1919/1919/1919  1888/1888/1888
f 1923/1923/1923  1890/1890/1890  1892/1892/1892
f 1923/1923/1923  1921/1921/1921  1890/1890/1890
f 1925/1925/1925  1892/1892/1892  1894/1894/1894
f 1925/1925/1925  1923/1923/1923  1892/1892/1892
f 1927/1927/1927  1894/1894/1894  1898/1898/1898
f 1927/1927/1927  1925/1925/1925  1894/1894/1894
f 1907/1907/1907  1897/1897/1897  1900/1900/1900
f 1927/1927/1927  1898/1898/1898  1908/1908/1908
f 1910/1910/1910  1900/1900/1900  1902/1902/1902
f 1910/1910/1910  1907/1907/1907  1900/1900/1900
f 1912/1912/1912  1902/1902/1902  1904/1904/1904
f 1912/1912/1912  1910/1910/1910  1902/1902/1902
f 1914/1914/1914  1904/1904/1904  1906/1906/1906
f 1914/1914/1914  1912/1912/1912  1904/1904/1904
f 1916/1916/1916  1914/1914/1914  1906/1906/1906
f 1932/1932/1932  1909/1909/1909  1911/1911/1911
f 1949/1949/1949  1928/1928/1928  1909/1909/1909
f 1949/1949/1949  1909/1909/1909  1932/1932/1932
f 1934/1934/1934  1911/1911/1911  1913/1913/1913
f 1934/1934/1934  1932/1932/1932  1911/1911/1911
f 1934/1934/1934  1913/1913/1913  1915/1915/1915
f 1936/1936/1936  1915/1915/1915  1917/1917/1917
f 1936/1936/1936  1934/1934/1934  1915/1915/1915
f 1938/1938/1938  1917/1917/1917  1920/1920/1920
f 1938/1938/1938  1936/1936/1936  1917/1917/1917
f 1943/1943/1943  1920/1920/1920  1922/1922/1922
f 1943/1943/1943  1938/1938/1938  1920/1920/1920
f 1945/1945/1945  1922/1922/1922  1924/1924/1924
f 1945/1945/1945  1943/1943/1943  1922/1922/1922
f 1945/1945/1945  1924/1924/1924  1926/1926/1926
f 1947/1947/1947  1926/1926/1926  1928/1928/1928
f 1947/1947/1947  1945/1945/1945  1926/1926/1926
f 1949/1949/1949  1947/1947/1947  1928/1928/1928
f 1949/1949/1949  1932/1932/1932  1929/1929/1929
f 1963/1963/1963  1931/1931/1931  1933/1933/1933
f 1960/1960/1960  1950/1950/1950  1930/1930/1930
f 1962/1962/1962  1960/1960/1960  1930/1930/1930
f 1965/1965/1965  1933/1933/1933  1935/1935/1935
f 1965/1965/1965  1963/1963/1963  1933/1933/1933
f 1967/1967/1967  1935/1935/1935  1937/1937/1937
f 1967/1967/1967  1965/1965/1965  1935/1935/1935
f 1969/1969/1969  1937/1937/1937  1939/1939/1939
f 1969/1969/1969  1967/1967/1967  1937/1937/1937
f 1943/1943/1943  1940/1940/1940  1938/1938/1938
f 1971/1971/1971  1939/1939/1939  1942/1942/1942
f 1971/1971/1971  1969/1969/1969  1939/1939/1939
f 1951/1951/1951  1941/1941/1941  1944/1944/1944
f 1971/1971/1971  1942/1942/1942  1952/1952/1952
f 1954/1954/1954  1944/1944/1944  1946/1946/1946
f 1954/1954/1954  1951/1951/1951  1944/1944/1944
f 1956/1956/1956  1946/1946/1946  1948/1948/1948
f 1956/1956/1956  1954/1954/1954  1946/1946/1946
f 1958/1958/1958  1948/1948/1948  1950/1950/1950
f 1958/1958/1958  1956/1956/1956  1948/1948/1948
f 1960/1960/1960  1958/1958/1958  1950/1950/1950
f 2018/2018/2018  1953/1953/1953  1955/1955/1955
f 2016/2016/2016  1972/1972/1972  1953/1953/1953
f 2018/2018/2018  2016/2016/2016  1953/1953/1953
f 2022/2022/2022  1955/1955/1955  1957/1957/1957
f 2020/2020/2020  2018/2018/2018  1955/1955/1955
f 2022/2022/2022  2020/2020/2020  1955/1955/1955
f 1994/1994/1994  1957/1957/1957  1959/1959/1959
f 2025/2025/2025  1957/1957/1957  1994/1994/1994
f 2025/2025/2025  2022/2022/2022  1957/1957/1957
f 1997/1997/1997  1959/1959/1959  1961/1961/1961
f 1997/1997/1997  1994/1994/1994  1959/1959/1959
f 2002/2002/2002  1961/1961/1961  1964/1964/1964
f 1999/1999/1999  1997/1997/1997  1961/1961/1961
f 2002/2002/2002  1999/1999/1999  1961/1961/1961
f 2004/2004/2004  1964/1964/1964  1966/1966/1966
f 2004/2004/2004  2002/2002/2002  1964/1964/1964
f 2006/2006/2006  1966/1966/1966  1968/1968/1968
f 2006/2006/2006  2004/2004/2004  1966/1966/1966
f 2014/2014/2014  1968/1968/1968  1970/1970/1970
f 2014/2014/2014  2006/2006/2006  1968/1968/1968
f 2016/2016/2016  1970/1970/1970  1972/1972/1972
f 2016/2016/2016  2014/2014/2014  1970/1970/1970
f 1986/1986/1986  1976/1976/1976  1973/1973/1973
f 2062/2062/2062  1975/1975/1975  1977/1977/1977
f 1988/1988/1988  1986/1986/1986  1973/1973/1973
f 2052/2052/2052  1988/1988/1988  1973/1973/1973
f 2052/2052/2052  1973/1973/1973  2030/2030/2030
f 2064/2064/2064  2031/2031/2031  1974/1974/1974
f 2064/2064/2064  1974/1974/1974  2061/2061/2061
f 1983/1983/1983  1978/1978/1978  1976/1976/1976
f 2070/2070/2070  1977/1977/1977  1979/1979/1979
f 1986/1986/1986  1983/1983/1983  1976/1976/1976
f 2070/2070/2070  2062/2062/2062  1977/1977/1977
f 1983/1983/1983  1981/1981/1981  1978/1978/1978
f 2068/2068/2068  1980/1980/1980  1982/1982/1982
f 2070/2070/2070  1979/1979/1979  2067/2067/2067
f 2075/2075/2075  1982/1982/1982  1984/1984/1984
f 2075/2075/2075  2068/2068/2068  1982/1982/1982
f 2073/2073/2073  1985/1985/1985  1987/1987/1987
f 2075/2075/2075  1984/1984/1984  2072/2072/2072
f 2077/2077/2077  1987/1987/1987  1989/1989/1989
f 2077/2077/2077  2073/2073/2073  1987/1987/1987
f 2052/2052/2052  1991/1991/1991  1988/1988/1988
f 2080/2080/2080  1990/1990/1990  1992/1992/1992
f 2079/2079/2079  2077/2077/2077  1989/1989/1989
f 2033/2033/2033  1994/1994/1994  1991/1991/1991
f 2084/2084/2084  1993/1993/1993  1996/1996/1996
f 2036/2036/2036  2033/2033/2033  1991/1991/1991
f 2050/2050/2050  2036/2036/2036  1991/1991/1991
f 2052/2052/2052  2050/2050/2050  1991/1991/1991
f 2082/2082/2082  2080/2080/2080  1992/1992/1992
f 2121/2121/2121  1995/1995/1995  1998/1998/1998
f 2027/2027/2027  2025/2025/2025  1994/1994/1994
f 2045/2045/2045  2027/2027/2027  1994/1994/1994
f 2045/2045/2045  1994/1994/1994  2033/2033/2033
f 2122/2122/2122  2084/2084/2084  1996/1996/1996
f 2119/2119/2119  1998/1998/1998  2001/2001/2001
f 2121/2121/2121  1998/1998/1998  2119/2119/2119
f 2116/2116/2116  2000/2000/2000  2003/2003/2003
f 2119/2119/2119  2001/2001/2001  2117/2117/2117
f 2114/2114/2114  2003/2003/2003  2005/2005/2005
f 2116/2116/2116  2003/2003/2003  2114/2114/2114
f 2112/2112/2112  2005/2005/2005  2007/2007/2007
f 2114/2114/2114  2005/2005/2005  2112/2112/2112
f 2014/2014/2014  2008/2008/2008  2006/2006/2006
f 2108/2108/2108  2007/2007/2007  2009/2009/2009
f 2110/2110/2110  2007/2007/2007  2108/2108/2108
f 2112/2112/2112  2007/2007/2007  2110/2110/2110
f 2012/2012/2012  2010/2010/2010  2008/2008/2008
f 2106/2106/2106  2009/2009/2009  2011/2011/2011
f 2014/2014/2014  2012/2012/2012  2008/2008/2008
f 2108/2108/2108  2009/2009/2009  2106/2106/2106
f 2104/2104/2104  2011/2011/2011  2013/2013/2013
f 2106/2106/2106  2011/2011/2011  2104/2104/2104
f 2102/2102/2102  2013/2013/2013  2015/2015/2015
f 2104/2104/2104  2013/2013/2013  2102/2102/2102
f 2100/2100/2100  2015/2015/2015  2017/2017/2017
f 2102/2102/2102  2015/2015/2015  2100/2100/2100
f 2098/2098/2098  2017/2017/2017  2019/2019/2019
f 2100/2100/2100  2017/2017/2017  2098/2098/2098
f 2096/2096/2096  2019/2019/2019  2021/2021/2021
f 2098/2098/2098  2019/2019/2019  2096/2096/2096
f 2094/2094/2094  2021/2021/2021  2024/2024/2024
f 2096/2096/2096  2021/2021/2021  2094/2094/2094
f 2091/2091/2091  2023/2023/2023  2026/2026/2026
f 2094/2094/2094  2024/2024/2024  2092/2092/2092
f 2089/2089/2089  2026/2026/2026  2029/2029/2029
f 2091/2091/2091  2026/2026/2026  2089/2089/2089
f 2054/2054/2054  2030/2030/2030  2027/2027/2027
f 2086/2086/2086  2028/2028/2028  2032/2032/2032
f 2045/2045/2045  2043/2043/2043  2027/2027/2027
f 2057/2057/2057  2027/2027/2027  2043/2043/2043
f 2057/2057/2057  2054/2054/2054  2027/2027/2027
f 2089/2089/2089  2029/2029/2029  2087/2087/2087
f 2054/2054/2054  2052/2052/2052  2030/2030/2030
f 2086/2086/2086  2032/2032/2032  2066/2066/2066
f 2358/2358/2358  2034/2034/2034  2037/2037/2037
f 2361/2361/2361  2046/2046/2046  2035/2035/2035
f 2361/2361/2361  2035/2035/2035  2359/2359/2359
f 2050/2050/2050  2038/2038/2038  2036/2036/2036
f 2368/2368/2368  2037/2037/2037  2039/2039/2039
f 2370/2370/2370  2358/2358/2358  2037/2037/2037
f 2370/2370/2370  2037/2037/2037  2368/2368/2368
f 2047/2047/2047  2040/2040/2040  2038/2038/2038
f 2368/2368/2368  2039/2039/2039  2041/2041/2041
f 2050/2050/2050  2047/2047/2047  2038/2038/2038
f 2059/2059/2059  2043/2043/2043  2040/2040/2040
f 2366/2366/2366  2042/2042/2042  2044/2044/2044
f 2059/2059/2059  2040/2040/2040  2047/2047/2047
f 2368/2368/2368  2041/2041/2041  2365/2365/2365
f 2361/2361/2361  2044/2044/2044  2046/2046/2046
f 2059/2059/2059  2057/2057/2057  2043/2043/2043
f 2363/2363/2363  2044/2044/2044  2361/2361/2361
f 2366/2366/2366  2044/2044/2044  2363/2363/2363
f 2326/2326/2326  2048/2048/2048  2051/2051/2051
f 2329/2329/2329  2060/2060/2060  2049/2049/2049
f 2329/2329/2329  2049/2049/2049  2327/2327/2327
f 2336/2336/2336  2051/2051/2051  2053/2053/2053
f 2338/2338/2338  2326/2326/2326  2051/2051/2051
f 2338/2338/2338  2051/2051/2051  2336/2336/2336
f 2336/2336/2336  2053/2053/2053  2055/2055/2055
f 2334/2334/2334  2056/2056/2056  2058/2058/2058
f 2336/2336/2336  2055/2055/2055  2333/2333/2333
f 2329/2329/2329  2058/2058/2058  2060/2060/2060
f 2331/2331/2331  2058/2058/2058  2329/2329/2329
f 2334/2334/2334  2058/2058/2058  2331/2331/2331
f 2128/2128/2128  2065/2065/2065  2063/2063/2063
f 2128/2128/2128  2063/2063/2063  2071/2071/2071
f 2149/2149/2149  2085/2085/2085  2065/2065/2065
f 2156/2156/2156  2065/2065/2065  2128/2128/2128
f 2152/2152/2152  2149/2149/2149  2065/2065/2065
f 2154/2154/2154  2152/2152/2152  2065/2065/2065
f 2156/2156/2156  2154/2154/2154  2065/2065/2065
f 2130/2130/2130  2071/2071/2071  2069/2069/2069
f 2076/2076/2076  2074/2074/2074  2069/2069/2069
f 2078/2078/2078  2069/2069/2069  2074/2074/2074
f 2130/2130/2130  2069/2069/2069  2078/2078/2078
f 2130/2130/2130  2128/2128/2128  2071/2071/2071
f 2130/2130/2130  2078/2078/2078  2081/2081/2081
f 2174/2174/2174  2081/2081/2081  2083/2083/2083
f 2172/2172/2172  2130/2130/2130  2081/2081/2081
f 2174/2174/2174  2172/2172/2172  2081/2081/2081
f 2176/2176/2176  2083/2083/2083  2120/2120/2120
f 2176/2176/2176  2174/2174/2174  2083/2083/2083
f 2126/2126/2126  2088/2088/2088  2085/2085/2085
f 2163/2163/2163  2126/2126/2126  2085/2085/2085
f 2165/2165/2165  2085/2085/2085  2149/2149/2149
f 2165/2165/2165  2163/2163/2163  2085/2085/2085
f 2126/2126/2126  2090/2090/2090  2088/2088/2088
f 2126/2126/2126  2093/2093/2093  2090/2090/2090
f 2123/2123/2123  2095/2095/2095  2093/2093/2093
f 2126/2126/2126  2123/2123/2123  2093/2093/2093
f 2147/2147/2147  2097/2097/2097  2095/2095/2095
f 2147/2147/2147  2095/2095/2095  2123/2123/2123
f 2147/2147/2147  2099/2099/2099  2097/2097/2097
f 2145/2145/2145  2101/2101/2101  2099/2099/2099
f 2147/2147/2147  2145/2145/2145  2099/2099/2099
f 2105/2105/2105  2103/2103/2103  2101/2101/2101
f 2143/2143/2143  2105/2105/2105  2101/2101/2101
f 2145/2145/2145  2143/2143/2143  2101/2101/2101
f 2143/2143/2143  2107/2107/2107  2105/2105/2105
f 2139/2139/2139  2109/2109/2109  2107/2107/2107
f 2141/2141/2141  2139/2139/2139  2107/2107/2107
f 2143/2143/2143  2141/2141/2141  2107/2107/2107
f 2136/2136/2136  2111/2111/2111  2109/2109/2109
f 2139/2139/2139  2136/2136/2136  2109/2109/2109
f 2134/2134/2134  2113/2113/2113  2111/2111/2111
f 2136/2136/2136  2134/2134/2134  2111/2111/2111
f 2134/2134/2134  2115/2115/2115  2113/2113/2113
f 2132/2132/2132  2118/2118/2118  2115/2115/2115
f 2134/2134/2134  2132/2132/2132  2115/2115/2115
f 2132/2132/2132  2120/2120/2120  2118/2118/2118
f 2183/2183/2183  2120/2120/2120  2132/2132/2132
f 2179/2179/2179  2176/2176/2176  2120/2120/2120
f 2181/2181/2181  2179/2179/2179  2120/2120/2120
f 2183/2183/2183  2181/2181/2181  2120/2120/2120
f 2200/2200/2200  2125/2125/2125  2127/2127/2127
f 2197/2197/2197  2148/2148/2148  2124/2124/2124
f 2199/2199/2199  2197/2197/2197  2124/2124/2124
f 2161/2161/2161  2128/2128/2128  2126/2126/2126
f 2205/2205/2205  2127/2127/2127  2129/2129/2129
f 2163/2163/2163  2161/2161/2161  2126/2126/2126
f 2203/2203/2203  2200/2200/2200  2127/2127/2127
f 2205/2205/2205  2203/2203/2203  2127/2127/2127
f 2205/2205/2205  2129/2129/2129  2131/2131/2131
f 2158/2158/2158  2156/2156/2156  2128/2128/2128
f 2161/2161/2161  2158/2158/2158  2128/2128/2128
f 2170/2170/2170  2132/2132/2132  2130/2130/2130
f 2207/2207/2207  2131/2131/2131  2133/2133/2133
f 2172/2172/2172  2170/2170/2170  2130/2130/2130
f 2207/2207/2207  2205/2205/2205  2131/2131/2131
f 2211/2211/2211  2133/2133/2133  2135/2135/2135
f 2170/2170/2170  2167/2167/2167  2132/2132/2132
f 2183/2183/2183  2132/2132/2132  2167/2167/2167
f 2209/2209/2209  2207/2207/2207  2133/2133/2133
f 2211/2211/2211  2209/2209/2209  2133/2133/2133
f 2211/2211/2211  2135/2135/2135  2138/2138/2138
f 2185/2185/2185  2137/2137/2137  2140/2140/2140
f 2211/2211/2211  2138/2138/2138  2186/2186/2186
f 2191/2191/2191  2140/2140/2140  2142/2142/2142
f 2189/2189/2189  2185/2185/2185  2140/2140/2140
f 2191/2191/2191  2189/2189/2189  2140/2140/2140
f 2191/2191/2191  2142/2142/2142  2144/2144/2144
f 2193/2193/2193  2144/2144/2144  2146/2146/2146
f 2193/2193/2193  2191/2191/2191  2144/2144/2144
f 2197/2197/2197  2146/2146/2146  2148/2148/2148
f 2195/2195/2195  2193/2193/2193  2146/2146/2146
f 2197/2197/2197  2195/2195/2195  2146/2146/2146
f 2324/2324/2324  2151/2151/2151  2153/2153/2153
f 2320/2320/2320  2166/2166/2166  2150/2150/2150
f 2322/2322/2322  2320/2320/2320  2150/2150/2150
f 2344/2344/2344  2153/2153/2153  2155/2155/2155
f 2344/2344/2344  2324/2324/2324  2153/2153/2153
f 2342/2342/2342  2155/2155/2155  2157/2157/2157
f 2344/2344/2344  2155/2155/2155  2342/2342/2342
f 2340/2340/2340  2157/2157/2157  2160/2160/2160
f 2342/2342/2342  2157/2157/2157  2340/2340/2340
f 2313/2313/2313  2159/2159/2159  2162/2162/2162
f 2340/2340/2340  2160/2160/2160  2315/2315/2315
f 2316/2316/2316  2162/2162/2162  2164/2164/2164
f 2316/2316/2316  2313/2313/2313  2162/2162/2162
f 2318/2318/2318  2164/2164/2164  2166/2166/2166
f 2318/2318/2318  2316/2316/2316  2164/2164/2164
f 2320/2320/2320  2318/2318/2318  2166/2166/2166
f 2356/2356/2356  2169/2169/2169  2171/2171/2171
f 2352/2352/2352  2184/2184/2184  2168/2168/2168
f 2354/2354/2354  2352/2352/2352  2168/2168/2168
f 2376/2376/2376  2171/2171/2171  2173/2173/2173
f 2376/2376/2376  2356/2356/2356  2171/2171/2171
f 2374/2374/2374  2173/2173/2173  2175/2175/2175
f 2376/2376/2376  2173/2173/2173  2374/2374/2374
f 2372/2372/2372  2175/2175/2175  2178/2178/2178
f 2374/2374/2374  2175/2175/2175  2372/2372/2372
f 2345/2345/2345  2177/2177/2177  2180/2180/2180
f 2372/2372/2372  2178/2178/2178  2347/2347/2347
f 2348/2348/2348  2180/2180/2180  2182/2182/2182
f 2348/2348/2348  2345/2345/2345  2180/2180/2180
f 2350/2350/2350  2182/2182/2182  2184/2184/2184
f 2350/2350/2350  2348/2348/2348  2182/2182/2182
f 2352/2352/2352  2350/2350/2350  2184/2184/2184
f 2227/2227/2227  2188/2188/2188  2190/2190/2190
f 2224/2224/2224  2212/2212/2212  2187/2187/2187
f 2226/2226/2226  2224/2224/2224  2187/2187/2187
f 2231/2231/2231  2190/2190/2190  2192/2192/2192
f 2229/2229/2229  2227/2227/2227  2190/2190/2190
f 2231/2231/2231  2229/2229/2229  2190/2190/2190
f 2231/2231/2231  2192/2192/2192  2194/2194/2194
f 2233/2233/2233  2194/2194/2194  2196/2196/2196
f 2233/2233/2233  2231/2231/2231  2194/2194/2194
f 2237/2237/2237  2196/2196/2196  2198/2198/2198
f 2235/2235/2235  2233/2233/2233  2196/2196/2196
f 2237/2237/2237  2235/2235/2235  2196/2196/2196
f 2237/2237/2237  2198/2198/2198  2202/2202/2202
f 2213/2213/2213  2201/2201/2201  2204/2204/2204
f 2237/2237/2237  2202/2202/2202  2214/2214/2214
f 2218/2218/2218  2204/2204/2204  2206/2206/2206
f 2216/2216/2216  2213/2213/2213  2204/2204/2204
f 2218/2218/2218  2216/2216/2216  2204/2204/2204
f 2218/2218/2218  2206/2206/2206  2208/2208/2208
f 2220/2220/2220  2208/2208/2208  2210/2210/2210
f 2220/2220/2220  2218/2218/2218  2208/2208/2208
f 2224/2224/2224  2210/2210/2210  2212/2212/2212
f 2222/2222/2222  2220/2220/2220  2210/2210/2210
f 2224/2224/2224  2222/2222/2222  2210/2210/2210
f 2239/2239/2239  2215/2215/2215  2217/2217/2217
f 2255/2255/2255  2238/2238/2238  2215/2215/2215
f 2255/2255/2255  2215/2215/2215  2239/2239/2239
f 2225/2225/2225  2217/2217/2217  2219/2219/2219
f 2244/2244/2244  2217/2217/2217  2225/2225/2225
f 2242/2242/2242  2239/2239/2239  2217/2217/2217
f 2244/2244/2244  2242/2242/2242  2217/2217/2217
f 2223/2223/2223  2219/2219/2219  2221/2221/2221
f 2225/2225/2225  2219/2219/2219  2223/2223/2223
f 2246/2246/2246  2225/2225/2225  2228/2228/2228
f 2246/2246/2246  2244/2244/2244  2225/2225/2225
f 2248/2248/2248  2228/2228/2228  2230/2230/2230
f 2248/2248/2248  2246/2246/2246  2228/2228/2228
f 2238/2238/2238  2230/2230/2230  2232/2232/2232
f 2253/2253/2253  2230/2230/2230  2238/2238/2238
f 2251/2251/2251  2248/2248/2248  2230/2230/2230
f 2253/2253/2253  2251/2251/2251  2230/2230/2230
f 2236/2236/2236  2232/2232/2232  2234/2234/2234
f 2238/2238/2238  2232/2232/2232  2236/2236/2236
f 2255/2255/2255  2253/2253/2253  2238/2238/2238
f 2267/2267/2267  2241/2241/2241  2243/2243/2243
f 2264/2264/2264  2256/2256/2256  2240/2240/2240
f 2266/2266/2266  2264/2264/2264  2240/2240/2240
f 2269/2269/2269  2243/2243/2243  2245/2245/2245
f 2269/2269/2269  2267/2267/2267  2243/2243/2243
f 2271/2271/2271  2245/2245/2245  2247/2247/2247
f 2271/2271/2271  2269/2269/2269  2245/2245/2245
f 2273/2273/2273  2247/2247/2247  2250/2250/2250
f 2273/2273/2273  2271/2271/2271  2247/2247/2247
f 2257/2257/2257  2249/2249/2249  2252/2252/2252
f 2273/2273/2273  2250/2250/2250  2258/2258/2258
f 2260/2260/2260  2252/2252/2252  2254/2254/2254
f 2260/2260/2260  2257/2257/2257  2252/2252/2252
f 2262/2262/2262  2254/2254/2254  2256/2256/2256
f 2262/2262/2262  2260/2260/2260  2254/2254/2254
f 2264/2264/2264  2262/2262/2262  2256/2256/2256
f 2275/2275/2275  2259/2259/2259  2261/2261/2261
f 2275/2275/2275  2274/2274/2274  2259/2259/2259
f 2278/2278/2278  2261/2261/2261  2263/2263/2263
f 2278/2278/2278  2275/2275/2275  2261/2261/2261
f 2282/2282/2282  2263/2263/2263  2265/2265/2265
f 2280/2280/2280  2278/2278/2278  2263/2263/2263
f 2282/2282/2282  2280/2280/2280  2263/2263/2263
f 2284/2284/2284  2265/2265/2265  2268/2268/2268
f 2284/2284/2284  2282/2282/2282  2265/2265/2265
f 2284/2284/2284  2268/2268/2268  2270/2270/2270
f 2287/2287/2287  2270/2270/2270  2272/2272/2272
f 2287/2287/2287  2284/2284/2284  2270/2270/2270
f 2291/2291/2291  2272/2272/2272  2274/2274/2274
f 2289/2289/2289  2287/2287/2287  2272/2272/2272
f 2291/2291/2291  2289/2289/2289  2272/2272/2272
f 2291/2291/2291  2274/2274/2274  2275/2275/2275
f 2304/2304/2304  2277/2277/2277  2279/2279/2279
f 2301/2301/2301  2292/2292/2292  2276/2276/2276
f 2303/2303/2303  2301/2301/2301  2276/2276/2276
f 2307/2307/2307  2279/2279/2279  2281/2281/2281
f 2307/2307/2307  2304/2304/2304  2279/2279/2279
f 2309/2309/2309  2281/2281/2281  2283/2283/2283
f 2309/2309/2309  2307/2307/2307  2281/2281/2281
f 2311/2311/2311  2283/2283/2283  2286/2286/2286
f 2311/2311/2311  2309/2309/2309  2283/2283/2283
f 2293/2293/2293  2285/2285/2285  2288/2288/2288
f 2311/2311/2311  2286/2286/2286  2294/2294/2294
f 2297/2297/2297  2288/2288/2288  2290/2290/2290
f 2297/2297/2297  2293/2293/2293  2288/2288/2288
f 2299/2299/2299  2290/2290/2290  2292/2292/2292
f 2299/2299/2299  2297/2297/2297  2290/2290/2290
f 2301/2301/2301  2299/2299/2299  2292/2292/2292
f 2328/2328/2328  2314/2314/2314  2317/2317/2317
f 2328/2328/2328  2325/2325/2325  2314/2314/2314
f 2337/2337/2337  2314/2314/2314  2325/2325/2325
f 2339/2339/2339  2314/2314/2314  2337/2337/2337
f 2328/2328/2328  2317/2317/2317  2319/2319/2319
f 2330/2330/2330  2319/2319/2319  2321/2321/2321
f 2330/2330/2330  2328/2328/2328  2319/2319/2319
f 2330/2330/2330  2321/2321/2321  2323/2323/2323
f 2332/2332/2332  2330/2330/2330  2323/2323/2323
f 2335/2335/2335  2332/2332/2332  2323/2323/2323
f 2343/2343/2343  2335/2335/2335  2323/2323/2323
f 2341/2341/2341  2337/2337/2337  2335/2335/2335
f 2343/2343/2343  2341/2341/2341  2335/2335/2335
f 2341/2341/2341  2339/2339/2339  2337/2337/2337
f 2360/2360/2360  2346/2346/2346  2349/2349/2349
f 2360/2360/2360  2357/2357/2357  2346/2346/2346
f 2369/2369/2369  2346/2346/2346  2357/2357/2357
f 2371/2371/2371  2346/2346/2346  2369/2369/2369
f 2360/2360/2360  2349/2349/2349  2351/2351/2351
f 2362/2362/2362  2351/2351/2351  2353/2353/2353
f 2362/2362/2362  2360/2360/2360  2351/2351/2351
f 2362/2362/2362  2353/2353/2353  2355/2355/2355
f 2364/2364/2364  2362/2362/2362  2355/2355/2355
f 2367/2367/2367  2364/2364/2364  2355/2355/2355
f 2375/2375/2375  2367/2367/2367  2355/2355/2355
f 2373/2373/2373  2369/2369/2369  2367/2367/2367
f 2375/2375/2375  2373/2373/2373  2367/2367/2367
f 2373/2373/2373  2371/2371/2371  2369/2369/2369

v  -12.000000 35.000000 9.500000
v  -12.000000 35.000000 9.500000
v  -12.000000 35.000000 9.500000
v  -12.700000 35.000000 9.500000
v  -12.700000 35.000000 9.500000
v  -12.700000 35.000000 9.500000
v  -12.700000 35.000000 10.200000
v  -12.700000 35.000000 10.200000
v  -12.700000 35.000000 10.200000
v  -12.200000 35.000000 10.200000
v  -12.200000 35.000000 10.200000
v  -12.200000 35.000000 10.200000
v  -12.200000 35.000000 11.600000
v  -12.200000 35.000000 11.600000
v  -12.200000 35.000000 11.600000
v  -10.900000 35.000000 11.600000
v  -10.900000 35.000000 11.600000
v  -10.900000 35.000000 11.600000
v  -10.900000 35.000000 11.600000
v  -8.900000 35.000000 11.600000
v  -8.900000 35.000000 11.600000
v  -8.900000 35.000000 11.600000
v  -8.900000 35.000000 11.600000
v  -7.600000 35.000000 11.600000
v  -7.600000 35.000000 11.600000
v  -7.600000 35.000000 11.600000
v  -7.600000 35.000000 11.600000
v  -5.600000 35.000000 11.600000
v  -5.600000 35.000000 11.600000
v  -5.600000 35.000000 11.600000
v  -5.600000 35.000000 11.600000
v  -4.300000 35.000000 11.600000
v  -4.300000 35.000000 11.600000
v  -4.300000 35.000000 11.600000
v  -4.300000 35.000000 11.600000
v  -2.300000 35.000000 11.600000
v  -2.300000 35.000000 11.600000
v  -2.300000 35.000000 11.600000
v  -2.300000 35.000000 11.600000
v  -1.000000 35.000000 11.600000
v  -1.000000 35.000000 11.600000
v  -1.000000 35.000000 11.600000
v  -1.000000 35.000000 11.600000
v  1.000000 35.000000 11.600000
v  1.000000 35.000000 11.600000
v  1.000000 35.000000 11.600000
v  1.000000 35.000000 11.600000
v  2.300000 35.000000 11.600000
v  2.300000 35.000000 11.600000
v  2.300000 35.000000 11.600000
v  2.300000 35.000000 11.600000
v  4.300000 35.000000 11.600000
v  4.300000 35.000000 11.600000
v  4.300000 35.000000 11.600000
v  4.300000 35.000000 11.600000
v  5.600000 35.000000 11.600000
v  5.600000 35.000000 11.600000
v  5.600000 35.000000 11.600000
v  5.600000 35.000000 11.600000
v  7.600000 35.000000 11.600000
v  7.600000 35.000000 11.600000
v  7.600000 35.000000 11.600000
v  7.600000 35.000000 11.600000
v  8.900000 35.000000 11.600000
v  8.900000 35.000000 11.600000
v  8.900000 35.000000 11.600000
v  8.900000 35.000000 11.600000
v  10.900000 35.000000 11.600000
v  10.900000 35.000000 11.600000
v  10.900000 35.000000 11.600000
v  10.900000 35.000000 11.600000
v  12.200000 35.000000 11.600000
v  12.200000 35.000000 11.600000
v  12.200000 35.000000 11.600000
v  12.200000 35.000000 10.200000
v  12.200000 35.000000 10.200000
v  12.200000 35.000000 10.200000
v  12.700000 35.000000 10.200000
v  12.700000 35.000000 10.200000
v  12.700000 35.000000 10.200000
v  12.700000 35.000000 9.500000
v  12.700000 35.000000 9.500000
v  12.700000 35.000000 9.500000
v  12.000000 35.000000 9.500000
v  12.000000 35.000000 9.500000
v  12.000000 35.000000 9.500000
v  11.500000 35.000000 10.000000
v  11.500000 35.000000 10.000000
v  11.500000 35.000000 10.000000
v  -11.500000 35.000000 10.000000
v  -11.500000 35.000000 10.000000
v  -11.500000 35.000000 10.000000
v  -11.500000 86.500000 10.000000
v  -11.500000 86.500000 10.000000
v  -11.500000 86.500000 10.000000
v  -12.000000 86.500000 9.500000
v  -12.000000 86.500000 9.500000
v  -12.000000 86.500000 9.500000
v  11.500000 86.500000 10.000000
v  11.500000 86.500000 10.000000
v  11.500000 86.500000 10.000000
v  12.000000 86.500000 9.500000
v  12.000000 86.500000 9.500000
v  12.000000 86.500000 9.500000
v  12.700000 86.500000 9.500000
v  12.700000 86.500000 9.500000
v  12.700000 86.500000 9.500000
v  12.700000 86.500000 10.200000
v  12.700000 86.500000 10.200000
v  12.700000 86.500000 10.200000
v  12.200000 86.500000 10.200000
v  12.200000 86.500000 10.200000
v  12.200000 86.500000 10.200000
v  12.200000 86.500000 11.600000
v  12.200000 86.500000 11.600000
v  12.200000 86.500000 11.600000
v  10.900000 86.500000 11.600000
v  10.900000 86.500000 11.600000
v  10.900000 86.500000 11.600000
v  10.900000 86.500000 11.600000
v  8.900000 86.500000 11.600000
v  8.900000 86.500000 11.600000
v  8.900000 86.500000 11.600000
v  8.900000 86.500000 11.600000
v  7.600000 86.500000 11.600000
v  7.600000 86.500000 11.600000
v  7.600000 86.500000 11.600000
v  7.600000 86.500000 11.600000
v  5.600000 86.500000 11.600000
v  5.600000 86.500000 11.600000
v  5.600000 86.500000 11.600000
v  5.600000 86.500000 11.600000
v  4.300000 86.500000 11.600000
v  4.300000 86.500000 11.600000
v  4.300000 86.500000 11.600000
v  4.300000 86.500000 11.600000
v  2.300000 86.500000 11.600000
v  2.300000 86.500000 11.600000
v  2.300000 86.500000 11.600000
v  2.300000 86.500000 11.600000
v  1.000000 86.500000 11.600000
v  1.000000 86.500000 11.600000
v  1.000000 86.500000 11.600000
v  1.000000 86.500000 11.600000
v  -1.000000 86.500000 11.600000
v  -1.000000 86.500000 11.600000
v  -1.000000 86.500000 11.600000
v  -1.000000 86.500000 11.600000
v  -2.300000 86.500000 11.600000
v  -2.300000 86.500000 11.600000
v  -2.300000 86.500000 11.600000
v  -2.300000 86.500000 11.600000
v  -4.300000 86.500000 11.600000
v  -4.300000 86.500000 11.600000
v  -4.300000 86.500000 11.600000
v  -4.300000 86.500000 11.600000
v  -5.600000 86.500000 11.600000
v  -5.600000 86.500000 11.600000
v  -5.600000 86.500000 11.600000
v  -5.600000 86.500000 11.600000
v  -7.600000 86.500000 11.600000
v  -7.600000 86.500000 11.600000
v  -7.600000 86.500000 11.600000
v  -7.600000 86.500000 11.600000
v  -8.900000 86.500000 11.600000
v  -8.900000 86.500000 11.600000
v  -8.900000 86.500000 11.600000
v  -8.900000 86.500000 11.600000
v  -10.900000 86.500000 11.600000
v  -10.900000 86.500000 11.600000
v  -10.900000 86.500000 11.600000
v  -10.900000 86.500000 11.600000
v  -12.200000 86.500000 11.600000
v  -12.200000 86.500000 11.600000
v  -12.200000 86.500000 11.600000
v  -12.200000 86.500000 10.200000
v  -12.200000 86.500000 10.200000
v  -12.200000 86.500000 10.200000
v  -12.700000 86.500000 10.200000
v  -12.700000 86.500000 10.200000
v  -12.700000 86.500000 10.200000
v  -12.700000 86.500000 9.500000
v  -12.700000 86.500000 9.500000
v  -12.700000 86.500000 9.500000
v  12.200000 35.439364 12.660674
v  12.200000 35.439364 12.660674
v  12.200000 36.500000 13.100000
v  12.200000 36.500000 13.100000
v  12.200000 36.500000 13.100000
v  12.200000 85.000000 13.100000
v  12.200000 85.000000 13.100000
v  12.200000 85.000000 13.100000
v  12.200000 86.060674 12.660636
v  12.200000 86.060674 12.660636
v  10.900000 35.439326 12.660636
v  10.900000 35.439326 12.660636
v  10.900000 36.500000 13.100000
v  10.900000 36.500000 13.100000
v  10.900000 36.500000 13.100000
v  10.900000 85.000000 13.100000
v  10.900000 85.000000 13.100000
v  10.900000 85.000000 13.100000
v  10.900000 86.060636 12.660674
v  10.900000 86.060636 12.660674
v  8.900000 85.000000 13.100000
v  8.900000 85.000000 13.100000
v  8.900000 85.000000 13.100000
v  8.900000 86.060674 12.660636
v  8.900000 86.060674 12.660636
v  8.900000 35.439364 12.660674
v  8.900000 35.439364 12.660674
v  8.900000 36.500000 13.100000
v  8.900000 36.500000 13.100000
v  8.900000 36.500000 13.100000
v  7.600000 85.000000 13.100000
v  7.600000 85.000000 13.100000
v  7.600000 85.000000 13.100000
v  7.600000 36.500000 13.100000
v  7.600000 36.500000 13.100000
v  7.600000 36.500000 13.100000
v  7.600000 35.439326 12.660636
v  7.600000 35.439326 12.660636
v  7.600000 86.060636 12.660674
v  7.600000 86.060636 12.660674
v  5.600000 85.000000 13.100000
v  5.600000 85.000000 13.100000
v  5.600000 85.000000 13.100000
v  5.600000 86.060674 12.660636
v  5.600000 86.060674 12.660636
v  5.600000 35.439364 12.660674
v  5.600000 35.439364 12.660674
v  5.600000 36.500000 13.100000
v  5.600000 36.500000 13.100000
v  5.600000 36.500000 13.100000
v  4.300000 85.000000 13.100000
v  4.300000 85.000000 13.100000
v  4.300000 85.000000 13.100000
v  4.300000 36.500000 13.100000
v  4.300000 36.500000 13.100000
v  4.300000 36.500000 13.100000
v  4.300000 35.439326 12.660636
v  4.300000 35.439326 12.660636
v  4.300000 86.060636 12.660674
v  4.300000 86.060636 12.660674
v  2.300000 85.000000 13.100000
v  2.300000 85.000000 13.100000
v  2.300000 85.000000 13.100000
v  2.300000 86.060674 12.660636
v  2.300000 86.060674 12.660636
v  2.300000 35.439364 12.660674
v  2.300000 35.439364 12.660674
v  2.300000 36.500000 13.100000
v  2.300000 36.500000 13.100000
v  2.300000 36.500000 13.100000
v  1.000000 85.000000 13.100000
v  1.000000 85.000000 13.100000
v  1.000000 85.000000 13.100000
v  1.000000 36.500000 13.100000
v  1.000000 36.500000 13.100000
v  1.000000 36.500000 13.100000
v  1.000000 35.439326 12.660636
v  1.000000 35.439326 12.660636
v  1.000000 86.060636 12.660674
v  1.000000 86.060636 12.660674
v  -1.000000 85.000000 13.100000
v  -1.000000 85.000000 13.100000
v  -1.000000 85.000000 13.100000
v  -1.000000 86.060674 12.660636
v  -1.000000 86.060674 12.660636
v  -1.000000 35.439364 12.660674
v  -1.000000 35.439364 12.660674
v  -1.000000 36.500000 13.100000
v  -1.000000 36.500000 13.100000
v  -1.000000 36.500000 13.100000
v  -2.300000 36.500000 13.100000
v  -2.300000 36.500000 13.100000
v  -2.300000 36.500000 13.100000
v  -2.300000 85.000000 13.100000
v  -2.300000 85.000000 13.100000
v  -2.300000 85.000000 13.100000
v  -2.300000 35.439326 12.660636
v  -2.300000 35.439326 12.660636
v  -2.300000 86.060636 12.660674
v  -2.300000 86.060636 12.660674
v  -4.300000 85.000000 13.100000
v  -4.300000 85.000000 13.100000
v  -4.300000 85.000000 13.100000
v  -4.300000 86.060674 12.660636
v  -4.300000 86.060674 12.660636
v  -4.300000 35.439364 12.660674
v  -4.300000 35.439364 12.660674
v  -4.300000 36.500000 13.100000
v  -4.300000 36.500000 13.100000
v  -4.300000 36.500000 13.100000
v  -5.600000 36.500000 13.100000
v  -5.600000 36.500000 13.100000
v  -5.600000 36.500000 13.100000
v  -5.600000 85.000000 13.100000
v  -5.600000 85.000000 13.100000
v  -5.600000 85.000000 13.100000
v  -5.600000 35.439326 12.660636
v  -5.600000 35.439326 12.660636
v  -5.600000 86.060636 12.660674
v  -5.600000 86.060636 12.660674
v  -7.600000 85.000000 13.100000
v  -7.600000 85.000000 13.100000
v  -7.600000 85.000000 13.100000
v  -7.600000 86.060674 12.660636
v  -7.600000 86.060674 12.660636
v  -7.600000 35.439364 12.660674
v  -7.600000 35.439364 12.660674
v  -7.600000 36.500000 13.100000
v  -7.600000 36.500000 13.100000
v  -7.600000 36.500000 13.100000
v  -8.900000 36.500000 13.100000
v  -8.900000 36.500000 13.100000
v  -8.900000 36.500000 13.100000
v  -8.900000 85.000000 13.100000
v  -8.900000 85.000000 13.100000
v  -8.900000 85.000000 13.100000
v  -8.900000 35.439326 12.660636
v  -8.900000 35.439326 12.660636
v  -8.900000 86.060636 12.660674
v  -8.900000 86.060636 12.660674
v  -10.900000 85.000000 13.100000
v  -10.900000 85.000000 13.100000
v  -10.900000 85.000000 13.100000
v  -10.900000 86.060674 12.660636
v  -10.900000 86.060674 12.660636
v  -10.900000 35.439364 12.660674
v  -10.900000 35.439364 12.660674
v  -10.900000 36.500000 13.100000
v  -10.900000 36.500000 13.100000
v  -10.900000 36.500000 13.100000
v  -12.200000 85.000000 13.100000
v  -12.200000 85.000000 13.100000
v  -12.200000 85.000000 13.100000
v  -12.200000 36.500000 13.100000
v  -12.200000 36.500000 13.100000
v  -12.200000 36.500000 13.100000
v  -12.200000 86.060636 12.660674
v  -12.200000 86.060636 12.660674
v  -12.200000 35.439326 12.660636
v  -12.200000 35.439326 12.660636

vt  0.678380 0.143091 0.000000
vt  0.678380 0.143091 0.000000
vt  0.678380 0.143091 0.000000
vt  0.696165 0.141583 0.000000
vt  0.696165 0.141583 0.000000
vt  0.696165 0.141583 0.000000
vt  0.696165 0.159154 0.000000
vt  0.696165 0.159154 0.000000
vt  0.696165 0.159154 0.000000
vt  0.683484 0.160306 0.000000
vt  0.683484 0.160306 0.000000
vt  0.683484 0.160306 0.000000
vt  0.683484 0.195068 0.000000
vt  0.683484 0.195068 0.000000
vt  0.683484 0.195068 0.000000
vt  0.649991 0.198232 0.000000
vt  0.649991 0.198232 0.000000
vt  0.649991 0.198232 0.000000
vt  0.649991 0.198232 0.000000
vt  0.597091 0.202560 0.000000
vt  0.597091 0.202560 0.000000
vt  0.597091 0.202560 0.000000
vt  0.597091 0.202560 0.000000
vt  0.561906 0.204982 0.000000
vt  0.561906 0.204982 0.000000
vt  0.561906 0.204982 0.000000
vt  0.561906 0.204982 0.000000
vt  0.506738 0.208043 0.000000
vt  0.506738 0.208043 0.000000
vt  0.506738 0.208043 0.000000
vt  0.506738 0.208043 0.000000
vt  0.470327 0.209568 0.000000
vt  0.470327 0.209568 0.000000
vt  0.470327 0.209568 0.000000
vt  0.470327 0.209568 0.000000
vt  0.413703 0.211155 0.000000
vt  0.413703 0.211155 0.000000
vt  0.413703 0.211155 0.000000
vt  0.413703 0.211155 0.000000
vt  0.376646 0.211676 0.000000
vt  0.376646 0.211676 0.000000
vt  0.376646 0.211676 0.000000
vt  0.376646 0.211676 0.000000
vt  0.319519 0.211676 0.000000
vt  0.319519 0.211676 0.000000
vt  0.319519 0.211676 0.000000
vt  0.319519 0.211676 0.000000
vt  0.282463 0.211155 0.000000
vt  0.282463 0.211155 0.000000
vt  0.282463 0.211155 0.000000
vt  0.282463 0.211155 0.000000
vt  0.225838 0.209568 0.000000
vt  0.225838 0.209568 0.000000
vt  0.225838 0.209568 0.000000
vt  0.225838 0.209568 0.000000
vt  0.189427 0.208043 0.000000
vt  0.189427 0.208043 0.000000
vt  0.189427 0.208043 0.000000
vt  0.189427 0.208043 0.000000
vt  0.134259 0.204982 0.000000
vt  0.134259 0.204982 0.000000
vt  0.134259 0.204982 0.000000
vt  0.134259 0.204982 0.000000
vt  0.099074 0.202560 0.000000
vt  0.099074 0.202560 0.000000
vt  0.099074 0.202560 0.000000
vt  0.099074 0.202560 0.000000
vt  0.046174 0.198232 0.000000
vt  0.046174 0.198232 0.000000
vt  0.046174 0.198232 0.000000
vt  0.046174 0.198232 0.000000
vt  0.012681 0.195068 0.000000
vt  0.012681 0.195068 0.000000
vt  0.012681 0.195068 0.000000
vt  0.012681 0.160306 0.000000
vt  0.012681 0.160306 0.000000
vt  0.012681 0.160306 0.000000
vt  0.000000 0.159154 0.000000
vt  0.000000 0.159154 0.000000
vt  0.000000 0.159154 0.000000
vt  0.000000 0.141583 0.000000
vt  0.000000 0.141583 0.000000
vt  0.000000 0.141583 0.000000
vt  0.017785 0.143091 0.000000
vt  0.017785 0.143091 0.000000
vt  0.017785 0.143091 0.000000
vt  0.030624 0.156814 0.000000
vt  0.030624 0.156814 0.000000
vt  0.030624 0.156814 0.000000
vt  0.665541 0.156814 0.000000
vt  0.665541 0.156814 0.000000
vt  0.665541 0.156814 0.000000
vt  0.480256 0.005864 0.000000
vt  0.480256 0.005864 0.000000
vt  0.480256 0.005864 0.000000
vt  0.485931 0.000122 0.000000
vt  0.485931 0.000122 0.000000
vt  0.485931 0.000122 0.000000
vt  0.215910 0.005864 0.000000
vt  0.215910 0.005864 0.000000
vt  0.215910 0.005864 0.000000
vt  0.210234 0.000122 0.000000
vt  0.210234 0.000122 0.000000
vt  0.210234 0.000122 0.000000
vt  0.202303 0.000000 0.000000
vt  0.202303 0.000000 0.000000
vt  0.202303 0.000000 0.000000
vt  0.202303 0.007906 0.000000
vt  0.202303 0.007906 0.000000
vt  0.202303 0.007906 0.000000
vt  0.207966 0.008000 0.000000
vt  0.207966 0.008000 0.000000
vt  0.207966 0.008000 0.000000
vt  0.207966 0.023780 0.000000
vt  0.207966 0.023780 0.000000
vt  0.207966 0.023780 0.000000
vt  0.222732 0.024038 0.000000
vt  0.222732 0.024038 0.000000
vt  0.222732 0.024038 0.000000
vt  0.222732 0.024038 0.000000
vt  0.245553 0.024380 0.000000
vt  0.245553 0.024380 0.000000
vt  0.245553 0.024380 0.000000
vt  0.245553 0.024380 0.000000
vt  0.260446 0.024566 0.000000
vt  0.260446 0.024566 0.000000
vt  0.260446 0.024566 0.000000
vt  0.260446 0.024566 0.000000
vt  0.283433 0.024796 0.000000
vt  0.283433 0.024796 0.000000
vt  0.283433 0.024796 0.000000
vt  0.283433 0.024796 0.000000
vt  0.298413 0.024909 0.000000
vt  0.298413 0.024909 0.000000
vt  0.298413 0.024909 0.000000
vt  0.298413 0.024909 0.000000
vt  0.321499 0.025025 0.000000
vt  0.321499 0.025025 0.000000
vt  0.321499 0.025025 0.000000
vt  0.321499 0.025025 0.000000
vt  0.336522 0.025063 0.000000
vt  0.336522 0.025063 0.000000
vt  0.336522 0.025063 0.000000
vt  0.336522 0.025063 0.000000
vt  0.359643 0.025063 0.000000
vt  0.359643 0.025063 0.000000
vt  0.359643 0.025063 0.000000
vt  0.359643 0.025063 0.000000
vt  0.374666 0.025025 0.000000
vt  0.374666 0.025025 0.000000
vt  0.374666 0.025025 0.000000
vt  0.374666 0.025025 0.000000
vt  0.397753 0.024909 0.000000
vt  0.397753 0.024909 0.000000
vt  0.397753 0.024909 0.000000
vt  0.397753 0.024909 0.000000
vt  0.412732 0.024796 0.000000
vt  0.412732 0.024796 0.000000
vt  0.412732 0.024796 0.000000
vt  0.412732 0.024796 0.000000
vt  0.435719 0.024566 0.000000
vt  0.435719 0.024566 0.000000
vt  0.435719 0.024566 0.000000
vt  0.435719 0.024566 0.000000
vt  0.450612 0.024380 0.000000
vt  0.450612 0.024380 0.000000
vt  0.450612 0.024380 0.000000
vt  0.450612 0.024380 0.000000
vt  0.473433 0.024038 0.000000
vt  0.473433 0.024038 0.000000
vt  0.473433 0.024038 0.000000
vt  0.473433 0.024038 0.000000
vt  0.488199 0.023780 0.000000
vt  0.488199 0.023780 0.000000
vt  0.488199 0.023780 0.000000
vt  0.488199 0.008000 0.000000
vt  0.488199 0.008000 0.000000
vt  0.488199 0.008000 0.000000
vt  0.493862 0.007906 0.000000
vt  0.493862 0.007906 0.000000
vt  0.493862 0.007906 0.000000
vt  0.493862 0.000000 0.000000
vt  0.493862 0.000000 0.000000
vt  0.493862 0.000000 0.000000
vt  0.016539 0.217522 0.000000
vt  0.016539 0.217522 0.000000
vt  0.025510 0.219854 0.000000
vt  0.025510 0.219854 0.000000
vt  0.025510 0.219854 0.000000
vt  0.205527 0.043150 0.000000
vt  0.205527 0.043150 0.000000
vt  0.205527 0.043150 0.000000
vt  0.207260 0.036402 0.000000
vt  0.207260 0.036402 0.000000
vt  0.049697 0.220812 0.000000
vt  0.049697 0.220812 0.000000
vt  0.057883 0.222991 0.000000
vt  0.057883 0.222991 0.000000
vt  0.057883 0.222991 0.000000
vt  0.220543 0.043455 0.000000
vt  0.220543 0.043455 0.000000
vt  0.220543 0.043455 0.000000
vt  0.222099 0.036687 0.000000
vt  0.222099 0.036687 0.000000
vt  0.243757 0.043859 0.000000
vt  0.243757 0.043859 0.000000
vt  0.243757 0.043859 0.000000
vt  0.245034 0.037064 0.000000
vt  0.245034 0.037064 0.000000
vt  0.102038 0.225307 0.000000
vt  0.102038 0.225307 0.000000
vt  0.108914 0.227269 0.000000
vt  0.108914 0.227269 0.000000
vt  0.108914 0.227269 0.000000
vt  0.258908 0.044079 0.000000
vt  0.258908 0.044079 0.000000
vt  0.258908 0.044079 0.000000
vt  0.142797 0.229656 0.000000
vt  0.142797 0.229656 0.000000
vt  0.142797 0.229656 0.000000
vt  0.136831 0.227820 0.000000
vt  0.136831 0.227820 0.000000
vt  0.260001 0.037270 0.000000
vt  0.260001 0.037270 0.000000
vt  0.282295 0.044352 0.000000
vt  0.282295 0.044352 0.000000
vt  0.282295 0.044352 0.000000
vt  0.283104 0.037524 0.000000
vt  0.283104 0.037524 0.000000
vt  0.191362 0.230993 0.000000
vt  0.191362 0.230993 0.000000
vt  0.195845 0.232666 0.000000
vt  0.195845 0.232666 0.000000
vt  0.195845 0.232666 0.000000
vt  0.297537 0.044485 0.000000
vt  0.297537 0.044485 0.000000
vt  0.297537 0.044485 0.000000
vt  0.230815 0.234163 0.000000
vt  0.230815 0.234163 0.000000
vt  0.230815 0.234163 0.000000
vt  0.227339 0.232572 0.000000
vt  0.227339 0.232572 0.000000
vt  0.298159 0.037649 0.000000
vt  0.298159 0.037649 0.000000
vt  0.321030 0.044622 0.000000
vt  0.321030 0.044622 0.000000
vt  0.321030 0.044622 0.000000
vt  0.321364 0.037777 0.000000
vt  0.321364 0.037777 0.000000
vt  0.283274 0.234216 0.000000
vt  0.283274 0.234216 0.000000
vt  0.285152 0.235719 0.000000
vt  0.285152 0.235719 0.000000
vt  0.285152 0.235719 0.000000
vt  0.336318 0.044667 0.000000
vt  0.336318 0.044667 0.000000
vt  0.336318 0.044667 0.000000
vt  0.320692 0.236229 0.000000
vt  0.320692 0.236229 0.000000
vt  0.320692 0.236229 0.000000
vt  0.319873 0.234754 0.000000
vt  0.319873 0.234754 0.000000
vt  0.336463 0.037819 0.000000
vt  0.336463 0.037819 0.000000
vt  0.359847 0.044667 0.000000
vt  0.359847 0.044667 0.000000
vt  0.359847 0.044667 0.000000
vt  0.359702 0.037818 0.000000
vt  0.359702 0.037818 0.000000
vt  0.376292 0.234755 0.000000
vt  0.376292 0.234755 0.000000
vt  0.375473 0.236229 0.000000
vt  0.375473 0.236229 0.000000
vt  0.375473 0.236229 0.000000
vt  0.411013 0.235719 0.000000
vt  0.411013 0.235719 0.000000
vt  0.411013 0.235719 0.000000
vt  0.375135 0.044622 0.000000
vt  0.375135 0.044622 0.000000
vt  0.375135 0.044622 0.000000
vt  0.412891 0.234215 0.000000
vt  0.412891 0.234215 0.000000
vt  0.374802 0.037777 0.000000
vt  0.374802 0.037777 0.000000
vt  0.398628 0.044485 0.000000
vt  0.398628 0.044485 0.000000
vt  0.398628 0.044485 0.000000
vt  0.398006 0.037649 0.000000
vt  0.398006 0.037649 0.000000
vt  0.468826 0.232572 0.000000
vt  0.468826 0.232572 0.000000
vt  0.465350 0.234163 0.000000
vt  0.465350 0.234163 0.000000
vt  0.465350 0.234163 0.000000
vt  0.500320 0.232666 0.000000
vt  0.500320 0.232666 0.000000
vt  0.500320 0.232666 0.000000
vt  0.413870 0.044352 0.000000
vt  0.413870 0.044352 0.000000
vt  0.413870 0.044352 0.000000
vt  0.504803 0.230992 0.000000
vt  0.504803 0.230992 0.000000
vt  0.413061 0.037525 0.000000
vt  0.413061 0.037525 0.000000
vt  0.437257 0.044079 0.000000
vt  0.437257 0.044079 0.000000
vt  0.437257 0.044079 0.000000
vt  0.436164 0.037270 0.000000
vt  0.436164 0.037270 0.000000
vt  0.559334 0.227820 0.000000
vt  0.559334 0.227820 0.000000
vt  0.553369 0.229656 0.000000
vt  0.553369 0.229656 0.000000
vt  0.553369 0.229656 0.000000
vt  0.587251 0.227269 0.000000
vt  0.587251 0.227269 0.000000
vt  0.587251 0.227269 0.000000
vt  0.452408 0.043859 0.000000
vt  0.452408 0.043859 0.000000
vt  0.452408 0.043859 0.000000
vt  0.594128 0.225307 0.000000
vt  0.594128 0.225307 0.000000
vt  0.451132 0.037065 0.000000
vt  0.451132 0.037065 0.000000
vt  0.475622 0.043455 0.000000
vt  0.475622 0.043455 0.000000
vt  0.475622 0.043455 0.000000
vt  0.474067 0.036687 0.000000
vt  0.474067 0.036687 0.000000
vt  0.646468 0.220812 0.000000
vt  0.646468 0.220812 0.000000
vt  0.638282 0.222991 0.000000
vt  0.638282 0.222991 0.000000
vt  0.638282 0.222991 0.000000
vt  0.490638 0.043150 0.000000
vt  0.490638 0.043150 0.000000
vt  0.490638 0.043150 0.000000
vt  0.670655 0.219854 0.000000
vt  0.670655 0.219854 0.000000
vt  0.670655 0.219854 0.000000
vt  0.488905 0.036403 0.000000
vt  0.488905 0.036403 0.000000
vt  0.679626 0.217522 0.000000
vt  0.679626 0.217522 0.000000

vn  0.000000 -1.000000 0.000000
vn  0.707107 0.000000 -0.707107
vn  0.000000 0.000000 -1.000000
vn  0.000000 -1.000000 0.000000
vn  -1.000000 0.000000 0.000000
vn  0.000000 0.000000 -1.000000
vn  0.000000 -1.000000 0.000000
vn  0.000000 0.000000 1.000000
vn  -1.000000 0.000000 0.000000
vn  0.000000 -1.000000 0.000000
vn  -1.000000 0.000000 0.000000
vn  0.000000 0.000000 1.000000
vn  0.000000 -1.000000 0.000000
vn  -1.000000 0.000000 0.000000
vn  0.000000 -1.000000 0.000000
vn  0.000000 -1.000000 0.000000
vn  0.000000 0.000000 1.000000
vn  1.000000 0.000000 0.000000
vn  0.000000 -1.000000 0.000000
vn  0.000000 -1.000000 0.000000
vn  0.000000 -1.000000 0.000000
vn  -1.000000 0.000000 0.000000
vn  0.000000 0.000000 1.000000
vn  0.000000 -1.000000 0.000000
vn  0.000000 0.000000 1.000000
vn  1.000000 0.000000 0.000000
vn  0.000000 -1.000000 0.000000
vn  0.000000 -1.000000 0.000000
vn  0.000000 -1.000000 0.000000
vn  -1.000000 0.000000 0.000000
vn  0.000000 0.000000 1.000000
vn  0.000000 -1.000000 0.000000
vn  0.000000 0.000000 1.000000
vn  1.000000 0.000000 0.000000
vn  0.000000 -1.000000 0.000000
vn  0.000000 -1.000000 0.000000
vn  0.000000 -1.000000 0.000000
vn  -1.000000 0.000000 0.000000
vn  0.000000 0.000000 1.000000
vn  0.000000 -1.000000 0.000000
vn  0.000000 0.000000 1.000000
vn  1.000000 0.000000 0.000000
vn  0.000000 -1.000000 0.000000
vn  0.000000 -1.000000 0.000000
vn  -1.000000 0.000000 0.000000
vn  0.000000 -1.000000 0.000000
vn  0.000000 0.000000 1.000000
vn  0.000000 -1.000000 0.000000
vn  0.000000 0.000000 1.000000
vn  1.000000 0.000000 0.000000
vn  0.000000 -1.000000 0.000000
vn  0.000000 -1.000000 0.000000
vn  -1.000000 0.000000 0.000000
vn  0.000000 -1.000000 0.000000
vn  0.000000 0.000000 1.000000
vn  0.000000 -1.000000 0.000000
vn  0.000000 0.000000 1.000000
vn  1.000000 0.000000 0.000000
vn  0.000000 -1.000000 0.000000
vn  0.000000 -1.000000 0.000000
vn  -1.000000 0.000000 0.000000
vn  0.000000 -1.000000 0.000000
vn  0.000000 0.000000 1.000000
vn  0.000000 -1.000000 0.000000
vn  0.000000 0.000000 1.000000
vn  1.000000 0.000000 0.000000
vn  0.000000 -1.000000 0.000000
vn  0.000000 -1.000000 0.000000
vn  0.000000 -1.000000 0.000000
vn  -1.000000 0.000000 0.000000
vn  0.000000 0.000000 1.000000
vn  0.000000 -1.000000 0.000000
vn  1.000000 0.000000 0.000000
vn  0.000000 -1.000000 0.000000
vn  0.000000 -1.000000 0.000000
vn  0.000000 0.000000 1.000000
vn  1.000000 0.000000 0.000000
vn  0.000000 -1.000000 0.000000
vn  1.000000 0.000000 0.000000
vn  0.000000 0.000000 1.000000
vn  0.000000 -1.000000 0.000000
vn  0.000000 0.000000 -1.000000
vn  1.000000 0.000000 0.000000
vn  0.000000 -1.000000 0.000000
vn  -0.707107 0.000000 -0.707107
vn  0.000000 0.000000 -1.000000
vn  0.000000 -1.000000 0.000000
vn  0.000000 0.000000 -1.000000
vn  -0.707107 0.000000 -0.707107
vn  0.000000 -1.000000 0.000000
vn  0.707107 0.000000 -0.707107
vn  0.000000 0.000000 -1.000000
vn  0.707107 0.000000 -0.707107
vn  0.000000 0.000000 -1.000000
vn  0.000000 1.000000 0.000000
vn  0.707107 0.000000 -0.707107
vn  0.000000 1.000000 0.000000
vn  0.000000 0.000000 -1.000000
vn  0.000000 0.000000 -1.000000
vn  -0.707107 0.000000 -0.707107
vn  0.000000 1.000000 0.000000
vn  -0.707107 0.000000 -0.707107
vn  0.000000 1.000000 0.000000
vn  0.000000 0.000000 -1.000000
vn  0.000000 1.000000 0.000000
vn  0.000000 0.000000 -1.000000
vn  1.000000 0.000000 0.000000
vn  0.000000 1.000000 0.000000
vn  1.000000 0.000000 0.000000
vn  0.000000 0.000000 1.000000
vn  0.000000 1.000000 0.000000
vn  0.000000 0.000000 1.000000
vn  1.000000 0.000000 0.000000
vn  0.000000 1.000000 0.000000
vn  1.000000 0.000000 0.000000
vn  0.000000 1.000000 0.000000
vn  0.000000 1.000000 0.000000
vn  -1.000000 0.000000 0.000000
vn  0.000000 1.000000 0.000000
vn  0.000000 0.000000 1.000000
vn  0.000000 1.000000 0.000000
vn  0.000000 0.000000 1.000000
vn  1.000000 0.000000 0.000000
vn  0.000000 1.000000 0.000000
vn  0.000000 1.000000 0.000000
vn  -1.000000 0.000000 0.000000
vn  0.000000 0.000000 1.000000
vn  0.000000 1.000000 0.000000
vn  0.000000 1.000000 0.000000
vn  0.000000 0.000000 1.000000
vn  1.000000 0.000000 0.000000
vn  0.000000 1.000000 0.000000
vn  0.000000 1.000000 0.000000
vn  -1.000000 0.000000 0.000000
vn  0.000000 0.000000 1.000000
vn  0.000000 1.000000 0.000000
vn  0.000000 1.000000 0.000000
vn  0.000000 0.000000 1.000000
vn  1.000000 0.000000 0.000000
vn  0.000000 1.000000 0.000000
vn  0.000000 1.000000 0.000000
vn  -1.000000 0.000000 0.000000
vn  0.000000 0.000000 1.000000
vn  0.000000 1.000000 0.000000
vn  0.000000 1.000000 0.000000
vn  0.000000 0.000000 1.000000
vn  1.000000 0.000000 0.000000
vn  0.000000 1.000000 0.000000
vn  0.000000 1.000000 0.000000
vn  -1.000000 0.000000 0.000000
vn  0.000000 0.000000 1.000000
vn  0.000000 1.000000 0.000000
vn  0.000000 1.000000 0.000000
vn  0.000000 0.000000 1.000000
vn  1.000000 0.000000 0.000000
vn  0.000000 1.000000 0.000000
vn  0.000000 1.000000 0.000000
vn  -1.000000 0.000000 0.000000
vn  0.000000 0.000000 1.000000
vn  0.000000 1.000000 0.000000
vn  0.000000 1.000000 0.000000
vn  0.000000 0.000000 1.000000
vn  1.000000 0.000000 0.000000
vn  0.000000 1.000000 0.000000
vn  0.000000 1.000000 0.000000
vn  -1.000000 0.000000 0.000000
vn  0.000000 0.000000 1.000000
vn  0.000000 1.000000 0.000000
vn  0.000000 1.000000 0.000000
vn  0.000000 0.000000 1.000000
vn  1.000000 0.000000 0.000000
vn  0.000000 1.000000 0.000000
vn  0.000000 1.000000 0.000000
vn  -1.000000 0.000000 0.000000
vn  0.000000 1.000000 0.000000
vn  0.000000 1.000000 0.000000
vn  -1.000000 0.000000 0.000000
vn  0.000000 0.000000 1.000000
vn  0.000000 1.000000 0.000000
vn  0.000000 0.000000 1.000000
vn  -1.000000 0.000000 0.000000
vn  0.000000 1.000000 0.000000
vn  -1.000000 0.000000 0.000000
vn  0.000000 0.000000 -1.000000
vn  1.000000 0.000000 0.000000
vn  0.000000 -0.707094 0.707119
vn  1.000000 0.000000 0.000000
vn  0.000000 -0.000000 1.000000
vn  0.000000 0.000000 1.000000
vn  1.000000 0.000000 0.000000
vn  0.000000 0.000000 1.000000
vn  0.000000 0.000000 1.000000
vn  1.000000 0.000000 0.000000
vn  0.000000 0.707119 0.707094
vn  0.000000 -0.707119 0.707094
vn  -1.000000 0.000000 0.000000
vn  0.000000 -0.000000 1.000000
vn  -1.000000 0.000000 0.000000
vn  0.000000 0.000000 1.000000
vn  -1.000000 0.000000 0.000000
vn  0.000000 0.000000 1.000000
vn  0.000000 0.000000 1.000000
vn  -1.000000 0.000000 0.000000
vn  0.000000 0.707094 0.707119
vn  1.000000 0.000000 0.000000
vn  0.000000 0.000000 1.000000
vn  0.000000 0.000000 1.000000
vn  1.000000 0.000000 0.000000
vn  0.000000 0.707119 0.707094
vn  1.000000 0.000000 0.000000
vn  0.000000 -0.707094 0.707119
vn  1.000000 0.000000 0.000000
vn  0.000000 0.000000 1.000000
vn  0.000000 -0.000000 1.000000
vn  0.000000 0.000000 1.000000
vn  -1.000000 0.000000 0.000000
vn  0.000000 0.000000 1.000000
vn  0.000000 0.000000 1.000000
vn  -1.000000 0.000000 0.000000
vn  0.000000 -0.000000 1.000000
vn  -1.000000 0.000000 0.000000
vn  0.000000 -0.707119 0.707094
vn  -1.000000 0.000000 0.000000
vn  0.000000 0.707094 0.707119
vn  1.000000 0.000000 0.000000
vn  0.000000 0.000000 1.000000
vn  0.000000 0.000000 1.000000
vn  1.000000 0.000000 0.000000
vn  0.000000 0.707119 0.707094
vn  1.000000 0.000000 0.000000
vn  0.000000 -0.707094 0.707119
vn  1.000000 0.000000 0.000000
vn  0.000000 0.000000 1.000000
vn  0.000000 -0.000000 1.000000
vn  0.000000 0.000000 1.000000
vn  -1.000000 0.000000 0.000000
vn  0.000000 0.000000 1.000000
vn  0.000000 0.000000 1.000000
vn  -1.000000 0.000000 0.000000
vn  0.000000 -0.000000 1.000000
vn  -1.000000 0.000000 0.000000
vn  0.000000 -0.707119 0.707094
vn  -1.000000 0.000000 0.000000
vn  0.000000 0.707094 0.707119
vn  1.000000 0.000000 0.000000
vn  0.000000 0.000000 1.000000
vn  0.000000 0.000000 1.000000
vn  1.000000 0.000000 0.000000
vn  0.000000 0.707119 0.707094
vn  1.000000 0.000000 0.000000
vn  0.000000 -0.707094 0.707119
vn  1.000000 0.000000 0.000000
vn  0.000000 0.000000 1.000000
vn  0.000000 -0.000000 1.000000
vn  0.000000 0.000000 1.000000
vn  -1.000000 0.000000 0.000000
vn  0.000000 0.000000 1.000000
vn  0.000000 0.000000 1.000000
vn  -1.000000 0.000000 0.000000
vn  0.000000 -0.000000 1.000000
vn  -1.000000 0.000000 0.000000
vn  0.000000 -0.707119 0.707094
vn  -1.000000 0.000000 0.000000
vn  0.000000 0.707094 0.707119
vn  1.000000 0.000000 0.000000
vn  0.000000 0.000000 1.000000
vn  0.000000 0.000000 1.000000
vn  1.000000 0.000000 0.000000
vn  0.000000 0.707119 0.707094
vn  1.000000 0.000000 0.000000
vn  0.000000 -0.707094 0.707119
vn  1.000000 0.000000 0.000000
vn  0.000000 0.000000 1.000000
vn  0.000000 -0.000000 1.000000
vn  0.000000 0.000000 1.000000
vn  0.000000 -0.000000 1.000000
vn  -1.000000 0.000000 0.000000
vn  0.000000 0.000000 1.000000
vn  -1.000000 0.000000 0.000000
vn  0.000000 0.000000 1.000000
vn  0.000000 -0.707119 0.707094
vn  -1.000000 0.000000 0.000000
vn  -1.000000 0.000000 0.000000
vn  0.000000 0.707094 0.707119
vn  1.000000 0.000000 0.000000
vn  0.000000 0.000000 1.000000
vn  0.000000 0.000000 1.000000
vn  1.000000 0.000000 0.000000
vn  0.000000 0.707119 0.707094
vn  1.000000 0.000000 0.000000
vn  0.000000 -0.707094 0.707119
vn  1.000000 0.000000 0.000000
vn  0.000000 0.000000 1.000000
vn  0.000000 -0.000000 1.000000
vn  0.000000 0.000000 1.000000
vn  0.000000 -0.000000 1.000000
vn  -1.000000 0.000000 0.000000
vn  0.000000 0.000000 1.000000
vn  -1.000000 0.000000 0.000000
vn  0.000000 0.000000 1.000000
vn  0.000000 -0.707119 0.707094
vn  -1.000000 0.000000 0.000000
vn  -1.000000 0.000000 0.000000
vn  0.000000 0.707094 0.707119
vn  1.000000 0.000000 0.000000
vn  0.000000 0.000000 1.000000
vn  0.000000 0.000000 1.000000
vn  1.000000 0.000000 0.000000
vn  0.000000 0.707119 0.707094
vn  1.000000 0.000000 0.000000
vn  0.000000 -0.707094 0.707119
vn  1.000000 0.000000 0.000000
vn  0.000000 0.000000 1.000000
vn  0.000000 -0.000000 1.000000
vn  0.000000 0.000000 1.000000
vn  0.000000 -0.000000 1.000000
vn  -1.000000 0.000000 0.000000
vn  0.000000 0.000000 1.000000
vn  -1.000000 0.000000 0.000000
vn  0.000000 0.000000 1.000000
vn  0.000000 -0.707119 0.707094
vn  -1.000000 0.000000 0.000000
vn  -1.000000 0.000000 0.000000
vn  0.000000 0.707094 0.707119
vn  1.000000 0.000000 0.000000
vn  0.000000 0.000000 1.000000
vn  0.000000 0.000000 1.000000
vn  1.000000 0.000000 0.000000
vn  0.000000 0.707119 0.707094
vn  1.000000 0.000000 0.000000
vn  0.000000 -0.707094 0.707119
vn  1.000000 0.000000 0.000000
vn  0.000000 0.000000 1.000000
vn  0.000000 -0.000000 1.000000
vn  0.000000 0.000000 1.000000
vn  -1.000000 0.000000 0.000000
vn  0.000000 0.000000 1.000000
vn  0.000000 0.000000 1.000000
vn  -1.000000 0.000000 0.000000
vn  0.000000 -0.000000 1.000000
vn  -1.000000 0.000000 0.000000
vn  0.000000 0.707094 0.707119
vn  -1.000000 0.000000 0.000000
vn  0.000000 -0.707119 0.707094


g 3
g 4
usemtl MTL1
f 2383/2383/2383  2380/2380/2380  2377/2377/2377
f 2560/2560/2560  2379/2379/2379  2382/2382/2382
f 2386/2386/2386  2383/2383/2383  2377/2377/2377
f 2389/2389/2389  2386/2386/2386  2377/2377/2377
f 2466/2466/2466  2389/2389/2389  2377/2377/2377
f 2472/2472/2472  2467/2467/2467  2378/2378/2378
f 2560/2560/2560  2474/2474/2474  2379/2379/2379
f 2557/2557/2557  2381/2381/2381  2385/2385/2385
f 2559/2559/2559  2381/2381/2381  2557/2557/2557
f 2554/2554/2554  2384/2384/2384  2388/2388/2388
f 2556/2556/2556  2384/2384/2384  2554/2554/2554
f 2719/2719/2719  2387/2387/2387  2390/2390/2390
f 2553/2553/2553  2387/2387/2387  2550/2550/2550
f 2717/2717/2717  2550/2550/2550  2387/2387/2387
f 2715/2715/2715  2712/2712/2712  2387/2387/2387
f 2717/2717/2717  2387/2387/2387  2712/2712/2712
f 2719/2719/2719  2715/2715/2715  2387/2387/2387
f 2466/2466/2466  2392/2392/2392  2389/2389/2389
f 2707/2707/2707  2391/2391/2391  2395/2395/2395
f 2720/2720/2720  2391/2391/2391  2707/2707/2707
f 2463/2463/2463  2396/2396/2396  2392/2392/2392
f 2543/2543/2543  2393/2393/2393  2399/2399/2399
f 2466/2466/2466  2463/2463/2463  2392/2392/2392
f 2546/2546/2546  2393/2393/2393  2543/2543/2543
f 2706/2706/2706  2394/2394/2394  2547/2547/2547
f 2463/2463/2463  2400/2400/2400  2396/2396/2396
f 2687/2687/2687  2397/2397/2397  2403/2403/2403
f 2699/2699/2699  2542/2542/2542  2398/2398/2398
f 2697/2697/2697  2397/2397/2397  2687/2687/2687
f 2695/2695/2695  2398/2398/2398  2693/2693/2693
f 2698/2698/2698  2693/2693/2693  2398/2398/2398
f 2699/2699/2699  2398/2398/2398  2695/2695/2695
f 2463/2463/2463  2404/2404/2404  2400/2400/2400
f 2535/2535/2535  2401/2401/2401  2407/2407/2407
f 2538/2538/2538  2401/2401/2401  2535/2535/2535
f 2686/2686/2686  2402/2402/2402  2539/2539/2539
f 2463/2463/2463  2408/2408/2408  2404/2404/2404
f 2667/2667/2667  2405/2405/2405  2411/2411/2411
f 2679/2679/2679  2534/2534/2534  2406/2406/2406
f 2677/2677/2677  2405/2405/2405  2667/2667/2667
f 2675/2675/2675  2406/2406/2406  2673/2673/2673
f 2678/2678/2678  2673/2673/2673  2406/2406/2406
f 2679/2679/2679  2406/2406/2406  2675/2675/2675
f 2463/2463/2463  2412/2412/2412  2408/2408/2408
f 2527/2527/2527  2409/2409/2409  2415/2415/2415
f 2530/2530/2530  2409/2409/2409  2527/2527/2527
f 2666/2666/2666  2410/2410/2410  2531/2531/2531
f 2463/2463/2463  2416/2416/2416  2412/2412/2412
f 2647/2647/2647  2413/2413/2413  2419/2419/2419
f 2659/2659/2659  2526/2526/2526  2414/2414/2414
f 2657/2657/2657  2413/2413/2413  2647/2647/2647
f 2655/2655/2655  2414/2414/2414  2653/2653/2653
f 2658/2658/2658  2653/2653/2653  2414/2414/2414
f 2659/2659/2659  2414/2414/2414  2655/2655/2655
f 2463/2463/2463  2420/2420/2420  2416/2416/2416
f 2519/2519/2519  2417/2417/2417  2423/2423/2423
f 2522/2522/2522  2417/2417/2417  2519/2519/2519
f 2646/2646/2646  2418/2418/2418  2523/2523/2523
f 2463/2463/2463  2424/2424/2424  2420/2420/2420
f 2627/2627/2627  2422/2422/2422  2427/2427/2427
f 2639/2639/2639  2518/2518/2518  2421/2421/2421
f 2638/2638/2638  2422/2422/2422  2627/2627/2627
f 2635/2635/2635  2632/2632/2632  2421/2421/2421
f 2639/2639/2639  2421/2421/2421  2632/2632/2632
f 2637/2637/2637  2635/2635/2635  2421/2421/2421
f 2463/2463/2463  2428/2428/2428  2424/2424/2424
f 2511/2511/2511  2425/2425/2425  2431/2431/2431
f 2514/2514/2514  2425/2425/2425  2511/2511/2511
f 2626/2626/2626  2426/2426/2426  2515/2515/2515
f 2463/2463/2463  2432/2432/2432  2428/2428/2428
f 2607/2607/2607  2430/2430/2430  2435/2435/2435
f 2619/2619/2619  2510/2510/2510  2429/2429/2429
f 2618/2618/2618  2430/2430/2430  2607/2607/2607
f 2615/2615/2615  2612/2612/2612  2429/2429/2429
f 2619/2619/2619  2429/2429/2429  2612/2612/2612
f 2617/2617/2617  2615/2615/2615  2429/2429/2429
f 2463/2463/2463  2436/2436/2436  2432/2432/2432
f 2503/2503/2503  2433/2433/2433  2439/2439/2439
f 2506/2506/2506  2433/2433/2433  2503/2503/2503
f 2606/2606/2606  2434/2434/2434  2507/2507/2507
f 2463/2463/2463  2440/2440/2440  2436/2436/2436
f 2587/2587/2587  2438/2438/2438  2443/2443/2443
f 2599/2599/2599  2502/2502/2502  2437/2437/2437
f 2598/2598/2598  2438/2438/2438  2587/2587/2587
f 2595/2595/2595  2592/2592/2592  2437/2437/2437
f 2599/2599/2599  2437/2437/2437  2592/2592/2592
f 2597/2597/2597  2595/2595/2595  2437/2437/2437
f 2463/2463/2463  2444/2444/2444  2440/2440/2440
f 2496/2496/2496  2441/2441/2441  2447/2447/2447
f 2498/2498/2498  2441/2441/2441  2496/2496/2496
f 2586/2586/2586  2442/2442/2442  2499/2499/2499
f 2451/2451/2451  2448/2448/2448  2444/2444/2444
f 2562/2562/2562  2445/2445/2445  2450/2450/2450
f 2460/2460/2460  2451/2451/2451  2444/2444/2444
f 2463/2463/2463  2460/2460/2460  2444/2444/2444
f 2579/2579/2579  2494/2494/2494  2446/2446/2446
f 2571/2571/2571  2445/2445/2445  2562/2562/2562
f 2574/2574/2574  2446/2446/2446  2572/2572/2572
f 2576/2576/2576  2446/2446/2446  2574/2574/2574
f 2579/2579/2579  2446/2446/2446  2576/2576/2576
f 2489/2489/2489  2449/2449/2449  2453/2453/2453
f 2561/2561/2561  2449/2449/2449  2489/2489/2489
f 2457/2457/2457  2454/2454/2454  2451/2451/2451
f 2486/2486/2486  2452/2452/2452  2456/2456/2456
f 2460/2460/2460  2457/2457/2457  2451/2451/2451
f 2488/2488/2488  2452/2452/2452  2486/2486/2486
f 2483/2483/2483  2455/2455/2455  2459/2459/2459
f 2485/2485/2485  2455/2455/2455  2483/2483/2483
f 2480/2480/2480  2458/2458/2458  2462/2462/2462
f 2482/2482/2482  2458/2458/2458  2480/2480/2480
f 2476/2476/2476  2461/2461/2461  2465/2465/2465
f 2478/2478/2478  2461/2461/2461  2476/2476/2476
f 2470/2470/2470  2464/2464/2464  2468/2468/2468
f 2475/2475/2475  2464/2464/2464  2470/2470/2470
f 2472/2472/2472  2469/2469/2469  2467/2467/2467
f 2545/2545/2545  2471/2471/2471  2473/2473/2473
f 2493/2493/2493  2477/2477/2477  2471/2471/2471
f 2497/2497/2497  2493/2493/2493  2471/2471/2471
f 2501/2501/2501  2497/2497/2497  2471/2471/2471
f 2505/2505/2505  2501/2501/2501  2471/2471/2471
f 2509/2509/2509  2505/2505/2505  2471/2471/2471
f 2513/2513/2513  2509/2509/2509  2471/2471/2471
f 2517/2517/2517  2513/2513/2513  2471/2471/2471
f 2521/2521/2521  2517/2517/2517  2471/2471/2471
f 2525/2525/2525  2521/2521/2521  2471/2471/2471
f 2529/2529/2529  2525/2525/2525  2471/2471/2471
f 2533/2533/2533  2529/2529/2529  2471/2471/2471
f 2537/2537/2537  2533/2533/2533  2471/2471/2471
f 2541/2541/2541  2537/2537/2537  2471/2471/2471
f 2545/2545/2545  2541/2541/2541  2471/2471/2471
f 2552/2552/2552  2545/2545/2545  2473/2473/2473
f 2558/2558/2558  2552/2552/2552  2473/2473/2473
f 2490/2490/2490  2479/2479/2479  2477/2477/2477
f 2493/2493/2493  2490/2490/2490  2477/2477/2477
f 2484/2484/2484  2481/2481/2481  2479/2479/2479
f 2487/2487/2487  2484/2484/2484  2479/2479/2479
f 2490/2490/2490  2487/2487/2487  2479/2479/2479
f 2569/2569/2569  2489/2489/2489  2491/2491/2491
f 2563/2563/2563  2561/2561/2561  2489/2489/2489
f 2566/2566/2566  2563/2563/2563  2489/2489/2489
f 2569/2569/2569  2566/2566/2566  2489/2489/2489
f 2580/2580/2580  2492/2492/2492  2495/2495/2495
f 2580/2580/2580  2570/2570/2570  2492/2492/2492
f 2600/2600/2600  2500/2500/2500  2504/2504/2504
f 2584/2584/2584  2581/2581/2581  2499/2499/2499
f 2588/2588/2588  2499/2499/2499  2581/2581/2581
f 2600/2600/2600  2585/2585/2585  2500/2500/2500
f 2588/2588/2588  2586/2586/2586  2499/2499/2499
f 2620/2620/2620  2508/2508/2508  2512/2512/2512
f 2604/2604/2604  2601/2601/2601  2507/2507/2507
f 2608/2608/2608  2507/2507/2507  2601/2601/2601
f 2620/2620/2620  2605/2605/2605  2508/2508/2508
f 2608/2608/2608  2606/2606/2606  2507/2507/2507
f 2640/2640/2640  2516/2516/2516  2520/2520/2520
f 2624/2624/2624  2621/2621/2621  2515/2515/2515
f 2628/2628/2628  2515/2515/2515  2621/2621/2621
f 2640/2640/2640  2625/2625/2625  2516/2516/2516
f 2628/2628/2628  2626/2626/2626  2515/2515/2515
f 2660/2660/2660  2524/2524/2524  2528/2528/2528
f 2644/2644/2644  2641/2641/2641  2523/2523/2523
f 2648/2648/2648  2523/2523/2523  2641/2641/2641
f 2660/2660/2660  2645/2645/2645  2524/2524/2524
f 2648/2648/2648  2646/2646/2646  2523/2523/2523
f 2680/2680/2680  2532/2532/2532  2536/2536/2536
f 2664/2664/2664  2661/2661/2661  2531/2531/2531
f 2668/2668/2668  2531/2531/2531  2661/2661/2661
f 2680/2680/2680  2665/2665/2665  2532/2532/2532
f 2668/2668/2668  2666/2666/2666  2531/2531/2531
f 2700/2700/2700  2540/2540/2540  2544/2544/2544
f 2684/2684/2684  2681/2681/2681  2539/2539/2539
f 2688/2688/2688  2539/2539/2539  2681/2681/2681
f 2700/2700/2700  2685/2685/2685  2540/2540/2540
f 2688/2688/2688  2686/2686/2686  2539/2539/2539
f 2552/2552/2552  2549/2549/2549  2545/2545/2545
f 2718/2718/2718  2548/2548/2548  2551/2551/2551
f 2704/2704/2704  2701/2701/2701  2547/2547/2547
f 2708/2708/2708  2547/2547/2547  2701/2701/2701
f 2718/2718/2718  2705/2705/2705  2548/2548/2548
f 2708/2708/2708  2706/2706/2706  2547/2547/2547
f 2558/2558/2558  2555/2555/2555  2552/2552/2552
f 2571/2571/2571  2562/2562/2562  2564/2564/2564
f 2575/2575/2575  2565/2565/2565  2567/2567/2567
f 2573/2573/2573  2571/2571/2571  2564/2564/2564
f 2578/2578/2578  2568/2568/2568  2570/2570/2570
f 2577/2577/2577  2575/2575/2575  2567/2567/2567
f 2580/2580/2580  2578/2578/2578  2570/2570/2570
f 2593/2593/2593  2583/2583/2583  2585/2585/2585
f 2594/2594/2594  2589/2589/2589  2582/2582/2582
f 2594/2594/2594  2582/2582/2582  2591/2591/2591
f 2600/2600/2600  2593/2593/2593  2585/2585/2585
f 2598/2598/2598  2587/2587/2587  2590/2590/2590
f 2598/2598/2598  2590/2590/2590  2596/2596/2596
f 2613/2613/2613  2603/2603/2603  2605/2605/2605
f 2614/2614/2614  2609/2609/2609  2602/2602/2602
f 2614/2614/2614  2602/2602/2602  2611/2611/2611
f 2620/2620/2620  2613/2613/2613  2605/2605/2605
f 2618/2618/2618  2607/2607/2607  2610/2610/2610
f 2618/2618/2618  2610/2610/2610  2616/2616/2616
f 2633/2633/2633  2623/2623/2623  2625/2625/2625
f 2634/2634/2634  2629/2629/2629  2622/2622/2622
f 2634/2634/2634  2622/2622/2622  2631/2631/2631
f 2640/2640/2640  2633/2633/2633  2625/2625/2625
f 2638/2638/2638  2627/2627/2627  2630/2630/2630
f 2638/2638/2638  2630/2630/2630  2636/2636/2636
f 2656/2656/2656  2643/2643/2643  2645/2645/2645
f 2651/2651/2651  2649/2649/2649  2642/2642/2642
f 2654/2654/2654  2651/2651/2651  2642/2642/2642
f 2660/2660/2660  2656/2656/2656  2645/2645/2645
f 2657/2657/2657  2647/2647/2647  2650/2650/2650
f 2657/2657/2657  2650/2650/2650  2652/2652/2652
f 2676/2676/2676  2663/2663/2663  2665/2665/2665
f 2671/2671/2671  2669/2669/2669  2662/2662/2662
f 2674/2674/2674  2671/2671/2671  2662/2662/2662
f 2680/2680/2680  2676/2676/2676  2665/2665/2665
f 2677/2677/2677  2667/2667/2667  2670/2670/2670
f 2677/2677/2677  2670/2670/2670  2672/2672/2672
f 2696/2696/2696  2683/2683/2683  2685/2685/2685
f 2691/2691/2691  2689/2689/2689  2682/2682/2682
f 2694/2694/2694  2691/2691/2691  2682/2682/2682
f 2700/2700/2700  2696/2696/2696  2685/2685/2685
f 2697/2697/2697  2687/2687/2687  2690/2690/2690
f 2697/2697/2697  2690/2690/2690  2692/2692/2692
f 2713/2713/2713  2703/2703/2703  2705/2705/2705
f 2714/2714/2714  2709/2709/2709  2702/2702/2702
f 2714/2714/2714  2702/2702/2702  2711/2711/2711
f 2718/2718/2718  2713/2713/2713  2705/2705/2705
f 2720/2720/2720  2707/2707/2707  2710/2710/2710
f 2720/2720/2720  2710/2710/2710  2716/2716/2716

v  12.200000 35.000000 -10.200000
v  12.200000 35.000000 -10.200000
v  12.200000 35.000000 -10.200000
v  12.800000 35.000000 -10.200000
v  12.800000 35.000000 -10.200000
v  12.800000 35.000000 -10.200000
v  12.800000 35.000000 -9.200000
v  12.800000 35.000000 -9.200000
v  12.800000 35.000000 -9.200000
v  12.200000 35.000000 -9.200000
v  12.200000 35.000000 -9.200000
v  12.200000 35.000000 -9.200000
v  12.200000 35.000000 -8.000000
v  12.200000 35.000000 -8.000000
v  12.200000 35.000000 -8.000000
v  11.900000 35.000000 -8.000000
v  11.900000 35.000000 -8.000000
v  11.900000 35.000000 -8.000000
v  11.900000 35.000000 8.000000
v  11.900000 35.000000 8.000000
v  11.900000 35.000000 8.000000
v  12.200000 35.000000 8.000000
v  12.200000 35.000000 8.000000
v  12.200000 35.000000 8.000000
v  12.200000 35.000000 9.200000
v  12.200000 35.000000 9.200000
v  12.200000 35.000000 9.200000
v  12.800000 35.000000 9.200000
v  12.800000 35.000000 9.200000
v  12.800000 35.000000 9.200000
v  12.800000 35.000000 10.200000
v  12.800000 35.000000 10.200000
v  12.800000 35.000000 10.200000
v  12.200000 35.000000 10.200000
v  12.200000 35.000000 10.200000
v  12.200000 35.000000 10.200000
v  12.200000 35.000000 11.272614
v  12.200000 35.000000 11.272614
v  12.200000 35.000000 11.272614
v  13.449531 35.000000 9.843848
v  13.449531 35.000000 9.843848
v  13.900000 35.000000 8.000000
v  13.900000 35.000000 8.000000
v  13.900000 35.000000 8.000000
v  13.900000 35.000000 -8.000000
v  13.900000 35.000000 -8.000000
v  13.900000 35.000000 -8.000000
v  13.449531 35.000000 -9.843848
v  13.449531 35.000000 -9.843848
v  12.200000 35.000000 -11.272614
v  12.200000 35.000000 -11.272614
v  12.200000 35.000000 -11.272614
v  12.200000 86.500000 -11.272614
v  12.200000 86.500000 -11.272614
v  12.200000 86.500000 -11.272614
v  12.200000 86.500000 -10.200000
v  12.200000 86.500000 -10.200000
v  12.200000 86.500000 -10.200000
v  13.900000 86.500000 -8.000000
v  13.900000 86.500000 -8.000000
v  13.900000 86.500000 -8.000000
v  13.449531 86.500000 -9.843848
v  13.449531 86.500000 -9.843848
v  13.900000 86.500000 8.000000
v  13.900000 86.500000 8.000000
v  13.900000 86.500000 8.000000
v  13.900000 42.899990 -5.000000
v  13.900000 42.899990 -5.000000
v  13.900000 42.899990 -5.000000
v  13.900000 43.522438 -6.492262
v  13.900000 43.522438 -6.492262
v  13.900000 45.005764 -7.099854
v  13.900000 45.005764 -7.099854
v  13.900000 46.485328 -6.484526
v  13.900000 46.485328 -6.484526
v  13.900000 47.100010 -5.000000
v  13.900000 47.100010 -5.000000
v  13.900000 47.100010 -5.000000
v  13.900000 46.477562 -3.507738
v  13.900000 46.477562 -3.507738
v  13.900000 44.994236 -2.900146
v  13.900000 44.994236 -2.900146
v  13.900000 43.514672 -3.515474
v  13.900000 43.514672 -3.515474
v  13.900000 74.399990 -5.000000
v  13.900000 74.399990 -5.000000
v  13.900000 74.399990 -5.000000
v  13.900000 75.022438 -6.492262
v  13.900000 75.022438 -6.492262
v  13.900000 76.505764 -7.099854
v  13.900000 76.505764 -7.099854
v  13.900000 77.985328 -6.484526
v  13.900000 77.985328 -6.484526
v  13.900000 78.600010 -5.000000
v  13.900000 78.600010 -5.000000
v  13.900000 78.600010 -5.000000
v  13.900000 77.977562 -3.507738
v  13.900000 77.977562 -3.507738
v  13.900000 76.494236 -2.900146
v  13.900000 76.494236 -2.900146
v  13.900000 75.014672 -3.515474
v  13.900000 75.014672 -3.515474
v  12.200000 86.500000 11.272614
v  12.200000 86.500000 11.272614
v  12.200000 86.500000 11.272614
v  13.449531 86.500000 9.843848
v  13.449531 86.500000 9.843848
v  12.200000 86.500000 10.200000
v  12.200000 86.500000 10.200000
v  12.200000 86.500000 10.200000
v  12.800000 86.500000 10.200000
v  12.800000 86.500000 10.200000
v  12.800000 86.500000 10.200000
v  12.800000 86.500000 9.200000
v  12.800000 86.500000 9.200000
v  12.800000 86.500000 9.200000
v  12.200000 86.500000 9.200000
v  12.200000 86.500000 9.200000
v  12.200000 86.500000 9.200000
v  12.200000 86.500000 8.000000
v  12.200000 86.500000 8.000000
v  12.200000 86.500000 8.000000
v  11.900000 86.500000 8.000000
v  11.900000 86.500000 8.000000
v  11.900000 86.500000 8.000000
v  11.900000 86.500000 -8.000000
v  11.900000 86.500000 -8.000000
v  11.900000 86.500000 -8.000000
v  11.900000 75.400000 -5.000000
v  11.900000 75.400000 -5.000000
v  11.900000 75.400000 -5.000000
v  11.900000 75.549926 -4.445606
v  11.900000 75.549926 -4.445606
v  11.900000 75.956196 -4.043828
v  11.900000 75.956196 -4.043828
v  11.900000 77.051385 -4.048179
v  11.900000 77.051385 -4.048179
v  11.900000 77.600000 -5.000000
v  11.900000 77.600000 -5.000000
v  11.900000 77.600000 -5.000000
v  11.900000 77.450074 -5.554394
v  11.900000 77.450074 -5.554394
v  11.900000 77.043804 -5.956172
v  11.900000 77.043804 -5.956172
v  11.900000 75.948615 -5.951821
v  11.900000 75.948615 -5.951821
v  11.900000 43.900000 -5.000000
v  11.900000 43.900000 -5.000000
v  11.900000 43.900000 -5.000000
v  11.900000 44.049926 -4.445606
v  11.900000 44.049926 -4.445606
v  11.900000 44.456196 -4.043828
v  11.900000 44.456196 -4.043828
v  11.900000 45.551385 -4.048179
v  11.900000 45.551385 -4.048179
v  11.900000 46.100000 -5.000000
v  11.900000 46.100000 -5.000000
v  11.900000 46.100000 -5.000000
v  11.900000 45.950074 -5.554394
v  11.900000 45.950074 -5.554394
v  11.900000 45.543804 -5.956172
v  11.900000 45.543804 -5.956172
v  11.900000 44.448615 -5.951821
v  11.900000 44.448615 -5.951821
v  12.200000 86.500000 -8.000000
v  12.200000 86.500000 -8.000000
v  12.200000 86.500000 -8.000000
v  12.200000 86.500000 -9.200000
v  12.200000 86.500000 -9.200000
v  12.200000 86.500000 -9.200000
v  12.800000 86.500000 -9.200000
v  12.800000 86.500000 -9.200000
v  12.800000 86.500000 -9.200000
v  12.800000 86.500000 -10.200000
v  12.800000 86.500000 -10.200000
v  12.800000 86.500000 -10.200000
v  12.900001 77.600000 -5.000000
v  12.900001 77.600000 -5.000000
v  12.900001 77.600000 -5.000000
v  12.900001 77.600000 -5.000000
v  12.899989 77.452628 -5.550000
v  12.899989 77.452628 -5.550000
v  12.899989 77.050000 -5.952628
v  12.899989 77.050000 -5.952628
v  12.899989 76.500000 -6.100000
v  12.899989 76.500000 -6.100000
v  12.899989 75.950000 -5.952628
v  12.899989 75.950000 -5.952628
v  12.899989 75.547372 -5.550000
v  12.899989 75.547372 -5.550000
v  12.900001 75.400000 -5.000000
v  12.900001 75.400000 -5.000000
v  12.900001 75.400000 -5.000000
v  12.900001 75.400000 -5.000000
v  12.899989 77.452628 -4.450000
v  12.899989 77.452628 -4.450000
v  12.899989 77.050000 -4.047372
v  12.899989 77.050000 -4.047372
v  12.899989 76.500000 -3.900000
v  12.899989 76.500000 -3.900000
v  12.899989 75.950000 -4.047372
v  12.899989 75.950000 -4.047372
v  12.899989 75.547372 -4.450000
v  12.899989 75.547372 -4.450000
v  12.900001 46.100000 -5.000000
v  12.900001 46.100000 -5.000000
v  12.900001 46.100000 -5.000000
v  12.900001 46.100000 -5.000000
v  12.899989 45.952628 -5.550000
v  12.899989 45.952628 -5.550000
v  12.899989 45.550000 -5.952628
v  12.899989 45.550000 -5.952628
v  12.899989 45.000000 -6.100000
v  12.899989 45.000000 -6.100000
v  12.899989 44.450000 -5.952628
v  12.899989 44.450000 -5.952628
v  12.899989 44.047372 -5.550000
v  12.899989 44.047372 -5.550000
v  12.900001 43.900000 -5.000000
v  12.900001 43.900000 -5.000000
v  12.900001 43.900000 -5.000000
v  12.900001 43.900000 -5.000000
v  12.899989 45.952628 -4.450000
v  12.899989 45.952628 -4.450000
v  12.899989 45.550000 -4.047372
v  12.899989 45.550000 -4.047372
v  12.899989 45.000000 -3.900000
v  12.899989 45.000000 -3.900000
v  12.899989 44.450000 -4.047372
v  12.899989 44.450000 -4.047372
v  12.899989 44.047372 -4.450000
v  12.899989 44.047372 -4.450000

vt  0.042639 0.026697 0.000000
vt  0.042639 0.026697 0.000000
vt  0.042639 0.026697 0.000000
vt  0.027436 0.028083 0.000000
vt  0.027436 0.028083 0.000000
vt  0.027436 0.028083 0.000000
vt  0.027436 0.053213 0.000000
vt  0.027436 0.053213 0.000000
vt  0.027436 0.053213 0.000000
vt  0.042639 0.051946 0.000000
vt  0.042639 0.051946 0.000000
vt  0.042639 0.051946 0.000000
vt  0.042639 0.082666 0.000000
vt  0.042639 0.082666 0.000000
vt  0.042639 0.082666 0.000000
vt  0.050302 0.082121 0.000000
vt  0.050302 0.082121 0.000000
vt  0.050302 0.082121 0.000000
vt  0.050302 0.508359 0.000000
vt  0.050302 0.508359 0.000000
vt  0.050302 0.508359 0.000000
vt  0.042639 0.507814 0.000000
vt  0.042639 0.507814 0.000000
vt  0.042639 0.507814 0.000000
vt  0.042639 0.538533 0.000000
vt  0.042639 0.538533 0.000000
vt  0.042639 0.538533 0.000000
vt  0.027436 0.537267 0.000000
vt  0.027436 0.537267 0.000000
vt  0.027436 0.537267 0.000000
vt  0.027436 0.562397 0.000000
vt  0.027436 0.562397 0.000000
vt  0.027436 0.562397 0.000000
vt  0.042639 0.563782 0.000000
vt  0.042639 0.563782 0.000000
vt  0.042639 0.563782 0.000000
vt  0.042639 0.590479 0.000000
vt  0.042639 0.590479 0.000000
vt  0.042639 0.590479 0.000000
vt  0.011166 0.551982 0.000000
vt  0.011166 0.551982 0.000000
vt  0.000000 0.504560 0.000000
vt  0.000000 0.504560 0.000000
vt  0.000000 0.504560 0.000000
vt  0.000000 0.085919 0.000000
vt  0.000000 0.085919 0.000000
vt  0.000000 0.085919 0.000000
vt  0.011166 0.038497 0.000000
vt  0.011166 0.038497 0.000000
vt  0.042639 0.000000 0.000000
vt  0.042639 0.000000 0.000000
vt  0.042639 0.000000 0.000000
vt  0.237925 0.166907 0.000000
vt  0.237925 0.166907 0.000000
vt  0.237925 0.166907 0.000000
vt  0.237925 0.179003 0.000000
vt  0.237925 0.179003 0.000000
vt  0.237925 0.179003 0.000000
vt  0.218709 0.204178 0.000000
vt  0.218709 0.204178 0.000000
vt  0.218709 0.204178 0.000000
vt  0.223790 0.183260 0.000000
vt  0.223790 0.183260 0.000000
vt  0.218709 0.386301 0.000000
vt  0.218709 0.386301 0.000000
vt  0.218709 0.386301 0.000000
vt  0.064705 0.184815 0.000000
vt  0.064705 0.184815 0.000000
vt  0.064705 0.184815 0.000000
vt  0.068905 0.154085 0.000000
vt  0.068905 0.154085 0.000000
vt  0.078485 0.145637 0.000000
vt  0.078485 0.145637 0.000000
vt  0.087484 0.162378 0.000000
vt  0.087484 0.162378 0.000000
vt  0.091070 0.193774 0.000000
vt  0.091070 0.193774 0.000000
vt  0.091070 0.193774 0.000000
vt  0.087438 0.223058 0.000000
vt  0.087438 0.223058 0.000000
vt  0.078413 0.233733 0.000000
vt  0.078413 0.233733 0.000000
vt  0.068853 0.218434 0.000000
vt  0.068853 0.218434 0.000000
vt  0.193342 0.229274 0.000000
vt  0.193342 0.229274 0.000000
vt  0.193342 0.229274 0.000000
vt  0.194840 0.210355 0.000000
vt  0.194840 0.210355 0.000000
vt  0.198316 0.204185 0.000000
vt  0.198316 0.204185 0.000000
vt  0.201655 0.213561 0.000000
vt  0.201655 0.213561 0.000000
vt  0.203006 0.232680 0.000000
vt  0.203006 0.232680 0.000000
vt  0.203006 0.232680 0.000000
vt  0.201637 0.250983 0.000000
vt  0.201637 0.250983 0.000000
vt  0.198289 0.257955 0.000000
vt  0.198289 0.257955 0.000000
vt  0.194822 0.249193 0.000000
vt  0.194822 0.249193 0.000000
vt  0.237925 0.423573 0.000000
vt  0.237925 0.423573 0.000000
vt  0.237925 0.423573 0.000000
vt  0.223790 0.407220 0.000000
vt  0.223790 0.407220 0.000000
vt  0.237925 0.411477 0.000000
vt  0.237925 0.411477 0.000000
vt  0.237925 0.411477 0.000000
vt  0.231130 0.411364 0.000000
vt  0.231130 0.411364 0.000000
vt  0.231130 0.411364 0.000000
vt  0.231130 0.400067 0.000000
vt  0.231130 0.400067 0.000000
vt  0.231130 0.400067 0.000000
vt  0.237925 0.400169 0.000000
vt  0.237925 0.400169 0.000000
vt  0.237925 0.400169 0.000000
vt  0.237925 0.386564 0.000000
vt  0.237925 0.386564 0.000000
vt  0.237925 0.386564 0.000000
vt  0.241327 0.386607 0.000000
vt  0.241327 0.386607 0.000000
vt  0.241327 0.386607 0.000000
vt  0.241327 0.203872 0.000000
vt  0.241327 0.203872 0.000000
vt  0.241327 0.203872 0.000000
vt  0.221507 0.229831 0.000000
vt  0.221507 0.229831 0.000000
vt  0.221507 0.229831 0.000000
vt  0.221813 0.237178 0.000000
vt  0.221813 0.237178 0.000000
vt  0.222635 0.242691 0.000000
vt  0.222635 0.242691 0.000000
vt  0.224809 0.243363 0.000000
vt  0.224809 0.243363 0.000000
vt  0.225876 0.231637 0.000000
vt  0.225876 0.231637 0.000000
vt  0.225876 0.231637 0.000000
vt  0.225586 0.224474 0.000000
vt  0.225586 0.224474 0.000000
vt  0.224794 0.218985 0.000000
vt  0.224794 0.218985 0.000000
vt  0.222620 0.217972 0.000000
vt  0.222620 0.217972 0.000000
vt  0.113331 0.185751 0.000000
vt  0.113331 0.185751 0.000000
vt  0.113331 0.185751 0.000000
vt  0.114191 0.198117 0.000000
vt  0.114191 0.198117 0.000000
vt  0.116493 0.207596 0.000000
vt  0.116493 0.207596 0.000000
vt  0.122509 0.209466 0.000000
vt  0.122509 0.209466 0.000000
vt  0.125421 0.190606 0.000000
vt  0.125421 0.190606 0.000000
vt  0.125421 0.190606 0.000000
vt  0.124632 0.178751 0.000000
vt  0.124632 0.178751 0.000000
vt  0.122468 0.169377 0.000000
vt  0.122468 0.169377 0.000000
vt  0.116451 0.166606 0.000000
vt  0.116451 0.166606 0.000000
vt  0.237925 0.203915 0.000000
vt  0.237925 0.203915 0.000000
vt  0.237925 0.203915 0.000000
vt  0.237925 0.190310 0.000000
vt  0.237925 0.190310 0.000000
vt  0.237925 0.190310 0.000000
vt  0.231130 0.190413 0.000000
vt  0.231130 0.190413 0.000000
vt  0.231130 0.190413 0.000000
vt  0.231130 0.179116 0.000000
vt  0.231130 0.179116 0.000000
vt  0.231130 0.179116 0.000000
vt  0.213310 0.231764 0.000000
vt  0.213310 0.231764 0.000000
vt  0.213310 0.231764 0.000000
vt  0.213310 0.231764 0.000000
vt  0.213003 0.224674 0.000000
vt  0.213003 0.224674 0.000000
vt  0.212156 0.219191 0.000000
vt  0.212156 0.219191 0.000000
vt  0.210985 0.216773 0.000000
vt  0.210985 0.216773 0.000000
vt  0.209798 0.218124 0.000000
vt  0.209798 0.218124 0.000000
vt  0.208918 0.222950 0.000000
vt  0.208918 0.222950 0.000000
vt  0.208594 0.229969 0.000000
vt  0.208594 0.229969 0.000000
vt  0.208594 0.229969 0.000000
vt  0.208594 0.229969 0.000000
vt  0.213003 0.238626 0.000000
vt  0.213003 0.238626 0.000000
vt  0.212156 0.243478 0.000000
vt  0.212156 0.243478 0.000000
vt  0.210985 0.245011 0.000000
vt  0.210985 0.245011 0.000000
vt  0.209798 0.242750 0.000000
vt  0.209798 0.242750 0.000000
vt  0.208918 0.237242 0.000000
vt  0.208918 0.237242 0.000000
vt  0.105193 0.191169 0.000000
vt  0.105193 0.191169 0.000000
vt  0.105193 0.191169 0.000000
vt  0.105193 0.191169 0.000000
vt  0.104361 0.179478 0.000000
vt  0.104361 0.179478 0.000000
vt  0.102063 0.170158 0.000000
vt  0.102063 0.170158 0.000000
vt  0.098861 0.165663 0.000000
vt  0.098861 0.165663 0.000000
vt  0.095587 0.167331 0.000000
vt  0.095587 0.167331 0.000000
vt  0.093142 0.174902 0.000000
vt  0.093142 0.174902 0.000000
vt  0.092236 0.186397 0.000000
vt  0.092236 0.186397 0.000000
vt  0.092236 0.186397 0.000000
vt  0.092236 0.186397 0.000000
vt  0.104361 0.202274 0.000000
vt  0.104361 0.202274 0.000000
vt  0.102063 0.209954 0.000000
vt  0.102063 0.209954 0.000000
vt  0.098861 0.212121 0.000000
vt  0.098861 0.212121 0.000000
vt  0.095587 0.208015 0.000000
vt  0.095587 0.208015 0.000000
vt  0.093142 0.198587 0.000000
vt  0.093142 0.198587 0.000000

vn  0.000000 -1.000000 0.000000
vn  -1.000000 0.000000 0.000000
vn  0.000000 0.000000 1.000000
vn  0.000000 -1.000000 0.000000
vn  -1.000000 0.000000 0.000000
vn  0.000000 0.000000 1.000000
vn  0.000000 -1.000000 0.000000
vn  0.000000 0.000000 -1.000000
vn  -1.000000 0.000000 0.000000
vn  0.000000 -1.000000 0.000000
vn  -1.000000 0.000000 0.000000
vn  0.000000 0.000000 -1.000000
vn  0.000000 -1.000000 0.000000
vn  0.000000 0.000000 -1.000000
vn  -1.000000 0.000000 0.000000
vn  0.000000 -1.000000 0.000000
vn  -1.000000 0.000000 0.000000
vn  0.000000 0.000000 -1.000000
vn  0.000000 -1.000000 0.000000
vn  0.000000 0.000000 1.000000
vn  -1.000000 0.000000 0.000000
vn  0.000000 -1.000000 0.000000
vn  -1.000000 0.000000 0.000000
vn  0.000000 0.000000 1.000000
vn  0.000000 -1.000000 0.000000
vn  0.000000 0.000000 1.000000
vn  -1.000000 0.000000 0.000000
vn  0.000000 -1.000000 0.000000
vn  -1.000000 0.000000 0.000000
vn  0.000000 0.000000 1.000000
vn  0.000000 -1.000000 0.000000
vn  0.000000 0.000000 -1.000000
vn  -1.000000 0.000000 0.000000
vn  0.000000 -1.000000 0.000000
vn  -1.000000 0.000000 0.000000
vn  0.000000 0.000000 -1.000000
vn  0.000000 -1.000000 0.000000
vn  0.575000 0.000000 0.818153
vn  -1.000000 0.000000 0.000000
vn  0.000000 -1.000000 0.000000
vn  0.887412 0.000000 0.460977
vn  0.000000 -1.000000 0.000000
vn  1.000000 0.000000 0.000000
vn  1.000000 0.000000 0.000000
vn  0.000000 -1.000000 0.000000
vn  1.000000 0.000000 0.000000
vn  1.000000 0.000000 0.000000
vn  0.000000 -1.000000 0.000000
vn  0.887412 0.000000 -0.460977
vn  0.000000 -1.000000 0.000000
vn  -1.000000 0.000000 0.000000
vn  0.575000 0.000000 -0.818153
vn  -1.000000 0.000000 0.000000
vn  0.575000 0.000000 -0.818153
vn  0.000000 1.000000 0.000000
vn  -1.000000 0.000000 0.000000
vn  0.000000 0.000000 1.000000
vn  0.000000 1.000000 0.000000
vn  1.000000 0.000000 0.000000
vn  1.000000 0.000000 0.000000
vn  0.000000 1.000000 0.000000
vn  0.887412 0.000000 -0.460977
vn  0.000000 1.000000 0.000000
vn  1.000000 0.000000 0.000000
vn  1.000000 0.000000 0.000000
vn  0.000000 1.000000 0.000000
vn  1.000000 0.000000 0.000000
vn  0.707110 0.707103 -0.000000
vn  0.707110 0.707103 -0.000000
vn  1.000000 0.000000 0.000000
vn  0.707110 0.497403 0.502579
vn  1.000000 0.000000 0.000000
vn  0.707110 -0.001939 0.707100
vn  1.000000 0.000000 0.000000
vn  0.707110 -0.500023 0.499972
vn  1.000000 0.000000 0.000000
vn  0.707110 -0.707103 0.000000
vn  0.707110 -0.707103 0.000000
vn  1.000000 0.000000 0.000000
vn  0.707110 -0.497403 -0.502579
vn  1.000000 0.000000 0.000000
vn  0.707110 0.001939 -0.707100
vn  1.000000 0.000000 0.000000
vn  0.707110 0.500023 -0.499972
vn  1.000000 0.000000 0.000000
vn  0.707110 0.707103 -0.000000
vn  0.707110 0.707103 -0.000000
vn  1.000000 0.000000 0.000000
vn  0.707110 0.497403 0.502579
vn  1.000000 0.000000 0.000000
vn  0.707110 -0.001939 0.707100
vn  1.000000 0.000000 0.000000
vn  0.707110 -0.500023 0.499972
vn  1.000000 0.000000 0.000000
vn  0.707110 -0.707103 0.000000
vn  0.707110 -0.707103 0.000000
vn  1.000000 0.000000 0.000000
vn  0.707110 -0.497403 -0.502579
vn  1.000000 0.000000 0.000000
vn  0.707110 0.001939 -0.707100
vn  1.000000 0.000000 0.000000
vn  0.707110 0.500023 -0.499972
vn  0.575000 0.000000 0.818153
vn  -1.000000 0.000000 0.000000
vn  0.000000 1.000000 0.000000
vn  0.887412 0.000000 0.460977
vn  0.000000 1.000000 0.000000
vn  -1.000000 0.000000 0.000000
vn  0.000000 0.000000 -1.000000
vn  0.000000 1.000000 0.000000
vn  0.000000 0.000000 -1.000000
vn  -1.000000 0.000000 0.000000
vn  0.000000 1.000000 0.000000
vn  -1.000000 0.000000 0.000000
vn  0.000000 0.000000 1.000000
vn  0.000000 1.000000 0.000000
vn  0.000000 0.000000 1.000000
vn  -1.000000 0.000000 0.000000
vn  0.000000 1.000000 0.000000
vn  -1.000000 0.000000 0.000000
vn  0.000000 0.000000 1.000000
vn  0.000000 1.000000 0.000000
vn  0.000000 0.000000 1.000000
vn  -1.000000 0.000000 0.000000
vn  0.000000 1.000000 0.000000
vn  -1.000000 0.000000 0.000000
vn  0.000000 0.000000 -1.000000
vn  0.000000 1.000000 0.000000
vn  -1.000000 0.000000 0.000000
vn  0.000000 1.000000 0.000000
vn  0.000000 1.000000 -0.000000
vn  -1.000000 0.000000 0.000000
vn  0.000000 0.863706 -0.503996
vn  -1.000000 0.000000 0.000000
vn  0.000000 0.494370 -0.869252
vn  -1.000000 0.000000 0.000000
vn  0.000000 -0.501262 -0.865296
vn  -1.000000 0.000000 0.000000
vn  0.000000 -1.000000 0.000000
vn  0.000000 -1.000000 0.000000
vn  -1.000000 0.000000 0.000000
vn  0.000000 -0.863706 0.503996
vn  -1.000000 0.000000 0.000000
vn  0.000000 -0.494370 0.869252
vn  -1.000000 0.000000 0.000000
vn  0.000000 0.501262 0.865296
vn  -1.000000 0.000000 0.000000
vn  0.000000 1.000000 0.000000
vn  0.000000 1.000000 -0.000000
vn  -1.000000 0.000000 0.000000
vn  0.000000 0.863706 -0.503996
vn  -1.000000 0.000000 0.000000
vn  0.000000 0.494370 -0.869252
vn  -1.000000 0.000000 0.000000
vn  0.000000 -0.501262 -0.865296
vn  -1.000000 0.000000 0.000000
vn  0.000000 -1.000000 0.000000
vn  0.000000 -1.000000 0.000000
vn  -1.000000 0.000000 0.000000
vn  0.000000 -0.863706 0.503996
vn  -1.000000 0.000000 0.000000
vn  0.000000 -0.494370 0.869252
vn  -1.000000 0.000000 0.000000
vn  0.000000 0.501262 0.865296
vn  0.000000 0.000000 -1.000000
vn  -1.000000 0.000000 0.000000
vn  0.000000 1.000000 0.000000
vn  -1.000000 0.000000 0.000000
vn  0.000000 0.000000 -1.000000
vn  0.000000 1.000000 0.000000
vn  0.000000 0.000000 -1.000000
vn  -1.000000 0.000000 0.000000
vn  0.000000 1.000000 0.000000
vn  -1.000000 0.000000 0.000000
vn  0.000000 0.000000 1.000000
vn  0.000000 1.000000 0.000000
vn  0.000000 -1.000000 -0.000000
vn  0.707110 -0.707103 0.000000
vn  0.707110 -0.707103 0.000000
vn  0.000000 -1.000000 -0.000000
vn  0.000000 -0.866025 0.500000
vn  0.707110 -0.612369 0.353552
vn  0.000000 -0.500000 0.866025
vn  0.707110 -0.353552 0.612369
vn  0.000000 0.000000 1.000000
vn  0.707110 0.000000 0.707103
vn  0.000000 0.500000 0.866025
vn  0.707110 0.353552 0.612369
vn  0.000000 0.866025 0.500000
vn  0.707110 0.612369 0.353552
vn  0.000000 1.000000 0.000000
vn  0.707110 0.707103 -0.000000
vn  0.707110 0.707103 -0.000000
vn  0.000000 1.000000 0.000000
vn  0.707110 -0.612369 -0.353552
vn  0.000000 -0.866025 -0.500000
vn  0.707110 -0.353552 -0.612369
vn  0.000000 -0.500000 -0.866025
vn  0.707110 -0.000000 -0.707103
vn  0.000000 -0.000000 -1.000000
vn  0.707110 0.353552 -0.612369
vn  0.000000 0.500000 -0.866025
vn  0.707110 0.612369 -0.353552
vn  0.000000 0.866025 -0.500000
vn  0.000000 -1.000000 -0.000000
vn  0.707110 -0.707103 0.000000
vn  0.707110 -0.707103 0.000000
vn  0.000000 -1.000000 -0.000000
vn  0.000000 -0.866025 0.500000
vn  0.707110 -0.612369 0.353552
vn  0.000000 -0.500000 0.866025
vn  0.707110 -0.353552 0.612369
vn  0.000000 0.000000 1.000000
vn  0.707110 0.000000 0.707103
vn  0.000000 0.500000 0.866025
vn  0.707110 0.353552 0.612369
vn  0.000000 0.866025 0.500000
vn  0.707110 0.612369 0.353552
vn  0.000000 1.000000 0.000000
vn  0.707110 0.707103 -0.000000
vn  0.707110 0.707103 -0.000000
vn  0.000000 1.000000 0.000000
vn  0.707110 -0.612369 -0.353552
vn  0.000000 -0.866025 -0.500000
vn  0.707110 -0.353552 -0.612369
vn  0.000000 -0.500000 -0.866025
vn  0.707110 -0.000000 -0.707103
vn  0.000000 -0.000000 -1.000000
vn  0.707110 0.353552 -0.612369
vn  0.000000 0.500000 -0.866025
vn  0.707110 0.612369 -0.353552
vn  0.000000 0.866025 -0.500000


g 5
g 6
usemtl MTL2
f 2770/2770/2770  2724/2724/2724  2721/2721/2721
f 2895/2895/2895  2723/2723/2723  2726/2726/2726
f 2776/2776/2776  2771/2771/2771  2722/2722/2722
f 2895/2895/2895  2777/2777/2777  2723/2723/2723
f 2768/2768/2768  2727/2727/2727  2724/2724/2724
f 2892/2892/2892  2725/2725/2725  2729/2729/2729
f 2770/2770/2770  2768/2768/2768  2724/2724/2724
f 2894/2894/2894  2725/2725/2725  2892/2892/2892
f 2765/2765/2765  2730/2730/2730  2727/2727/2727
f 2889/2889/2889  2728/2728/2728  2732/2732/2732
f 2768/2768/2768  2765/2765/2765  2727/2727/2727
f 2891/2891/2891  2728/2728/2728  2889/2889/2889
f 2765/2765/2765  2733/2733/2733  2730/2730/2730
f 2886/2886/2886  2731/2731/2731  2735/2735/2735
f 2888/2888/2888  2731/2731/2731  2886/2886/2886
f 2762/2762/2762  2736/2736/2736  2733/2733/2733
f 2847/2847/2847  2734/2734/2734  2738/2738/2738
f 2765/2765/2765  2762/2762/2762  2733/2733/2733
f 2885/2885/2885  2734/2734/2734  2847/2847/2847
f 2742/2742/2742  2739/2739/2739  2736/2736/2736
f 2872/2872/2872  2737/2737/2737  2741/2741/2741
f 2762/2762/2762  2742/2742/2742  2736/2736/2736
f 2863/2863/2863  2846/2846/2846  2737/2737/2737
f 2865/2865/2865  2737/2737/2737  2849/2849/2849
f 2881/2881/2881  2849/2849/2849  2737/2737/2737
f 2865/2865/2865  2863/2863/2863  2737/2737/2737
f 2870/2870/2870  2867/2867/2867  2737/2737/2737
f 2883/2883/2883  2737/2737/2737  2867/2867/2867
f 2872/2872/2872  2870/2870/2870  2737/2737/2737
f 2883/2883/2883  2881/2881/2881  2737/2737/2737
f 2841/2841/2841  2740/2740/2740  2744/2744/2744
f 2843/2843/2843  2740/2740/2740  2841/2841/2841
f 2872/2872/2872  2741/2741/2741  2844/2844/2844
f 2748/2748/2748  2745/2745/2745  2742/2742/2742
f 2838/2838/2838  2743/2743/2743  2747/2747/2747
f 2760/2760/2760  2748/2748/2748  2742/2742/2742
f 2762/2762/2762  2760/2760/2760  2742/2742/2742
f 2840/2840/2840  2743/2743/2743  2838/2838/2838
f 2835/2835/2835  2746/2746/2746  2750/2750/2750
f 2837/2837/2837  2746/2746/2746  2835/2835/2835
f 2760/2760/2760  2751/2751/2751  2748/2748/2748
f 2832/2832/2832  2749/2749/2749  2753/2753/2753
f 2834/2834/2834  2749/2749/2749  2832/2832/2832
f 2757/2757/2757  2754/2754/2754  2751/2751/2751
f 2829/2829/2829  2752/2752/2752  2756/2756/2756
f 2760/2760/2760  2757/2757/2757  2751/2751/2751
f 2831/2831/2831  2752/2752/2752  2829/2829/2829
f 2824/2824/2824  2755/2755/2755  2759/2759/2759
f 2828/2828/2828  2755/2755/2755  2824/2824/2824
f 2823/2823/2823  2758/2758/2758  2761/2761/2761
f 2826/2826/2826  2761/2761/2761  2764/2764/2764
f 2826/2826/2826  2823/2823/2823  2761/2761/2761
f 2790/2790/2790  2763/2763/2763  2767/2767/2767
f 2819/2819/2819  2784/2784/2784  2763/2763/2763
f 2826/2826/2826  2764/2764/2764  2785/2785/2785
f 2790/2790/2790  2787/2787/2787  2763/2763/2763
f 2803/2803/2803  2763/2763/2763  2787/2787/2787
f 2801/2801/2801  2799/2799/2799  2763/2763/2763
f 2805/2805/2805  2763/2763/2763  2799/2799/2799
f 2803/2803/2803  2801/2801/2801  2763/2763/2763
f 2821/2821/2821  2763/2763/2763  2805/2805/2805
f 2821/2821/2821  2819/2819/2819  2763/2763/2763
f 2779/2779/2779  2766/2766/2766  2769/2769/2769
f 2792/2792/2792  2767/2767/2767  2780/2780/2780
f 2792/2792/2792  2790/2790/2790  2767/2767/2767
f 2782/2782/2782  2769/2769/2769  2772/2772/2772
f 2782/2782/2782  2779/2779/2779  2769/2769/2769
f 2776/2776/2776  2773/2773/2773  2771/2771/2771
f 2782/2782/2782  2772/2772/2772  2774/2774/2774
f 2896/2896/2896  2775/2775/2775  2778/2778/2778
f 2896/2896/2896  2783/2783/2783  2775/2775/2775
f 2887/2887/2887  2781/2781/2781  2783/2783/2783
f 2817/2817/2817  2780/2780/2780  2784/2784/2784
f 2842/2842/2842  2786/2786/2786  2781/2781/2781
f 2794/2794/2794  2792/2792/2792  2780/2780/2780
f 2796/2796/2796  2794/2794/2794  2780/2780/2780
f 2810/2810/2810  2796/2796/2796  2780/2780/2780
f 2812/2812/2812  2810/2810/2810  2780/2780/2780
f 2814/2814/2814  2812/2812/2812  2780/2780/2780
f 2817/2817/2817  2814/2814/2814  2780/2780/2780
f 2845/2845/2845  2842/2842/2842  2781/2781/2781
f 2887/2887/2887  2845/2845/2845  2781/2781/2781
f 2893/2893/2893  2887/2887/2887  2783/2783/2783
f 2896/2896/2896  2893/2893/2893  2783/2783/2783
f 2819/2819/2819  2817/2817/2817  2784/2784/2784
f 2836/2836/2836  2827/2827/2827  2786/2786/2786
f 2839/2839/2839  2836/2836/2836  2786/2786/2786
f 2842/2842/2842  2839/2839/2839  2786/2786/2786
f 2940/2940/2940  2788/2788/2788  2791/2791/2791
f 2951/2951/2951  2804/2804/2804  2789/2789/2789
f 2951/2951/2951  2789/2789/2789  2941/2941/2941
f 2936/2936/2936  2791/2791/2791  2793/2793/2793
f 2938/2938/2938  2791/2791/2791  2936/2936/2936
f 2940/2940/2940  2791/2791/2791  2938/2938/2938
f 2932/2932/2932  2793/2793/2793  2795/2795/2795
f 2934/2934/2934  2793/2793/2793  2932/2932/2932
f 2936/2936/2936  2793/2793/2793  2934/2934/2934
f 2930/2930/2930  2795/2795/2795  2797/2797/2797
f 2932/2932/2932  2795/2795/2795  2930/2930/2930
f 2805/2805/2805  2799/2799/2799  2796/2796/2796
f 2927/2927/2927  2798/2798/2798  2800/2800/2800
f 2808/2808/2808  2805/2805/2805  2796/2796/2796
f 2810/2810/2810  2808/2808/2808  2796/2796/2796
f 2930/2930/2930  2797/2797/2797  2926/2926/2926
f 2945/2945/2945  2800/2800/2800  2802/2802/2802
f 2943/2943/2943  2927/2927/2927  2800/2800/2800
f 2945/2945/2945  2943/2943/2943  2800/2800/2800
f 2949/2949/2949  2802/2802/2802  2804/2804/2804
f 2947/2947/2947  2945/2945/2945  2802/2802/2802
f 2949/2949/2949  2947/2947/2947  2802/2802/2802
f 2951/2951/2951  2949/2949/2949  2804/2804/2804
f 2912/2912/2912  2806/2806/2806  2809/2809/2809
f 2923/2923/2923  2822/2822/2822  2807/2807/2807
f 2923/2923/2923  2807/2807/2807  2913/2913/2913
f 2908/2908/2908  2809/2809/2809  2811/2811/2811
f 2910/2910/2910  2809/2809/2809  2908/2908/2908
f 2912/2912/2912  2809/2809/2809  2910/2910/2910
f 2904/2904/2904  2811/2811/2811  2813/2813/2813
f 2906/2906/2906  2811/2811/2811  2904/2904/2904
f 2908/2908/2908  2811/2811/2811  2906/2906/2906
f 2902/2902/2902  2813/2813/2813  2815/2815/2815
f 2904/2904/2904  2813/2813/2813  2902/2902/2902
f 2899/2899/2899  2816/2816/2816  2818/2818/2818
f 2902/2902/2902  2815/2815/2815  2898/2898/2898
f 2917/2917/2917  2818/2818/2818  2820/2820/2820
f 2915/2915/2915  2899/2899/2899  2818/2818/2818
f 2917/2917/2917  2915/2915/2915  2818/2818/2818
f 2921/2921/2921  2820/2820/2820  2822/2822/2822
f 2919/2919/2919  2917/2917/2917  2820/2820/2820
f 2921/2921/2921  2919/2919/2919  2820/2820/2820
f 2923/2923/2923  2921/2921/2921  2822/2822/2822
f 2833/2833/2833  2825/2825/2825  2827/2827/2827
f 2833/2833/2833  2830/2830/2830  2825/2825/2825
f 2836/2836/2836  2833/2833/2833  2827/2827/2827
f 2861/2861/2861  2844/2844/2844  2846/2846/2846
f 2887/2887/2887  2848/2848/2848  2845/2845/2845
f 2854/2854/2854  2852/2852/2852  2844/2844/2844
f 2876/2876/2876  2844/2844/2844  2852/2852/2852
f 2856/2856/2856  2854/2854/2854  2844/2844/2844
f 2858/2858/2858  2856/2856/2856  2844/2844/2844
f 2861/2861/2861  2858/2858/2858  2844/2844/2844
f 2874/2874/2874  2872/2872/2872  2844/2844/2844
f 2876/2876/2876  2874/2874/2874  2844/2844/2844
f 2863/2863/2863  2861/2861/2861  2846/2846/2846
f 2876/2876/2876  2852/2852/2852  2849/2849/2849
f 2914/2914/2914  2851/2851/2851  2853/2853/2853
f 2909/2909/2909  2866/2866/2866  2850/2850/2850
f 2879/2879/2879  2876/2876/2876  2849/2849/2849
f 2881/2881/2881  2879/2879/2879  2849/2849/2849
f 2911/2911/2911  2909/2909/2909  2850/2850/2850
f 2922/2922/2922  2853/2853/2853  2855/2855/2855
f 2924/2924/2924  2914/2914/2914  2853/2853/2853
f 2924/2924/2924  2853/2853/2853  2922/2922/2922
f 2920/2920/2920  2855/2855/2855  2857/2857/2857
f 2922/2922/2922  2855/2855/2855  2920/2920/2920
f 2916/2916/2916  2857/2857/2857  2860/2860/2860
f 2918/2918/2918  2857/2857/2857  2916/2916/2916
f 2920/2920/2920  2857/2857/2857  2918/2918/2918
f 2897/2897/2897  2859/2859/2859  2862/2862/2862
f 2916/2916/2916  2860/2860/2860  2900/2900/2900
f 2903/2903/2903  2862/2862/2862  2864/2864/2864
f 2901/2901/2901  2897/2897/2897  2862/2862/2862
f 2903/2903/2903  2901/2901/2901  2862/2862/2862
f 2905/2905/2905  2864/2864/2864  2866/2866/2866
f 2905/2905/2905  2903/2903/2903  2864/2864/2864
f 2907/2907/2907  2905/2905/2905  2866/2866/2866
f 2909/2909/2909  2907/2907/2907  2866/2866/2866
f 2942/2942/2942  2869/2869/2869  2871/2871/2871
f 2937/2937/2937  2884/2884/2884  2868/2868/2868
f 2939/2939/2939  2937/2937/2937  2868/2868/2868
f 2950/2950/2950  2871/2871/2871  2873/2873/2873
f 2952/2952/2952  2942/2942/2942  2871/2871/2871
f 2952/2952/2952  2871/2871/2871  2950/2950/2950
f 2948/2948/2948  2873/2873/2873  2875/2875/2875
f 2950/2950/2950  2873/2873/2873  2948/2948/2948
f 2944/2944/2944  2875/2875/2875  2878/2878/2878
f 2946/2946/2946  2875/2875/2875  2944/2944/2944
f 2948/2948/2948  2875/2875/2875  2946/2946/2946
f 2925/2925/2925  2877/2877/2877  2880/2880/2880
f 2944/2944/2944  2878/2878/2878  2928/2928/2928
f 2931/2931/2931  2880/2880/2880  2882/2882/2882
f 2929/2929/2929  2925/2925/2925  2880/2880/2880
f 2931/2931/2931  2929/2929/2929  2880/2880/2880
f 2933/2933/2933  2882/2882/2882  2884/2884/2884
f 2933/2933/2933  2931/2931/2931  2882/2882/2882
f 2935/2935/2935  2933/2933/2933  2884/2884/2884
f 2937/2937/2937  2935/2935/2935  2884/2884/2884
f 2893/2893/2893  2890/2890/2890  2887/2887/2887

v  -12.200000 86.500000 -10.200000
v  -12.200000 86.500000 -10.200000
v  -12.200000 86.500000 -10.200000
v  -12.800000 86.500000 -10.200000
v  -12.800000 86.500000 -10.200000
v  -12.800000 86.500000 -10.200000
v  -12.800000 86.500000 -9.200000
v  -12.800000 86.500000 -9.200000
v  -12.800000 86.500000 -9.200000
v  -12.200000 86.500000 -9.200000
v  -12.200000 86.500000 -9.200000
v  -12.200000 86.500000 -9.200000
v  -12.200000 86.500000 -8.000000
v  -12.200000 86.500000 -8.000000
v  -12.200000 86.500000 -8.000000
v  -11.900000 86.500000 -8.000000
v  -11.900000 86.500000 -8.000000
v  -11.900000 86.500000 -8.000000
v  -11.900000 86.500000 8.000000
v  -11.900000 86.500000 8.000000
v  -11.900000 86.500000 8.000000
v  -12.200000 86.500000 8.000000
v  -12.200000 86.500000 8.000000
v  -12.200000 86.500000 8.000000
v  -12.200000 86.500000 9.200000
v  -12.200000 86.500000 9.200000
v  -12.200000 86.500000 9.200000
v  -12.800000 86.500000 9.200000
v  -12.800000 86.500000 9.200000
v  -12.800000 86.500000 9.200000
v  -12.800000 86.500000 10.200000
v  -12.800000 86.500000 10.200000
v  -12.800000 86.500000 10.200000
v  -12.200000 86.500000 10.200000
v  -12.200000 86.500000 10.200000
v  -12.200000 86.500000 10.200000
v  -12.200000 86.500000 11.272614
v  -12.200000 86.500000 11.272614
v  -12.200000 86.500000 11.272614
v  -13.449531 86.500000 9.843848
v  -13.449531 86.500000 9.843848
v  -13.900000 86.500000 8.000000
v  -13.900000 86.500000 8.000000
v  -13.900000 86.500000 8.000000
v  -13.900000 86.500000 -8.000000
v  -13.900000 86.500000 -8.000000
v  -13.900000 86.500000 -8.000000
v  -13.449531 86.500000 -9.843848
v  -13.449531 86.500000 -9.843848
v  -12.200000 86.500000 -11.272614
v  -12.200000 86.500000 -11.272614
v  -12.200000 86.500000 -11.272614
v  -12.200000 35.000000 -11.272614
v  -12.200000 35.000000 -11.272614
v  -12.200000 35.000000 -11.272614
v  -12.200000 35.000000 -10.200000
v  -12.200000 35.000000 -10.200000
v  -12.200000 35.000000 -10.200000
v  -13.900000 35.000000 -8.000000
v  -13.900000 35.000000 -8.000000
v  -13.900000 35.000000 -8.000000
v  -13.449531 35.000000 -9.843848
v  -13.449531 35.000000 -9.843848
v  -13.900000 35.000000 8.000000
v  -13.900000 35.000000 8.000000
v  -13.900000 35.000000 8.000000
v  -13.900000 78.600010 -5.000000
v  -13.900000 78.600010 -5.000000
v  -13.900000 78.600010 -5.000000
v  -13.900000 77.977562 -6.492262
v  -13.900000 77.977562 -6.492262
v  -13.900000 76.494236 -7.099854
v  -13.900000 76.494236 -7.099854
v  -13.900000 75.014672 -6.484526
v  -13.900000 75.014672 -6.484526
v  -13.900000 74.399990 -5.000000
v  -13.900000 74.399990 -5.000000
v  -13.900000 74.399990 -5.000000
v  -13.900000 75.022438 -3.507738
v  -13.900000 75.022438 -3.507738
v  -13.900000 76.505764 -2.900146
v  -13.900000 76.505764 -2.900146
v  -13.900000 77.985328 -3.515474
v  -13.900000 77.985328 -3.515474
v  -13.900000 47.100010 -5.000000
v  -13.900000 47.100010 -5.000000
v  -13.900000 47.100010 -5.000000
v  -13.900000 46.477562 -6.492262
v  -13.900000 46.477562 -6.492262
v  -13.900000 44.994236 -7.099854
v  -13.900000 44.994236 -7.099854
v  -13.900000 43.514672 -6.484526
v  -13.900000 43.514672 -6.484526
v  -13.900000 42.899990 -5.000000
v  -13.900000 42.899990 -5.000000
v  -13.900000 42.899990 -5.000000
v  -13.900000 43.522438 -3.507738
v  -13.900000 43.522438 -3.507738
v  -13.900000 45.005764 -2.900146
v  -13.900000 45.005764 -2.900146
v  -13.900000 46.485328 -3.515474
v  -13.900000 46.485328 -3.515474
v  -12.200000 35.000000 11.272614
v  -12.200000 35.000000 11.272614
v  -12.200000 35.000000 11.272614
v  -13.449531 35.000000 9.843848
v  -13.449531 35.000000 9.843848
v  -12.200000 35.000000 10.200000
v  -12.200000 35.000000 10.200000
v  -12.200000 35.000000 10.200000
v  -12.800000 35.000000 10.200000
v  -12.800000 35.000000 10.200000
v  -12.800000 35.000000 10.200000
v  -12.800000 35.000000 9.200000
v  -12.800000 35.000000 9.200000
v  -12.800000 35.000000 9.200000
v  -12.200000 35.000000 9.200000
v  -12.200000 35.000000 9.200000
v  -12.200000 35.000000 9.200000
v  -12.200000 35.000000 8.000000
v  -12.200000 35.000000 8.000000
v  -12.200000 35.000000 8.000000
v  -11.900000 35.000000 8.000000
v  -11.900000 35.000000 8.000000
v  -11.900000 35.000000 8.000000
v  -11.900000 35.000000 -8.000000
v  -11.900000 35.000000 -8.000000
v  -11.900000 35.000000 -8.000000
v  -11.900000 46.100000 -5.000000
v  -11.900000 46.100000 -5.000000
v  -11.900000 46.100000 -5.000000
v  -11.900000 45.950074 -4.445606
v  -11.900000 45.950074 -4.445606
v  -11.900000 45.543804 -4.043828
v  -11.900000 45.543804 -4.043828
v  -11.900000 44.448615 -4.048179
v  -11.900000 44.448615 -4.048179
v  -11.900000 43.900000 -5.000000
v  -11.900000 43.900000 -5.000000
v  -11.900000 43.900000 -5.000000
v  -11.900000 44.049926 -5.554394
v  -11.900000 44.049926 -5.554394
v  -11.900000 44.456196 -5.956172
v  -11.900000 44.456196 -5.956172
v  -11.900000 45.551385 -5.951821
v  -11.900000 45.551385 -5.951821
v  -11.900000 77.600000 -5.000000
v  -11.900000 77.600000 -5.000000
v  -11.900000 77.600000 -5.000000
v  -11.900000 77.450074 -4.445606
v  -11.900000 77.450074 -4.445606
v  -11.900000 77.043804 -4.043828
v  -11.900000 77.043804 -4.043828
v  -11.900000 75.948615 -4.048179
v  -11.900000 75.948615 -4.048179
v  -11.900000 75.400000 -5.000000
v  -11.900000 75.400000 -5.000000
v  -11.900000 75.400000 -5.000000
v  -11.900000 75.549926 -5.554394
v  -11.900000 75.549926 -5.554394
v  -11.900000 75.956196 -5.956172
v  -11.900000 75.956196 -5.956172
v  -11.900000 77.051385 -5.951821
v  -11.900000 77.051385 -5.951821
v  -12.200000 35.000000 -8.000000
v  -12.200000 35.000000 -8.000000
v  -12.200000 35.000000 -8.000000
v  -12.200000 35.000000 -9.200000
v  -12.200000 35.000000 -9.200000
v  -12.200000 35.000000 -9.200000
v  -12.800000 35.000000 -9.200000
v  -12.800000 35.000000 -9.200000
v  -12.800000 35.000000 -9.200000
v  -12.800000 35.000000 -10.200000
v  -12.800000 35.000000 -10.200000
v  -12.800000 35.000000 -10.200000
v  -12.900001 43.900000 -5.000000
v  -12.900001 43.900000 -5.000000
v  -12.900001 43.900000 -5.000000
v  -12.900001 43.900000 -5.000000
v  -12.899989 44.047372 -5.550000
v  -12.899989 44.047372 -5.550000
v  -12.899989 44.450000 -5.952628
v  -12.899989 44.450000 -5.952628
v  -12.899989 45.000000 -6.100000
v  -12.899989 45.000000 -6.100000
v  -12.899989 45.550000 -5.952628
v  -12.899989 45.550000 -5.952628
v  -12.899989 45.952628 -5.550000
v  -12.899989 45.952628 -5.550000
v  -12.900001 46.100000 -5.000000
v  -12.900001 46.100000 -5.000000
v  -12.900001 46.100000 -5.000000
v  -12.900001 46.100000 -5.000000
v  -12.899989 44.047372 -4.450000
v  -12.899989 44.047372 -4.450000
v  -12.899989 44.450000 -4.047372
v  -12.899989 44.450000 -4.047372
v  -12.899989 45.000000 -3.900000
v  -12.899989 45.000000 -3.900000
v  -12.899989 45.550000 -4.047372
v  -12.899989 45.550000 -4.047372
v  -12.899989 45.952628 -4.450000
v  -12.899989 45.952628 -4.450000
v  -12.900001 75.400000 -5.000000
v  -12.900001 75.400000 -5.000000
v  -12.900001 75.400000 -5.000000
v  -12.900001 75.400000 -5.000000
v  -12.899989 75.547372 -5.550000
v  -12.899989 75.547372 -5.550000
v  -12.899989 75.950000 -5.952628
v  -12.899989 75.950000 -5.952628
v  -12.899989 76.500000 -6.100000
v  -12.899989 76.500000 -6.100000
v  -12.899989 77.050000 -5.952628
v  -12.899989 77.050000 -5.952628
v  -12.899989 77.452628 -5.550000
v  -12.899989 77.452628 -5.550000
v  -12.900001 77.600000 -5.000000
v  -12.900001 77.600000 -5.000000
v  -12.900001 77.600000 -5.000000
v  -12.900001 77.600000 -5.000000
v  -12.899989 75.547372 -4.450000
v  -12.899989 75.547372 -4.450000
v  -12.899989 75.950000 -4.047372
v  -12.899989 75.950000 -4.047372
v  -12.899989 76.500000 -3.900000
v  -12.899989 76.500000 -3.900000
v  -12.899989 77.050000 -4.047372
v  -12.899989 77.050000 -4.047372
v  -12.899989 77.452628 -4.450000
v  -12.899989 77.452628 -4.450000

vt  0.003402 0.179003 0.000000
vt  0.003402 0.179003 0.000000
vt  0.003402 0.179003 0.000000
vt  0.010197 0.179116 0.000000
vt  0.010197 0.179116 0.000000
vt  0.010197 0.179116 0.000000
vt  0.010197 0.190413 0.000000
vt  0.010197 0.190413 0.000000
vt  0.010197 0.190413 0.000000
vt  0.003402 0.190310 0.000000
vt  0.003402 0.190310 0.000000
vt  0.003402 0.190310 0.000000
vt  0.003402 0.203915 0.000000
vt  0.003402 0.203915 0.000000
vt  0.003402 0.203915 0.000000
vt  0.000000 0.203872 0.000000
vt  0.000000 0.203872 0.000000
vt  0.000000 0.203872 0.000000
vt  0.000000 0.386607 0.000000
vt  0.000000 0.386607 0.000000
vt  0.000000 0.386607 0.000000
vt  0.003402 0.386564 0.000000
vt  0.003402 0.386564 0.000000
vt  0.003402 0.386564 0.000000
vt  0.003402 0.400169 0.000000
vt  0.003402 0.400169 0.000000
vt  0.003402 0.400169 0.000000
vt  0.010197 0.400067 0.000000
vt  0.010197 0.400067 0.000000
vt  0.010197 0.400067 0.000000
vt  0.010197 0.411364 0.000000
vt  0.010197 0.411364 0.000000
vt  0.010197 0.411364 0.000000
vt  0.003402 0.411477 0.000000
vt  0.003402 0.411477 0.000000
vt  0.003402 0.411477 0.000000
vt  0.003402 0.423573 0.000000
vt  0.003402 0.423573 0.000000
vt  0.003402 0.423573 0.000000
vt  0.017537 0.407220 0.000000
vt  0.017537 0.407220 0.000000
vt  0.022617 0.386301 0.000000
vt  0.022617 0.386301 0.000000
vt  0.022617 0.386301 0.000000
vt  0.022617 0.204178 0.000000
vt  0.022617 0.204178 0.000000
vt  0.022617 0.204178 0.000000
vt  0.017537 0.183260 0.000000
vt  0.017537 0.183260 0.000000
vt  0.003402 0.166907 0.000000
vt  0.003402 0.166907 0.000000
vt  0.003402 0.166907 0.000000
vt  0.198688 0.000000 0.000000
vt  0.198688 0.000000 0.000000
vt  0.198688 0.000000 0.000000
vt  0.198688 0.026697 0.000000
vt  0.198688 0.026697 0.000000
vt  0.198688 0.026697 0.000000
vt  0.241327 0.085919 0.000000
vt  0.241327 0.085919 0.000000
vt  0.241327 0.085919 0.000000
vt  0.230161 0.038497 0.000000
vt  0.230161 0.038497 0.000000
vt  0.241327 0.504560 0.000000
vt  0.241327 0.504560 0.000000
vt  0.241327 0.504560 0.000000
vt  0.038321 0.232680 0.000000
vt  0.038321 0.232680 0.000000
vt  0.038321 0.232680 0.000000
vt  0.039689 0.213457 0.000000
vt  0.039689 0.213457 0.000000
vt  0.043038 0.204172 0.000000
vt  0.043038 0.204172 0.000000
vt  0.046505 0.210447 0.000000
vt  0.046505 0.210447 0.000000
vt  0.047985 0.229274 0.000000
vt  0.047985 0.229274 0.000000
vt  0.047985 0.229274 0.000000
vt  0.046486 0.249299 0.000000
vt  0.046486 0.249299 0.000000
vt  0.043011 0.257960 0.000000
vt  0.043011 0.257960 0.000000
vt  0.039672 0.250890 0.000000
vt  0.039672 0.250890 0.000000
vt  0.150257 0.193774 0.000000
vt  0.150257 0.193774 0.000000
vt  0.150257 0.193774 0.000000
vt  0.153888 0.162201 0.000000
vt  0.153888 0.162201 0.000000
vt  0.162914 0.145602 0.000000
vt  0.162914 0.145602 0.000000
vt  0.172474 0.154229 0.000000
vt  0.172474 0.154229 0.000000
vt  0.176622 0.184815 0.000000
vt  0.176622 0.184815 0.000000
vt  0.176622 0.184815 0.000000
vt  0.172422 0.218614 0.000000
vt  0.172422 0.218614 0.000000
vt  0.162841 0.233748 0.000000
vt  0.162841 0.233748 0.000000
vt  0.153843 0.222911 0.000000
vt  0.153843 0.222911 0.000000
vt  0.198688 0.590479 0.000000
vt  0.198688 0.590479 0.000000
vt  0.198688 0.590479 0.000000
vt  0.230161 0.551982 0.000000
vt  0.230161 0.551982 0.000000
vt  0.198688 0.563782 0.000000
vt  0.198688 0.563782 0.000000
vt  0.198688 0.563782 0.000000
vt  0.213891 0.562397 0.000000
vt  0.213891 0.562397 0.000000
vt  0.213891 0.562397 0.000000
vt  0.213891 0.537267 0.000000
vt  0.213891 0.537267 0.000000
vt  0.213891 0.537267 0.000000
vt  0.198688 0.538533 0.000000
vt  0.198688 0.538533 0.000000
vt  0.198688 0.538533 0.000000
vt  0.198688 0.507814 0.000000
vt  0.198688 0.507814 0.000000
vt  0.198688 0.507814 0.000000
vt  0.191024 0.508359 0.000000
vt  0.191024 0.508359 0.000000
vt  0.191024 0.508359 0.000000
vt  0.191024 0.082121 0.000000
vt  0.191024 0.082121 0.000000
vt  0.191024 0.082121 0.000000
vt  0.115906 0.190606 0.000000
vt  0.115906 0.190606 0.000000
vt  0.115906 0.190606 0.000000
vt  0.116695 0.201853 0.000000
vt  0.116695 0.201853 0.000000
vt  0.118859 0.209544 0.000000
vt  0.118859 0.209544 0.000000
vt  0.124876 0.207489 0.000000
vt  0.124876 0.207489 0.000000
vt  0.127995 0.185751 0.000000
vt  0.127995 0.185751 0.000000
vt  0.127995 0.185751 0.000000
vt  0.127136 0.174106 0.000000
vt  0.127136 0.174106 0.000000
vt  0.124833 0.166533 0.000000
vt  0.124833 0.166533 0.000000
vt  0.118818 0.169488 0.000000
vt  0.118818 0.169488 0.000000
vt  0.015451 0.231637 0.000000
vt  0.015451 0.231637 0.000000
vt  0.015451 0.231637 0.000000
vt  0.015741 0.238567 0.000000
vt  0.015741 0.238567 0.000000
vt  0.016532 0.243414 0.000000
vt  0.016532 0.243414 0.000000
vt  0.018707 0.242629 0.000000
vt  0.018707 0.242629 0.000000
vt  0.019820 0.229831 0.000000
vt  0.019820 0.229831 0.000000
vt  0.019820 0.229831 0.000000
vt  0.019514 0.222743 0.000000
vt  0.019514 0.222743 0.000000
vt  0.018692 0.217923 0.000000
vt  0.018692 0.217923 0.000000
vt  0.016518 0.219048 0.000000
vt  0.016518 0.219048 0.000000
vt  0.198688 0.082666 0.000000
vt  0.198688 0.082666 0.000000
vt  0.198688 0.082666 0.000000
vt  0.198688 0.051946 0.000000
vt  0.198688 0.051946 0.000000
vt  0.198688 0.051946 0.000000
vt  0.213891 0.053213 0.000000
vt  0.213891 0.053213 0.000000
vt  0.213891 0.053213 0.000000
vt  0.213891 0.028083 0.000000
vt  0.213891 0.028083 0.000000
vt  0.213891 0.028083 0.000000
vt  0.149091 0.186397 0.000000
vt  0.149091 0.186397 0.000000
vt  0.149091 0.186397 0.000000
vt  0.149091 0.186397 0.000000
vt  0.148185 0.174902 0.000000
vt  0.148185 0.174902 0.000000
vt  0.145740 0.167331 0.000000
vt  0.145740 0.167331 0.000000
vt  0.142466 0.165663 0.000000
vt  0.142466 0.165663 0.000000
vt  0.139264 0.170158 0.000000
vt  0.139264 0.170158 0.000000
vt  0.136966 0.179478 0.000000
vt  0.136966 0.179478 0.000000
vt  0.136134 0.191169 0.000000
vt  0.136134 0.191169 0.000000
vt  0.136134 0.191169 0.000000
vt  0.136134 0.191169 0.000000
vt  0.148185 0.198587 0.000000
vt  0.148185 0.198587 0.000000
vt  0.145740 0.208015 0.000000
vt  0.145740 0.208015 0.000000
vt  0.142466 0.212121 0.000000
vt  0.142466 0.212121 0.000000
vt  0.139264 0.209954 0.000000
vt  0.139264 0.209954 0.000000
vt  0.136966 0.202274 0.000000
vt  0.136966 0.202274 0.000000
vt  0.032733 0.229969 0.000000
vt  0.032733 0.229969 0.000000
vt  0.032733 0.229969 0.000000
vt  0.032733 0.229969 0.000000
vt  0.032408 0.222950 0.000000
vt  0.032408 0.222950 0.000000
vt  0.031529 0.218124 0.000000
vt  0.031529 0.218124 0.000000
vt  0.030342 0.216773 0.000000
vt  0.030342 0.216773 0.000000
vt  0.029171 0.219191 0.000000
vt  0.029171 0.219191 0.000000
vt  0.028324 0.224674 0.000000
vt  0.028324 0.224674 0.000000
vt  0.028017 0.231764 0.000000
vt  0.028017 0.231764 0.000000
vt  0.028017 0.231764 0.000000
vt  0.028017 0.231764 0.000000
vt  0.032408 0.237242 0.000000
vt  0.032408 0.237242 0.000000
vt  0.031529 0.242750 0.000000
vt  0.031529 0.242750 0.000000
vt  0.030342 0.245011 0.000000
vt  0.030342 0.245011 0.000000
vt  0.029171 0.243478 0.000000
vt  0.029171 0.243478 0.000000
vt  0.028324 0.238626 0.000000
vt  0.028324 0.238626 0.000000

vn  0.000000 1.000000 0.000000
vn  1.000000 0.000000 0.000000
vn  0.000000 0.000000 1.000000
vn  0.000000 1.000000 0.000000
vn  1.000000 0.000000 0.000000
vn  0.000000 0.000000 1.000000
vn  0.000000 1.000000 0.000000
vn  0.000000 0.000000 -1.000000
vn  1.000000 0.000000 0.000000
vn  0.000000 1.000000 0.000000
vn  1.000000 0.000000 0.000000
vn  0.000000 0.000000 -1.000000
vn  0.000000 1.000000 0.000000
vn  0.000000 0.000000 -1.000000
vn  1.000000 0.000000 0.000000
vn  0.000000 1.000000 0.000000
vn  1.000000 0.000000 0.000000
vn  0.000000 0.000000 -1.000000
vn  0.000000 1.000000 0.000000
vn  0.000000 0.000000 1.000000
vn  1.000000 0.000000 0.000000
vn  0.000000 1.000000 0.000000
vn  1.000000 0.000000 0.000000
vn  0.000000 0.000000 1.000000
vn  0.000000 1.000000 0.000000
vn  0.000000 0.000000 1.000000
vn  1.000000 0.000000 0.000000
vn  0.000000 1.000000 0.000000
vn  1.000000 0.000000 0.000000
vn  0.000000 0.000000 1.000000
vn  0.000000 1.000000 0.000000
vn  0.000000 0.000000 -1.000000
vn  1.000000 0.000000 0.000000
vn  0.000000 1.000000 0.000000
vn  1.000000 0.000000 0.000000
vn  0.000000 0.000000 -1.000000
vn  0.000000 1.000000 0.000000
vn  -0.575000 0.000000 0.818153
vn  1.000000 0.000000 0.000000
vn  0.000000 1.000000 0.000000
vn  -0.887412 0.000000 0.460977
vn  0.000000 1.000000 0.000000
vn  -1.000000 0.000000 0.000000
vn  -1.000000 0.000000 0.000000
vn  0.000000 1.000000 0.000000
vn  -1.000000 0.000000 0.000000
vn  -1.000000 0.000000 0.000000
vn  0.000000 1.000000 0.000000
vn  -0.887412 0.000000 -0.460977
vn  0.000000 1.000000 0.000000
vn  1.000000 0.000000 0.000000
vn  -0.575000 0.000000 -0.818153
vn  1.000000 0.000000 0.000000
vn  -0.575000 0.000000 -0.818153
vn  0.000000 -1.000000 0.000000
vn  1.000000 0.000000 0.000000
vn  0.000000 0.000000 1.000000
vn  0.000000 -1.000000 0.000000
vn  -1.000000 0.000000 0.000000
vn  -1.000000 0.000000 0.000000
vn  0.000000 -1.000000 0.000000
vn  -0.887412 0.000000 -0.460977
vn  0.000000 -1.000000 0.000000
vn  -1.000000 0.000000 0.000000
vn  -1.000000 0.000000 0.000000
vn  0.000000 -1.000000 0.000000
vn  -1.000000 0.000000 0.000000
vn  -0.707110 -0.707103 -0.000000
vn  -0.707110 -0.707103 -0.000000
vn  -1.000000 0.000000 0.000000
vn  -0.707110 -0.497403 0.502579
vn  -1.000000 0.000000 0.000000
vn  -0.707110 0.001939 0.707100
vn  -1.000000 0.000000 0.000000
vn  -0.707110 0.500023 0.499972
vn  -1.000000 0.000000 0.000000
vn  -0.707110 0.707103 0.000000
vn  -0.707110 0.707103 0.000000
vn  -1.000000 0.000000 0.000000
vn  -0.707110 0.497403 -0.502579
vn  -1.000000 0.000000 0.000000
vn  -0.707110 -0.001939 -0.707100
vn  -1.000000 0.000000 0.000000
vn  -0.707110 -0.500023 -0.499972
vn  -1.000000 0.000000 0.000000
vn  -0.707110 -0.707103 -0.000000
vn  -0.707110 -0.707103 -0.000000
vn  -1.000000 0.000000 0.000000
vn  -0.707110 -0.497403 0.502579
vn  -1.000000 0.000000 0.000000
vn  -0.707110 0.001939 0.707100
vn  -1.000000 0.000000 0.000000
vn  -0.707110 0.500023 0.499972
vn  -1.000000 0.000000 0.000000
vn  -0.707110 0.707103 0.000000
vn  -0.707110 0.707103 0.000000
vn  -1.000000 0.000000 0.000000
vn  -0.707110 0.497403 -0.502579
vn  -1.000000 0.000000 0.000000
vn  -0.707110 -0.001939 -0.707100
vn  -1.000000 0.000000 0.000000
vn  -0.707110 -0.500023 -0.499972
vn  -0.575000 0.000000 0.818153
vn  1.000000 0.000000 0.000000
vn  0.000000 -1.000000 0.000000
vn  -0.887412 0.000000 0.460977
vn  0.000000 -1.000000 0.000000
vn  1.000000 0.000000 0.000000
vn  0.000000 0.000000 -1.000000
vn  0.000000 -1.000000 0.000000
vn  0.000000 0.000000 -1.000000
vn  1.000000 0.000000 0.000000
vn  0.000000 -1.000000 0.000000
vn  1.000000 0.000000 0.000000
vn  0.000000 0.000000 1.000000
vn  0.000000 -1.000000 0.000000
vn  0.000000 0.000000 1.000000
vn  1.000000 0.000000 0.000000
vn  0.000000 -1.000000 0.000000
vn  1.000000 0.000000 0.000000
vn  0.000000 0.000000 1.000000
vn  0.000000 -1.000000 0.000000
vn  0.000000 0.000000 1.000000
vn  1.000000 0.000000 0.000000
vn  0.000000 -1.000000 0.000000
vn  1.000000 0.000000 0.000000
vn  0.000000 0.000000 -1.000000
vn  0.000000 -1.000000 0.000000
vn  1.000000 0.000000 0.000000
vn  0.000000 -1.000000 0.000000
vn  0.000000 -1.000000 -0.000000
vn  1.000000 0.000000 0.000000
vn  0.000000 -0.863706 -0.503996
vn  1.000000 0.000000 0.000000
vn  0.000000 -0.494370 -0.869252
vn  1.000000 0.000000 0.000000
vn  0.000000 0.501262 -0.865296
vn  1.000000 0.000000 0.000000
vn  0.000000 1.000000 0.000000
vn  0.000000 1.000000 0.000000
vn  1.000000 0.000000 0.000000
vn  0.000000 0.863706 0.503996
vn  1.000000 0.000000 0.000000
vn  0.000000 0.494370 0.869252
vn  1.000000 0.000000 0.000000
vn  0.000000 -0.501262 0.865296
vn  1.000000 0.000000 0.000000
vn  0.000000 -1.000000 0.000000
vn  0.000000 -1.000000 -0.000000
vn  1.000000 0.000000 0.000000
vn  0.000000 -0.863706 -0.503996
vn  1.000000 0.000000 0.000000
vn  0.000000 -0.494370 -0.869252
vn  1.000000 0.000000 0.000000
vn  0.000000 0.501262 -0.865296
vn  1.000000 0.000000 0.000000
vn  0.000000 1.000000 0.000000
vn  0.000000 1.000000 0.000000
vn  1.000000 0.000000 0.000000
vn  0.000000 0.863706 0.503996
vn  1.000000 0.000000 0.000000
vn  0.000000 0.494370 0.869252
vn  1.000000 0.000000 0.000000
vn  0.000000 -0.501262 0.865296
vn  0.000000 0.000000 -1.000000
vn  1.000000 0.000000 0.000000
vn  0.000000 -1.000000 0.000000
vn  1.000000 0.000000 0.000000
vn  0.000000 0.000000 -1.000000
vn  0.000000 -1.000000 0.000000
vn  0.000000 0.000000 -1.000000
vn  1.000000 0.000000 0.000000
vn  0.000000 -1.000000 0.000000
vn  1.000000 0.000000 0.000000
vn  0.000000 0.000000 1.000000
vn  0.000000 -1.000000 0.000000
vn  0.000000 1.000000 -0.000000
vn  -0.707110 0.707103 0.000000
vn  -0.707110 0.707103 0.000000
vn  0.000000 1.000000 -0.000000
vn  0.000000 0.866025 0.500000
vn  -0.707110 0.612369 0.353552
vn  0.000000 0.500000 0.866025
vn  -0.707110 0.353552 0.612369
vn  0.000000 -0.000000 1.000000
vn  -0.707110 -0.000000 0.707103
vn  0.000000 -0.500000 0.866025
vn  -0.707110 -0.353552 0.612369
vn  0.000000 -0.866025 0.500000
vn  -0.707110 -0.612369 0.353552
vn  0.000000 -1.000000 0.000000
vn  -0.707110 -0.707103 -0.000000
vn  -0.707110 -0.707103 -0.000000
vn  0.000000 -1.000000 0.000000
vn  -0.707110 0.612369 -0.353552
vn  0.000000 0.866025 -0.500000
vn  -0.707110 0.353552 -0.612369
vn  0.000000 0.500000 -0.866025
vn  -0.707110 0.000000 -0.707103
vn  0.000000 0.000000 -1.000000
vn  -0.707110 -0.353552 -0.612369
vn  0.000000 -0.500000 -0.866025
vn  -0.707110 -0.612369 -0.353552
vn  0.000000 -0.866025 -0.500000
vn  0.000000 1.000000 -0.000000
vn  -0.707110 0.707103 0.000000
vn  -0.707110 0.707103 0.000000
vn  0.000000 1.000000 -0.000000
vn  0.000000 0.866025 0.500000
vn  -0.707110 0.612369 0.353552
vn  0.000000 0.500000 0.866025
vn  -0.707110 0.353552 0.612369
vn  0.000000 -0.000000 1.000000
vn  -0.707110 -0.000000 0.707103
vn  0.000000 -0.500000 0.866025
vn  -0.707110 -0.353552 0.612369
vn  0.000000 -0.866025 0.500000
vn  -0.707110 -0.612369 0.353552
vn  0.000000 -1.000000 0.000000
vn  -0.707110 -0.707103 -0.000000
vn  -0.707110 -0.707103 -0.000000
vn  0.000000 -1.000000 0.000000
vn  -0.707110 0.612369 -0.353552
vn  0.000000 0.866025 -0.500000
vn  -0.707110 0.353552 -0.612369
vn  0.000000 0.500000 -0.866025
vn  -0.707110 0.000000 -0.707103
vn  0.000000 0.000000 -1.000000
vn  -0.707110 -0.353552 -0.612369
vn  0.000000 -0.500000 -0.866025
vn  -0.707110 -0.612369 -0.353552
vn  0.000000 -0.866025 -0.500000


g 7
f 3002/3002/3002  2956/2956/2956  2953/2953/2953
f 3127/3127/3127  2955/2955/2955  2958/2958/2958
f 3008/3008/3008  3003/3003/3003  2954/2954/2954
f 3127/3127/3127  3009/3009/3009  2955/2955/2955
f 3000/3000/3000  2959/2959/2959  2956/2956/2956
f 3124/3124/3124  2957/2957/2957  2961/2961/2961
f 3002/3002/3002  3000/3000/3000  2956/2956/2956
f 3126/3126/3126  2957/2957/2957  3124/3124/3124
f 2997/2997/2997  2962/2962/2962  2959/2959/2959
f 3121/3121/3121  2960/2960/2960  2964/2964/2964
f 3000/3000/3000  2997/2997/2997  2959/2959/2959
f 3123/3123/3123  2960/2960/2960  3121/3121/3121
f 2997/2997/2997  2965/2965/2965  2962/2962/2962
f 3118/3118/3118  2963/2963/2963  2967/2967/2967
f 3120/3120/3120  2963/2963/2963  3118/3118/3118
f 2994/2994/2994  2968/2968/2968  2965/2965/2965
f 3079/3079/3079  2966/2966/2966  2970/2970/2970
f 2997/2997/2997  2994/2994/2994  2965/2965/2965
f 3117/3117/3117  2966/2966/2966  3079/3079/3079
f 2974/2974/2974  2971/2971/2971  2968/2968/2968
f 3104/3104/3104  2969/2969/2969  2973/2973/2973
f 2994/2994/2994  2974/2974/2974  2968/2968/2968
f 3095/3095/3095  3078/3078/3078  2969/2969/2969
f 3097/3097/3097  2969/2969/2969  3081/3081/3081
f 3113/3113/3113  3081/3081/3081  2969/2969/2969
f 3097/3097/3097  3095/3095/3095  2969/2969/2969
f 3102/3102/3102  3099/3099/3099  2969/2969/2969
f 3115/3115/3115  2969/2969/2969  3099/3099/3099
f 3104/3104/3104  3102/3102/3102  2969/2969/2969
f 3115/3115/3115  3113/3113/3113  2969/2969/2969
f 3073/3073/3073  2972/2972/2972  2976/2976/2976
f 3075/3075/3075  2972/2972/2972  3073/3073/3073
f 3104/3104/3104  2973/2973/2973  3076/3076/3076
f 2980/2980/2980  2977/2977/2977  2974/2974/2974
f 3070/3070/3070  2975/2975/2975  2979/2979/2979
f 2992/2992/2992  2980/2980/2980  2974/2974/2974
f 2994/2994/2994  2992/2992/2992  2974/2974/2974
f 3072/3072/3072  2975/2975/2975  3070/3070/3070
f 3067/3067/3067  2978/2978/2978  2982/2982/2982
f 3069/3069/3069  2978/2978/2978  3067/3067/3067
f 2992/2992/2992  2983/2983/2983  2980/2980/2980
f 3064/3064/3064  2981/2981/2981  2985/2985/2985
f 3066/3066/3066  2981/2981/2981  3064/3064/3064
f 2989/2989/2989  2986/2986/2986  2983/2983/2983
f 3061/3061/3061  2984/2984/2984  2988/2988/2988
f 2992/2992/2992  2989/2989/2989  2983/2983/2983
f 3063/3063/3063  2984/2984/2984  3061/3061/3061
f 3056/3056/3056  2987/2987/2987  2991/2991/2991
f 3060/3060/3060  2987/2987/2987  3056/3056/3056
f 3055/3055/3055  2990/2990/2990  2993/2993/2993
f 3058/3058/3058  2993/2993/2993  2996/2996/2996
f 3058/3058/3058  3055/3055/3055  2993/2993/2993
f 3022/3022/3022  2995/2995/2995  2999/2999/2999
f 3051/3051/3051  3016/3016/3016  2995/2995/2995
f 3058/3058/3058  2996/2996/2996  3017/3017/3017
f 3022/3022/3022  3019/3019/3019  2995/2995/2995
f 3035/3035/3035  2995/2995/2995  3019/3019/3019
f 3033/3033/3033  3031/3031/3031  2995/2995/2995
f 3037/3037/3037  2995/2995/2995  3031/3031/3031
f 3035/3035/3035  3033/3033/3033  2995/2995/2995
f 3053/3053/3053  2995/2995/2995  3037/3037/3037
f 3053/3053/3053  3051/3051/3051  2995/2995/2995
f 3011/3011/3011  2998/2998/2998  3001/3001/3001
f 3024/3024/3024  2999/2999/2999  3012/3012/3012
f 3024/3024/3024  3022/3022/3022  2999/2999/2999
f 3014/3014/3014  3001/3001/3001  3004/3004/3004
f 3014/3014/3014  3011/3011/3011  3001/3001/3001
f 3008/3008/3008  3005/3005/3005  3003/3003/3003
f 3014/3014/3014  3004/3004/3004  3006/3006/3006
f 3128/3128/3128  3007/3007/3007  3010/3010/3010
f 3128/3128/3128  3015/3015/3015  3007/3007/3007
f 3119/3119/3119  3013/3013/3013  3015/3015/3015
f 3049/3049/3049  3012/3012/3012  3016/3016/3016
f 3074/3074/3074  3018/3018/3018  3013/3013/3013
f 3026/3026/3026  3024/3024/3024  3012/3012/3012
f 3028/3028/3028  3026/3026/3026  3012/3012/3012
f 3042/3042/3042  3028/3028/3028  3012/3012/3012
f 3044/3044/3044  3042/3042/3042  3012/3012/3012
f 3046/3046/3046  3044/3044/3044  3012/3012/3012
f 3049/3049/3049  3046/3046/3046  3012/3012/3012
f 3077/3077/3077  3074/3074/3074  3013/3013/3013
f 3119/3119/3119  3077/3077/3077  3013/3013/3013
f 3125/3125/3125  3119/3119/3119  3015/3015/3015
f 3128/3128/3128  3125/3125/3125  3015/3015/3015
f 3051/3051/3051  3049/3049/3049  3016/3016/3016
f 3068/3068/3068  3059/3059/3059  3018/3018/3018
f 3071/3071/3071  3068/3068/3068  3018/3018/3018
f 3074/3074/3074  3071/3071/3071  3018/3018/3018
f 3172/3172/3172  3020/3020/3020  3023/3023/3023
f 3183/3183/3183  3036/3036/3036  3021/3021/3021
f 3183/3183/3183  3021/3021/3021  3173/3173/3173
f 3168/3168/3168  3023/3023/3023  3025/3025/3025
f 3170/3170/3170  3023/3023/3023  3168/3168/3168
f 3172/3172/3172  3023/3023/3023  3170/3170/3170
f 3164/3164/3164  3025/3025/3025  3027/3027/3027
f 3166/3166/3166  3025/3025/3025  3164/3164/3164
f 3168/3168/3168  3025/3025/3025  3166/3166/3166
f 3162/3162/3162  3027/3027/3027  3029/3029/3029
f 3164/3164/3164  3027/3027/3027  3162/3162/3162
f 3037/3037/3037  3031/3031/3031  3028/3028/3028
f 3159/3159/3159  3030/3030/3030  3032/3032/3032
f 3040/3040/3040  3037/3037/3037  3028/3028/3028
f 3042/3042/3042  3040/3040/3040  3028/3028/3028
f 3162/3162/3162  3029/3029/3029  3158/3158/3158
f 3177/3177/3177  3032/3032/3032  3034/3034/3034
f 3175/3175/3175  3159/3159/3159  3032/3032/3032
f 3177/3177/3177  3175/3175/3175  3032/3032/3032
f 3181/3181/3181  3034/3034/3034  3036/3036/3036
f 3179/3179/3179  3177/3177/3177  3034/3034/3034
f 3181/3181/3181  3179/3179/3179  3034/3034/3034
f 3183/3183/3183  3181/3181/3181  3036/3036/3036
f 3144/3144/3144  3038/3038/3038  3041/3041/3041
f 3155/3155/3155  3054/3054/3054  3039/3039/3039
f 3155/3155/3155  3039/3039/3039  3145/3145/3145
f 3140/3140/3140  3041/3041/3041  3043/3043/3043
f 3142/3142/3142  3041/3041/3041  3140/3140/3140
f 3144/3144/3144  3041/3041/3041  3142/3142/3142
f 3136/3136/3136  3043/3043/3043  3045/3045/3045
f 3138/3138/3138  3043/3043/3043  3136/3136/3136
f 3140/3140/3140  3043/3043/3043  3138/3138/3138
f 3134/3134/3134  3045/3045/3045  3047/3047/3047
f 3136/3136/3136  3045/3045/3045  3134/3134/3134
f 3131/3131/3131  3048/3048/3048  3050/3050/3050
f 3134/3134/3134  3047/3047/3047  3130/3130/3130
f 3149/3149/3149  3050/3050/3050  3052/3052/3052
f 3147/3147/3147  3131/3131/3131  3050/3050/3050
f 3149/3149/3149  3147/3147/3147  3050/3050/3050
f 3153/3153/3153  3052/3052/3052  3054/3054/3054
f 3151/3151/3151  3149/3149/3149  3052/3052/3052
f 3153/3153/3153  3151/3151/3151  3052/3052/3052
f 3155/3155/3155  3153/3153/3153  3054/3054/3054
f 3065/3065/3065  3057/3057/3057  3059/3059/3059
f 3065/3065/3065  3062/3062/3062  3057/3057/3057
f 3068/3068/3068  3065/3065/3065  3059/3059/3059
f 3093/3093/3093  3076/3076/3076  3078/3078/3078
f 3119/3119/3119  3080/3080/3080  3077/3077/3077
f 3086/3086/3086  3084/3084/3084  3076/3076/3076
f 3108/3108/3108  3076/3076/3076  3084/3084/3084
f 3088/3088/3088  3086/3086/3086  3076/3076/3076
f 3090/3090/3090  3088/3088/3088  3076/3076/3076
f 3093/3093/3093  3090/3090/3090  3076/3076/3076
f 3106/3106/3106  3104/3104/3104  3076/3076/3076
f 3108/3108/3108  3106/3106/3106  3076/3076/3076
f 3095/3095/3095  3093/3093/3093  3078/3078/3078
f 3108/3108/3108  3084/3084/3084  3081/3081/3081
f 3146/3146/3146  3083/3083/3083  3085/3085/3085
f 3141/3141/3141  3098/3098/3098  3082/3082/3082
f 3111/3111/3111  3108/3108/3108  3081/3081/3081
f 3113/3113/3113  3111/3111/3111  3081/3081/3081
f 3143/3143/3143  3141/3141/3141  3082/3082/3082
f 3154/3154/3154  3085/3085/3085  3087/3087/3087
f 3156/3156/3156  3146/3146/3146  3085/3085/3085
f 3156/3156/3156  3085/3085/3085  3154/3154/3154
f 3152/3152/3152  3087/3087/3087  3089/3089/3089
f 3154/3154/3154  3087/3087/3087  3152/3152/3152
f 3148/3148/3148  3089/3089/3089  3092/3092/3092
f 3150/3150/3150  3089/3089/3089  3148/3148/3148
f 3152/3152/3152  3089/3089/3089  3150/3150/3150
f 3129/3129/3129  3091/3091/3091  3094/3094/3094
f 3148/3148/3148  3092/3092/3092  3132/3132/3132
f 3135/3135/3135  3094/3094/3094  3096/3096/3096
f 3133/3133/3133  3129/3129/3129  3094/3094/3094
f 3135/3135/3135  3133/3133/3133  3094/3094/3094
f 3137/3137/3137  3096/3096/3096  3098/3098/3098
f 3137/3137/3137  3135/3135/3135  3096/3096/3096
f 3139/3139/3139  3137/3137/3137  3098/3098/3098
f 3141/3141/3141  3139/3139/3139  3098/3098/3098
f 3174/3174/3174  3101/3101/3101  3103/3103/3103
f 3169/3169/3169  3116/3116/3116  3100/3100/3100
f 3171/3171/3171  3169/3169/3169  3100/3100/3100
f 3182/3182/3182  3103/3103/3103  3105/3105/3105
f 3184/3184/3184  3174/3174/3174  3103/3103/3103
f 3184/3184/3184  3103/3103/3103  3182/3182/3182
f 3180/3180/3180  3105/3105/3105  3107/3107/3107
f 3182/3182/3182  3105/3105/3105  3180/3180/3180
f 3176/3176/3176  3107/3107/3107  3110/3110/3110
f 3178/3178/3178  3107/3107/3107  3176/3176/3176
f 3180/3180/3180  3107/3107/3107  3178/3178/3178
f 3157/3157/3157  3109/3109/3109  3112/3112/3112
f 3176/3176/3176  3110/3110/3110  3160/3160/3160
f 3163/3163/3163  3112/3112/3112  3114/3114/3114
f 3161/3161/3161  3157/3157/3157  3112/3112/3112
f 3163/3163/3163  3161/3161/3161  3112/3112/3112
f 3165/3165/3165  3114/3114/3114  3116/3116/3116
f 3165/3165/3165  3163/3163/3163  3114/3114/3114
f 3167/3167/3167  3165/3165/3165  3116/3116/3116
f 3169/3169/3169  3167/3167/3167  3116/3116/3116
f 3125/3125/3125  3122/3122/3122  3119/3119/3119

v  -10.000000 85.250000 -14.290000
v  -10.000000 85.250000 -14.290000
v  -10.000000 85.250000 -14.290000
v  -10.000000 85.250000 -10.190000
v  -10.000000 85.250000 -10.190000
v  -10.000000 85.250000 -10.190000
v  10.000000 85.250000 -10.190000
v  10.000000 85.250000 -10.190000
v  10.000000 85.250000 -10.190000
v  10.000000 85.250000 -14.290000
v  10.000000 85.250000 -14.290000
v  10.000000 85.250000 -14.290000
v  10.707116 84.957091 -14.290000
v  10.707116 84.957091 -14.290000
v  11.000000 84.250000 -14.290000
v  11.000000 84.250000 -14.290000
v  11.000000 84.250000 -14.290000
v  11.000000 37.250000 -14.290000
v  11.000000 37.250000 -14.290000
v  11.000000 37.250000 -14.290000
v  10.707091 36.542884 -14.290000
v  10.707091 36.542884 -14.290000
v  10.000000 36.250000 -14.290000
v  10.000000 36.250000 -14.290000
v  10.000000 36.250000 -14.290000
v  -10.000000 36.250000 -14.290000
v  -10.000000 36.250000 -14.290000
v  -10.000000 36.250000 -14.290000
v  -10.707116 36.542909 -14.290000
v  -10.707116 36.542909 -14.290000
v  -11.000000 37.250000 -14.290000
v  -11.000000 37.250000 -14.290000
v  -11.000000 37.250000 -14.290000
v  -11.000000 84.250000 -14.290000
v  -11.000000 84.250000 -14.290000
v  -11.000000 84.250000 -14.290000
v  -10.707091 84.957116 -14.290000
v  -10.707091 84.957116 -14.290000
v  10.707091 84.957116 -10.190000
v  10.707091 84.957116 -10.190000
v  11.000000 84.250000 -10.190000
v  11.000000 84.250000 -10.190000
v  11.000000 84.250000 -10.190000
v  11.000000 35.250000 -10.190000
v  11.000000 35.250000 -10.190000
v  11.000000 35.250000 -10.190000
v  -11.000000 35.250000 -10.190000
v  -11.000000 35.250000 -10.190000
v  -11.000000 35.250000 -10.190000
v  -11.382639 35.326227 -10.190000
v  -11.382639 35.326227 -10.190000
v  -11.707107 35.542893 -10.190000
v  -11.707107 35.542893 -10.190000
v  -11.923773 35.867361 -10.190000
v  -11.923773 35.867361 -10.190000
v  -12.000000 36.250000 -10.190000
v  -12.000000 36.250000 -10.190000
v  -12.000000 36.250000 -10.190000
v  -12.000000 85.250000 -10.190000
v  -12.000000 85.250000 -10.190000
v  -12.000000 85.250000 -10.190000
v  -11.923773 85.632639 -10.190000
v  -11.923773 85.632639 -10.190000
v  -11.707107 85.957107 -10.190000
v  -11.707107 85.957107 -10.190000
v  -11.382639 86.173773 -10.190000
v  -11.382639 86.173773 -10.190000
v  -11.000000 86.250000 -10.190000
v  -11.000000 86.250000 -10.190000
v  -11.000000 86.250000 -10.190000
v  11.000000 86.250000 -10.190000
v  11.000000 86.250000 -10.190000
v  11.000000 86.250000 -10.190000
v  11.382639 86.173773 -10.190000
v  11.382639 86.173773 -10.190000
v  11.707107 85.957107 -10.190000
v  11.707107 85.957107 -10.190000
v  11.923773 85.632639 -10.190000
v  11.923773 85.632639 -10.190000
v  12.000000 85.250000 -10.190000
v  12.000000 85.250000 -10.190000
v  12.000000 85.250000 -10.190000
v  12.000000 36.250000 -10.190000
v  12.000000 36.250000 -10.190000
v  12.000000 36.250000 -10.190000
v  11.923773 35.867361 -10.190000
v  11.923773 35.867361 -10.190000
v  11.707107 35.542893 -10.190000
v  11.707107 35.542893 -10.190000
v  11.382639 35.326227 -10.190000
v  11.382639 35.326227 -10.190000
v  -10.707116 84.957091 -10.190000
v  -10.707116 84.957091 -10.190000
v  -11.000000 84.250000 -10.190000
v  -11.000000 84.250000 -10.190000
v  -11.000000 84.250000 -10.190000
v  -11.000000 37.250000 -10.190000
v  -11.000000 37.250000 -10.190000
v  -11.000000 37.250000 -10.190000
v  -10.707091 36.542884 -10.190000
v  -10.707091 36.542884 -10.190000
v  -10.000000 36.250000 -10.190000
v  -10.000000 36.250000 -10.190000
v  -10.000000 36.250000 -10.190000
v  10.000000 36.250000 -10.190000
v  10.000000 36.250000 -10.190000
v  10.000000 36.250000 -10.190000
v  10.707116 36.542909 -10.190000
v  10.707116 36.542909 -10.190000
v  11.000000 37.250000 -10.190000
v  11.000000 37.250000 -10.190000
v  11.000000 37.250000 -10.190000
v  12.000000 36.250000 -14.290000
v  12.000000 36.250000 -14.290000
v  12.000000 36.250000 -14.290000
v  12.000000 36.250000 -14.290000
v  12.000000 36.250000 -14.290000
v  11.923880 35.867317 -14.290000
v  11.923880 35.867317 -14.290000
v  11.707107 35.542893 -14.290000
v  11.707107 35.542893 -14.290000
v  11.707107 35.542893 -14.290000
v  11.382683 35.326120 -14.290000
v  11.382683 35.326120 -14.290000
v  11.000000 35.250000 -14.290000
v  11.000000 35.250000 -14.290000
v  11.000000 35.250000 -14.290000
v  11.000000 35.250000 -14.290000
v  11.000000 35.250000 -14.290000
v  12.000000 85.250000 -14.290000
v  12.000000 85.250000 -14.290000
v  12.000000 85.250000 -14.290000
v  12.000000 85.250000 -14.290000
v  12.000000 85.250000 -14.290000
v  11.000000 86.250000 -14.290000
v  11.000000 86.250000 -14.290000
v  11.000000 86.250000 -14.290000
v  11.000000 86.250000 -14.290000
v  11.000000 86.250000 -14.290000
v  11.382683 86.173880 -14.290000
v  11.382683 86.173880 -14.290000
v  11.707107 85.957107 -14.290000
v  11.707107 85.957107 -14.290000
v  11.707107 85.957107 -14.290000
v  11.923880 85.632683 -14.290000
v  11.923880 85.632683 -14.290000
v  -11.000000 86.250000 -14.290000
v  -11.000000 86.250000 -14.290000
v  -11.000000 86.250000 -14.290000
v  -11.000000 86.250000 -14.290000
v  -11.000000 86.250000 -14.290000
v  -12.000000 85.250000 -14.290000
v  -12.000000 85.250000 -14.290000
v  -12.000000 85.250000 -14.290000
v  -12.000000 85.250000 -14.290000
v  -12.000000 85.250000 -14.290000
v  -11.923880 85.632683 -14.290000
v  -11.923880 85.632683 -14.290000
v  -11.707107 85.957107 -14.290000
v  -11.707107 85.957107 -14.290000
v  -11.707107 85.957107 -14.290000
v  -11.382683 86.173880 -14.290000
v  -11.382683 86.173880 -14.290000
v  -12.000000 36.250000 -14.290000
v  -12.000000 36.250000 -14.290000
v  -12.000000 36.250000 -14.290000
v  -12.000000 36.250000 -14.290000
v  -12.000000 36.250000 -14.290000
v  -11.000000 35.250000 -14.290000
v  -11.000000 35.250000 -14.290000
v  -11.000000 35.250000 -14.290000
v  -11.000000 35.250000 -14.290000
v  -11.000000 35.250000 -14.290000
v  -11.382683 35.326120 -14.290000
v  -11.382683 35.326120 -14.290000
v  -11.707107 35.542893 -14.290000
v  -11.707107 35.542893 -14.290000
v  -11.707107 35.542893 -14.290000
v  -11.923880 35.867317 -14.290000
v  -11.923880 35.867317 -14.290000
v  -11.000000 35.542893 -14.997107
v  -11.000000 35.542893 -14.997107
v  -11.000000 35.325992 -14.672373
v  -11.000000 35.325992 -14.672373
v  11.000000 35.325992 -14.672373
v  11.000000 35.325992 -14.672373
v  11.000000 35.542893 -14.997107
v  11.000000 35.542893 -14.997107
v  11.000000 35.867130 -15.213802
v  11.000000 35.867130 -15.213802
v  11.000000 36.250000 -15.290000
v  11.000000 36.250000 -15.290000
v  11.000000 36.250000 -15.290000
v  11.000000 36.250000 -15.290000
v  -11.000000 36.250000 -15.290000
v  -11.000000 36.250000 -15.290000
v  -11.000000 36.250000 -15.290000
v  -11.000000 36.250000 -15.290000
v  -11.000000 35.867130 -15.213802
v  -11.000000 35.867130 -15.213802
v  -11.146447 35.396447 -14.790000
v  -11.500000 35.750000 -14.997107
v  -11.853553 36.103553 -14.790000
v  -11.924008 36.250000 -14.672373
v  -11.924008 36.250000 -14.672373
v  -11.382870 36.250000 -15.213802
v  -11.382870 36.250000 -15.213802
v  -11.707107 36.250000 -14.997107
v  -11.707107 36.250000 -14.997107
v  -11.707107 85.250000 -14.997107
v  -11.707107 85.250000 -14.997107
v  -11.924008 85.250000 -14.672373
v  -11.924008 85.250000 -14.672373
v  -11.000000 85.250000 -15.290000
v  -11.000000 85.250000 -15.290000
v  -11.000000 85.250000 -15.290000
v  -11.000000 85.250000 -15.290000
v  -11.382870 85.250000 -15.213802
v  -11.382870 85.250000 -15.213802
v  -11.853553 85.396447 -14.790000
v  -11.500000 85.750000 -14.997107
v  -11.146447 86.103553 -14.790000
v  -11.000000 85.632870 -15.213802
v  -11.000000 85.632870 -15.213802
v  -11.000000 85.957107 -14.997107
v  -11.000000 85.957107 -14.997107
v  -11.000000 86.174008 -14.672373
v  -11.000000 86.174008 -14.672373
v  11.000000 85.957107 -14.997107
v  11.000000 85.957107 -14.997107
v  11.000000 86.174008 -14.672373
v  11.000000 86.174008 -14.672373
v  11.000000 85.250000 -15.290000
v  11.000000 85.250000 -15.290000
v  11.000000 85.250000 -15.290000
v  11.000000 85.250000 -15.290000
v  11.000000 85.632870 -15.213802
v  11.000000 85.632870 -15.213802
v  11.146447 86.103553 -14.790000
v  11.500000 85.750000 -14.997107
v  11.853553 85.396447 -14.790000
v  11.382870 85.250000 -15.213802
v  11.382870 85.250000 -15.213802
v  11.707107 85.250000 -14.997107
v  11.707107 85.250000 -14.997107
v  11.924008 85.250000 -14.672373
v  11.924008 85.250000 -14.672373
v  11.382870 36.250000 -15.213802
v  11.382870 36.250000 -15.213802
v  11.707107 36.250000 -14.997107
v  11.707107 36.250000 -14.997107
v  11.924008 36.250000 -14.672373
v  11.924008 36.250000 -14.672373
v  11.853553 36.103553 -14.790000
v  11.500000 35.750000 -14.997107
v  11.146447 35.396447 -14.790000

vt  0.437719 0.220293 0.000000
vt  0.437719 0.220293 0.000000
vt  0.437719 0.220293 0.000000
vt  0.437719 0.267099 0.000000
vt  0.437719 0.267099 0.000000
vt  0.437719 0.267099 0.000000
vt  0.204182 0.267099 0.000000
vt  0.204182 0.267099 0.000000
vt  0.204182 0.267099 0.000000
vt  0.204182 0.220293 0.000000
vt  0.204182 0.220293 0.000000
vt  0.204182 0.220293 0.000000
vt  0.195581 0.219904 0.000000
vt  0.195581 0.219904 0.000000
vt  0.191121 0.218636 0.000000
vt  0.191121 0.218636 0.000000
vt  0.191121 0.218636 0.000000
vt  0.033809 0.032716 0.000000
vt  0.033809 0.032716 0.000000
vt  0.033809 0.032716 0.000000
vt  0.035927 0.026255 0.000000
vt  0.035927 0.026255 0.000000
vt  0.051783 0.022105 0.000000
vt  0.051783 0.022105 0.000000
vt  0.051783 0.022105 0.000000
vt  0.590118 0.022105 0.000000
vt  0.590118 0.022105 0.000000
vt  0.590118 0.022105 0.000000
vt  0.605974 0.026255 0.000000
vt  0.605974 0.026255 0.000000
vt  0.608091 0.032716 0.000000
vt  0.608091 0.032716 0.000000
vt  0.608091 0.032716 0.000000
vt  0.450779 0.218636 0.000000
vt  0.450779 0.218636 0.000000
vt  0.450779 0.218636 0.000000
vt  0.446318 0.219904 0.000000
vt  0.446318 0.219904 0.000000
vt  0.195582 0.266819 0.000000
vt  0.195582 0.266819 0.000000
vt  0.191121 0.265901 0.000000
vt  0.191121 0.265901 0.000000
vt  0.191121 0.265901 0.000000
vt  0.018469 0.116010 0.000000
vt  0.018469 0.116010 0.000000
vt  0.018469 0.116010 0.000000
vt  0.623431 0.116010 0.000000
vt  0.623431 0.116010 0.000000
vt  0.623431 0.116010 0.000000
vt  0.632661 0.117312 0.000000
vt  0.632661 0.117312 0.000000
vt  0.639138 0.119404 0.000000
vt  0.639138 0.119404 0.000000
vt  0.641897 0.121928 0.000000
vt  0.641897 0.121928 0.000000
vt  0.640630 0.124479 0.000000
vt  0.640630 0.124479 0.000000
vt  0.640630 0.124479 0.000000
vt  0.460794 0.267447 0.000000
vt  0.460794 0.267447 0.000000
vt  0.460794 0.267447 0.000000
vt  0.459304 0.267945 0.000000
vt  0.459304 0.267945 0.000000
vt  0.456314 0.268336 0.000000
vt  0.456314 0.268336 0.000000
vt  0.452279 0.268565 0.000000
vt  0.452279 0.268565 0.000000
vt  0.447801 0.268600 0.000000
vt  0.447801 0.268600 0.000000
vt  0.447801 0.268600 0.000000
vt  0.194099 0.268600 0.000000
vt  0.194099 0.268600 0.000000
vt  0.194099 0.268600 0.000000
vt  0.189621 0.268565 0.000000
vt  0.189621 0.268565 0.000000
vt  0.185586 0.268336 0.000000
vt  0.185586 0.268336 0.000000
vt  0.182596 0.267945 0.000000
vt  0.182596 0.267945 0.000000
vt  0.181106 0.267447 0.000000
vt  0.181106 0.267447 0.000000
vt  0.181106 0.267447 0.000000
vt  0.001270 0.124479 0.000000
vt  0.001270 0.124479 0.000000
vt  0.001270 0.124479 0.000000
vt  0.000003 0.121928 0.000000
vt  0.000003 0.121928 0.000000
vt  0.002762 0.119404 0.000000
vt  0.002762 0.119404 0.000000
vt  0.009239 0.117312 0.000000
vt  0.009239 0.117312 0.000000
vt  0.446319 0.266818 0.000000
vt  0.446319 0.266818 0.000000
vt  0.450779 0.265901 0.000000
vt  0.450779 0.265901 0.000000
vt  0.450779 0.265901 0.000000
vt  0.608091 0.128689 0.000000
vt  0.608091 0.128689 0.000000
vt  0.608091 0.128689 0.000000
vt  0.605973 0.123789 0.000000
vt  0.605973 0.123789 0.000000
vt  0.590118 0.120636 0.000000
vt  0.590118 0.120636 0.000000
vt  0.590118 0.120636 0.000000
vt  0.051783 0.120636 0.000000
vt  0.051783 0.120636 0.000000
vt  0.051783 0.120636 0.000000
vt  0.035927 0.123789 0.000000
vt  0.035927 0.123789 0.000000
vt  0.033809 0.128689 0.000000
vt  0.033809 0.128689 0.000000
vt  0.033809 0.128689 0.000000
vt  0.001270 0.027163 0.000000
vt  0.001270 0.027163 0.000000
vt  0.001270 0.027163 0.000000
vt  0.001270 0.027163 0.000000
vt  0.001270 0.027163 0.000000
vt  0.000000 0.023805 0.000000
vt  0.000000 0.023805 0.000000
vt  0.002762 0.020485 0.000000
vt  0.002762 0.020485 0.000000
vt  0.002762 0.020485 0.000000
vt  0.009237 0.017734 0.000000
vt  0.009237 0.017734 0.000000
vt  0.018469 0.016026 0.000000
vt  0.018469 0.016026 0.000000
vt  0.018469 0.016026 0.000000
vt  0.018469 0.016026 0.000000
vt  0.018469 0.016026 0.000000
vt  0.181106 0.220774 0.000000
vt  0.181106 0.220774 0.000000
vt  0.181106 0.220774 0.000000
vt  0.181106 0.220774 0.000000
vt  0.181106 0.220774 0.000000
vt  0.194099 0.222369 0.000000
vt  0.194099 0.222369 0.000000
vt  0.194099 0.222369 0.000000
vt  0.194099 0.222369 0.000000
vt  0.194099 0.222369 0.000000
vt  0.189621 0.222321 0.000000
vt  0.189621 0.222321 0.000000
vt  0.185586 0.222004 0.000000
vt  0.185586 0.222004 0.000000
vt  0.185586 0.222004 0.000000
vt  0.182595 0.221463 0.000000
vt  0.182595 0.221463 0.000000
vt  0.447801 0.222369 0.000000
vt  0.447801 0.222369 0.000000
vt  0.447801 0.222369 0.000000
vt  0.447801 0.222369 0.000000
vt  0.447801 0.222369 0.000000
vt  0.460794 0.220774 0.000000
vt  0.460794 0.220774 0.000000
vt  0.460794 0.220774 0.000000
vt  0.460794 0.220774 0.000000
vt  0.460794 0.220774 0.000000
vt  0.459305 0.221463 0.000000
vt  0.459305 0.221463 0.000000
vt  0.456314 0.222004 0.000000
vt  0.456314 0.222004 0.000000
vt  0.456314 0.222004 0.000000
vt  0.452280 0.222321 0.000000
vt  0.452280 0.222321 0.000000
vt  0.640630 0.027163 0.000000
vt  0.640630 0.027163 0.000000
vt  0.640630 0.027163 0.000000
vt  0.640630 0.027163 0.000000
vt  0.640630 0.027163 0.000000
vt  0.623431 0.016026 0.000000
vt  0.623431 0.016026 0.000000
vt  0.623431 0.016026 0.000000
vt  0.623431 0.016026 0.000000
vt  0.623431 0.016026 0.000000
vt  0.632663 0.017734 0.000000
vt  0.632663 0.017734 0.000000
vt  0.639138 0.020485 0.000000
vt  0.639138 0.020485 0.000000
vt  0.639138 0.020485 0.000000
vt  0.641900 0.023805 0.000000
vt  0.641900 0.023805 0.000000
vt  0.621086 0.002103 0.000000
vt  0.621086 0.002103 0.000000
vt  0.622819 0.007724 0.000000
vt  0.622819 0.007724 0.000000
vt  0.019081 0.007724 0.000000
vt  0.019081 0.007724 0.000000
vt  0.020814 0.002103 0.000000
vt  0.020814 0.002103 0.000000
vt  0.023369 0.000000 0.000000
vt  0.023369 0.000000 0.000000
vt  0.026333 0.001640 0.000000
vt  0.026333 0.001640 0.000000
vt  0.026333 0.001640 0.000000
vt  0.026333 0.001640 0.000000
vt  0.615567 0.001640 0.000000
vt  0.615567 0.001640 0.000000
vt  0.615567 0.001640 0.000000
vt  0.615567 0.001640 0.000000
vt  0.618531 0.000000 0.000000
vt  0.618531 0.000000 0.000000
vt  0.626023 0.006012 0.000000
vt  0.632175 0.005320 0.000000
vt  0.638183 0.014089 0.000000
vt  0.638740 0.018200 0.000000
vt  0.638740 0.018200 0.000000
vt  0.625210 0.004400 0.000000
vt  0.625210 0.004400 0.000000
vt  0.633331 0.010207 0.000000
vt  0.633331 0.010207 0.000000
vt  0.457423 0.212713 0.000000
vt  0.457423 0.212713 0.000000
vt  0.459920 0.216435 0.000000
vt  0.459920 0.216435 0.000000
vt  0.449273 0.209224 0.000000
vt  0.449273 0.209224 0.000000
vt  0.449273 0.209224 0.000000
vt  0.449273 0.209224 0.000000
vt  0.453688 0.210183 0.000000
vt  0.453688 0.210183 0.000000
vt  0.458875 0.215369 0.000000
vt  0.454265 0.213627 0.000000
vt  0.449688 0.216534 0.000000
vt  0.448706 0.210838 0.000000
vt  0.448706 0.210838 0.000000
vt  0.448229 0.213900 0.000000
vt  0.448229 0.213900 0.000000
vt  0.447912 0.217948 0.000000
vt  0.447912 0.217948 0.000000
vt  0.193671 0.213900 0.000000
vt  0.193671 0.213900 0.000000
vt  0.193988 0.217948 0.000000
vt  0.193988 0.217948 0.000000
vt  0.192627 0.209224 0.000000
vt  0.192627 0.209224 0.000000
vt  0.192627 0.209224 0.000000
vt  0.192627 0.209224 0.000000
vt  0.193194 0.210838 0.000000
vt  0.193194 0.210838 0.000000
vt  0.192212 0.216534 0.000000
vt  0.187635 0.213627 0.000000
vt  0.183025 0.215369 0.000000
vt  0.188212 0.210183 0.000000
vt  0.188212 0.210183 0.000000
vt  0.184477 0.212713 0.000000
vt  0.184477 0.212713 0.000000
vt  0.181981 0.216435 0.000000
vt  0.181981 0.216435 0.000000
vt  0.016690 0.004400 0.000000
vt  0.016690 0.004400 0.000000
vt  0.008569 0.010207 0.000000
vt  0.008569 0.010207 0.000000
vt  0.003160 0.018200 0.000000
vt  0.003160 0.018200 0.000000
vt  0.003717 0.014089 0.000000
vt  0.009725 0.005320 0.000000
vt  0.015878 0.006012 0.000000

vn  0.000000 -1.000000 0.000000
vn  0.000000 0.000000 1.000000
vn  0.000000 -1.000000 0.000000
vn  0.000000 -1.000000 0.000000
vn  0.000000 0.000000 1.000000
vn  0.000000 -1.000000 0.000000
vn  0.000000 -1.000000 0.000000
vn  0.000000 -1.000000 0.000000
vn  0.000000 0.000000 1.000000
vn  0.000000 -1.000000 0.000000
vn  0.000000 0.000000 1.000000
vn  0.000000 -1.000000 0.000000
vn  0.000000 0.000000 1.000000
vn  -0.707119 -0.707094 0.000000
vn  0.000000 0.000000 1.000000
vn  -1.000000 -0.000000 0.000000
vn  -1.000000 0.000000 0.000000
vn  0.000000 0.000000 1.000000
vn  -1.000000 -0.000000 0.000000
vn  -1.000000 0.000000 0.000000
vn  0.000000 0.000000 1.000000
vn  -0.707094 0.707119 0.000000
vn  0.000000 0.000000 1.000000
vn  0.000000 1.000000 0.000000
vn  -0.000000 1.000000 0.000000
vn  0.000000 0.000000 1.000000
vn  -0.000000 1.000000 0.000000
vn  0.000000 1.000000 0.000000
vn  0.000000 0.000000 1.000000
vn  0.707119 0.707094 0.000000
vn  0.000000 0.000000 1.000000
vn  1.000000 0.000000 0.000000
vn  1.000000 0.000000 0.000000
vn  0.000000 0.000000 1.000000
vn  1.000000 0.000000 0.000000
vn  1.000000 0.000000 0.000000
vn  0.000000 0.000000 1.000000
vn  0.707094 -0.707119 0.000000
vn  -0.707094 -0.707119 0.000000
vn  0.000000 0.000000 1.000000
vn  -1.000000 -0.000000 0.000000
vn  0.000000 0.000000 1.000000
vn  -1.000000 0.000000 0.000000
vn  0.000000 0.000000 1.000000
vn  0.000000 -1.000000 0.000000
vn  0.000000 -1.000000 0.000000
vn  0.000000 0.000000 1.000000
vn  -0.000000 -1.000000 0.000000
vn  0.000000 -1.000000 0.000000
vn  0.000000 0.000000 1.000000
vn  -0.382683 -0.923880 0.000000
vn  0.000000 0.000000 1.000000
vn  -0.707107 -0.707107 0.000000
vn  0.000000 0.000000 1.000000
vn  -0.923880 -0.382683 0.000000
vn  0.000000 0.000000 1.000000
vn  -1.000000 0.000000 0.000000
vn  -1.000000 -0.000000 0.000000
vn  0.000000 0.000000 1.000000
vn  -1.000000 0.000000 0.000000
vn  -1.000000 0.000000 0.000000
vn  0.000000 0.000000 1.000000
vn  -0.923880 0.382683 0.000000
vn  0.000000 0.000000 1.000000
vn  -0.707107 0.707107 0.000000
vn  0.000000 0.000000 1.000000
vn  -0.382683 0.923880 0.000000
vn  0.000000 0.000000 1.000000
vn  0.000000 1.000000 0.000000
vn  -0.000000 1.000000 0.000000
vn  0.000000 0.000000 1.000000
vn  0.000000 1.000000 0.000000
vn  0.000000 1.000000 0.000000
vn  0.000000 0.000000 1.000000
vn  0.382683 0.923880 0.000000
vn  0.000000 0.000000 1.000000
vn  0.707107 0.707107 0.000000
vn  0.000000 0.000000 1.000000
vn  0.923880 0.382683 0.000000
vn  0.000000 0.000000 1.000000
vn  1.000000 0.000000 0.000000
vn  1.000000 0.000000 0.000000
vn  0.000000 0.000000 1.000000
vn  1.000000 -0.000000 0.000000
vn  1.000000 0.000000 0.000000
vn  0.000000 0.000000 1.000000
vn  0.923880 -0.382683 0.000000
vn  0.000000 0.000000 1.000000
vn  0.707107 -0.707107 0.000000
vn  0.000000 0.000000 1.000000
vn  0.382683 -0.923880 0.000000
vn  0.000000 0.000000 1.000000
vn  0.707119 -0.707094 0.000000
vn  0.000000 0.000000 1.000000
vn  1.000000 0.000000 0.000000
vn  1.000000 0.000000 0.000000
vn  0.000000 0.000000 1.000000
vn  1.000000 0.000000 0.000000
vn  1.000000 0.000000 0.000000
vn  0.000000 0.000000 1.000000
vn  0.707094 0.707119 0.000000
vn  0.000000 0.000000 1.000000
vn  -0.000000 1.000000 0.000000
vn  0.000000 1.000000 0.000000
vn  0.000000 0.000000 1.000000
vn  0.000000 1.000000 0.000000
vn  -0.000000 1.000000 0.000000
vn  0.000000 0.000000 1.000000
vn  -0.707119 0.707094 0.000000
vn  0.000000 0.000000 1.000000
vn  -1.000000 -0.000000 0.000000
vn  -1.000000 0.000000 0.000000
vn  1.000000 -0.000000 0.000000
vn  1.000000 0.000000 0.000000
vn  1.000000 0.000000 -0.000000
vn  1.000000 0.000000 -0.000000
vn  1.000000 0.000000 -0.000000
vn  0.923880 -0.382683 0.000000
vn  0.923880 -0.382683 -0.000000
vn  0.707107 -0.707107 0.000000
vn  0.707107 -0.707107 0.000000
vn  0.707107 -0.707107 0.000000
vn  0.382683 -0.923880 0.000000
vn  0.382683 -0.923880 0.000000
vn  0.000000 -1.000000 0.000000
vn  0.000000 -1.000000 0.000000
vn  0.000000 -1.000000 -0.000000
vn  0.000000 -1.000000 0.000000
vn  0.000000 -1.000000 0.000000
vn  1.000000 0.000000 0.000000
vn  1.000000 0.000000 0.000000
vn  1.000000 -0.000000 0.000000
vn  1.000000 -0.000000 0.000000
vn  1.000000 0.000000 -0.000000
vn  0.000000 1.000000 0.000000
vn  0.000000 1.000000 0.000000
vn  0.000000 1.000000 -0.000000
vn  0.000000 1.000000 -0.000000
vn  0.000000 1.000000 -0.000000
vn  0.382683 0.923880 0.000000
vn  0.382683 0.923880 -0.000000
vn  0.707107 0.707107 0.000000
vn  0.707107 0.707107 0.000000
vn  0.707107 0.707107 0.000000
vn  0.923880 0.382683 0.000000
vn  0.923880 0.382683 0.000000
vn  0.000000 1.000000 0.000000
vn  -0.000000 1.000000 0.000000
vn  -0.000000 1.000000 0.000000
vn  -0.000000 1.000000 0.000000
vn  0.000000 1.000000 -0.000000
vn  -1.000000 0.000000 0.000000
vn  -1.000000 0.000000 0.000000
vn  -1.000000 0.000000 -0.000000
vn  -1.000000 -0.000000 -0.000000
vn  -1.000000 -0.000000 -0.000000
vn  -0.923880 0.382683 0.000000
vn  -0.923880 0.382683 -0.000000
vn  -0.707107 0.707107 0.000000
vn  -0.707107 0.707107 0.000000
vn  -0.707107 0.707107 0.000000
vn  -0.382683 0.923880 0.000000
vn  -0.382683 0.923880 0.000000
vn  -1.000000 0.000000 0.000000
vn  -1.000000 -0.000000 0.000000
vn  -1.000000 0.000000 0.000000
vn  -1.000000 0.000000 0.000000
vn  -1.000000 0.000000 -0.000000
vn  -0.000000 -1.000000 0.000000
vn  0.000000 -1.000000 0.000000
vn  0.000000 -1.000000 -0.000000
vn  0.000000 -1.000000 -0.000000
vn  0.000000 -1.000000 -0.000000
vn  -0.382683 -0.923880 0.000000
vn  -0.382683 -0.923880 -0.000000
vn  -0.707107 -0.707107 0.000000
vn  -0.707107 -0.707107 0.000000
vn  -0.707107 -0.707107 0.000000
vn  -0.923880 -0.382683 0.000000
vn  -0.923880 -0.382683 0.000000
vn  0.000000 -0.707107 -0.707107
vn  0.000000 -0.707107 -0.707107
vn  0.000000 -0.924008 -0.382373
vn  0.000273 -0.924189 -0.381934
vn  0.000000 -0.924008 -0.382373
vn  -0.000273 -0.924189 -0.381935
vn  0.000000 -0.707107 -0.707107
vn  0.000000 -0.707107 -0.707107
vn  0.000000 -0.382870 -0.923802
vn  0.000072 -0.382880 -0.923798
vn  0.000000 0.000000 -1.000000
vn  0.000000 0.000000 -1.000000
vn  0.000000 0.000000 -1.000000
vn  -0.000000 -0.000000 -1.000000
vn  0.000000 0.000000 -1.000000
vn  -0.000000 0.000000 -1.000000
vn  -0.000000 0.000000 -1.000000
vn  0.000000 0.000000 -1.000000
vn  0.000000 -0.382870 -0.923802
vn  -0.000072 -0.382880 -0.923798
vn  -0.146447 -0.853553 -0.500000
vn  -0.500000 -0.500000 -0.707107
vn  -0.853553 -0.146447 -0.500000
vn  -0.924189 0.000273 -0.381935
vn  -0.924008 0.000000 -0.382373
vn  -0.382880 -0.000072 -0.923798
vn  -0.382870 0.000000 -0.923802
vn  -0.707107 -0.000000 -0.707107
vn  -0.707107 0.000000 -0.707107
vn  -0.707107 0.000000 -0.707107
vn  -0.707107 -0.000000 -0.707107
vn  -0.924008 0.000000 -0.382373
vn  -0.924189 -0.000273 -0.381934
vn  -0.000000 0.000000 -1.000000
vn  0.000000 0.000000 -1.000000
vn  0.000000 -0.000000 -1.000000
vn  0.000000 0.000000 -1.000000
vn  -0.382870 0.000000 -0.923802
vn  -0.382880 0.000072 -0.923798
vn  -0.853553 0.146447 -0.500000
vn  -0.500000 0.500000 -0.707107
vn  -0.146447 0.853553 -0.500000
vn  -0.000072 0.382880 -0.923798
vn  0.000000 0.382870 -0.923802
vn  -0.000000 0.707107 -0.707107
vn  0.000000 0.707107 -0.707107
vn  0.000273 0.924189 -0.381935
vn  0.000000 0.924008 -0.382373
vn  0.000000 0.707107 -0.707107
vn  -0.000000 0.707107 -0.707107
vn  0.000000 0.924008 -0.382373
vn  -0.000273 0.924189 -0.381934
vn  0.000000 -0.000000 -1.000000
vn  0.000000 -0.000000 -1.000000
vn  0.000000 0.000000 -1.000000
vn  0.000000 0.000000 -1.000000
vn  0.000000 0.382870 -0.923802
vn  0.000072 0.382880 -0.923798
vn  0.146447 0.853553 -0.500000
vn  0.500000 0.500000 -0.707107
vn  0.853553 0.146447 -0.500000
vn  0.382880 0.000072 -0.923798
vn  0.382870 0.000000 -0.923802
vn  0.707107 0.000000 -0.707107
vn  0.707107 0.000000 -0.707107
vn  0.924189 -0.000273 -0.381935
vn  0.924008 0.000000 -0.382373
vn  0.382870 0.000000 -0.923802
vn  0.382880 -0.000072 -0.923798
vn  0.707107 0.000000 -0.707107
vn  0.707107 0.000000 -0.707107
vn  0.924008 0.000000 -0.382373
vn  0.924189 0.000273 -0.381934
vn  0.853553 -0.146447 -0.500000
vn  0.500000 -0.500000 -0.707107
vn  0.146447 -0.853553 -0.500000


g 8
g 9
usemtl MTL3
f 3194/3194/3194  3188/3188/3188  3185/3185/3185
f 3277/3277/3277  3187/3187/3187  3190/3190/3190
f 3221/3221/3221  3195/3195/3195  3186/3186/3186
f 3277/3277/3277  3222/3222/3222  3187/3187/3187
f 3194/3194/3194  3191/3191/3191  3188/3188/3188
f 3262/3262/3262  3189/3189/3189  3193/3193/3193
f 3262/3262/3262  3243/3243/3243  3189/3189/3189
f 3276/3276/3276  3189/3189/3189  3243/3243/3243
f 3198/3198/3198  3192/3192/3192  3196/3196/3196
f 3223/3223/3223  3192/3192/3192  3198/3198/3198
f 3264/3264/3264  3193/3193/3193  3224/3224/3224
f 3264/3264/3264  3262/3262/3262  3193/3193/3193
f 3221/3221/3221  3197/3197/3197  3195/3195/3195
f 3218/3218/3218  3199/3199/3199  3197/3197/3197
f 3223/3223/3223  3198/3198/3198  3200/3200/3200
f 3221/3221/3221  3218/3218/3218  3197/3197/3197
f 3215/3215/3215  3202/3202/3202  3199/3199/3199
f 3227/3227/3227  3201/3201/3201  3204/3204/3204
f 3218/3218/3218  3215/3215/3215  3199/3199/3199
f 3225/3225/3225  3223/3223/3223  3200/3200/3200
f 3213/3213/3213  3205/3205/3205  3202/3202/3202
f 3295/3295/3295  3203/3203/3203  3206/3206/3206
f 3215/3215/3215  3213/3213/3213  3202/3202/3202
f 3296/3296/3296  3227/3227/3227  3204/3204/3204
f 3210/3210/3210  3207/3207/3207  3205/3205/3205
f 3293/3293/3293  3206/3206/3206  3209/3209/3209
f 3213/3213/3213  3210/3210/3210  3205/3205/3205
f 3295/3295/3295  3206/3206/3206  3293/3293/3293
f 3290/3290/3290  3208/3208/3208  3212/3212/3212
f 3293/3293/3293  3209/3209/3209  3291/3291/3291
f 3287/3287/3287  3211/3211/3211  3214/3214/3214
f 3290/3290/3290  3212/3212/3212  3288/3288/3288
f 3285/3285/3285  3214/3214/3214  3217/3217/3217
f 3287/3287/3287  3214/3214/3214  3285/3285/3285
f 3282/3282/3282  3216/3216/3216  3220/3220/3220
f 3285/3285/3285  3217/3217/3217  3283/3283/3283
f 3279/3279/3279  3219/3219/3219  3222/3222/3222
f 3282/3282/3282  3220/3220/3220  3280/3280/3280
f 3279/3279/3279  3222/3222/3222  3277/3277/3277
f 3264/3264/3264  3224/3224/3224  3226/3226/3226
f 3294/3294/3294  3264/3264/3264  3226/3226/3226
f 3274/3274/3274  3231/3231/3231  3228/3228/3228
f 3310/3310/3310  3230/3230/3230  3233/3233/3233
f 3307/3307/3307  3275/3275/3275  3229/3229/3229
f 3309/3309/3309  3307/3307/3307  3229/3229/3229
f 3274/3274/3274  3234/3234/3234  3231/3231/3231
f 3353/3353/3353  3232/3232/3232  3235/3235/3235
f 3354/3354/3354  3310/3310/3310  3233/3233/3233
f 3272/3272/3272  3236/3236/3236  3234/3234/3234
f 3358/3358/3358  3235/3235/3235  3237/3237/3237
f 3274/3274/3274  3272/3272/3272  3234/3234/3234
f 3358/3358/3358  3353/3353/3353  3235/3235/3235
f 3270/3270/3270  3238/3238/3238  3236/3236/3236
f 3360/3360/3360  3237/3237/3237  3239/3239/3239
f 3272/3272/3272  3270/3270/3270  3236/3236/3236
f 3360/3360/3360  3358/3358/3358  3237/3237/3237
f 3286/3286/3286  3240/3240/3240  3238/3238/3238
f 3363/3363/3363  3239/3239/3239  3242/3242/3242
f 3270/3270/3270  3267/3267/3267  3238/3238/3238
f 3289/3289/3289  3238/3238/3238  3267/3267/3267
f 3289/3289/3289  3286/3286/3286  3238/3238/3238
f 3363/3363/3363  3360/3360/3360  3239/3239/3239
f 3278/3278/3278  3243/3243/3243  3240/3240/3240
f 3348/3348/3348  3241/3241/3241  3245/3245/3245
f 3281/3281/3281  3278/3278/3278  3240/3240/3240
f 3284/3284/3284  3281/3281/3281  3240/3240/3240
f 3286/3286/3286  3284/3284/3284  3240/3240/3240
f 3363/3363/3363  3242/3242/3242  3349/3349/3349
f 3262/3262/3262  3246/3246/3246  3243/3243/3243
f 3336/3336/3336  3244/3244/3244  3247/3247/3247
f 3278/3278/3278  3276/3276/3276  3243/3243/3243
f 3348/3348/3348  3245/3245/3245  3337/3337/3337
f 3260/3260/3260  3248/3248/3248  3246/3246/3246
f 3341/3341/3341  3247/3247/3247  3249/3249/3249
f 3262/3262/3262  3260/3260/3260  3246/3246/3246
f 3341/3341/3341  3336/3336/3336  3247/3247/3247
f 3258/3258/3258  3250/3250/3250  3248/3248/3248
f 3343/3343/3343  3249/3249/3249  3251/3251/3251
f 3260/3260/3260  3258/3258/3258  3248/3248/3248
f 3343/3343/3343  3341/3341/3341  3249/3249/3249
f 3255/3255/3255  3252/3252/3252  3250/3250/3250
f 3346/3346/3346  3251/3251/3251  3254/3254/3254
f 3258/3258/3258  3255/3255/3255  3250/3250/3250
f 3346/3346/3346  3343/3343/3343  3251/3251/3251
f 3331/3331/3331  3253/3253/3253  3257/3257/3257
f 3346/3346/3346  3254/3254/3254  3332/3332/3332
f 3319/3319/3319  3256/3256/3256  3259/3259/3259
f 3331/3331/3331  3257/3257/3257  3320/3320/3320
f 3324/3324/3324  3259/3259/3259  3261/3261/3261
f 3324/3324/3324  3319/3319/3319  3259/3259/3259
f 3326/3326/3326  3261/3261/3261  3263/3263/3263
f 3326/3326/3326  3324/3324/3324  3261/3261/3261
f 3329/3329/3329  3263/3263/3263  3266/3266/3266
f 3329/3329/3329  3326/3326/3326  3263/3263/3263
f 3294/3294/3294  3267/3267/3267  3264/3264/3264
f 3314/3314/3314  3265/3265/3265  3269/3269/3269
f 3329/3329/3329  3266/3266/3266  3315/3315/3315
f 3297/3297/3297  3268/3268/3268  3271/3271/3271
f 3292/3292/3292  3289/3289/3289  3267/3267/3267
f 3294/3294/3294  3292/3292/3292  3267/3267/3267
f 3314/3314/3314  3269/3269/3269  3298/3298/3298
f 3302/3302/3302  3271/3271/3271  3273/3273/3273
f 3302/3302/3302  3297/3297/3297  3271/3271/3271
f 3304/3304/3304  3273/3273/3273  3275/3275/3275
f 3304/3304/3304  3302/3302/3302  3273/3273/3273
f 3307/3307/3307  3304/3304/3304  3275/3275/3275
f 3305/3305/3305  3300/3300/3300  3303/3303/3303
f 3438/3438/3438  3300/3300/3300  3305/3305/3305
f 3436/3436/3436  3318/3318/3318  3299/3299/3299
f 3438/3438/3438  3437/3437/3437  3300/3300/3300
f 3440/3440/3440  3305/3305/3305  3308/3308/3308
f 3439/3439/3439  3438/3438/3438  3305/3305/3305
f 3440/3440/3440  3439/3439/3439  3305/3305/3305
f 3440/3440/3440  3308/3308/3308  3312/3312/3312
f 3367/3367/3367  3311/3311/3311  3355/3355/3355
f 3369/3369/3369  3311/3311/3311  3367/3367/3367
f 3440/3440/3440  3312/3312/3312  3370/3370/3370
f 3425/3425/3425  3330/3330/3330  3316/3316/3316
f 3430/3430/3430  3425/3425/3425  3316/3316/3316
f 3436/3436/3436  3431/3431/3431  3318/3318/3318
f 3327/3327/3327  3322/3322/3322  3325/3325/3325
f 3423/3423/3423  3322/3322/3322  3327/3327/3327
f 3415/3415/3415  3335/3335/3335  3321/3321/3321
f 3423/3423/3423  3416/3416/3416  3322/3322/3322
f 3425/3425/3425  3327/3327/3327  3330/3330/3330
f 3424/3424/3424  3423/3423/3423  3327/3327/3327
f 3425/3425/3425  3424/3424/3424  3327/3327/3327
f 3406/3406/3406  3347/3347/3347  3333/3333/3333
f 3411/3411/3411  3406/3406/3406  3333/3333/3333
f 3415/3415/3415  3412/3412/3412  3335/3335/3335
f 3344/3344/3344  3339/3339/3339  3342/3342/3342
f 3404/3404/3404  3339/3339/3339  3344/3344/3344
f 3396/3396/3396  3352/3352/3352  3338/3338/3338
f 3404/3404/3404  3397/3397/3397  3339/3339/3339
f 3406/3406/3406  3344/3344/3344  3347/3347/3347
f 3405/3405/3405  3404/3404/3404  3344/3344/3344
f 3406/3406/3406  3405/3405/3405  3344/3344/3344
f 3387/3387/3387  3364/3364/3364  3350/3350/3350
f 3388/3388/3388  3387/3387/3387  3350/3350/3350
f 3396/3396/3396  3389/3389/3389  3352/3352/3352
f 3361/3361/3361  3356/3356/3356  3359/3359/3359
f 3385/3385/3385  3356/3356/3356  3361/3361/3361
f 3385/3385/3385  3368/3368/3368  3356/3356/3356
f 3387/3387/3387  3361/3361/3361  3364/3364/3364
f 3386/3386/3386  3385/3385/3385  3361/3361/3361
f 3387/3387/3387  3386/3386/3386  3361/3361/3361
f 3369/3369/3369  3367/3367/3367  3365/3365/3365
f 3385/3385/3385  3366/3366/3366  3368/3368/3368
f 3371/3371/3371  3369/3369/3369  3365/3365/3365
f 3383/3383/3383  3371/3371/3371  3365/3365/3365
f 3386/3386/3386  3384/3384/3384  3366/3366/3366
f 3386/3386/3386  3366/3366/3366  3385/3385/3385
f 3440/3440/3440  3370/3370/3370  3372/3372/3372
f 3383/3383/3383  3373/3373/3373  3371/3371/3371
f 3440/3440/3440  3372/3372/3372  3374/3374/3374
f 3379/3379/3379  3375/3375/3375  3373/3373/3373
f 3440/3440/3440  3374/3374/3374  3378/3378/3378
f 3383/3383/3383  3379/3379/3379  3373/3373/3373
f 3401/3401/3401  3377/3377/3377  3382/3382/3382
f 3420/3420/3420  3377/3377/3377  3401/3401/3401
f 3427/3427/3427  3376/3376/3376  3419/3419/3419
f 3432/3432/3432  3376/3376/3376  3427/3427/3427
f 3439/3439/3439  3378/3378/3378  3433/3433/3433
f 3440/3440/3440  3378/3378/3378  3439/3439/3439
f 3386/3386/3386  3380/3380/3380  3384/3384/3384
f 3387/3387/3387  3380/3380/3380  3386/3386/3386
f 3390/3390/3390  3380/3380/3380  3387/3387/3387
f 3398/3398/3398  3381/3381/3381  3391/3391/3391
f 3392/3392/3392  3387/3387/3387  3388/3388/3388
f 3392/3392/3392  3390/3390/3390  3387/3387/3387
f 3394/3394/3394  3393/3393/3393  3389/3389/3389
f 3396/3396/3396  3394/3394/3394  3389/3389/3389
f 3402/3402/3402  3391/3391/3391  3393/3393/3393
f 3402/3402/3402  3398/3398/3398  3391/3391/3391
f 3402/3402/3402  3393/3393/3393  3394/3394/3394
f 3404/3404/3404  3395/3395/3395  3397/3397/3397
f 3405/3405/3405  3403/3403/3403  3395/3395/3395
f 3405/3405/3405  3395/3395/3395  3404/3404/3404
f 3405/3405/3405  3399/3399/3399  3403/3403/3403
f 3406/3406/3406  3399/3399/3399  3405/3405/3405
f 3407/3407/3407  3399/3399/3399  3406/3406/3406
f 3417/3417/3417  3400/3400/3400  3408/3408/3408
f 3409/3409/3409  3407/3407/3407  3406/3406/3406
f 3411/3411/3411  3409/3409/3409  3406/3406/3406
f 3421/3421/3421  3408/3408/3408  3410/3410/3410
f 3421/3421/3421  3417/3417/3417  3408/3408/3408
f 3413/3413/3413  3410/3410/3410  3412/3412/3412
f 3421/3421/3421  3410/3410/3410  3413/3413/3413
f 3415/3415/3415  3413/3413/3413  3412/3412/3412
f 3423/3423/3423  3414/3414/3414  3416/3416/3416
f 3424/3424/3424  3422/3422/3422  3414/3414/3414
f 3424/3424/3424  3414/3414/3414  3423/3423/3423
f 3424/3424/3424  3418/3418/3418  3422/3422/3422
f 3425/3425/3425  3418/3418/3418  3424/3424/3424
f 3426/3426/3426  3418/3418/3418  3425/3425/3425
f 3428/3428/3428  3426/3426/3426  3425/3425/3425
f 3430/3430/3430  3428/3428/3428  3425/3425/3425
f 3432/3432/3432  3427/3427/3427  3429/3429/3429
f 3434/3434/3434  3429/3429/3429  3431/3431/3431
f 3434/3434/3434  3432/3432/3432  3429/3429/3429
f 3436/3436/3436  3434/3434/3434  3431/3431/3431
f 3439/3439/3439  3433/3433/3433  3435/3435/3435
f 3438/3438/3438  3435/3435/3435  3437/3437/3437
f 3439/3439/3439  3435/3435/3435  3438/3438/3438

v  10.607107 36.642893 -14.290000
v  10.607107 36.642893 -14.290000
v  10.282639 36.426227 -14.290000
v  10.282639 36.426227 -14.290000
v  9.900000 36.350000 -14.290000
v  9.900000 36.350000 -14.290000
v  9.900000 36.350000 -14.290000
v  9.900000 36.350000 -12.790000
v  9.900000 36.350000 -12.790000
v  9.900000 36.350000 -12.790000
v  10.282639 36.426227 -12.790000
v  10.282639 36.426227 -12.790000
v  10.607107 36.642893 -12.790000
v  10.607107 36.642893 -12.790000
v  10.823773 36.967361 -12.790000
v  10.823773 36.967361 -12.790000
v  10.900000 37.350000 -12.790000
v  10.900000 37.350000 -12.790000
v  10.900000 37.350000 -12.790000
v  10.900000 37.350000 -14.290000
v  10.900000 37.350000 -14.290000
v  10.900000 37.350000 -14.290000
v  10.823773 36.967361 -14.290000
v  10.823773 36.967361 -14.290000
v  10.900000 84.150000 -14.290000
v  10.900000 84.150000 -14.290000
v  10.900000 84.150000 -14.290000
v  10.823773 84.532639 -14.290000
v  10.823773 84.532639 -14.290000
v  10.607107 84.857107 -14.290000
v  10.607107 84.857107 -14.290000
v  10.282639 85.073773 -14.290000
v  10.282639 85.073773 -14.290000
v  9.900000 85.150000 -14.290000
v  9.900000 85.150000 -14.290000
v  9.900000 85.150000 -14.290000
v  -9.900000 85.150000 -14.290000
v  -9.900000 85.150000 -14.290000
v  -9.900000 85.150000 -14.290000
v  -10.282639 85.073773 -14.290000
v  -10.282639 85.073773 -14.290000
v  -10.607107 84.857107 -14.290000
v  -10.607107 84.857107 -14.290000
v  -10.823773 84.532639 -14.290000
v  -10.823773 84.532639 -14.290000
v  -10.900000 84.150000 -14.290000
v  -10.900000 84.150000 -14.290000
v  -10.900000 84.150000 -14.290000
v  -10.900000 37.350000 -14.290000
v  -10.900000 37.350000 -14.290000
v  -10.900000 37.350000 -14.290000
v  -10.823773 36.967361 -14.290000
v  -10.823773 36.967361 -14.290000
v  -10.607107 36.642893 -14.290000
v  -10.607107 36.642893 -14.290000
v  -10.282639 36.426227 -14.290000
v  -10.282639 36.426227 -14.290000
v  -9.900000 36.350000 -14.290000
v  -9.900000 36.350000 -14.290000
v  -9.900000 36.350000 -14.290000
v  10.900000 84.150000 -12.790000
v  10.900000 84.150000 -12.790000
v  10.900000 84.150000 -12.790000
v  -9.900000 36.350000 -12.790000
v  -9.900000 36.350000 -12.790000
v  -9.900000 36.350000 -12.790000
v  -10.282639 36.426227 -12.790000
v  -10.282639 36.426227 -12.790000
v  -10.607107 36.642893 -12.790000
v  -10.607107 36.642893 -12.790000
v  -10.823773 36.967361 -12.790000
v  -10.823773 36.967361 -12.790000
v  -10.900000 37.350000 -12.790000
v  -10.900000 37.350000 -12.790000
v  -10.900000 37.350000 -12.790000
v  -10.900000 84.150000 -12.790000
v  -10.900000 84.150000 -12.790000
v  -10.900000 84.150000 -12.790000
v  -10.823773 84.532639 -12.790000
v  -10.823773 84.532639 -12.790000
v  -10.607107 84.857107 -12.790000
v  -10.607107 84.857107 -12.790000
v  -10.282639 85.073773 -12.790000
v  -10.282639 85.073773 -12.790000
v  -9.900000 85.150000 -12.790000
v  -9.900000 85.150000 -12.790000
v  -9.900000 85.150000 -12.790000
v  9.900000 85.150000 -12.790000
v  9.900000 85.150000 -12.790000
v  9.900000 85.150000 -12.790000
v  10.282639 85.073773 -12.790000
v  10.282639 85.073773 -12.790000
v  10.607107 84.857107 -12.790000
v  10.607107 84.857107 -12.790000
v  10.823773 84.532639 -12.790000
v  10.823773 84.532639 -12.790000

vt  0.003061 0.004120 0.000000
vt  0.003061 0.004120 0.000000
vt  0.009704 0.001540 0.000000
vt  0.009704 0.001540 0.000000
vt  0.018929 0.000000 0.000000
vt  0.018929 0.000000 0.000000
vt  0.018929 0.000000 0.000000
vt  0.018929 0.035258 0.000000
vt  0.018929 0.035258 0.000000
vt  0.018929 0.035258 0.000000
vt  0.009704 0.036672 0.000000
vt  0.009704 0.036672 0.000000
vt  0.003061 0.039039 0.000000
vt  0.003061 0.039039 0.000000
vt  0.000000 0.041954 0.000000
vt  0.000000 0.041954 0.000000
vt  0.000883 0.044944 0.000000
vt  0.000883 0.044944 0.000000
vt  0.000883 0.044944 0.000000
vt  0.000883 0.010558 0.000000
vt  0.000883 0.010558 0.000000
vt  0.000883 0.010558 0.000000
vt  0.000000 0.007297 0.000000
vt  0.000000 0.007297 0.000000
vt  0.156018 0.195697 0.000000
vt  0.156018 0.195697 0.000000
vt  0.156018 0.195697 0.000000
vt  0.157482 0.196408 0.000000
vt  0.157482 0.196408 0.000000
vt  0.160477 0.196970 0.000000
vt  0.160477 0.196970 0.000000
vt  0.164548 0.197303 0.000000
vt  0.164548 0.197303 0.000000
vt  0.169086 0.197361 0.000000
vt  0.169086 0.197361 0.000000
vt  0.169086 0.197361 0.000000
vt  0.400577 0.197361 0.000000
vt  0.400577 0.197361 0.000000
vt  0.400577 0.197361 0.000000
vt  0.405115 0.197303 0.000000
vt  0.405115 0.197303 0.000000
vt  0.409186 0.196970 0.000000
vt  0.409186 0.196970 0.000000
vt  0.412181 0.196408 0.000000
vt  0.412181 0.196408 0.000000
vt  0.413645 0.195697 0.000000
vt  0.413645 0.195697 0.000000
vt  0.413645 0.195697 0.000000
vt  0.568780 0.010558 0.000000
vt  0.568780 0.010558 0.000000
vt  0.568780 0.010558 0.000000
vt  0.569663 0.007297 0.000000
vt  0.569663 0.007297 0.000000
vt  0.566602 0.004120 0.000000
vt  0.566602 0.004120 0.000000
vt  0.559959 0.001540 0.000000
vt  0.559959 0.001540 0.000000
vt  0.550734 0.000000 0.000000
vt  0.550734 0.000000 0.000000
vt  0.550734 0.000000 0.000000
vt  0.156018 0.212936 0.000000
vt  0.156018 0.212936 0.000000
vt  0.156018 0.212936 0.000000
vt  0.550734 0.035258 0.000000
vt  0.550734 0.035258 0.000000
vt  0.550734 0.035258 0.000000
vt  0.559959 0.036672 0.000000
vt  0.559959 0.036672 0.000000
vt  0.566602 0.039039 0.000000
vt  0.566602 0.039039 0.000000
vt  0.569663 0.041954 0.000000
vt  0.569663 0.041954 0.000000
vt  0.568780 0.044944 0.000000
vt  0.568780 0.044944 0.000000
vt  0.568780 0.044944 0.000000
vt  0.413645 0.212936 0.000000
vt  0.413645 0.212936 0.000000
vt  0.413645 0.212936 0.000000
vt  0.412181 0.213575 0.000000
vt  0.412181 0.213575 0.000000
vt  0.409186 0.214081 0.000000
vt  0.409186 0.214081 0.000000
vt  0.405115 0.214381 0.000000
vt  0.405115 0.214381 0.000000
vt  0.400577 0.214433 0.000000
vt  0.400577 0.214433 0.000000
vt  0.400577 0.214433 0.000000
vt  0.169086 0.214433 0.000000
vt  0.169086 0.214433 0.000000
vt  0.169086 0.214433 0.000000
vt  0.164548 0.214381 0.000000
vt  0.164548 0.214381 0.000000
vt  0.160477 0.214081 0.000000
vt  0.160477 0.214081 0.000000
vt  0.157482 0.213575 0.000000
vt  0.157482 0.213575 0.000000

vn  0.707107 -0.707107 0.000000
vn  0.000000 0.000000 -1.000000
vn  0.382683 -0.923880 0.000000
vn  0.000000 0.000000 -1.000000
vn  0.000000 -1.000000 0.000000
vn  0.000000 0.000000 -1.000000
vn  0.000000 -1.000000 0.000000
vn  0.000000 -1.000000 0.000000
vn  0.000000 0.000000 1.000000
vn  0.000000 -1.000000 0.000000
vn  0.382683 -0.923880 0.000000
vn  0.000000 0.000000 1.000000
vn  0.707107 -0.707107 0.000000
vn  0.000000 0.000000 1.000000
vn  0.923880 -0.382683 0.000000
vn  0.000000 0.000000 1.000000
vn  1.000000 -0.000000 0.000000
vn  1.000000 0.000000 0.000000
vn  0.000000 0.000000 1.000000
vn  1.000000 -0.000000 0.000000
vn  0.000000 0.000000 -1.000000
vn  1.000000 0.000000 0.000000
vn  0.923880 -0.382683 0.000000
vn  0.000000 0.000000 -1.000000
vn  0.000000 0.000000 -1.000000
vn  1.000000 0.000000 0.000000
vn  1.000000 0.000000 0.000000
vn  0.000000 0.000000 -1.000000
vn  0.923880 0.382683 0.000000
vn  0.000000 0.000000 -1.000000
vn  0.707107 0.707107 0.000000
vn  0.000000 0.000000 -1.000000
vn  0.382683 0.923880 0.000000
vn  0.000000 0.000000 -1.000000
vn  0.000000 1.000000 0.000000
vn  0.000000 1.000000 0.000000
vn  0.000000 0.000000 -1.000000
vn  -0.000000 1.000000 0.000000
vn  0.000000 1.000000 0.000000
vn  0.000000 0.000000 -1.000000
vn  -0.382683 0.923880 0.000000
vn  0.000000 0.000000 -1.000000
vn  -0.707107 0.707107 0.000000
vn  0.000000 0.000000 -1.000000
vn  -0.923880 0.382683 0.000000
vn  0.000000 0.000000 -1.000000
vn  -1.000000 0.000000 0.000000
vn  -1.000000 0.000000 0.000000
vn  0.000000 0.000000 -1.000000
vn  -1.000000 -0.000000 0.000000
vn  -1.000000 0.000000 0.000000
vn  0.000000 0.000000 -1.000000
vn  -0.923880 -0.382683 0.000000
vn  0.000000 0.000000 -1.000000
vn  -0.707107 -0.707107 0.000000
vn  0.000000 0.000000 -1.000000
vn  -0.382683 -0.923880 0.000000
vn  0.000000 0.000000 -1.000000
vn  0.000000 -1.000000 0.000000
vn  -0.000000 -1.000000 0.000000
vn  1.000000 0.000000 0.000000
vn  0.000000 0.000000 1.000000
vn  1.000000 0.000000 0.000000
vn  0.000000 0.000000 1.000000
vn  0.000000 -1.000000 0.000000
vn  -0.000000 -1.000000 0.000000
vn  0.000000 0.000000 1.000000
vn  -0.382683 -0.923880 0.000000
vn  0.000000 0.000000 1.000000
vn  -0.707107 -0.707107 0.000000
vn  0.000000 0.000000 1.000000
vn  -0.923880 -0.382683 0.000000
vn  0.000000 0.000000 1.000000
vn  -1.000000 -0.000000 0.000000
vn  -1.000000 0.000000 0.000000
vn  0.000000 0.000000 1.000000
vn  -1.000000 0.000000 0.000000
vn  -1.000000 0.000000 0.000000
vn  0.000000 0.000000 1.000000
vn  -0.923880 0.382683 0.000000
vn  0.000000 0.000000 1.000000
vn  -0.707107 0.707107 0.000000
vn  0.000000 0.000000 1.000000
vn  -0.382683 0.923880 0.000000
vn  0.000000 0.000000 1.000000
vn  -0.000000 1.000000 0.000000
vn  0.000000 1.000000 0.000000
vn  0.000000 0.000000 1.000000
vn  0.000000 1.000000 0.000000
vn  0.000000 1.000000 0.000000
vn  0.000000 0.000000 1.000000
vn  0.382683 0.923880 0.000000
vn  0.000000 0.000000 1.000000
vn  0.707107 0.707107 0.000000
vn  0.000000 0.000000 1.000000
vn  0.923880 0.382683 0.000000


g 10
g 11
usemtl MTL2
f 3451/3451/3451  3443/3443/3443  3441/3441/3441
f 3494/3494/3494  3442/3442/3442  3444/3444/3444
f 3453/3453/3453  3451/3451/3451  3441/3441/3441
f 3463/3463/3463  3453/3453/3453  3441/3441/3441
f 3492/3492/3492  3464/3464/3464  3442/3442/3442
f 3494/3494/3494  3492/3492/3492  3442/3442/3442
f 3448/3448/3448  3445/3445/3445  3443/3443/3443
f 3496/3496/3496  3444/3444/3444  3446/3446/3446
f 3451/3451/3451  3448/3448/3448  3443/3443/3443
f 3496/3496/3496  3494/3494/3494  3444/3444/3444
f 3505/3505/3505  3447/3447/3447  3450/3450/3450
f 3498/3498/3498  3496/3496/3496  3446/3446/3446
f 3505/3505/3505  3499/3499/3499  3447/3447/3447
f 3504/3504/3504  3449/3449/3449  3452/3452/3452
f 3507/3507/3507  3452/3452/3452  3454/3454/3454
f 3507/3507/3507  3504/3504/3504  3452/3452/3452
f 3463/3463/3463  3455/3455/3455  3453/3453/3453
f 3509/3509/3509  3454/3454/3454  3456/3456/3456
f 3509/3509/3509  3507/3507/3507  3454/3454/3454
f 3460/3460/3460  3457/3457/3457  3455/3455/3455
f 3511/3511/3511  3456/3456/3456  3459/3459/3459
f 3463/3463/3463  3460/3460/3460  3455/3455/3455
f 3511/3511/3511  3509/3509/3509  3456/3456/3456
f 3466/3466/3466  3458/3458/3458  3462/3462/3462
f 3501/3501/3501  3458/3458/3458  3466/3466/3466
f 3513/3513/3513  3459/3459/3459  3502/3502/3502
f 3513/3513/3513  3511/3511/3511  3459/3459/3459
f 3489/3489/3489  3461/3461/3461  3464/3464/3464
f 3486/3486/3486  3465/3465/3465  3461/3461/3461
f 3489/3489/3489  3486/3486/3486  3461/3461/3461
f 3492/3492/3492  3489/3489/3489  3464/3464/3464
f 3484/3484/3484  3468/3468/3468  3465/3465/3465
f 3503/3503/3503  3467/3467/3467  3469/3469/3469
f 3486/3486/3486  3484/3484/3484  3465/3465/3465
f 3482/3482/3482  3470/3470/3470  3468/3468/3468
f 3536/3536/3536  3469/3469/3469  3471/3471/3471
f 3484/3484/3484  3482/3482/3482  3468/3468/3468
f 3536/3536/3536  3503/3503/3503  3469/3469/3469
f 3480/3480/3480  3472/3472/3472  3470/3470/3470
f 3534/3534/3534  3471/3471/3471  3473/3473/3473
f 3482/3482/3482  3480/3480/3480  3470/3470/3470
f 3536/3536/3536  3471/3471/3471  3534/3534/3534
f 3477/3477/3477  3474/3474/3474  3472/3472/3472
f 3532/3532/3532  3473/3473/3473  3476/3476/3476
f 3480/3480/3480  3477/3477/3477  3472/3472/3472
f 3534/3534/3534  3473/3473/3473  3532/3532/3532
f 3529/3529/3529  3475/3475/3475  3479/3479/3479
f 3532/3532/3532  3476/3476/3476  3530/3530/3530
f 3526/3526/3526  3478/3478/3478  3481/3481/3481
f 3529/3529/3529  3479/3479/3479  3527/3527/3527
f 3524/3524/3524  3481/3481/3481  3483/3483/3483
f 3526/3526/3526  3481/3481/3481  3524/3524/3524
f 3522/3522/3522  3483/3483/3483  3485/3485/3485
f 3524/3524/3524  3483/3483/3483  3522/3522/3522
f 3520/3520/3520  3485/3485/3485  3488/3488/3488
f 3522/3522/3522  3485/3485/3485  3520/3520/3520
f 3517/3517/3517  3487/3487/3487  3491/3491/3491
f 3520/3520/3520  3488/3488/3488  3518/3518/3518
f 3514/3514/3514  3490/3490/3490  3493/3493/3493
f 3517/3517/3517  3491/3491/3491  3515/3515/3515
f 3512/3512/3512  3493/3493/3493  3495/3495/3495
f 3514/3514/3514  3493/3493/3493  3512/3512/3512
f 3510/3510/3510  3495/3495/3495  3497/3497/3497
f 3512/3512/3512  3495/3495/3495  3510/3510/3510
f 3508/3508/3508  3497/3497/3497  3500/3500/3500
f 3510/3510/3510  3497/3497/3497  3508/3508/3508
f 3508/3508/3508  3500/3500/3500  3506/3506/3506
f 3516/3516/3516  3513/3513/3513  3502/3502/3502
f 3535/3535/3535  3516/3516/3516  3502/3502/3502
f 3535/3535/3535  3519/3519/3519  3516/3516/3516
f 3533/3533/3533  3521/3521/3521  3519/3519/3519
f 3535/3535/3535  3533/3533/3533  3519/3519/3519
f 3531/3531/3531  3523/3523/3523  3521/3521/3521
f 3533/3533/3533  3531/3531/3531  3521/3521/3521
f 3528/3528/3528  3525/3525/3525  3523/3523/3523
f 3531/3531/3531  3528/3528/3528  3523/3523/3523

v  13.900000 87.520101 -8.000000
v  13.900000 87.520101 -8.000000
v  13.900000 87.520101 -8.000000
v  13.900000 86.500000 -8.000000
v  13.900000 86.500000 -8.000000
v  13.900000 86.500000 -8.000000
v  13.900000 86.500000 8.000000
v  13.900000 86.500000 8.000000
v  13.900000 86.500000 8.000000
v  13.900000 87.520101 8.000000
v  13.900000 87.520101 8.000000
v  13.900000 87.520101 8.000000
v  13.900000 88.287582 6.985350
v  13.900000 88.287582 6.985350
v  13.900000 89.500000 6.600000
v  13.900000 89.500000 6.600000
v  13.900000 89.500000 6.600000
v  13.900000 90.736282 7.002475
v  13.900000 90.736282 7.002475
v  13.900000 91.498680 8.055581
v  13.900000 91.498680 8.055581
v  13.900000 91.498680 8.055581
v  13.900000 91.884297 8.107097
v  13.900000 91.884297 8.107097
v  13.900000 92.267328 8.175231
v  13.900000 92.267328 8.175231
v  13.900000 92.267328 8.175231
v  13.900000 89.992844 2.879141
v  13.900000 89.992844 2.879141
v  13.900000 89.992858 -2.879208
v  13.900000 89.992858 -2.879208
v  13.900000 92.267328 -8.175231
v  13.900000 92.267328 -8.175231
v  13.900000 92.267328 -8.175231
v  13.900000 91.884297 -8.107097
v  13.900000 91.884297 -8.107097
v  13.900000 91.498680 -8.055581
v  13.900000 91.498680 -8.055581
v  13.900000 91.498680 -8.055581
v  13.900000 90.736250 -7.002453
v  13.900000 90.736250 -7.002453
v  13.900000 89.500000 -6.600000
v  13.900000 89.500000 -6.600000
v  13.900000 89.500000 -6.600000
v  13.900000 88.287552 -6.985371
v  13.900000 88.287552 -6.985371
v  13.682649 87.487719 -9.300603
v  13.682649 87.487719 -9.300603
v  13.066604 88.330029 -10.443894
v  13.066604 88.330029 -10.443894
v  12.756571 89.500000 -10.800000
v  12.756571 89.500000 -10.800000
v  12.756571 89.500000 -10.800000
v  12.814886 90.001934 -10.739240
v  12.814886 90.001934 -10.739240
v  12.984596 90.500000 -10.546619
v  12.984596 90.500000 -10.546619
v  12.984596 90.500000 -10.546619
v  11.604923 90.500000 -11.618458
v  11.604923 90.500000 -11.618458
v  9.900000 90.500000 -12.000000
v  9.900000 90.500000 -12.000000
v  9.900000 90.500000 -12.000000
v  9.900000 86.500000 -12.000000
v  9.900000 86.500000 -12.000000
v  9.900000 86.500000 -12.000000
v  12.728445 86.500000 -10.828399
v  12.728445 86.500000 -10.828399
v  8.400000 89.500000 -6.600000
v  8.400000 89.500000 -6.600000
v  8.400000 89.500000 -6.600000
v  8.400000 88.016743 -7.213392
v  8.400000 88.016743 -7.213392
v  8.400000 87.400012 -8.695228
v  8.400000 87.400012 -8.695228
v  8.400000 88.009599 -10.179411
v  8.400000 88.009599 -10.179411
v  8.400000 89.500000 -10.800000
v  8.400000 89.500000 -10.800000
v  8.400000 89.500000 -10.800000
v  9.400000 87.400000 -8.700000
v  9.400000 87.400000 -8.700000
v  9.400000 87.400000 -8.700000
v  9.771819 87.607205 -7.789791
v  9.771819 87.607205 -7.789791
v  10.705210 87.850564 -7.400010
v  10.705210 87.850564 -7.400010
v  11.611792 87.615116 -7.773374
v  11.611792 87.615116 -7.773374
v  12.000000 87.400000 -8.700000
v  12.000000 87.400000 -8.700000
v  12.000000 87.400000 -8.700000
v  11.628002 87.607291 -9.610391
v  11.628002 87.607291 -9.610391
v  10.694676 87.850569 -9.999989
v  10.694676 87.850569 -9.999989
v  9.788003 87.615018 -9.626424
v  9.788003 87.615018 -9.626424
v  13.623668 91.433724 -9.518969
v  13.623668 91.433724 -9.518969
v  8.400000 90.983257 -10.186608
v  8.400000 90.983257 -10.186608
v  8.400000 91.599988 -8.704772
v  8.400000 91.599988 -8.704772
v  8.400000 90.990401 -7.220589
v  8.400000 90.990401 -7.220589
v  13.729392 93.567835 -9.780589
v  13.729392 93.567835 -9.780589
v  13.570527 94.998619 -11.111486
v  13.570527 94.998619 -11.111486
v  13.570527 94.998619 -11.111486
v  13.567636 95.050222 -11.159710
v  13.567636 95.050222 -11.159710
v  13.560728 95.094364 -11.214505
v  13.560728 95.094364 -11.214505
v  13.560728 95.094364 -11.214505
v  13.281098 94.767772 -11.625768
v  13.281098 94.767772 -11.625768
v  12.926663 94.470588 -12.000000
v  12.926663 94.470588 -12.000000
v  12.926663 94.470588 -12.000000
v  11.747493 92.674461 -12.000000
v  11.747493 92.674461 -12.000000
v  13.726820 93.582319 9.796016
v  13.726820 93.582319 9.796016
v  13.570527 94.998619 11.111486
v  13.570527 94.998619 11.111486
v  13.570527 94.998619 11.111486
v  12.200000 94.998619 11.111486
v  12.200000 94.998619 11.111486
v  12.200000 94.998619 11.111486
v  12.200000 91.091339 6.152627
v  12.200000 91.091339 6.152627
v  12.200000 89.700125 -0.000824
v  12.200000 89.700125 -0.000824
v  12.200000 91.091459 -6.152881
v  12.200000 91.091459 -6.152881
v  12.200000 94.998619 -11.111486
v  12.200000 94.998619 -11.111486
v  12.200000 94.998619 -11.111486
v  13.621222 91.431193 9.524921
v  13.621222 91.431193 9.524921
v  12.984596 90.500000 10.546619
v  12.984596 90.500000 10.546619
v  12.984596 90.500000 10.546619
v  11.604923 90.500000 11.618458
v  11.604923 90.500000 11.618458
v  9.900000 90.500000 12.000000
v  9.900000 90.500000 12.000000
v  9.900000 90.500000 12.000000
v  11.747862 92.674940 12.000000
v  11.747862 92.674940 12.000000
v  12.926663 94.470588 12.000000
v  12.926663 94.470588 12.000000
v  12.926663 94.470588 12.000000
v  13.281098 94.767772 11.625768
v  13.281098 94.767772 11.625768
v  13.560728 95.094364 11.214505
v  13.560728 95.094364 11.214505
v  13.560728 95.094364 11.214505
v  13.567636 95.050222 11.159710
v  13.567636 95.050222 11.159710
v  8.400000 89.500000 6.600000
v  8.400000 89.500000 6.600000
v  8.400000 89.500000 6.600000
v  8.400000 90.983257 7.213392
v  8.400000 90.983257 7.213392
v  8.400000 91.599988 8.695228
v  8.400000 91.599988 8.695228
v  8.400000 90.990401 10.179411
v  8.400000 90.990401 10.179411
v  8.400000 89.500000 10.800000
v  8.400000 89.500000 10.800000
v  8.400000 89.500000 10.800000
v  12.756571 89.500000 10.800000
v  12.756571 89.500000 10.800000
v  12.756571 89.500000 10.800000
v  12.812009 89.988143 10.742299
v  12.812009 89.988143 10.742299
v  13.681987 87.488294 9.302527
v  13.681987 87.488294 9.302527
v  13.070103 88.323288 10.439353
v  13.070103 88.323288 10.439353
v  8.400000 88.016743 10.186608
v  8.400000 88.016743 10.186608
v  8.400000 87.400012 8.704772
v  8.400000 87.400012 8.704772
v  8.400000 88.009599 7.220589
v  8.400000 88.009599 7.220589
v  9.400000 87.400000 8.700000
v  9.400000 87.400000 8.700000
v  9.400000 87.400000 8.700000
v  9.771819 87.607205 9.610209
v  9.771819 87.607205 9.610209
v  10.705210 87.850564 9.999990
v  10.705210 87.850564 9.999990
v  11.611792 87.615116 9.626626
v  11.611792 87.615116 9.626626
v  12.000000 87.400000 8.700000
v  12.000000 87.400000 8.700000
v  12.000000 87.400000 8.700000
v  11.628002 87.607291 7.789609
v  11.628002 87.607291 7.789609
v  10.694676 87.850569 7.400011
v  10.694676 87.850569 7.400011
v  9.788003 87.615018 7.773576
v  9.788003 87.615018 7.773576
v  12.728399 86.500000 10.828445
v  12.728399 86.500000 10.828445
v  9.900000 86.500000 12.000000
v  9.900000 86.500000 12.000000
v  9.900000 86.500000 12.000000
v  -9.900000 86.500000 -12.000000
v  -9.900000 86.500000 -12.000000
v  -9.900000 86.500000 -12.000000
v  -12.728399 86.500000 -10.828445
v  -12.728399 86.500000 -10.828445
v  -13.900000 86.500000 -8.000000
v  -13.900000 86.500000 -8.000000
v  -13.900000 86.500000 -8.000000
v  -13.900000 86.500000 8.000000
v  -13.900000 86.500000 8.000000
v  -13.900000 86.500000 8.000000
v  -12.728445 86.500000 10.828399
v  -12.728445 86.500000 10.828399
v  -9.900000 86.500000 12.000000
v  -9.900000 86.500000 12.000000
v  -9.900000 86.500000 12.000000
v  -9.400000 86.500000 8.700000
v  -9.400000 86.500000 8.700000
v  -9.400000 86.500000 8.700000
v  -9.577185 86.500000 9.355193
v  -9.577185 86.500000 9.355193
v  -10.057322 86.500000 9.830021
v  -10.057322 86.500000 9.830021
v  -11.351637 86.500000 9.824879
v  -11.351637 86.500000 9.824879
v  -12.000000 86.500000 8.700000
v  -12.000000 86.500000 8.700000
v  -12.000000 86.500000 8.700000
v  -11.822815 86.500000 8.044807
v  -11.822815 86.500000 8.044807
v  -11.342678 86.500000 7.569979
v  -11.342678 86.500000 7.569979
v  -10.048363 86.500000 7.575121
v  -10.048363 86.500000 7.575121
v  12.000000 86.500000 8.700000
v  12.000000 86.500000 8.700000
v  12.000000 86.500000 8.700000
v  11.822815 86.500000 9.355193
v  11.822815 86.500000 9.355193
v  11.342678 86.500000 9.830021
v  11.342678 86.500000 9.830021
v  10.048363 86.500000 9.824879
v  10.048363 86.500000 9.824879
v  9.400000 86.500000 8.700000
v  9.400000 86.500000 8.700000
v  9.400000 86.500000 8.700000
v  9.577185 86.500000 8.044807
v  9.577185 86.500000 8.044807
v  10.057322 86.500000 7.569979
v  10.057322 86.500000 7.569979
v  11.351637 86.500000 7.575121
v  11.351637 86.500000 7.575121
v  12.000000 86.500000 -8.700000
v  12.000000 86.500000 -8.700000
v  12.000000 86.500000 -8.700000
v  11.822815 86.500000 -8.044807
v  11.822815 86.500000 -8.044807
v  11.342678 86.500000 -7.569979
v  11.342678 86.500000 -7.569979
v  10.048363 86.500000 -7.575121
v  10.048363 86.500000 -7.575121
v  9.400000 86.500000 -8.700000
v  9.400000 86.500000 -8.700000
v  9.400000 86.500000 -8.700000
v  9.577185 86.500000 -9.355193
v  9.577185 86.500000 -9.355193
v  10.057322 86.500000 -9.830021
v  10.057322 86.500000 -9.830021
v  11.351637 86.500000 -9.824879
v  11.351637 86.500000 -9.824879
v  -9.400000 86.500000 -8.700000
v  -9.400000 86.500000 -8.700000
v  -9.400000 86.500000 -8.700000
v  -9.577185 86.500000 -8.044807
v  -9.577185 86.500000 -8.044807
v  -10.057322 86.500000 -7.569979
v  -10.057322 86.500000 -7.569979
v  -11.351637 86.500000 -7.575121
v  -11.351637 86.500000 -7.575121
v  -12.000000 86.500000 -8.700000
v  -12.000000 86.500000 -8.700000
v  -12.000000 86.500000 -8.700000
v  -11.822815 86.500000 -9.355193
v  -11.822815 86.500000 -9.355193
v  -11.342678 86.500000 -9.830021
v  -11.342678 86.500000 -9.830021
v  -10.048363 86.500000 -9.824879
v  -10.048363 86.500000 -9.824879
v  -2.750000 86.500000 -9.500000
v  -2.750000 86.500000 -9.500000
v  -2.750000 86.500000 -9.500000
v  2.750000 86.500000 -9.500000
v  2.750000 86.500000 -9.500000
v  2.750000 86.500000 -9.500000
v  7.503523 86.500000 -8.225095
v  7.503523 86.500000 -8.225095
v  10.975095 86.500000 -4.753523
v  10.975095 86.500000 -4.753523
v  12.250000 86.500000 0.000000
v  12.250000 86.500000 0.000000
v  10.975095 86.500000 4.753523
v  10.975095 86.500000 4.753523
v  7.503523 86.500000 8.225095
v  7.503523 86.500000 8.225095
v  2.750000 86.500000 9.500000
v  2.750000 86.500000 9.500000
v  2.750000 86.500000 9.500000
v  -2.750000 86.500000 9.500000
v  -2.750000 86.500000 9.500000
v  -2.750000 86.500000 9.500000
v  -7.503523 86.500000 8.225095
v  -7.503523 86.500000 8.225095
v  -10.975095 86.500000 4.753523
v  -10.975095 86.500000 4.753523
v  -12.250000 86.500000 0.000000
v  -12.250000 86.500000 0.000000
v  -10.975095 86.500000 -4.753523
v  -10.975095 86.500000 -4.753523
v  -7.503523 86.500000 -8.225095
v  -7.503523 86.500000 -8.225095
v  12.981793 94.575786 -12.000000
v  12.981793 94.575786 -12.000000
v  13.035654 94.683885 -12.000000
v  13.035654 94.683885 -12.000000
v  13.035654 94.683885 -12.000000
v  12.200000 94.683885 -12.000000
v  12.200000 94.683885 -12.000000
v  12.200000 94.683885 -12.000000
v  12.200000 94.834849 -12.000000
v  12.200000 94.834849 -12.000000
v  12.200000 94.834849 -12.000000
v  -7.300000 94.834849 -12.000000
v  -7.300000 94.834849 -12.000000
v  -7.300000 94.834849 -12.000000
v  -7.300000 92.000000 -12.000000
v  -7.300000 92.000000 -12.000000
v  -7.300000 92.000000 -12.000000
v  -9.900000 92.000000 -12.000000
v  -9.900000 92.000000 -12.000000
v  -9.900000 92.000000 -12.000000
v  13.369705 95.132003 -11.721789
v  13.369705 95.132003 -11.721789
v  12.200000 95.155180 -11.666961
v  12.200000 95.155180 -11.666961
v  12.200000 95.155190 11.666932
v  12.200000 95.155190 11.666932
v  12.200000 94.683885 12.000000
v  12.200000 94.683885 12.000000
v  12.200000 94.683885 12.000000
v  12.200000 94.834849 12.000000
v  12.200000 94.834849 12.000000
v  12.200000 94.834849 12.000000
v  12.200000 96.540437 12.184014
v  12.200000 96.540437 12.184014
v  12.200000 98.167631 12.727273
v  12.200000 98.167631 12.727273
v  12.200000 98.167631 12.727273
v  12.200000 101.015221 13.677976
v  12.200000 101.015221 13.677976
v  12.200000 104.000000 14.000000
v  12.200000 104.000000 14.000000
v  12.200000 107.124226 13.646752
v  12.200000 107.124226 13.646752
v  12.200000 110.089756 12.606189
v  12.200000 110.089756 12.606189
v  12.200000 114.951229 8.721704
v  12.200000 114.951229 8.721704
v  12.200000 117.649289 3.113301
v  12.200000 117.649289 3.113301
v  12.200000 117.647717 -3.120125
v  12.200000 117.647717 -3.120125
v  12.200000 114.944663 -8.729952
v  12.200000 114.944663 -8.729952
v  12.200000 110.076769 -12.612440
v  12.200000 110.076769 -12.612440
v  12.200000 104.000000 -14.000000
v  12.200000 104.000000 -14.000000
v  12.200000 101.015221 -13.677976
v  12.200000 101.015221 -13.677976
v  12.200000 98.167631 -12.727273
v  12.200000 98.167631 -12.727273
v  12.200000 98.167631 -12.727273
v  12.200000 96.540437 -12.184014
v  12.200000 96.540437 -12.184014
v  12.200000 104.000000 -12.000000
v  12.200000 104.000000 -12.000000
v  12.200000 104.000000 -12.000000
v  12.200000 110.014301 -10.384026
v  12.200000 110.014301 -10.384026
v  12.200000 114.398042 -5.990039
v  12.200000 114.398042 -5.990039
v  12.200000 115.999844 0.005441
v  12.200000 115.999844 0.005441
v  12.200000 114.392990 5.998800
v  12.200000 114.392990 5.998800
v  12.200000 110.001315 10.391557
v  12.200000 110.001315 10.391557
v  12.200000 104.000000 12.000000
v  12.200000 104.000000 12.000000
v  12.200000 104.000000 12.000000
v  12.200000 97.985699 10.384026
v  12.200000 97.985699 10.384026
v  12.200000 93.601958 5.990039
v  12.200000 93.601958 5.990039
v  12.200000 92.000156 -0.005441
v  12.200000 92.000156 -0.005441
v  12.200000 93.607010 -5.998800
v  12.200000 93.607010 -5.998800
v  12.200000 97.998685 -10.391557
v  12.200000 97.998685 -10.391557
v  12.200000 97.500000 -10.883330
v  12.200000 97.500000 -10.883330
v  12.200000 97.500000 -10.883330
v  12.200000 97.233322 -10.994713
v  12.200000 97.233322 -10.994713
v  12.200000 97.125145 -11.259858
v  12.200000 97.125145 -11.259858
v  12.200000 97.234944 -11.523586
v  12.200000 97.234944 -11.523586
v  12.200000 97.500000 -11.633330
v  12.200000 97.500000 -11.633330
v  12.200000 97.500000 -11.633330
v  12.200000 97.766678 -11.521947
v  12.200000 97.766678 -11.521947
v  12.200000 97.874855 -11.256803
v  12.200000 97.874855 -11.256803
v  12.200000 97.765056 -10.993075
v  12.200000 97.765056 -10.993075
v  12.200000 97.500000 11.633330
v  12.200000 97.500000 11.633330
v  12.200000 97.500000 11.633330
v  12.200000 97.233322 11.521947
v  12.200000 97.233322 11.521947
v  12.200000 97.125145 11.256803
v  12.200000 97.125145 11.256803
v  12.200000 97.234944 10.993075
v  12.200000 97.234944 10.993075
v  12.200000 97.500000 10.883330
v  12.200000 97.500000 10.883330
v  12.200000 97.500000 10.883330
v  12.200000 97.766678 10.994713
v  12.200000 97.766678 10.994713
v  12.200000 97.874855 11.259858
v  12.200000 97.874855 11.259858
v  12.200000 97.765056 11.523586
v  12.200000 97.765056 11.523586
v  12.200000 117.000000 0.375000
v  12.200000 117.000000 0.375000
v  12.200000 117.000000 0.375000
v  12.200000 116.733322 0.263617
v  12.200000 116.733322 0.263617
v  12.200000 116.625145 -0.001528
v  12.200000 116.625145 -0.001528
v  12.200000 116.734944 -0.265256
v  12.200000 116.734944 -0.265256
v  12.200000 117.000000 -0.375000
v  12.200000 117.000000 -0.375000
v  12.200000 117.000000 -0.375000
v  12.200000 117.266678 -0.263617
v  12.200000 117.266678 -0.263617
v  12.200000 117.374855 0.001528
v  12.200000 117.374855 0.001528
v  12.200000 117.265056 0.265256
v  12.200000 117.265056 0.265256
v  13.374179 95.135455 11.714674
v  13.374179 95.135455 11.714674
v  13.035654 94.683885 12.000000
v  13.035654 94.683885 12.000000
v  13.035654 94.683885 12.000000
v  12.981793 94.575786 12.000000
v  12.981793 94.575786 12.000000
v  -9.900000 92.000000 12.000000
v  -9.900000 92.000000 12.000000
v  -9.900000 92.000000 12.000000
v  -7.300000 92.000000 12.000000
v  -7.300000 92.000000 12.000000
v  -7.300000 92.000000 12.000000
v  -7.300000 94.834849 12.000000
v  -7.300000 94.834849 12.000000
v  -7.300000 94.834849 12.000000
v  -13.900000 87.520100 8.000000
v  -13.900000 87.520100 8.000000
v  -13.900000 87.520100 8.000000
v  -13.684836 87.485826 9.294225
v  -13.684836 87.485826 9.294225
v  -13.110991 88.247064 10.385275
v  -13.110991 88.247064 10.385275
v  -12.756571 89.500000 10.800000
v  -12.756571 89.500000 10.800000
v  -12.756571 89.500000 10.800000
v  -13.066233 90.669255 10.444375
v  -13.066233 90.669255 10.444375
v  -13.682001 91.511718 9.302486
v  -13.682001 91.511718 9.302486
v  -13.900000 91.479900 8.000000
v  -13.900000 91.479900 8.000000
v  -13.900000 91.479900 8.000000
v  -13.900000 91.892508 8.000000
v  -13.900000 91.892508 8.000000
v  -13.900000 91.892508 8.000000
v  -13.866320 91.973565 8.517985
v  -13.866320 91.973565 8.517985
v  -13.764794 92.000000 9.031196
v  -13.764794 92.000000 9.031196
v  -13.764794 92.000000 9.031196
v  -12.336659 92.000000 11.172047
v  -12.336659 92.000000 11.172047
v  -13.900000 89.500000 6.600125
v  -13.900000 89.500000 6.600125
v  -13.900000 89.500000 6.600125
v  -13.900000 88.289466 6.984107
v  -13.900000 88.289466 6.984107
v  -13.900000 87.520101 -8.000000
v  -13.900000 87.520101 -8.000000
v  -13.900000 87.520101 -8.000000
v  -13.900000 88.287582 -6.985350
v  -13.900000 88.287582 -6.985350
v  -13.900000 89.500000 -6.600000
v  -13.900000 89.500000 -6.600000
v  -13.900000 89.500000 -6.600000
v  -13.900000 90.712443 -6.985367
v  -13.900000 90.712443 -6.985367
v  -13.900000 91.479900 -8.000000
v  -13.900000 91.479900 -8.000000
v  -13.900000 91.479900 -8.000000
v  -13.900000 91.892508 -8.000000
v  -13.900000 91.892508 -8.000000
v  -13.900000 91.892508 -8.000000
v  -13.900000 91.700222 -7.325963
v  -13.900000 91.700222 -7.325963
v  -13.900000 91.415584 -6.685431
v  -13.900000 91.415584 -6.685431
v  -13.900000 91.415584 -6.685431
v  -13.900000 89.750133 -0.000000
v  -13.900000 89.750133 -0.000000
v  -13.900000 91.415584 6.685431
v  -13.900000 91.415584 6.685431
v  -13.900000 91.415584 6.685431
v  -13.900000 91.700222 7.325963
v  -13.900000 91.700222 7.325963
v  -13.900000 90.710544 6.984114
v  -13.900000 90.710544 6.984114
v  -8.400000 89.500000 10.800000
v  -8.400000 89.500000 10.800000
v  -8.400000 89.500000 10.800000
v  -8.400000 90.983257 10.186608
v  -8.400000 90.983257 10.186608
v  -8.400000 91.599988 8.704772
v  -8.400000 91.599988 8.704772
v  -8.400000 90.990401 7.220589
v  -8.400000 90.990401 7.220589
v  -8.400000 89.500000 6.600000
v  -8.400000 89.500000 6.600000
v  -8.400000 89.500000 6.600000
v  -8.400000 88.016743 7.213392
v  -8.400000 88.016743 7.213392
v  -8.400000 87.400012 8.695228
v  -8.400000 87.400012 8.695228
v  -8.400000 88.009599 10.179411
v  -8.400000 88.009599 10.179411
v  -12.000000 87.400000 8.700000
v  -12.000000 87.400000 8.700000
v  -12.000000 87.400000 8.700000
v  -11.628002 87.607291 9.610391
v  -11.628002 87.607291 9.610391
v  -10.694676 87.850569 9.999989
v  -10.694676 87.850569 9.999989
v  -9.788003 87.615018 9.626424
v  -9.788003 87.615018 9.626424
v  -9.400000 87.400000 8.700000
v  -9.400000 87.400000 8.700000
v  -9.400000 87.400000 8.700000
v  -9.771819 87.607205 7.789791
v  -9.771819 87.607205 7.789791
v  -10.705210 87.850564 7.400010
v  -10.705210 87.850564 7.400010
v  -11.611792 87.615116 7.773374
v  -11.611792 87.615116 7.773374
v  -13.684833 91.514174 -9.294225
v  -13.684833 91.514174 -9.294225
v  -13.111000 90.752933 -10.385277
v  -13.111000 90.752933 -10.385277
v  -12.756571 89.500000 -10.800000
v  -12.756571 89.500000 -10.800000
v  -12.756571 89.500000 -10.800000
v  -13.066233 88.330745 -10.444375
v  -13.066233 88.330745 -10.444375
v  -13.682001 87.488282 -9.302486
v  -13.682001 87.488282 -9.302486
v  -12.336659 92.000000 -11.172047
v  -12.336659 92.000000 -11.172047
v  -13.764794 92.000000 -9.031196
v  -13.764794 92.000000 -9.031196
v  -13.764794 92.000000 -9.031196
v  -13.866320 91.973565 -8.517984
v  -13.866320 91.973565 -8.517984
v  -8.400000 89.500000 -6.600000
v  -8.400000 89.500000 -6.600000
v  -8.400000 89.500000 -6.600000
v  -8.400000 90.983257 -7.213392
v  -8.400000 90.983257 -7.213392
v  -8.400000 91.599988 -8.695228
v  -8.400000 91.599988 -8.695228
v  -8.400000 90.990401 -10.179411
v  -8.400000 90.990401 -10.179411
v  -8.400000 89.500000 -10.800000
v  -8.400000 89.500000 -10.800000
v  -8.400000 89.500000 -10.800000
v  -8.400000 88.016743 -10.186608
v  -8.400000 88.016743 -10.186608
v  -8.400000 87.400012 -8.704772
v  -8.400000 87.400012 -8.704772
v  -8.400000 88.009599 -7.220589
v  -8.400000 88.009599 -7.220589
v  -12.000000 87.400000 -8.700000
v  -12.000000 87.400000 -8.700000
v  -12.000000 87.400000 -8.700000
v  -11.628002 87.607291 -7.789609
v  -11.628002 87.607291 -7.789609
v  -10.694676 87.850569 -7.400011
v  -10.694676 87.850569 -7.400011
v  -9.788003 87.615018 -7.773576
v  -9.788003 87.615018 -7.773576
v  -9.400000 87.400000 -8.700000
v  -9.400000 87.400000 -8.700000
v  -9.400000 87.400000 -8.700000
v  -9.771819 87.607205 -9.610209
v  -9.771819 87.607205 -9.610209
v  -10.705210 87.850564 -9.999990
v  -10.705210 87.850564 -9.999990
v  -11.611792 87.615116 -9.626626
v  -11.611792 87.615116 -9.626626
v  -7.300000 92.000000 -9.031196
v  -7.300000 92.000000 -9.031196
v  -7.300000 92.000000 -9.031196
v  -7.300000 96.540437 -12.184014
v  -7.300000 96.540437 -12.184014
v  -7.300000 98.167631 -12.727273
v  -7.300000 98.167631 -12.727273
v  -7.300000 98.167631 -12.727273
v  -7.300000 101.015221 -13.677976
v  -7.300000 101.015221 -13.677976
v  -7.300000 104.000000 -14.000000
v  -7.300000 104.000000 -14.000000
v  -7.300000 106.984779 -13.677976
v  -7.300000 106.984779 -13.677976
v  -7.300000 109.832369 -12.727273
v  -7.300000 109.832369 -12.727273
v  -7.300000 112.544509 -11.089907
v  -7.300000 112.544509 -11.089907
v  -7.300000 114.812279 -8.893667
v  -7.300000 114.812279 -8.893667
v  -7.300000 116.526321 -6.251909
v  -7.300000 116.526321 -6.251909
v  -7.300000 117.607866 -3.289927
v  -7.300000 117.607866 -3.289927
v  -7.300000 117.999018 -0.164427
v  -7.300000 117.999018 -0.164427
v  -7.300000 117.681519 2.968576
v  -7.300000 117.681519 2.968576
v  -7.300000 116.669956 5.955772
v  -7.300000 116.669956 5.955772
v  -7.300000 115.009310 8.648248
v  -7.300000 115.009310 8.648248
v  -7.300000 112.782064 10.902774
v  -7.300000 112.782064 10.902774
v  -7.300000 110.113677 12.594636
v  -7.300000 110.113677 12.594636
v  -7.300000 107.135945 13.644075
v  -7.300000 107.135945 13.644075
v  -7.300000 104.000000 14.000000
v  -7.300000 104.000000 14.000000
v  -7.300000 101.015221 13.677976
v  -7.300000 101.015221 13.677976
v  -7.300000 98.167631 12.727273
v  -7.300000 98.167631 12.727273
v  -7.300000 98.167631 12.727273
v  -7.300000 96.540437 12.184014
v  -7.300000 96.540437 12.184014
v  -7.300000 92.000000 9.031196
v  -7.300000 92.000000 9.031196
v  -7.300000 92.000000 9.031196
v  -7.300000 91.851613 7.822482
v  -7.300000 91.851613 7.822482
v  -7.300000 91.415584 6.685431
v  -7.300000 91.415584 6.685431
v  -7.300000 91.415584 6.685431
v  -7.300000 89.750133 -0.000000
v  -7.300000 89.750133 -0.000000
v  -7.300000 91.415584 -6.685431
v  -7.300000 91.415584 -6.685431
v  -7.300000 91.415584 -6.685431
v  -7.300000 91.851613 -7.822482
v  -7.300000 91.851613 -7.822482
v  -7.300000 104.000000 -13.500000
v  -7.300000 104.000000 -13.500000
v  -7.300000 104.000000 -13.500000
v  -7.300000 98.127105 -12.155666
v  -7.300000 98.127105 -12.155666
v  -7.300000 93.439405 -8.409614
v  -7.300000 93.439405 -8.409614
v  -7.300000 90.838028 -3.001416
v  -7.300000 90.838028 -3.001416
v  -7.300000 90.839901 3.009568
v  -7.300000 90.839901 3.009568
v  -7.300000 93.446030 8.417935
v  -7.300000 93.446030 8.417935
v  -7.300000 98.139899 12.161826
v  -7.300000 98.139899 12.161826
v  -7.300000 104.000000 13.500000
v  -7.300000 104.000000 13.500000
v  -7.300000 104.000000 13.500000
v  -7.300000 109.872895 12.155666
v  -7.300000 109.872895 12.155666
v  -7.300000 114.560595 8.409614
v  -7.300000 114.560595 8.409614
v  -7.300000 117.161972 3.001416
v  -7.300000 117.161972 3.001416
v  -7.300000 117.160099 -3.009568
v  -7.300000 117.160099 -3.009568
v  -7.300000 114.553970 -8.417935
v  -7.300000 114.553970 -8.417935
v  -7.300000 109.860101 -12.161826
v  -7.300000 109.860101 -12.161826
v  -6.600000 104.000000 13.500000
v  -6.600000 104.000000 13.500000
v  -6.600000 104.000000 13.500000
v  -6.600000 109.860101 12.161826
v  -6.600000 109.860101 12.161826
v  -6.600000 114.553970 8.417935
v  -6.600000 114.553970 8.417935
v  -6.600000 117.160099 3.009568
v  -6.600000 117.160099 3.009568
v  -6.600000 117.161972 -3.001416
v  -6.600000 117.161972 -3.001416
v  -6.600000 114.560595 -8.409614
v  -6.600000 114.560595 -8.409614
v  -6.600000 109.872895 -12.155666
v  -6.600000 109.872895 -12.155666
v  -6.600000 104.000000 -13.500000
v  -6.600000 104.000000 -13.500000
v  -6.600000 104.000000 -13.500000
v  -6.600000 98.139899 -12.161826
v  -6.600000 98.139899 -12.161826
v  -6.600000 93.446030 -8.417935
v  -6.600000 93.446030 -8.417935
v  -6.600000 90.839901 -3.009568
v  -6.600000 90.839901 -3.009568
v  -6.600000 90.838028 3.001416
v  -6.600000 90.838028 3.001416
v  -6.600000 93.439405 8.409614
v  -6.600000 93.439405 8.409614
v  -6.600000 98.127105 12.155666
v  -6.600000 98.127105 12.155666
v  -6.600000 104.000000 -12.500000
v  -6.600000 104.000000 -12.500000
v  -6.600000 104.000000 -12.500000
v  -6.600000 100.752578 -12.070666
v  -6.600000 100.752578 -12.070666
v  -6.600000 97.735399 -10.816869
v  -6.600000 97.735399 -10.816869
v  -6.600000 95.151255 -8.828808
v  -6.600000 95.151255 -8.828808
v  -6.600000 93.168853 -6.239878
v  -6.600000 93.168853 -6.239878
v  -6.600000 91.923748 -3.226758
v  -6.600000 91.923748 -3.226758
v  -6.600000 91.500160 0.005224
v  -6.600000 91.500160 0.005224
v  -6.600000 91.926445 3.236853
v  -6.600000 91.926445 3.236853
v  -6.600000 93.173676 6.248243
v  -6.600000 93.173676 6.248243
v  -6.600000 95.160548 8.838074
v  -6.600000 95.160548 8.838074
v  -6.600000 97.748499 10.824463
v  -6.600000 97.748499 10.824463
v  -6.600000 100.760380 12.072782
v  -6.600000 100.760380 12.072782
v  -6.600000 104.000000 12.500000
v  -6.600000 104.000000 12.500000
v  -6.600000 104.000000 12.500000
v  -6.600000 107.247422 12.070666
v  -6.600000 107.247422 12.070666
v  -6.600000 110.264601 10.816869
v  -6.600000 110.264601 10.816869
v  -6.600000 112.848745 8.828808
v  -6.600000 112.848745 8.828808
v  -6.600000 114.831147 6.239878
v  -6.600000 114.831147 6.239878
v  -6.600000 116.076252 3.226758
v  -6.600000 116.076252 3.226758
v  -6.600000 116.499840 -0.005224
v  -6.600000 116.499840 -0.005224
v  -6.600000 116.073555 -3.236853
v  -6.600000 116.073555 -3.236853
v  -6.600000 114.826324 -6.248243
v  -6.600000 114.826324 -6.248243
v  -6.600000 112.839452 -8.838074
v  -6.600000 112.839452 -8.838074
v  -6.600000 110.251501 -10.824463
v  -6.600000 110.251501 -10.824463
v  -6.600000 107.239620 -12.072782
v  -6.600000 107.239620 -12.072782
v  -7.300000 104.000000 12.500000
v  -7.300000 104.000000 12.500000
v  -7.300000 104.000000 12.500000
v  -7.300000 107.239620 12.072782
v  -7.300000 107.239620 12.072782
v  -7.300000 110.251501 10.824463
v  -7.300000 110.251501 10.824463
v  -7.300000 112.839452 8.838074
v  -7.300000 112.839452 8.838074
v  -7.300000 114.826324 6.248243
v  -7.300000 114.826324 6.248243
v  -7.300000 116.073555 3.236853
v  -7.300000 116.073555 3.236853
v  -7.300000 116.499840 0.005224
v  -7.300000 116.499840 0.005224
v  -7.300000 116.076252 -3.226758
v  -7.300000 116.076252 -3.226758
v  -7.300000 114.831147 -6.239878
v  -7.300000 114.831147 -6.239878
v  -7.300000 112.848745 -8.828808
v  -7.300000 112.848745 -8.828808
v  -7.300000 110.264601 -10.816869
v  -7.300000 110.264601 -10.816869
v  -7.300000 107.247422 -12.070666
v  -7.300000 107.247422 -12.070666
v  -7.300000 104.000000 -12.500000
v  -7.300000 104.000000 -12.500000
v  -7.300000 104.000000 -12.500000
v  -7.300000 100.752578 12.070666
v  -7.300000 100.752578 12.070666
v  -7.300000 97.735399 10.816869
v  -7.300000 97.735399 10.816869
v  -7.300000 95.151255 8.828808
v  -7.300000 95.151255 8.828808
v  -7.300000 93.168853 6.239878
v  -7.300000 93.168853 6.239878
v  -7.300000 91.923748 3.226758
v  -7.300000 91.923748 3.226758
v  -7.300000 91.500160 -0.005224
v  -7.300000 91.500160 -0.005224
v  -7.300000 91.926445 -3.236853
v  -7.300000 91.926445 -3.236853
v  -7.300000 93.173676 -6.248243
v  -7.300000 93.173676 -6.248243
v  -7.300000 95.160548 -8.838074
v  -7.300000 95.160548 -8.838074
v  -7.300000 97.748499 -10.824463
v  -7.300000 97.748499 -10.824463
v  -7.300000 100.760380 -12.072782
v  -7.300000 100.760380 -12.072782
v  -7.300000 94.500000 3.000000
v  -7.300000 94.500000 3.000000
v  -7.300000 94.500000 3.000000
v  -7.300000 94.500000 -3.000000
v  -7.300000 94.500000 -3.000000
v  -7.300000 94.500000 -3.000000
v  -7.300000 94.207091 -3.707116
v  -7.300000 94.207091 -3.707116
v  -7.300000 93.500000 -4.000000
v  -7.300000 93.500000 -4.000000
v  -7.300000 92.792884 -3.707091
v  -7.300000 92.792884 -3.707091
v  -7.300000 92.500000 -3.000000
v  -7.300000 92.500000 -3.000000
v  -7.300000 92.500000 -3.000000
v  -7.300000 92.500000 3.000000
v  -7.300000 92.500000 3.000000
v  -7.300000 92.500000 3.000000
v  -7.300000 92.792909 3.707116
v  -7.300000 92.792909 3.707116
v  -7.300000 93.500000 4.000000
v  -7.300000 93.500000 4.000000
v  -7.300000 94.207116 3.707091
v  -7.300000 94.207116 3.707091
v  -7.300000 104.000000 9.000000
v  -7.300000 104.000000 9.000000
v  -7.300000 104.000000 9.000000
v  -7.300000 108.503694 7.792286
v  -7.300000 108.503694 7.792286
v  -7.300000 111.790749 4.505824
v  -7.300000 111.790749 4.505824
v  -7.300000 112.999971 0.019844
v  -7.300000 112.999971 0.019844
v  -7.300000 111.801050 -4.487905
v  -7.300000 111.801050 -4.487905
v  -7.300000 108.495480 -7.796993
v  -7.300000 108.495480 -7.796993
v  -7.300000 104.000000 -9.000000
v  -7.300000 104.000000 -9.000000
v  -7.300000 104.000000 -9.000000
v  -7.300000 99.496306 -7.792286
v  -7.300000 99.496306 -7.792286
v  -7.300000 96.209251 -4.505824
v  -7.300000 96.209251 -4.505824
v  -7.300000 95.000029 -0.019844
v  -7.300000 95.000029 -0.019844
v  -7.300000 96.198950 4.487905
v  -7.300000 96.198950 4.487905
v  -7.300000 99.504520 7.796993
v  -7.300000 99.504520 7.796993
v  -7.300000 93.983768 4.437492
v  -7.300000 93.983768 4.437492
v  -7.300000 93.983768 4.437492
v  -7.300000 94.052749 4.690602
v  -7.300000 94.052749 4.690602
v  -7.300000 94.236342 4.871914
v  -7.300000 94.236342 4.871914
v  -7.300000 94.734543 4.869966
v  -7.300000 94.734543 4.869966
v  -7.300000 94.983768 4.437492
v  -7.300000 94.983768 4.437492
v  -7.300000 94.983768 4.437492
v  -7.300000 94.914787 4.184381
v  -7.300000 94.914787 4.184381
v  -7.300000 94.731194 4.003070
v  -7.300000 94.731194 4.003070
v  -7.300000 94.232994 4.005017
v  -7.300000 94.232994 4.005017
v  -7.300000 93.983768 -4.437492
v  -7.300000 93.983768 -4.437492
v  -7.300000 93.983768 -4.437492
v  -7.300000 94.052749 -4.184381
v  -7.300000 94.052749 -4.184381
v  -7.300000 94.236342 -4.003070
v  -7.300000 94.236342 -4.003070
v  -7.300000 94.734543 -4.005017
v  -7.300000 94.734543 -4.005017
v  -7.300000 94.983768 -4.437492
v  -7.300000 94.983768 -4.437492
v  -7.300000 94.983768 -4.437492
v  -7.300000 94.914787 -4.690602
v  -7.300000 94.914787 -4.690602
v  -7.300000 94.731194 -4.871914
v  -7.300000 94.731194 -4.871914
v  -7.300000 94.232994 -4.869966
v  -7.300000 94.232994 -4.869966
v  -5.450000 93.500000 4.000000
v  -5.450000 93.500000 4.000000
v  -5.450000 93.500000 4.000000
v  -5.450000 93.500000 4.000000
v  -4.896615 92.845704 3.756239
v  -4.896615 92.845704 3.756239
v  -4.700000 92.531754 3.250000
v  -4.700000 92.531754 3.250000
v  -4.700000 92.531754 3.250000
v  -4.700000 92.887705 3.790499
v  -4.700000 92.887705 3.790499
v  -4.700000 93.500000 4.000000
v  -4.700000 93.500000 4.000000
v  -4.700000 94.207091 3.707116
v  -4.700000 94.207091 3.707116
v  -4.700000 94.500000 3.000000
v  -4.700000 94.500000 3.000000
v  -4.700000 94.500000 3.000000
v  -6.200000 92.500000 3.000000
v  -6.200000 92.500000 3.000000
v  -6.200000 92.500000 3.000000
v  -6.200000 92.507972 3.126004
v  -6.200000 92.507972 3.126004
v  -6.200000 92.531754 3.250000
v  -6.200000 92.531754 3.250000
v  -6.200000 92.531754 3.250000
v  -6.002745 92.846581 3.756997
v  -6.002745 92.846581 3.756997
v  -5.537246 93.600782 3.994909
v  -5.537246 93.600782 3.994909
v  -5.622910 93.700000 3.979796
v  -5.622910 93.700000 3.979796
v  -5.622910 93.700000 3.979796
v  -5.277090 93.700000 3.979796
v  -5.277090 93.700000 3.979796
v  -5.277090 93.700000 3.979796
v  -5.362762 93.600782 3.994909
v  -5.362762 93.600782 3.994909
v  -5.362957 93.700000 3.994931
v  -5.362957 93.700000 3.994931
v  -5.450000 93.700000 4.000000
v  -5.450000 93.700000 4.000000
v  -5.537043 93.700000 3.994931
v  -5.537043 93.700000 3.994931
v  -6.200000 88.400000 3.250000
v  -6.200000 88.400000 3.250000
v  -6.200000 88.400000 3.250000
v  -6.200000 88.400000 3.250000
v  -6.200000 87.400000 3.250000
v  -6.200000 87.400000 3.250000
v  -6.200000 87.400000 3.250000
v  -5.980337 87.400000 3.780318
v  -5.980337 87.400000 3.780318
v  -5.450000 87.400000 4.000000
v  -5.450000 87.400000 4.000000
v  -4.919682 87.400000 3.780337
v  -4.919682 87.400000 3.780337
v  -4.700000 87.400000 3.250000
v  -4.700000 87.400000 3.250000
v  -4.700000 87.400000 3.250000
v  -4.700000 87.400000 -3.250000
v  -4.700000 87.400000 -3.250000
v  -4.700000 87.400000 -3.250000
v  -4.700000 92.531754 -3.250000
v  -4.700000 92.531754 -3.250000
v  -4.700000 92.531754 -3.250000
v  -4.700000 92.887676 -3.790477
v  -4.700000 92.887676 -3.790477
v  -4.700000 93.500000 -4.000000
v  -4.700000 93.500000 -4.000000
v  -4.700000 94.207116 -3.707091
v  -4.700000 94.207116 -3.707091
v  -4.700000 94.500000 -3.000000
v  -4.700000 94.500000 -3.000000
v  -4.700000 94.500000 -3.000000
v  -4.919663 87.400000 -3.780318
v  -4.919663 87.400000 -3.780318
v  -5.450000 87.400000 -4.000000
v  -5.450000 87.400000 -4.000000
v  -5.980318 87.400000 -3.780337
v  -5.980318 87.400000 -3.780337
v  -6.200000 87.400000 -3.250000
v  -6.200000 87.400000 -3.250000
v  -6.200000 87.400000 -3.250000
v  -6.200000 88.400000 -3.250000
v  -6.200000 88.400000 -3.250000
v  -6.200000 88.400000 -3.250000
v  -6.200000 88.400000 -3.250000
v  -6.200000 92.531754 -3.250000
v  -6.200000 92.531754 -3.250000
v  -6.200000 92.531754 -3.250000
v  -6.003759 92.844726 -3.755392
v  -6.003759 92.844726 -3.755392
v  -5.450000 93.500000 -4.000000
v  -5.450000 93.500000 -4.000000
v  -5.450000 93.500000 -4.000000
v  -5.450000 93.500000 -4.000000
v  -4.897021 92.846397 -3.756837
v  -4.897021 92.846397 -3.756837
v  -2.750000 87.400000 9.500000
v  -2.750000 87.400000 9.500000
v  -2.750000 87.400000 9.500000
v  2.750000 87.400000 9.500000
v  2.750000 87.400000 9.500000
v  2.750000 87.400000 9.500000
v  7.503523 87.400000 8.225095
v  7.503523 87.400000 8.225095
v  10.975095 87.400000 4.753523
v  10.975095 87.400000 4.753523
v  12.250000 87.400000 -0.000000
v  12.250000 87.400000 -0.000000
v  10.975095 87.400000 -4.753523
v  10.975095 87.400000 -4.753523
v  7.503523 87.400000 -8.225095
v  7.503523 87.400000 -8.225095
v  2.750000 87.400000 -9.500000
v  2.750000 87.400000 -9.500000
v  2.750000 87.400000 -9.500000
v  -2.750000 87.400000 -9.500000
v  -2.750000 87.400000 -9.500000
v  -2.750000 87.400000 -9.500000
v  -7.503523 87.400000 -8.225095
v  -7.503523 87.400000 -8.225095
v  -10.975095 87.400000 -4.753523
v  -10.975095 87.400000 -4.753523
v  -12.250000 87.400000 0.000000
v  -12.250000 87.400000 0.000000
v  -10.975095 87.400000 4.753523
v  -10.975095 87.400000 4.753523
v  -7.503523 87.400000 8.225095
v  -7.503523 87.400000 8.225095
v  -4.250000 87.400000 0.000000
v  -4.250000 87.400000 0.000000
v  -4.250000 87.400000 0.000000
v  -2.909706 87.400000 -4.119324
v  -2.909706 87.400000 -4.119324
v  0.584057 87.400000 -6.656368
v  0.584057 87.400000 -6.656368
v  4.900185 87.400000 -6.661446
v  4.900185 87.400000 -6.661446
v  8.414777 87.400000 -4.112385
v  8.414777 87.400000 -4.112385
v  9.750000 87.400000 -0.000000
v  9.750000 87.400000 -0.000000
v  9.750000 87.400000 -0.000000
v  8.409706 87.400000 4.119324
v  8.409706 87.400000 4.119324
v  4.915943 87.400000 6.656368
v  4.915943 87.400000 6.656368
v  0.599815 87.400000 6.661446
v  0.599815 87.400000 6.661446
v  -2.914777 87.400000 4.112385
v  -2.914777 87.400000 4.112385
v  -4.825000 87.400000 6.100000
v  -4.825000 87.400000 6.100000
v  -4.825000 87.400000 6.100000
v  -4.911226 87.400000 6.416388
v  -4.911226 87.400000 6.416388
v  -5.140717 87.400000 6.643027
v  -5.140717 87.400000 6.643027
v  -5.763468 87.400000 6.640593
v  -5.763468 87.400000 6.640593
v  -6.075000 87.400000 6.100000
v  -6.075000 87.400000 6.100000
v  -6.075000 87.400000 6.100000
v  -5.988774 87.400000 5.783612
v  -5.988774 87.400000 5.783612
v  -5.759283 87.400000 5.556973
v  -5.759283 87.400000 5.556973
v  -5.136532 87.400000 5.559407
v  -5.136532 87.400000 5.559407
v  -4.825000 87.400000 -6.100000
v  -4.825000 87.400000 -6.100000
v  -4.825000 87.400000 -6.100000
v  -4.911226 87.400000 -5.783612
v  -4.911226 87.400000 -5.783612
v  -5.140717 87.400000 -5.556973
v  -5.140717 87.400000 -5.556973
v  -5.763468 87.400000 -5.559407
v  -5.763468 87.400000 -5.559407
v  -6.075000 87.400000 -6.100000
v  -6.075000 87.400000 -6.100000
v  -6.075000 87.400000 -6.100000
v  -5.988774 87.400000 -6.416388
v  -5.988774 87.400000 -6.416388
v  -5.759283 87.400000 -6.643027
v  -5.759283 87.400000 -6.643027
v  -5.136532 87.400000 -6.640593
v  -5.136532 87.400000 -6.640593
v  -2.850000 87.400000 6.100000
v  -2.850000 87.400000 6.100000
v  -2.850000 87.400000 6.100000
v  -2.918981 87.400000 6.353110
v  -2.918981 87.400000 6.353110
v  -3.102574 87.400000 6.534422
v  -3.102574 87.400000 6.534422
v  -3.600774 87.400000 6.532475
v  -3.600774 87.400000 6.532475
v  -3.850000 87.400000 6.100000
v  -3.850000 87.400000 6.100000
v  -3.850000 87.400000 6.100000
v  -3.781019 87.400000 5.846890
v  -3.781019 87.400000 5.846890
v  -3.597426 87.400000 5.665578
v  -3.597426 87.400000 5.665578
v  -3.099226 87.400000 5.667525
v  -3.099226 87.400000 5.667525
v  -2.850000 87.400000 -6.100000
v  -2.850000 87.400000 -6.100000
v  -2.850000 87.400000 -6.100000
v  -2.918981 87.400000 -5.846890
v  -2.918981 87.400000 -5.846890
v  -3.102574 87.400000 -5.665578
v  -3.102574 87.400000 -5.665578
v  -3.600774 87.400000 -5.667525
v  -3.600774 87.400000 -5.667525
v  -3.850000 87.400000 -6.100000
v  -3.850000 87.400000 -6.100000
v  -3.850000 87.400000 -6.100000
v  -3.781019 87.400000 -6.353110
v  -3.781019 87.400000 -6.353110
v  -3.597426 87.400000 -6.534422
v  -3.597426 87.400000 -6.534422
v  -3.099226 87.400000 -6.532475
v  -3.099226 87.400000 -6.532475
v  -7.500000 87.400000 -3.250000
v  -7.500000 87.400000 -3.250000
v  -7.500000 87.400000 -3.250000
v  -7.500000 87.400000 3.250000
v  -7.500000 87.400000 3.250000
v  -7.500000 87.400000 3.250000
v  -8.914140 87.400000 2.664140
v  -8.914140 87.400000 2.664140
v  -9.500000 87.400000 1.250000
v  -9.500000 87.400000 1.250000
v  -9.500000 87.400000 1.250000
v  -9.500000 87.400000 -1.250000
v  -9.500000 87.400000 -1.250000
v  -9.500000 87.400000 -1.250000
v  -8.914140 87.400000 -2.664140
v  -8.914140 87.400000 -2.664140
v  7.200000 94.700000 5.403471
v  7.200000 94.700000 5.403471
v  7.200000 94.700000 5.403471
v  3.615894 94.700000 6.946178
v  3.615894 94.700000 6.946178
v  -0.240661 94.700000 6.328802
v  -0.240661 94.700000 6.328802
v  -3.163286 94.700000 3.745974
v  -3.163286 94.700000 3.745974
v  -4.250000 94.700000 -0.000000
v  -4.250000 94.700000 -0.000000
v  -4.250000 94.700000 -0.000000
v  9.750000 92.000000 0.000000
v  9.750000 92.000000 0.000000
v  9.750000 92.000000 0.000000
v  9.086322 92.374641 2.975067
v  9.086322 92.374641 2.975067
v  7.200000 93.285407 5.403471
v  7.200000 93.285407 5.403471
v  7.200000 93.285407 5.403471
v  7.200000 94.700000 -5.403471
v  7.200000 94.700000 -5.403471
v  7.200000 94.700000 -5.403471
v  5.111991 94.700000 -6.589457
v  5.111991 94.700000 -6.589457
v  2.750039 94.700000 -6.999993
v  2.750039 94.700000 -6.999993
v  0.388064 94.700000 -6.589476
v  0.388064 94.700000 -6.589476
v  -1.700000 94.700000 -5.403471
v  -1.700000 94.700000 -5.403471
v  -3.580479 94.700000 -2.987472
v  -3.580479 94.700000 -2.987472
v  7.200000 104.000000 12.000009
v  7.200000 104.000000 12.000009
v  7.200000 104.000000 12.000009
v  7.200000 109.988758 10.398622
v  7.200000 109.988758 10.398622
v  7.200000 114.377616 6.025234
v  7.200000 114.377616 6.025234
v  7.200000 115.999725 0.023368
v  7.200000 115.999725 0.023368
v  7.200000 114.404549 -5.978579
v  7.200000 114.404549 -5.978579
v  7.200000 110.005370 -10.389371
v  7.200000 110.005370 -10.389371
v  7.200000 104.000000 -12.000000
v  7.200000 104.000000 -12.000000
v  7.200000 104.000000 -12.000000
v  7.200000 99.682490 -11.196300
v  7.200000 99.682490 -11.196300
v  7.200000 95.947190 -8.896644
v  7.200000 95.947190 -8.896644
v  7.200000 93.285407 -5.403471
v  7.200000 93.285407 -5.403471
v  7.200000 93.285407 -5.403471
v  7.200000 95.954803 8.903196
v  7.200000 95.954803 8.903196
v  7.200000 99.681324 11.195426
v  7.200000 99.681324 11.195426
v  7.200000 104.000000 8.175000
v  7.200000 104.000000 8.175000
v  7.200000 104.000000 8.175000
v  7.200000 99.192845 6.612413
v  7.200000 99.192845 6.612413
v  7.200000 96.227583 2.533422
v  7.200000 96.227583 2.533422
v  7.200000 96.219699 -2.509001
v  7.200000 96.219699 -2.509001
v  7.200000 99.198379 -6.616459
v  7.200000 99.198379 -6.616459
v  7.200000 104.000000 -8.175000
v  7.200000 104.000000 -8.175000
v  7.200000 104.000000 -8.175000
v  7.200000 108.807155 -6.612413
v  7.200000 108.807155 -6.612413
v  7.200000 111.772417 -2.533422
v  7.200000 111.772417 -2.533422
v  7.200000 111.780301 2.509001
v  7.200000 111.780301 2.509001
v  7.200000 108.801621 6.616459
v  7.200000 108.801621 6.616459
v  9.085574 92.375049 -2.976660
v  9.085574 92.375049 -2.976660
v  1.200000 104.000000 -8.175000
v  1.200000 104.000000 -8.175000
v  1.200000 104.000000 -8.175000
v  1.200000 108.801621 -6.616459
v  1.200000 108.801621 -6.616459
v  1.200000 111.780301 -2.509001
v  1.200000 111.780301 -2.509001
v  1.200000 111.772417 2.533422
v  1.200000 111.772417 2.533422
v  1.200000 108.807155 6.612413
v  1.200000 108.807155 6.612413
v  1.200000 104.000000 8.175000
v  1.200000 104.000000 8.175000
v  1.200000 104.000000 8.175000
v  1.200000 99.198379 6.616459
v  1.200000 99.198379 6.616459
v  1.200000 96.219699 2.509001
v  1.200000 96.219699 2.509001
v  1.200000 96.227583 -2.533422
v  1.200000 96.227583 -2.533422
v  1.200000 99.192845 -6.612413
v  1.200000 99.192845 -6.612413
v  1.200000 104.000000 -7.100000
v  1.200000 104.000000 -7.100000
v  1.200000 104.000000 -7.100000
v  1.200000 108.177863 -5.740787
v  1.200000 108.177863 -5.740787
v  1.200000 110.751383 -2.197119
v  1.200000 110.751383 -2.197119
v  1.200000 110.756691 2.180650
v  1.200000 110.756691 2.180650
v  1.200000 108.171029 5.745781
v  1.200000 108.171029 5.745781
v  1.200000 104.000000 7.100000
v  1.200000 104.000000 7.100000
v  1.200000 104.000000 7.100000
v  1.200000 99.822137 5.740787
v  1.200000 99.822137 5.740787
v  1.200000 97.248617 2.197119
v  1.200000 97.248617 2.197119
v  1.200000 97.243309 -2.180650
v  1.200000 97.243309 -2.180650
v  1.200000 99.828971 -5.745781
v  1.200000 99.828971 -5.745781
v  -1.500000 104.000000 7.100000
v  -1.500000 104.000000 7.100000
v  -1.500000 104.000000 7.100000
v  -1.500000 99.828971 5.745781
v  -1.500000 99.828971 5.745781
v  -1.500000 97.243309 2.180650
v  -1.500000 97.243309 2.180650
v  -1.500000 97.248617 -2.197119
v  -1.500000 97.248617 -2.197119
v  -1.500000 99.822137 -5.740787
v  -1.500000 99.822137 -5.740787
v  -1.500000 104.000000 -7.100000
v  -1.500000 104.000000 -7.100000
v  -1.500000 104.000000 -7.100000
v  -1.500000 104.000000 -8.700000
v  -1.500000 104.000000 -8.700000
v  -1.500000 104.000000 -8.700000
v  -1.500000 108.354022 -7.532278
v  -1.500000 108.354022 -7.532278
v  -1.500000 111.531127 -4.355509
v  -1.500000 111.531127 -4.355509
v  -1.500000 112.699973 -0.018463
v  -1.500000 112.699973 -0.018463
v  -1.500000 111.540430 4.339325
v  -1.500000 111.540430 4.339325
v  -1.500000 108.345617 7.537097
v  -1.500000 108.345617 7.537097
v  -1.500000 104.000000 8.700000
v  -1.500000 104.000000 8.700000
v  -1.500000 104.000000 8.700000
v  -1.500000 99.645978 7.532278
v  -1.500000 99.645978 7.532278
v  -1.500000 96.468873 4.355509
v  -1.500000 96.468873 4.355509
v  -1.500000 95.300027 0.018463
v  -1.500000 95.300027 0.018463
v  -1.500000 96.459570 -4.339325
v  -1.500000 96.459570 -4.339325
v  -1.500000 99.654383 -7.537097
v  -1.500000 99.654383 -7.537097
v  -1.500000 108.177863 5.740787
v  -1.500000 108.177863 5.740787
v  -1.500000 110.751383 2.197119
v  -1.500000 110.751383 2.197119
v  -1.500000 110.756691 -2.180650
v  -1.500000 110.756691 -2.180650
v  -1.500000 108.171029 -5.745781
v  -1.500000 108.171029 -5.745781
v  -2.350000 104.000000 8.700000
v  -2.350000 104.000000 8.700000
v  -2.350000 104.000000 8.700000
v  -2.350000 99.654383 7.537097
v  -2.350000 99.654383 7.537097
v  -2.350000 96.459570 4.339325
v  -2.350000 96.459570 4.339325
v  -2.350000 95.300027 -0.018463
v  -2.350000 95.300027 -0.018463
v  -2.350000 96.468873 -4.355509
v  -2.350000 96.468873 -4.355509
v  -2.350000 99.645978 -7.532278
v  -2.350000 99.645978 -7.532278
v  -2.350000 104.000000 -8.700000
v  -2.350000 104.000000 -8.700000
v  -2.350000 104.000000 -8.700000
v  -2.350000 104.000000 -9.000000
v  -2.350000 104.000000 -9.000000
v  -2.350000 104.000000 -9.000000
v  -2.350000 108.503694 -7.792286
v  -2.350000 108.503694 -7.792286
v  -2.350000 111.790749 -4.505824
v  -2.350000 111.790749 -4.505824
v  -2.350000 112.999971 -0.019844
v  -2.350000 112.999971 -0.019844
v  -2.350000 111.801050 4.487905
v  -2.350000 111.801050 4.487905
v  -2.350000 108.495480 7.796993
v  -2.350000 108.495480 7.796993
v  -2.350000 104.000000 9.000000
v  -2.350000 104.000000 9.000000
v  -2.350000 104.000000 9.000000
v  -2.350000 99.496306 7.792286
v  -2.350000 99.496306 7.792286
v  -2.350000 96.209251 4.505824
v  -2.350000 96.209251 4.505824
v  -2.350000 95.000029 0.019844
v  -2.350000 95.000029 0.019844
v  -2.350000 96.198950 -4.487905
v  -2.350000 96.198950 -4.487905
v  -2.350000 99.504520 -7.796993
v  -2.350000 99.504520 -7.796993
v  -2.350000 108.354022 7.532278
v  -2.350000 108.354022 7.532278
v  -2.350000 111.531127 4.355509
v  -2.350000 111.531127 4.355509
v  -2.350000 112.699973 0.018463
v  -2.350000 112.699973 0.018463
v  -2.350000 111.540430 -4.339325
v  -2.350000 111.540430 -4.339325
v  -2.350000 108.345617 -7.537097
v  -2.350000 108.345617 -7.537097
v  -3.150000 104.000000 9.000000
v  -3.150000 104.000000 9.000000
v  -3.150000 104.000000 9.000000
v  -3.150000 99.504520 7.796993
v  -3.150000 99.504520 7.796993
v  -3.150000 96.198950 4.487905
v  -3.150000 96.198950 4.487905
v  -3.150000 95.000029 -0.019844
v  -3.150000 95.000029 -0.019844
v  -3.150000 96.209251 -4.505824
v  -3.150000 96.209251 -4.505824
v  -3.150000 99.496306 -7.792286
v  -3.150000 99.496306 -7.792286
v  -3.150000 104.000000 -9.000000
v  -3.150000 104.000000 -9.000000
v  -3.150000 104.000000 -9.000000
v  -3.150000 108.503694 7.792286
v  -3.150000 108.503694 7.792286
v  -3.150000 111.790749 4.505824
v  -3.150000 111.790749 4.505824
v  -3.150000 112.999971 0.019844
v  -3.150000 112.999971 0.019844
v  -3.150000 111.801050 -4.487905
v  -3.150000 111.801050 -4.487905
v  -3.150000 108.495480 -7.796993
v  -3.150000 108.495480 -7.796993
v  -3.150000 104.000000 8.535000
v  -3.150000 104.000000 8.535000
v  -3.150000 104.000000 8.535000
v  -3.150000 101.350703 8.113344
v  -3.150000 101.350703 8.113344
v  -3.150000 98.982150 6.904342
v  -3.150000 98.982150 6.904342
v  -3.150000 97.095513 5.017205
v  -3.150000 97.095513 5.017205
v  -3.150000 95.885805 2.646501
v  -3.150000 95.885805 2.646501
v  -3.150000 95.465165 0.017661
v  -3.150000 95.465165 0.017661
v  -3.150000 95.877013 -2.619287
v  -3.150000 95.877013 -2.619287
v  -3.150000 97.089056 -5.008264
v  -3.150000 97.089056 -5.008264
v  -3.150000 98.987192 -6.908031
v  -3.150000 98.987192 -6.908031
v  -3.150000 101.362088 -8.117083
v  -3.150000 101.362088 -8.117083
v  -3.150000 104.000000 -8.535000
v  -3.150000 104.000000 -8.535000
v  -3.150000 104.000000 -8.535000
v  -3.150000 106.649297 -8.113344
v  -3.150000 106.649297 -8.113344
v  -3.150000 109.017850 -6.904342
v  -3.150000 109.017850 -6.904342
v  -3.150000 110.904487 -5.017205
v  -3.150000 110.904487 -5.017205
v  -3.150000 112.114195 -2.646501
v  -3.150000 112.114195 -2.646501
v  -3.150000 112.534835 -0.017661
v  -3.150000 112.534835 -0.017661
v  -3.150000 112.122987 2.619287
v  -3.150000 112.122987 2.619287
v  -3.150000 110.910944 5.008264
v  -3.150000 110.910944 5.008264
v  -3.150000 109.012808 6.908031
v  -3.150000 109.012808 6.908031
v  -3.150000 106.637912 8.117083
v  -3.150000 106.637912 8.117083
v  -4.600000 104.000000 -8.535000
v  -4.600000 104.000000 -8.535000
v  -4.600000 104.000000 -8.535000
v  -4.600000 106.637912 -8.117083
v  -4.600000 106.637912 -8.117083
v  -4.600000 109.012808 -6.908031
v  -4.600000 109.012808 -6.908031
v  -4.600000 110.910944 -5.008264
v  -4.600000 110.910944 -5.008264
v  -4.600000 112.122987 -2.619287
v  -4.600000 112.122987 -2.619287
v  -4.600000 112.534835 0.017661
v  -4.600000 112.534835 0.017661
v  -4.600000 112.114195 2.646501
v  -4.600000 112.114195 2.646501
v  -4.600000 110.904487 5.017205
v  -4.600000 110.904487 5.017205
v  -4.600000 109.017850 6.904342
v  -4.600000 109.017850 6.904342
v  -4.600000 106.649297 8.113344
v  -4.600000 106.649297 8.113344
v  -4.600000 104.000000 8.535000
v  -4.600000 104.000000 8.535000
v  -4.600000 104.000000 8.535000
v  -4.600000 104.000000 9.000000
v  -4.600000 104.000000 9.000000
v  -4.600000 104.000000 9.000000
v  -4.600000 99.496306 7.792286
v  -4.600000 99.496306 7.792286
v  -4.600000 96.209251 4.505824
v  -4.600000 96.209251 4.505824
v  -4.600000 95.000029 0.019844
v  -4.600000 95.000029 0.019844
v  -4.600000 96.198950 -4.487905
v  -4.600000 96.198950 -4.487905
v  -4.600000 99.504520 -7.796993
v  -4.600000 99.504520 -7.796993
v  -4.600000 104.000000 -9.000000
v  -4.600000 104.000000 -9.000000
v  -4.600000 104.000000 -9.000000
v  -4.600000 108.503694 -7.792286
v  -4.600000 108.503694 -7.792286
v  -4.600000 111.790749 -4.505824
v  -4.600000 111.790749 -4.505824
v  -4.600000 112.999971 -0.019844
v  -4.600000 112.999971 -0.019844
v  -4.600000 111.801050 4.487905
v  -4.600000 111.801050 4.487905
v  -4.600000 108.495480 7.796993
v  -4.600000 108.495480 7.796993
v  -4.600000 101.350703 -8.113344
v  -4.600000 101.350703 -8.113344
v  -4.600000 98.982150 -6.904342
v  -4.600000 98.982150 -6.904342
v  -4.600000 97.095513 -5.017205
v  -4.600000 97.095513 -5.017205
v  -4.600000 95.885805 -2.646501
v  -4.600000 95.885805 -2.646501
v  -4.600000 95.465165 -0.017661
v  -4.600000 95.465165 -0.017661
v  -4.600000 95.877013 2.619287
v  -4.600000 95.877013 2.619287
v  -4.600000 97.089056 5.008264
v  -4.600000 97.089056 5.008264
v  -4.600000 98.987192 6.908031
v  -4.600000 98.987192 6.908031
v  -4.600000 101.362088 8.117083
v  -4.600000 101.362088 8.117083
v  -6.075000 91.900000 6.100000
v  -6.075000 91.900000 6.100000
v  -6.075000 91.900000 6.100000
v  -5.763468 91.900000 5.559407
v  -5.763468 91.900000 5.559407
v  -5.140717 91.900000 5.556973
v  -5.140717 91.900000 5.556973
v  -4.911226 91.900000 5.783612
v  -4.911226 91.900000 5.783612
v  -4.825000 91.900000 6.100000
v  -4.825000 91.900000 6.100000
v  -4.825000 91.900000 6.100000
v  -5.136532 91.900000 6.640593
v  -5.136532 91.900000 6.640593
v  -5.759283 91.900000 6.643027
v  -5.759283 91.900000 6.643027
v  -5.988774 91.900000 6.416388
v  -5.988774 91.900000 6.416388
v  -6.075000 91.900000 -6.100000
v  -6.075000 91.900000 -6.100000
v  -6.075000 91.900000 -6.100000
v  -5.763468 91.900000 -6.640593
v  -5.763468 91.900000 -6.640593
v  -5.140717 91.900000 -6.643027
v  -5.140717 91.900000 -6.643027
v  -4.911226 91.900000 -6.416388
v  -4.911226 91.900000 -6.416388
v  -4.825000 91.900000 -6.100000
v  -4.825000 91.900000 -6.100000
v  -4.825000 91.900000 -6.100000
v  -5.136532 91.900000 -5.559407
v  -5.136532 91.900000 -5.559407
v  -5.759283 91.900000 -5.556973
v  -5.759283 91.900000 -5.556973
v  -5.988774 91.900000 -5.783612
v  -5.988774 91.900000 -5.783612
v  -3.850000 90.400000 6.100000
v  -3.850000 90.400000 6.100000
v  -3.850000 90.400000 6.100000
v  -3.600774 90.400000 5.667525
v  -3.600774 90.400000 5.667525
v  -3.102574 90.400000 5.665578
v  -3.102574 90.400000 5.665578
v  -2.918981 90.400000 5.846890
v  -2.918981 90.400000 5.846890
v  -2.850000 90.400000 6.100000
v  -2.850000 90.400000 6.100000
v  -2.850000 90.400000 6.100000
v  -3.099226 90.400000 6.532475
v  -3.099226 90.400000 6.532475
v  -3.597426 90.400000 6.534422
v  -3.597426 90.400000 6.534422
v  -3.781019 90.400000 6.353110
v  -3.781019 90.400000 6.353110
v  -3.850000 90.400000 -6.100000
v  -3.850000 90.400000 -6.100000
v  -3.850000 90.400000 -6.100000
v  -3.600774 90.400000 -6.532475
v  -3.600774 90.400000 -6.532475
v  -3.102574 90.400000 -6.534422
v  -3.102574 90.400000 -6.534422
v  -2.918981 90.400000 -6.353110
v  -2.918981 90.400000 -6.353110
v  -2.850000 90.400000 -6.100000
v  -2.850000 90.400000 -6.100000
v  -2.850000 90.400000 -6.100000
v  -3.099226 90.400000 -5.667525
v  -3.099226 90.400000 -5.667525
v  -3.597426 90.400000 -5.665578
v  -3.597426 90.400000 -5.665578
v  -3.781019 90.400000 -5.846890
v  -3.781019 90.400000 -5.846890
v  -9.500000 88.400000 -1.250000
v  -9.500000 88.400000 -1.250000
v  -9.500000 88.400000 -1.250000
v  -8.914140 88.400000 -2.664140
v  -8.914140 88.400000 -2.664140
v  -7.500000 88.400000 -3.250000
v  -7.500000 88.400000 -3.250000
v  -7.500000 88.400000 -3.250000
v  -9.500000 88.400000 1.250000
v  -9.500000 88.400000 1.250000
v  -9.500000 88.400000 1.250000
v  -7.500000 88.400000 3.250000
v  -7.500000 88.400000 3.250000
v  -7.500000 88.400000 3.250000
v  -8.914140 88.400000 2.664140
v  -8.914140 88.400000 2.664140
v  -6.200000 92.500000 -3.000000
v  -6.200000 92.500000 -3.000000
v  -6.200000 92.500000 -3.000000
v  -6.200000 92.507972 -3.126004
v  -6.200000 92.507972 -3.126004
v  -5.362754 93.600782 -3.994909
v  -5.362754 93.600782 -3.994909
v  -5.277090 93.700000 -3.979796
v  -5.277090 93.700000 -3.979796
v  -5.277090 93.700000 -3.979796
v  -5.622910 93.700000 -3.979796
v  -5.622910 93.700000 -3.979796
v  -5.622910 93.700000 -3.979796
v  -5.537238 93.600782 -3.994909
v  -5.537238 93.600782 -3.994909
v  -5.537043 93.700000 -3.994931
v  -5.537043 93.700000 -3.994931
v  -5.450000 93.700000 -4.000000
v  -5.450000 93.700000 -4.000000
v  -5.362957 93.700000 -3.994931
v  -5.362957 93.700000 -3.994931
v  -3.700000 94.983768 4.437492
v  -3.700000 94.983768 4.437492
v  -3.700000 94.983768 4.437492
v  -3.700000 94.734543 4.005017
v  -3.700000 94.734543 4.005017
v  -3.700000 94.236342 4.003070
v  -3.700000 94.236342 4.003070
v  -3.700000 94.052749 4.184381
v  -3.700000 94.052749 4.184381
v  -3.700000 93.983768 4.437492
v  -3.700000 93.983768 4.437492
v  -3.700000 93.983768 4.437492
v  -3.700000 94.232994 4.869966
v  -3.700000 94.232994 4.869966
v  -3.700000 94.731194 4.871914
v  -3.700000 94.731194 4.871914
v  -3.700000 94.914787 4.690602
v  -3.700000 94.914787 4.690602
v  -3.700000 94.983768 -4.437492
v  -3.700000 94.983768 -4.437492
v  -3.700000 94.983768 -4.437492
v  -3.700000 94.734543 -4.869966
v  -3.700000 94.734543 -4.869966
v  -3.700000 94.236342 -4.871914
v  -3.700000 94.236342 -4.871914
v  -3.700000 94.052749 -4.690602
v  -3.700000 94.052749 -4.690602
v  -3.700000 93.983768 -4.437492
v  -3.700000 93.983768 -4.437492
v  -3.700000 93.983768 -4.437492
v  -3.700000 94.232994 -4.005017
v  -3.700000 94.232994 -4.005017
v  -3.700000 94.731194 -4.003070
v  -3.700000 94.731194 -4.003070
v  -3.700000 94.914787 -4.184381
v  -3.700000 94.914787 -4.184381
v  8.700000 97.500000 -11.633330
v  8.700000 97.500000 -11.633330
v  8.700000 97.500000 -11.633330
v  8.700000 97.765056 -11.523586
v  8.700000 97.765056 -11.523586
v  8.700000 97.874855 -11.259858
v  8.700000 97.874855 -11.259858
v  8.700000 97.766678 -10.994713
v  8.700000 97.766678 -10.994713
v  8.700000 97.500000 -10.883330
v  8.700000 97.500000 -10.883330
v  8.700000 97.500000 -10.883330
v  8.700000 97.234944 -10.993075
v  8.700000 97.234944 -10.993075
v  8.700000 97.125145 -11.256803
v  8.700000 97.125145 -11.256803
v  8.700000 97.233322 -11.521947
v  8.700000 97.233322 -11.521947
v  8.700000 97.500000 10.883330
v  8.700000 97.500000 10.883330
v  8.700000 97.500000 10.883330
v  8.700000 97.765056 10.993075
v  8.700000 97.765056 10.993075
v  8.700000 97.874855 11.256803
v  8.700000 97.874855 11.256803
v  8.700000 97.766678 11.521947
v  8.700000 97.766678 11.521947
v  8.700000 97.500000 11.633330
v  8.700000 97.500000 11.633330
v  8.700000 97.500000 11.633330
v  8.700000 97.234944 11.523586
v  8.700000 97.234944 11.523586
v  8.700000 97.125145 11.259858
v  8.700000 97.125145 11.259858
v  8.700000 97.233322 10.994713
v  8.700000 97.233322 10.994713
v  8.700000 117.000000 -0.375000
v  8.700000 117.000000 -0.375000
v  8.700000 117.000000 -0.375000
v  8.700000 117.265056 -0.265256
v  8.700000 117.265056 -0.265256
v  8.700000 117.374855 -0.001528
v  8.700000 117.374855 -0.001528
v  8.700000 117.266678 0.263617
v  8.700000 117.266678 0.263617
v  8.700000 117.000000 0.375000
v  8.700000 117.000000 0.375000
v  8.700000 117.000000 0.375000
v  8.700000 116.734944 0.265256
v  8.700000 116.734944 0.265256
v  8.700000 116.625145 0.001528
v  8.700000 116.625145 0.001528
v  8.700000 116.733322 -0.263617
v  8.700000 116.733322 -0.263617

vt  0.001826 0.046934 0.000000
vt  0.001826 0.046934 0.000000
vt  0.001826 0.046934 0.000000
vt  0.000000 0.045904 0.000000
vt  0.000000 0.045904 0.000000
vt  0.000000 0.045904 0.000000
vt  0.000000 0.228027 0.000000
vt  0.000000 0.228027 0.000000
vt  0.000000 0.228027 0.000000
vt  0.001826 0.226998 0.000000
vt  0.001826 0.226998 0.000000
vt  0.001826 0.226998 0.000000
vt  0.003173 0.214965 0.000000
vt  0.003173 0.214965 0.000000
vt  0.005255 0.209706 0.000000
vt  0.005255 0.209706 0.000000
vt  0.005255 0.209706 0.000000
vt  0.007322 0.213102 0.000000
vt  0.007322 0.213102 0.000000
vt  0.008569 0.223789 0.000000
vt  0.008569 0.223789 0.000000
vt  0.008569 0.223789 0.000000
vt  0.009193 0.223984 0.000000
vt  0.009193 0.223984 0.000000
vt  0.009807 0.224358 0.000000
vt  0.009807 0.224358 0.000000
vt  0.009807 0.224358 0.000000
vt  0.006086 0.168573 0.000000
vt  0.006086 0.168573 0.000000
vt  0.006086 0.105357 0.000000
vt  0.006086 0.105357 0.000000
vt  0.009807 0.049574 0.000000
vt  0.009807 0.049574 0.000000
vt  0.009807 0.049574 0.000000
vt  0.009193 0.049947 0.000000
vt  0.009193 0.049947 0.000000
vt  0.008569 0.050143 0.000000
vt  0.008569 0.050143 0.000000
vt  0.008569 0.050143 0.000000
vt  0.007322 0.060829 0.000000
vt  0.007322 0.060829 0.000000
vt  0.005255 0.064225 0.000000
vt  0.005255 0.064225 0.000000
vt  0.005255 0.064225 0.000000
vt  0.003173 0.058966 0.000000
vt  0.003173 0.058966 0.000000
vt  0.004193 0.032318 0.000000
vt  0.004193 0.032318 0.000000
vt  0.012467 0.020530 0.000000
vt  0.012467 0.020530 0.000000
vt  0.017754 0.018066 0.000000
vt  0.017754 0.018066 0.000000
vt  0.017754 0.018066 0.000000
vt  0.017898 0.019380 0.000000
vt  0.017898 0.019380 0.000000
vt  0.016828 0.022117 0.000000
vt  0.016828 0.022117 0.000000
vt  0.016828 0.022117 0.000000
vt  0.031796 0.010309 0.000000
vt  0.031796 0.010309 0.000000
vt  0.050372 0.005911 0.000000
vt  0.050372 0.005911 0.000000
vt  0.050372 0.005911 0.000000
vt  0.045376 0.000000 0.000000
vt  0.045376 0.000000 0.000000
vt  0.045376 0.000000 0.000000
vt  0.013230 0.013743 0.000000
vt  0.013230 0.013743 0.000000
vt  0.065751 0.063677 0.000000
vt  0.065751 0.063677 0.000000
vt  0.065751 0.063677 0.000000
vt  0.064183 0.055562 0.000000
vt  0.064183 0.055562 0.000000
vt  0.063516 0.038256 0.000000
vt  0.063516 0.038256 0.000000
vt  0.064176 0.022331 0.000000
vt  0.064176 0.022331 0.000000
vt  0.065751 0.017396 0.000000
vt  0.065751 0.017396 0.000000
vt  0.065751 0.017396 0.000000
vt  0.052192 0.038315 0.000000
vt  0.052192 0.038315 0.000000
vt  0.052192 0.038315 0.000000
vt  0.048249 0.048825 0.000000
vt  0.048249 0.048825 0.000000
vt  0.038072 0.053544 0.000000
vt  0.038072 0.053544 0.000000
vt  0.027568 0.049239 0.000000
vt  0.027568 0.049239 0.000000
vt  0.022885 0.038666 0.000000
vt  0.022885 0.038666 0.000000
vt  0.022885 0.038666 0.000000
vt  0.027374 0.028646 0.000000
vt  0.027374 0.028646 0.000000
vt  0.038190 0.024448 0.000000
vt  0.038190 0.024448 0.000000
vt  0.048077 0.028204 0.000000
vt  0.048077 0.028204 0.000000
vt  0.011419 0.034356 0.000000
vt  0.011419 0.034356 0.000000
vt  0.067268 0.025937 0.000000
vt  0.067268 0.025937 0.000000
vt  0.067884 0.042613 0.000000
vt  0.067884 0.042613 0.000000
vt  0.067275 0.058110 0.000000
vt  0.067275 0.058110 0.000000
vt  0.013639 0.033910 0.000000
vt  0.013639 0.033910 0.000000
vt  0.017442 0.021690 0.000000
vt  0.017442 0.021690 0.000000
vt  0.017442 0.021690 0.000000
vt  0.017548 0.021254 0.000000
vt  0.017548 0.021254 0.000000
vt  0.017684 0.020743 0.000000
vt  0.017684 0.020743 0.000000
vt  0.017684 0.020743 0.000000
vt  0.020095 0.016069 0.000000
vt  0.020095 0.016069 0.000000
vt  0.023343 0.011773 0.000000
vt  0.023343 0.011773 0.000000
vt  0.023343 0.011773 0.000000
vt  0.033243 0.009208 0.000000
vt  0.033243 0.009208 0.000000
vt  0.013688 0.240167 0.000000
vt  0.013688 0.240167 0.000000
vt  0.017442 0.252242 0.000000
vt  0.017442 0.252242 0.000000
vt  0.017442 0.252242 0.000000
vt  0.031608 0.252461 0.000000
vt  0.031608 0.252461 0.000000
vt  0.031608 0.252461 0.000000
vt  0.026192 0.203812 0.000000
vt  0.026192 0.203812 0.000000
vt  0.024152 0.136957 0.000000
vt  0.024152 0.136957 0.000000
vt  0.026192 0.070117 0.000000
vt  0.026192 0.070117 0.000000
vt  0.031608 0.021470 0.000000
vt  0.031608 0.021470 0.000000
vt  0.031608 0.021470 0.000000
vt  0.011441 0.239642 0.000000
vt  0.011441 0.239642 0.000000
vt  0.016828 0.251814 0.000000
vt  0.016828 0.251814 0.000000
vt  0.016828 0.251814 0.000000
vt  0.031796 0.263622 0.000000
vt  0.031796 0.263622 0.000000
vt  0.050372 0.268020 0.000000
vt  0.050372 0.268020 0.000000
vt  0.050372 0.268020 0.000000
vt  0.033240 0.264723 0.000000
vt  0.033240 0.264723 0.000000
vt  0.023343 0.262158 0.000000
vt  0.023343 0.262158 0.000000
vt  0.023343 0.262158 0.000000
vt  0.020095 0.257862 0.000000
vt  0.020095 0.257862 0.000000
vt  0.017684 0.253189 0.000000
vt  0.017684 0.253189 0.000000
vt  0.017684 0.253189 0.000000
vt  0.017548 0.252677 0.000000
vt  0.017548 0.252677 0.000000
vt  0.065751 0.210254 0.000000
vt  0.065751 0.210254 0.000000
vt  0.065751 0.210254 0.000000
vt  0.067268 0.215749 0.000000
vt  0.067268 0.215749 0.000000
vt  0.067884 0.231215 0.000000
vt  0.067884 0.231215 0.000000
vt  0.067275 0.247908 0.000000
vt  0.067275 0.247908 0.000000
vt  0.065751 0.256535 0.000000
vt  0.065751 0.256535 0.000000
vt  0.065751 0.256535 0.000000
vt  0.017754 0.255865 0.000000
vt  0.017754 0.255865 0.000000
vt  0.017754 0.255865 0.000000
vt  0.017908 0.254603 0.000000
vt  0.017908 0.254603 0.000000
vt  0.004202 0.241634 0.000000
vt  0.004202 0.241634 0.000000
vt  0.012417 0.253359 0.000000
vt  0.012417 0.253359 0.000000
vt  0.064183 0.251671 0.000000
vt  0.064183 0.251671 0.000000
vt  0.063516 0.235783 0.000000
vt  0.063516 0.235783 0.000000
vt  0.064176 0.218457 0.000000
vt  0.064176 0.218457 0.000000
vt  0.052192 0.235616 0.000000
vt  0.052192 0.235616 0.000000
vt  0.052192 0.235616 0.000000
vt  0.048249 0.245557 0.000000
vt  0.048249 0.245557 0.000000
vt  0.038072 0.249482 0.000000
vt  0.038072 0.249482 0.000000
vt  0.027568 0.245460 0.000000
vt  0.027568 0.245460 0.000000
vt  0.022885 0.235265 0.000000
vt  0.022885 0.235265 0.000000
vt  0.022885 0.235265 0.000000
vt  0.027374 0.224880 0.000000
vt  0.027374 0.224880 0.000000
vt  0.038190 0.220388 0.000000
vt  0.038190 0.220388 0.000000
vt  0.048077 0.224914 0.000000
vt  0.048077 0.224914 0.000000
vt  0.013231 0.260189 0.000000
vt  0.013231 0.260189 0.000000
vt  0.045376 0.273931 0.000000
vt  0.045376 0.273931 0.000000
vt  0.045376 0.273931 0.000000
vt  0.273287 0.000000 0.000000
vt  0.273287 0.000000 0.000000
vt  0.273287 0.000000 0.000000
vt  0.305432 0.013742 0.000000
vt  0.305432 0.013742 0.000000
vt  0.318663 0.045904 0.000000
vt  0.318663 0.045904 0.000000
vt  0.318663 0.045904 0.000000
vt  0.318663 0.228027 0.000000
vt  0.318663 0.228027 0.000000
vt  0.318663 0.228027 0.000000
vt  0.305433 0.260188 0.000000
vt  0.305433 0.260188 0.000000
vt  0.273287 0.273931 0.000000
vt  0.273287 0.273931 0.000000
vt  0.273287 0.273931 0.000000
vt  0.267577 0.236624 0.000000
vt  0.267577 0.236624 0.000000
vt  0.267577 0.236624 0.000000
vt  0.269601 0.244050 0.000000
vt  0.269601 0.244050 0.000000
vt  0.275081 0.249371 0.000000
vt  0.275081 0.249371 0.000000
vt  0.289819 0.249110 0.000000
vt  0.289819 0.249110 0.000000
vt  0.297180 0.236262 0.000000
vt  0.297180 0.236262 0.000000
vt  0.297180 0.236262 0.000000
vt  0.295170 0.228853 0.000000
vt  0.295170 0.228853 0.000000
vt  0.289717 0.223520 0.000000
vt  0.289717 0.223520 0.000000
vt  0.274979 0.223736 0.000000
vt  0.274979 0.223736 0.000000
vt  0.021483 0.236262 0.000000
vt  0.021483 0.236262 0.000000
vt  0.021483 0.236262 0.000000
vt  0.023493 0.243715 0.000000
vt  0.023493 0.243715 0.000000
vt  0.028946 0.249170 0.000000
vt  0.028946 0.249170 0.000000
vt  0.043684 0.249314 0.000000
vt  0.043684 0.249314 0.000000
vt  0.051086 0.236624 0.000000
vt  0.051086 0.236624 0.000000
vt  0.051086 0.236624 0.000000
vt  0.049062 0.229142 0.000000
vt  0.049062 0.229142 0.000000
vt  0.043582 0.223676 0.000000
vt  0.043582 0.223676 0.000000
vt  0.028844 0.223578 0.000000
vt  0.028844 0.223578 0.000000
vt  0.021483 0.037669 0.000000
vt  0.021483 0.037669 0.000000
vt  0.021483 0.037669 0.000000
vt  0.023493 0.045078 0.000000
vt  0.023493 0.045078 0.000000
vt  0.028946 0.050411 0.000000
vt  0.028946 0.050411 0.000000
vt  0.043684 0.050195 0.000000
vt  0.043684 0.050195 0.000000
vt  0.051086 0.037307 0.000000
vt  0.051086 0.037307 0.000000
vt  0.051086 0.037307 0.000000
vt  0.049062 0.029881 0.000000
vt  0.049062 0.029881 0.000000
vt  0.043582 0.024560 0.000000
vt  0.043582 0.024560 0.000000
vt  0.028844 0.024821 0.000000
vt  0.028844 0.024821 0.000000
vt  0.267577 0.037307 0.000000
vt  0.267577 0.037307 0.000000
vt  0.267577 0.037307 0.000000
vt  0.269601 0.044789 0.000000
vt  0.269601 0.044789 0.000000
vt  0.275081 0.050255 0.000000
vt  0.275081 0.050255 0.000000
vt  0.289819 0.050354 0.000000
vt  0.289819 0.050354 0.000000
vt  0.297180 0.037669 0.000000
vt  0.297180 0.037669 0.000000
vt  0.297180 0.037669 0.000000
vt  0.295170 0.030217 0.000000
vt  0.295170 0.030217 0.000000
vt  0.289717 0.024762 0.000000
vt  0.289717 0.024762 0.000000
vt  0.274979 0.024617 0.000000
vt  0.274979 0.024617 0.000000
vt  0.191113 0.027632 0.000000
vt  0.191113 0.027632 0.000000
vt  0.191113 0.027632 0.000000
vt  0.127550 0.027632 0.000000
vt  0.127550 0.027632 0.000000
vt  0.127550 0.027632 0.000000
vt  0.072802 0.042515 0.000000
vt  0.072802 0.042515 0.000000
vt  0.033126 0.082503 0.000000
vt  0.033126 0.082503 0.000000
vt  0.018649 0.136966 0.000000
vt  0.018649 0.136966 0.000000
vt  0.033126 0.191429 0.000000
vt  0.033126 0.191429 0.000000
vt  0.072802 0.231416 0.000000
vt  0.072802 0.231416 0.000000
vt  0.127550 0.246299 0.000000
vt  0.127550 0.246299 0.000000
vt  0.127550 0.246299 0.000000
vt  0.191113 0.246299 0.000000
vt  0.191113 0.246299 0.000000
vt  0.191113 0.246299 0.000000
vt  0.245861 0.231416 0.000000
vt  0.245861 0.231416 0.000000
vt  0.285537 0.191429 0.000000
vt  0.285537 0.191429 0.000000
vt  0.300014 0.136966 0.000000
vt  0.300014 0.136966 0.000000
vt  0.285537 0.082503 0.000000
vt  0.285537 0.082503 0.000000
vt  0.245861 0.042515 0.000000
vt  0.245861 0.042515 0.000000
vt  0.022921 0.011918 0.000000
vt  0.022921 0.011918 0.000000
vt  0.022516 0.012066 0.000000
vt  0.022516 0.012066 0.000000
vt  0.022516 0.012066 0.000000
vt  0.031188 0.011923 0.000000
vt  0.031188 0.011923 0.000000
vt  0.031188 0.011923 0.000000
vt  0.031390 0.012117 0.000000
vt  0.031390 0.012117 0.000000
vt  0.031390 0.012117 0.000000
vt  0.236156 0.011466 0.000000
vt  0.236156 0.011466 0.000000
vt  0.236156 0.011466 0.000000
vt  0.238513 0.007665 0.000000
vt  0.238513 0.007665 0.000000
vt  0.238513 0.007665 0.000000
vt  0.266528 0.007999 0.000000
vt  0.266528 0.007999 0.000000
vt  0.266528 0.007999 0.000000
vt  0.019708 0.015549 0.000000
vt  0.019708 0.015549 0.000000
vt  0.031816 0.015946 0.000000
vt  0.031816 0.015946 0.000000
vt  0.031816 0.257985 0.000000
vt  0.031816 0.257985 0.000000
vt  0.031188 0.262008 0.000000
vt  0.031188 0.262008 0.000000
vt  0.031188 0.262008 0.000000
vt  0.031390 0.261814 0.000000
vt  0.031390 0.261814 0.000000
vt  0.031390 0.261814 0.000000
vt  0.033626 0.261528 0.000000
vt  0.033626 0.261528 0.000000
vt  0.035688 0.264921 0.000000
vt  0.035688 0.264921 0.000000
vt  0.035688 0.264921 0.000000
vt  0.039140 0.270593 0.000000
vt  0.039140 0.270593 0.000000
vt  0.042558 0.269876 0.000000
vt  0.042558 0.269876 0.000000
vt  0.045934 0.262870 0.000000
vt  0.045934 0.262870 0.000000
vt  0.048963 0.250290 0.000000
vt  0.048963 0.250290 0.000000
vt  0.053595 0.212272 0.000000
vt  0.053595 0.212272 0.000000
vt  0.056003 0.163281 0.000000
vt  0.056003 0.163281 0.000000
vt  0.056001 0.110592 0.000000
vt  0.056001 0.110592 0.000000
vt  0.053589 0.061584 0.000000
vt  0.053589 0.061584 0.000000
vt  0.048950 0.023573 0.000000
vt  0.048950 0.023573 0.000000
vt  0.042558 0.004055 0.000000
vt  0.042558 0.004055 0.000000
vt  0.039140 0.003338 0.000000
vt  0.039140 0.003338 0.000000
vt  0.035688 0.009010 0.000000
vt  0.035688 0.009010 0.000000
vt  0.035688 0.009010 0.000000
vt  0.033626 0.012403 0.000000
vt  0.033626 0.012403 0.000000
vt  0.042558 0.022865 0.000000
vt  0.042558 0.022865 0.000000
vt  0.042558 0.022865 0.000000
vt  0.048888 0.043426 0.000000
vt  0.048888 0.043426 0.000000
vt  0.053088 0.084946 0.000000
vt  0.053088 0.084946 0.000000
vt  0.054544 0.137012 0.000000
vt  0.054544 0.137012 0.000000
vt  0.053083 0.189063 0.000000
vt  0.053083 0.189063 0.000000
vt  0.048875 0.230583 0.000000
vt  0.048875 0.230583 0.000000
vt  0.042558 0.251067 0.000000
vt  0.042558 0.251067 0.000000
vt  0.042558 0.251067 0.000000
vt  0.035461 0.241743 0.000000
vt  0.035461 0.241743 0.000000
vt  0.029723 0.200339 0.000000
vt  0.029723 0.200339 0.000000
vt  0.027492 0.136907 0.000000
vt  0.027492 0.136907 0.000000
vt  0.029730 0.073503 0.000000
vt  0.029730 0.073503 0.000000
vt  0.035477 0.032126 0.000000
vt  0.035477 0.032126 0.000000
vt  0.034850 0.026655 0.000000
vt  0.034850 0.026655 0.000000
vt  0.034850 0.026655 0.000000
vt  0.034512 0.025237 0.000000
vt  0.034512 0.025237 0.000000
vt  0.034375 0.022441 0.000000
vt  0.034375 0.022441 0.000000
vt  0.034514 0.019912 0.000000
vt  0.034514 0.019912 0.000000
vt  0.034850 0.019121 0.000000
vt  0.034850 0.019121 0.000000
vt  0.034850 0.019121 0.000000
vt  0.035186 0.020550 0.000000
vt  0.035186 0.020550 0.000000
vt  0.035322 0.023328 0.000000
vt  0.035322 0.023328 0.000000
vt  0.035184 0.025847 0.000000
vt  0.035184 0.025847 0.000000
vt  0.034850 0.254810 0.000000
vt  0.034850 0.254810 0.000000
vt  0.034850 0.254810 0.000000
vt  0.034512 0.254004 0.000000
vt  0.034512 0.254004 0.000000
vt  0.034375 0.251459 0.000000
vt  0.034375 0.251459 0.000000
vt  0.034514 0.248676 0.000000
vt  0.034514 0.248676 0.000000
vt  0.034850 0.247276 0.000000
vt  0.034850 0.247276 0.000000
vt  0.034850 0.247276 0.000000
vt  0.035186 0.248099 0.000000
vt  0.035186 0.248099 0.000000
vt  0.035322 0.250633 0.000000
vt  0.035322 0.250633 0.000000
vt  0.035184 0.253400 0.000000
vt  0.035184 0.253400 0.000000
vt  0.055433 0.140153 0.000000
vt  0.055433 0.140153 0.000000
vt  0.055433 0.140153 0.000000
vt  0.055198 0.139212 0.000000
vt  0.055198 0.139212 0.000000
vt  0.055102 0.136953 0.000000
vt  0.055102 0.136953 0.000000
vt  0.055199 0.134706 0.000000
vt  0.055199 0.134706 0.000000
vt  0.055433 0.133778 0.000000
vt  0.055433 0.133778 0.000000
vt  0.055433 0.133778 0.000000
vt  0.055668 0.134730 0.000000
vt  0.055668 0.134730 0.000000
vt  0.055763 0.136979 0.000000
vt  0.055763 0.136979 0.000000
vt  0.055667 0.139215 0.000000
vt  0.055667 0.139215 0.000000
vt  0.019666 0.258304 0.000000
vt  0.019666 0.258304 0.000000
vt  0.022516 0.261865 0.000000
vt  0.022516 0.261865 0.000000
vt  0.022516 0.261865 0.000000
vt  0.022921 0.262013 0.000000
vt  0.022921 0.262013 0.000000
vt  0.266528 0.265932 0.000000
vt  0.266528 0.265932 0.000000
vt  0.266528 0.265932 0.000000
vt  0.238513 0.266266 0.000000
vt  0.238513 0.266266 0.000000
vt  0.238513 0.266266 0.000000
vt  0.236156 0.262465 0.000000
vt  0.236156 0.262465 0.000000
vt  0.236156 0.262465 0.000000
vt  0.316837 0.226998 0.000000
vt  0.316837 0.226998 0.000000
vt  0.316837 0.226998 0.000000
vt  0.314498 0.241543 0.000000
vt  0.314498 0.241543 0.000000
vt  0.306824 0.252850 0.000000
vt  0.306824 0.252850 0.000000
vt  0.300909 0.255865 0.000000
vt  0.300909 0.255865 0.000000
vt  0.300909 0.255865 0.000000
vt  0.302455 0.250490 0.000000
vt  0.302455 0.250490 0.000000
vt  0.307743 0.237165 0.000000
vt  0.307743 0.237165 0.000000
vt  0.310124 0.223210 0.000000
vt  0.310124 0.223210 0.000000
vt  0.310124 0.223210 0.000000
vt  0.309457 0.222833 0.000000
vt  0.309457 0.222833 0.000000
vt  0.309457 0.222833 0.000000
vt  0.308969 0.228289 0.000000
vt  0.308969 0.228289 0.000000
vt  0.307847 0.233747 0.000000
vt  0.307847 0.233747 0.000000
vt  0.307847 0.233747 0.000000
vt  0.292630 0.256747 0.000000
vt  0.292630 0.256747 0.000000
vt  0.313408 0.209708 0.000000
vt  0.313408 0.209708 0.000000
vt  0.313408 0.209708 0.000000
vt  0.315486 0.214949 0.000000
vt  0.315486 0.214949 0.000000
vt  0.316837 0.046934 0.000000
vt  0.316837 0.046934 0.000000
vt  0.316837 0.046934 0.000000
vt  0.315490 0.058966 0.000000
vt  0.315490 0.058966 0.000000
vt  0.313408 0.064225 0.000000
vt  0.313408 0.064225 0.000000
vt  0.313408 0.064225 0.000000
vt  0.311380 0.060995 0.000000
vt  0.311380 0.060995 0.000000
vt  0.310124 0.050722 0.000000
vt  0.310124 0.050722 0.000000
vt  0.310124 0.050722 0.000000
vt  0.309457 0.051098 0.000000
vt  0.309457 0.051098 0.000000
vt  0.309457 0.051098 0.000000
vt  0.309767 0.058141 0.000000
vt  0.309767 0.058141 0.000000
vt  0.310229 0.064790 0.000000
vt  0.310229 0.064790 0.000000
vt  0.310229 0.064790 0.000000
vt  0.312985 0.136966 0.000000
vt  0.312985 0.136966 0.000000
vt  0.310229 0.209141 0.000000
vt  0.310229 0.209141 0.000000
vt  0.310229 0.209141 0.000000
vt  0.309767 0.215790 0.000000
vt  0.309767 0.215790 0.000000
vt  0.311383 0.212924 0.000000
vt  0.311383 0.212924 0.000000
vt  0.252912 0.256535 0.000000
vt  0.252912 0.256535 0.000000
vt  0.252912 0.256535 0.000000
vt  0.251395 0.247994 0.000000
vt  0.251395 0.247994 0.000000
vt  0.250779 0.231318 0.000000
vt  0.250779 0.231318 0.000000
vt  0.251388 0.215821 0.000000
vt  0.251388 0.215821 0.000000
vt  0.252912 0.210254 0.000000
vt  0.252912 0.210254 0.000000
vt  0.252912 0.210254 0.000000
vt  0.254480 0.218369 0.000000
vt  0.254480 0.218369 0.000000
vt  0.255147 0.235675 0.000000
vt  0.255147 0.235675 0.000000
vt  0.254487 0.251600 0.000000
vt  0.254487 0.251600 0.000000
vt  0.295778 0.235265 0.000000
vt  0.295778 0.235265 0.000000
vt  0.295778 0.235265 0.000000
vt  0.291289 0.245285 0.000000
vt  0.291289 0.245285 0.000000
vt  0.280473 0.249484 0.000000
vt  0.280473 0.249484 0.000000
vt  0.270586 0.245727 0.000000
vt  0.270586 0.245727 0.000000
vt  0.266471 0.235616 0.000000
vt  0.266471 0.235616 0.000000
vt  0.266471 0.235616 0.000000
vt  0.270414 0.225106 0.000000
vt  0.270414 0.225106 0.000000
vt  0.280591 0.220387 0.000000
vt  0.280591 0.220387 0.000000
vt  0.291095 0.224693 0.000000
vt  0.291095 0.224693 0.000000
vt  0.307769 0.036858 0.000000
vt  0.307769 0.036858 0.000000
vt  0.302808 0.024187 0.000000
vt  0.302808 0.024187 0.000000
vt  0.300909 0.018066 0.000000
vt  0.300909 0.018066 0.000000
vt  0.300909 0.018066 0.000000
vt  0.306190 0.020526 0.000000
vt  0.306190 0.020526 0.000000
vt  0.314462 0.032298 0.000000
vt  0.314462 0.032298 0.000000
vt  0.292630 0.017184 0.000000
vt  0.292630 0.017184 0.000000
vt  0.307847 0.040184 0.000000
vt  0.307847 0.040184 0.000000
vt  0.307847 0.040184 0.000000
vt  0.308969 0.045642 0.000000
vt  0.308969 0.045642 0.000000
vt  0.252912 0.063677 0.000000
vt  0.252912 0.063677 0.000000
vt  0.252912 0.063677 0.000000
vt  0.251395 0.058182 0.000000
vt  0.251395 0.058182 0.000000
vt  0.250779 0.042716 0.000000
vt  0.250779 0.042716 0.000000
vt  0.251388 0.026023 0.000000
vt  0.251388 0.026023 0.000000
vt  0.252912 0.017396 0.000000
vt  0.252912 0.017396 0.000000
vt  0.252912 0.017396 0.000000
vt  0.254480 0.022260 0.000000
vt  0.254480 0.022260 0.000000
vt  0.255147 0.038148 0.000000
vt  0.255147 0.038148 0.000000
vt  0.254487 0.055474 0.000000
vt  0.254487 0.055474 0.000000
vt  0.295778 0.038666 0.000000
vt  0.295778 0.038666 0.000000
vt  0.295778 0.038666 0.000000
vt  0.291289 0.049051 0.000000
vt  0.291289 0.049051 0.000000
vt  0.280473 0.053543 0.000000
vt  0.280473 0.053543 0.000000
vt  0.270586 0.049017 0.000000
vt  0.270586 0.049017 0.000000
vt  0.266471 0.038315 0.000000
vt  0.266471 0.038315 0.000000
vt  0.266471 0.038315 0.000000
vt  0.270414 0.028374 0.000000
vt  0.270414 0.028374 0.000000
vt  0.280591 0.024449 0.000000
vt  0.280591 0.024449 0.000000
vt  0.291095 0.028472 0.000000
vt  0.291095 0.028472 0.000000
vt  0.238513 0.039419 0.000000
vt  0.238513 0.039419 0.000000
vt  0.238513 0.039419 0.000000
vt  0.234804 0.011777 0.000000
vt  0.234804 0.011777 0.000000
vt  0.233557 0.008388 0.000000
vt  0.233557 0.008388 0.000000
vt  0.233557 0.008388 0.000000
vt  0.231472 0.002725 0.000000
vt  0.231472 0.002725 0.000000
vt  0.229409 0.003479 0.000000
vt  0.229409 0.003479 0.000000
vt  0.227460 0.010098 0.000000
vt  0.227460 0.010098 0.000000
vt  0.225699 0.021853 0.000000
vt  0.225699 0.021853 0.000000
vt  0.224104 0.038949 0.000000
vt  0.224104 0.038949 0.000000
vt  0.222828 0.059812 0.000000
vt  0.222828 0.059812 0.000000
vt  0.221897 0.083469 0.000000
vt  0.221897 0.083469 0.000000
vt  0.221323 0.109053 0.000000
vt  0.221323 0.109053 0.000000
vt  0.221118 0.135575 0.000000
vt  0.221118 0.135575 0.000000
vt  0.221284 0.162137 0.000000
vt  0.221284 0.162137 0.000000
vt  0.221820 0.187870 0.000000
vt  0.221820 0.187870 0.000000
vt  0.222720 0.211870 0.000000
vt  0.222720 0.211870 0.000000
vt  0.223968 0.233137 0.000000
vt  0.223968 0.233137 0.000000
vt  0.225530 0.250602 0.000000
vt  0.225530 0.250602 0.000000
vt  0.227364 0.263347 0.000000
vt  0.227364 0.263347 0.000000
vt  0.229409 0.270452 0.000000
vt  0.229409 0.270452 0.000000
vt  0.231472 0.271206 0.000000
vt  0.231472 0.271206 0.000000
vt  0.233557 0.265544 0.000000
vt  0.233557 0.265544 0.000000
vt  0.233557 0.265544 0.000000
vt  0.234804 0.262155 0.000000
vt  0.234804 0.262155 0.000000
vt  0.238513 0.234513 0.000000
vt  0.238513 0.234513 0.000000
vt  0.238513 0.234513 0.000000
vt  0.238641 0.221659 0.000000
vt  0.238641 0.221659 0.000000
vt  0.239018 0.209737 0.000000
vt  0.239018 0.209737 0.000000
vt  0.239018 0.209737 0.000000
vt  0.240490 0.136966 0.000000
vt  0.240490 0.136966 0.000000
vt  0.239018 0.064194 0.000000
vt  0.239018 0.064194 0.000000
vt  0.239018 0.064194 0.000000
vt  0.238641 0.052272 0.000000
vt  0.238641 0.052272 0.000000
vt  0.229409 0.008193 0.000000
vt  0.229409 0.008193 0.000000
vt  0.229409 0.008193 0.000000
vt  0.233588 0.014053 0.000000
vt  0.233588 0.014053 0.000000
vt  0.237299 0.047478 0.000000
vt  0.237299 0.047478 0.000000
vt  0.239522 0.104042 0.000000
vt  0.239522 0.104042 0.000000
vt  0.239520 0.169978 0.000000
vt  0.239520 0.169978 0.000000
vt  0.237293 0.226535 0.000000
vt  0.237293 0.226535 0.000000
vt  0.233578 0.259924 0.000000
vt  0.233578 0.259924 0.000000
vt  0.229409 0.265738 0.000000
vt  0.229409 0.265738 0.000000
vt  0.229409 0.265738 0.000000
vt  0.225674 0.246911 0.000000
vt  0.225674 0.246911 0.000000
vt  0.222967 0.210094 0.000000
vt  0.222967 0.210094 0.000000
vt  0.221558 0.162528 0.000000
vt  0.221558 0.162528 0.000000
vt  0.221559 0.111333 0.000000
vt  0.221559 0.111333 0.000000
vt  0.222971 0.063761 0.000000
vt  0.222971 0.063761 0.000000
vt  0.225682 0.026952 0.000000
vt  0.225682 0.026952 0.000000
vt  0.222708 0.265795 0.000000
vt  0.222708 0.265795 0.000000
vt  0.222708 0.265795 0.000000
vt  0.219336 0.247023 0.000000
vt  0.219336 0.247023 0.000000
vt  0.216883 0.210197 0.000000
vt  0.216883 0.210197 0.000000
vt  0.215605 0.162607 0.000000
vt  0.215605 0.162607 0.000000
vt  0.215604 0.111394 0.000000
vt  0.215604 0.111394 0.000000
vt  0.216879 0.063810 0.000000
vt  0.216879 0.063810 0.000000
vt  0.219329 0.026976 0.000000
vt  0.219329 0.026976 0.000000
vt  0.222708 0.008136 0.000000
vt  0.222708 0.008136 0.000000
vt  0.222708 0.008136 0.000000
vt  0.226481 0.013946 0.000000
vt  0.226481 0.013946 0.000000
vt  0.229843 0.047347 0.000000
vt  0.229843 0.047347 0.000000
vt  0.231859 0.103934 0.000000
vt  0.231859 0.103934 0.000000
vt  0.231861 0.169908 0.000000
vt  0.231861 0.169908 0.000000
vt  0.229848 0.226503 0.000000
vt  0.229848 0.226503 0.000000
vt  0.226490 0.259939 0.000000
vt  0.226490 0.259939 0.000000
vt  0.222708 0.017585 0.000000
vt  0.222708 0.017585 0.000000
vt  0.222708 0.017585 0.000000
vt  0.224745 0.017981 0.000000
vt  0.224745 0.017981 0.000000
vt  0.226758 0.026988 0.000000
vt  0.226758 0.026988 0.000000
vt  0.228584 0.044664 0.000000
vt  0.228584 0.044664 0.000000
vt  0.230053 0.070258 0.000000
vt  0.230053 0.070258 0.000000
vt  0.231007 0.101967 0.000000
vt  0.231007 0.101967 0.000000
vt  0.231338 0.137023 0.000000
vt  0.231338 0.137023 0.000000
vt  0.231005 0.172072 0.000000
vt  0.231005 0.172072 0.000000
vt  0.230049 0.203759 0.000000
vt  0.230049 0.203759 0.000000
vt  0.228577 0.229355 0.000000
vt  0.228577 0.229355 0.000000
vt  0.226749 0.247006 0.000000
vt  0.226749 0.247006 0.000000
vt  0.224740 0.255961 0.000000
vt  0.224740 0.255961 0.000000
vt  0.222708 0.256346 0.000000
vt  0.222708 0.256346 0.000000
vt  0.222708 0.256346 0.000000
vt  0.220794 0.248834 0.000000
vt  0.220794 0.248834 0.000000
vt  0.219116 0.234578 0.000000
vt  0.219116 0.234578 0.000000
vt  0.217750 0.214910 0.000000
vt  0.217750 0.214910 0.000000
vt  0.216744 0.191163 0.000000
vt  0.216744 0.191163 0.000000
vt  0.216130 0.164712 0.000000
vt  0.216130 0.164712 0.000000
vt  0.215923 0.136921 0.000000
vt  0.215923 0.136921 0.000000
vt  0.216131 0.109132 0.000000
vt  0.216131 0.109132 0.000000
vt  0.216746 0.082694 0.000000
vt  0.216746 0.082694 0.000000
vt  0.217755 0.058934 0.000000
vt  0.217755 0.058934 0.000000
vt  0.219123 0.039273 0.000000
vt  0.219123 0.039273 0.000000
vt  0.220798 0.025070 0.000000
vt  0.220798 0.025070 0.000000
vt  0.229409 0.256293 0.000000
vt  0.229409 0.256293 0.000000
vt  0.229409 0.256293 0.000000
vt  0.227299 0.248815 0.000000
vt  0.227299 0.248815 0.000000
vt  0.225447 0.234619 0.000000
vt  0.225447 0.234619 0.000000
vt  0.223935 0.214968 0.000000
vt  0.223935 0.214968 0.000000
vt  0.222820 0.191217 0.000000
vt  0.222820 0.191217 0.000000
vt  0.222140 0.164790 0.000000
vt  0.222140 0.164790 0.000000
vt  0.221911 0.137010 0.000000
vt  0.221911 0.137010 0.000000
vt  0.222138 0.109229 0.000000
vt  0.222138 0.109229 0.000000
vt  0.222818 0.082789 0.000000
vt  0.222818 0.082789 0.000000
vt  0.223930 0.059051 0.000000
vt  0.223930 0.059051 0.000000
vt  0.225439 0.039392 0.000000
vt  0.225439 0.039392 0.000000
vt  0.227294 0.025144 0.000000
vt  0.227294 0.025144 0.000000
vt  0.229409 0.017638 0.000000
vt  0.229409 0.017638 0.000000
vt  0.229409 0.017638 0.000000
vt  0.231660 0.255894 0.000000
vt  0.231660 0.255894 0.000000
vt  0.233885 0.246888 0.000000
vt  0.233885 0.246888 0.000000
vt  0.235901 0.229218 0.000000
vt  0.235901 0.229218 0.000000
vt  0.237524 0.203636 0.000000
vt  0.237524 0.203636 0.000000
vt  0.238579 0.171944 0.000000
vt  0.238579 0.171944 0.000000
vt  0.238944 0.136909 0.000000
vt  0.238944 0.136909 0.000000
vt  0.238577 0.101879 0.000000
vt  0.238577 0.101879 0.000000
vt  0.237520 0.070210 0.000000
vt  0.237520 0.070210 0.000000
vt  0.235894 0.044626 0.000000
vt  0.235894 0.044626 0.000000
vt  0.233875 0.026981 0.000000
vt  0.233875 0.026981 0.000000
vt  0.231654 0.018026 0.000000
vt  0.231654 0.018026 0.000000
vt  0.236427 0.168607 0.000000
vt  0.236427 0.168607 0.000000
vt  0.236427 0.168607 0.000000
vt  0.236427 0.105324 0.000000
vt  0.236427 0.105324 0.000000
vt  0.236427 0.105324 0.000000
vt  0.236666 0.097753 0.000000
vt  0.236666 0.097753 0.000000
vt  0.237248 0.094340 0.000000
vt  0.237248 0.094340 0.000000
vt  0.237840 0.097160 0.000000
vt  0.237840 0.097160 0.000000
vt  0.238087 0.104645 0.000000
vt  0.238087 0.104645 0.000000
vt  0.238087 0.104645 0.000000
vt  0.238087 0.169286 0.000000
vt  0.238087 0.169286 0.000000
vt  0.238087 0.169286 0.000000
vt  0.237840 0.176772 0.000000
vt  0.237840 0.176772 0.000000
vt  0.237248 0.179591 0.000000
vt  0.237248 0.179591 0.000000
vt  0.236666 0.176178 0.000000
vt  0.236666 0.176178 0.000000
vt  0.229409 0.223078 0.000000
vt  0.229409 0.223078 0.000000
vt  0.229409 0.223078 0.000000
vt  0.226509 0.208497 0.000000
vt  0.226509 0.208497 0.000000
vt  0.224540 0.177164 0.000000
vt  0.224540 0.177164 0.000000
vt  0.223844 0.137141 0.000000
vt  0.223844 0.137141 0.000000
vt  0.224534 0.096930 0.000000
vt  0.224534 0.096930 0.000000
vt  0.226514 0.065386 0.000000
vt  0.226514 0.065386 0.000000
vt  0.229409 0.050853 0.000000
vt  0.229409 0.050853 0.000000
vt  0.229409 0.050853 0.000000
vt  0.232570 0.059016 0.000000
vt  0.232570 0.059016 0.000000
vt  0.235063 0.090300 0.000000
vt  0.235063 0.090300 0.000000
vt  0.236023 0.136757 0.000000
vt  0.236023 0.136757 0.000000
vt  0.235071 0.183451 0.000000
vt  0.235071 0.183451 0.000000
vt  0.232564 0.214955 0.000000
vt  0.232564 0.214955 0.000000
vt  0.236849 0.184005 0.000000
vt  0.236849 0.184005 0.000000
vt  0.236849 0.184005 0.000000
vt  0.236792 0.186647 0.000000
vt  0.236792 0.186647 0.000000
vt  0.236642 0.188464 0.000000
vt  0.236642 0.188464 0.000000
vt  0.236237 0.188175 0.000000
vt  0.236237 0.188175 0.000000
vt  0.236036 0.183513 0.000000
vt  0.236036 0.183513 0.000000
vt  0.236036 0.183513 0.000000
vt  0.236091 0.180893 0.000000
vt  0.236091 0.180893 0.000000
vt  0.236240 0.179073 0.000000
vt  0.236240 0.179073 0.000000
vt  0.236645 0.179315 0.000000
vt  0.236645 0.179315 0.000000
vt  0.236849 0.089927 0.000000
vt  0.236849 0.089927 0.000000
vt  0.236849 0.089927 0.000000
vt  0.236792 0.092638 0.000000
vt  0.236792 0.092638 0.000000
vt  0.236642 0.094639 0.000000
vt  0.236642 0.094639 0.000000
vt  0.236237 0.094839 0.000000
vt  0.236237 0.094839 0.000000
vt  0.236036 0.090418 0.000000
vt  0.236036 0.090418 0.000000
vt  0.236036 0.090418 0.000000
vt  0.236091 0.087732 0.000000
vt  0.236091 0.087732 0.000000
vt  0.236240 0.085734 0.000000
vt  0.236240 0.085734 0.000000
vt  0.236645 0.085485 0.000000
vt  0.236645 0.085485 0.000000
vt  0.217554 0.179648 0.000000
vt  0.217554 0.179648 0.000000
vt  0.217554 0.179648 0.000000
vt  0.217554 0.179648 0.000000
vt  0.212022 0.177344 0.000000
vt  0.212022 0.177344 0.000000
vt  0.210081 0.172029 0.000000
vt  0.210081 0.172029 0.000000
vt  0.210081 0.172029 0.000000
vt  0.209887 0.177698 0.000000
vt  0.209887 0.177698 0.000000
vt  0.209557 0.179666 0.000000
vt  0.209557 0.179666 0.000000
vt  0.209180 0.176247 0.000000
vt  0.209180 0.176247 0.000000
vt  0.209026 0.168662 0.000000
vt  0.209026 0.168662 0.000000
vt  0.209026 0.168662 0.000000
vt  0.226258 0.169314 0.000000
vt  0.226258 0.169314 0.000000
vt  0.226258 0.169314 0.000000
vt  0.226253 0.170669 0.000000
vt  0.226253 0.170669 0.000000
vt  0.226236 0.171996 0.000000
vt  0.226236 0.171996 0.000000
vt  0.226236 0.171996 0.000000
vt  0.223894 0.177324 0.000000
vt  0.223894 0.177324 0.000000
vt  0.218421 0.179546 0.000000
vt  0.218421 0.179546 0.000000
vt  0.219269 0.179338 0.000000
vt  0.219269 0.179338 0.000000
vt  0.219269 0.179338 0.000000
vt  0.215591 0.179347 0.000000
vt  0.215591 0.179347 0.000000
vt  0.215591 0.179347 0.000000
vt  0.216563 0.179550 0.000000
vt  0.216563 0.179550 0.000000
vt  0.216505 0.179506 0.000000
vt  0.216505 0.179506 0.000000
vt  0.217430 0.179557 0.000000
vt  0.217430 0.179557 0.000000
vt  0.218356 0.179501 0.000000
vt  0.218356 0.179501 0.000000
vt  0.229353 0.173624 0.000000
vt  0.229353 0.173624 0.000000
vt  0.229353 0.173624 0.000000
vt  0.229353 0.173624 0.000000
vt  0.230151 0.174041 0.000000
vt  0.230151 0.174041 0.000000
vt  0.230151 0.174041 0.000000
vt  0.227650 0.180091 0.000000
vt  0.227650 0.180091 0.000000
vt  0.221608 0.182612 0.000000
vt  0.221608 0.182612 0.000000
vt  0.215561 0.180124 0.000000
vt  0.215561 0.180124 0.000000
vt  0.213056 0.174080 0.000000
vt  0.213056 0.174080 0.000000
vt  0.213056 0.174080 0.000000
vt  0.213056 0.099851 0.000000
vt  0.213056 0.099851 0.000000
vt  0.213056 0.099851 0.000000
vt  0.210081 0.101902 0.000000
vt  0.210081 0.101902 0.000000
vt  0.210081 0.101902 0.000000
vt  0.209887 0.096233 0.000000
vt  0.209887 0.096233 0.000000
vt  0.209557 0.094265 0.000000
vt  0.209557 0.094265 0.000000
vt  0.209180 0.097684 0.000000
vt  0.209180 0.097684 0.000000
vt  0.209026 0.105269 0.000000
vt  0.209026 0.105269 0.000000
vt  0.209026 0.105269 0.000000
vt  0.215561 0.093808 0.000000
vt  0.215561 0.093808 0.000000
vt  0.221608 0.091319 0.000000
vt  0.221608 0.091319 0.000000
vt  0.227650 0.093840 0.000000
vt  0.227650 0.093840 0.000000
vt  0.230151 0.099890 0.000000
vt  0.230151 0.099890 0.000000
vt  0.230151 0.099890 0.000000
vt  0.229353 0.100307 0.000000
vt  0.229353 0.100307 0.000000
vt  0.229353 0.100307 0.000000
vt  0.229353 0.100307 0.000000
vt  0.226236 0.101935 0.000000
vt  0.226236 0.101935 0.000000
vt  0.226236 0.101935 0.000000
vt  0.223906 0.096624 0.000000
vt  0.223906 0.096624 0.000000
vt  0.217554 0.094283 0.000000
vt  0.217554 0.094283 0.000000
vt  0.217554 0.094283 0.000000
vt  0.217554 0.094283 0.000000
vt  0.212026 0.096581 0.000000
vt  0.212026 0.096581 0.000000
vt  0.190786 0.245183 0.000000
vt  0.190786 0.245183 0.000000
vt  0.190786 0.245183 0.000000
vt  0.127877 0.245183 0.000000
vt  0.127877 0.245183 0.000000
vt  0.127877 0.245183 0.000000
vt  0.073689 0.230456 0.000000
vt  0.073689 0.230456 0.000000
vt  0.034412 0.190878 0.000000
vt  0.034412 0.190878 0.000000
vt  0.020078 0.136966 0.000000
vt  0.020078 0.136966 0.000000
vt  0.034412 0.083054 0.000000
vt  0.034412 0.083054 0.000000
vt  0.073689 0.043475 0.000000
vt  0.073689 0.043475 0.000000
vt  0.127877 0.028748 0.000000
vt  0.127877 0.028748 0.000000
vt  0.127877 0.028748 0.000000
vt  0.190786 0.028748 0.000000
vt  0.190786 0.028748 0.000000
vt  0.190786 0.028748 0.000000
vt  0.244974 0.043475 0.000000
vt  0.244974 0.043475 0.000000
vt  0.284251 0.083054 0.000000
vt  0.284251 0.083054 0.000000
vt  0.298585 0.136966 0.000000
vt  0.298585 0.136966 0.000000
vt  0.284251 0.190878 0.000000
vt  0.284251 0.190878 0.000000
vt  0.244974 0.230456 0.000000
vt  0.244974 0.230456 0.000000
vt  0.207920 0.136966 0.000000
vt  0.207920 0.136966 0.000000
vt  0.207920 0.136966 0.000000
vt  0.192611 0.089895 0.000000
vt  0.192611 0.089895 0.000000
vt  0.152649 0.060954 0.000000
vt  0.152649 0.060954 0.000000
vt  0.103324 0.061014 0.000000
vt  0.103324 0.061014 0.000000
vt  0.063348 0.090164 0.000000
vt  0.063348 0.090164 0.000000
vt  0.048235 0.136966 0.000000
vt  0.048235 0.136966 0.000000
vt  0.048235 0.136966 0.000000
vt  0.063406 0.183846 0.000000
vt  0.063406 0.183846 0.000000
vt  0.103144 0.212859 0.000000
vt  0.103144 0.212859 0.000000
vt  0.152469 0.213035 0.000000
vt  0.152469 0.213035 0.000000
vt  0.192669 0.183957 0.000000
vt  0.192669 0.183957 0.000000
vt  0.214481 0.206541 0.000000
vt  0.214481 0.206541 0.000000
vt  0.214481 0.206541 0.000000
vt  0.215465 0.210133 0.000000
vt  0.215465 0.210133 0.000000
vt  0.218082 0.212697 0.000000
vt  0.218082 0.212697 0.000000
vt  0.225180 0.212636 0.000000
vt  0.225180 0.212636 0.000000
vt  0.228728 0.206479 0.000000
vt  0.228728 0.206479 0.000000
vt  0.228728 0.206479 0.000000
vt  0.227746 0.202889 0.000000
vt  0.227746 0.202889 0.000000
vt  0.225132 0.200324 0.000000
vt  0.225132 0.200324 0.000000
vt  0.218034 0.200380 0.000000
vt  0.218034 0.200380 0.000000
vt  0.214481 0.067390 0.000000
vt  0.214481 0.067390 0.000000
vt  0.214481 0.067390 0.000000
vt  0.215465 0.070992 0.000000
vt  0.215465 0.070992 0.000000
vt  0.218082 0.073579 0.000000
vt  0.218082 0.073579 0.000000
vt  0.225180 0.073580 0.000000
vt  0.225180 0.073580 0.000000
vt  0.228728 0.067452 0.000000
vt  0.228728 0.067452 0.000000
vt  0.228728 0.067452 0.000000
vt  0.227746 0.063854 0.000000
vt  0.227746 0.063854 0.000000
vt  0.225132 0.061268 0.000000
vt  0.225132 0.061268 0.000000
vt  0.218034 0.061262 0.000000
vt  0.218034 0.061262 0.000000
vt  0.191929 0.206610 0.000000
vt  0.191929 0.206610 0.000000
vt  0.191929 0.206610 0.000000
vt  0.192717 0.209488 0.000000
vt  0.192717 0.209488 0.000000
vt  0.194815 0.211545 0.000000
vt  0.194815 0.211545 0.000000
vt  0.200507 0.211506 0.000000
vt  0.200507 0.211506 0.000000
vt  0.203353 0.206579 0.000000
vt  0.203353 0.206579 0.000000
vt  0.203353 0.206579 0.000000
vt  0.202566 0.203702 0.000000
vt  0.202566 0.203702 0.000000
vt  0.200469 0.201644 0.000000
vt  0.200469 0.201644 0.000000
vt  0.194777 0.201680 0.000000
vt  0.194777 0.201680 0.000000
vt  0.191929 0.067321 0.000000
vt  0.191929 0.067321 0.000000
vt  0.191929 0.067321 0.000000
vt  0.192717 0.070204 0.000000
vt  0.192717 0.070204 0.000000
vt  0.194815 0.072273 0.000000
vt  0.194815 0.072273 0.000000
vt  0.200507 0.072265 0.000000
vt  0.200507 0.072265 0.000000
vt  0.203353 0.067352 0.000000
vt  0.203353 0.067352 0.000000
vt  0.203353 0.067352 0.000000
vt  0.202566 0.064471 0.000000
vt  0.202566 0.064471 0.000000
vt  0.200469 0.062403 0.000000
vt  0.200469 0.062403 0.000000
vt  0.194777 0.062409 0.000000
vt  0.194777 0.062409 0.000000
vt  0.244934 0.099933 0.000000
vt  0.244934 0.099933 0.000000
vt  0.244934 0.099933 0.000000
vt  0.244934 0.173998 0.000000
vt  0.244934 0.173998 0.000000
vt  0.244934 0.173998 0.000000
vt  0.260972 0.167281 0.000000
vt  0.260972 0.167281 0.000000
vt  0.267602 0.151183 0.000000
vt  0.267602 0.151183 0.000000
vt  0.267602 0.151183 0.000000
vt  0.267602 0.122748 0.000000
vt  0.267602 0.122748 0.000000
vt  0.267602 0.122748 0.000000
vt  0.260972 0.106650 0.000000
vt  0.260972 0.106650 0.000000
vt  0.083448 0.193799 0.000000
vt  0.083448 0.193799 0.000000
vt  0.083448 0.193799 0.000000
vt  0.121167 0.210131 0.000000
vt  0.121167 0.210131 0.000000
vt  0.161873 0.203696 0.000000
vt  0.161873 0.203696 0.000000
vt  0.192722 0.176479 0.000000
vt  0.192722 0.176479 0.000000
vt  0.204180 0.136966 0.000000
vt  0.204180 0.136966 0.000000
vt  0.204180 0.136966 0.000000
vt  0.053747 0.136966 0.000000
vt  0.053747 0.136966 0.000000
vt  0.053747 0.136966 0.000000
vt  0.061283 0.169006 0.000000
vt  0.061283 0.169006 0.000000
vt  0.082302 0.194654 0.000000
vt  0.082302 0.194654 0.000000
vt  0.082302 0.194654 0.000000
vt  0.083448 0.080132 0.000000
vt  0.083448 0.080132 0.000000
vt  0.083448 0.080132 0.000000
vt  0.105403 0.067596 0.000000
vt  0.105403 0.067596 0.000000
vt  0.130300 0.063213 0.000000
vt  0.130300 0.063213 0.000000
vt  0.155234 0.067496 0.000000
vt  0.155234 0.067496 0.000000
vt  0.177281 0.079978 0.000000
vt  0.177281 0.079978 0.000000
vt  0.197122 0.105452 0.000000
vt  0.197122 0.105452 0.000000
vt  0.090211 0.251570 0.000000
vt  0.090211 0.251570 0.000000
vt  0.090211 0.251570 0.000000
vt  0.093964 0.231028 0.000000
vt  0.093964 0.231028 0.000000
vt  0.096465 0.189492 0.000000
vt  0.096465 0.189492 0.000000
vt  0.097342 0.137167 0.000000
vt  0.097342 0.137167 0.000000
vt  0.096480 0.084858 0.000000
vt  0.096480 0.084858 0.000000
vt  0.093973 0.043001 0.000000
vt  0.093973 0.043001 0.000000
vt  0.090211 0.022361 0.000000
vt  0.090211 0.022361 0.000000
vt  0.090211 0.022361 0.000000
vt  0.087227 0.025403 0.000000
vt  0.087227 0.025403 0.000000
vt  0.084431 0.044763 0.000000
vt  0.084431 0.044763 0.000000
vt  0.082302 0.079277 0.000000
vt  0.082302 0.079277 0.000000
vt  0.082302 0.079277 0.000000
vt  0.084437 0.229228 0.000000
vt  0.084437 0.229228 0.000000
vt  0.087227 0.248521 0.000000
vt  0.087227 0.248521 0.000000
vt  0.090211 0.215224 0.000000
vt  0.090211 0.215224 0.000000
vt  0.090211 0.215224 0.000000
vt  0.086873 0.203355 0.000000
vt  0.086873 0.203355 0.000000
vt  0.084648 0.163214 0.000000
vt  0.084648 0.163214 0.000000
vt  0.084642 0.110968 0.000000
vt  0.084642 0.110968 0.000000
vt  0.086877 0.070539 0.000000
vt  0.086877 0.070539 0.000000
vt  0.090211 0.058708 0.000000
vt  0.090211 0.058708 0.000000
vt  0.090211 0.058708 0.000000
vt  0.093256 0.076401 0.000000
vt  0.093256 0.076401 0.000000
vt  0.095004 0.114350 0.000000
vt  0.095004 0.114350 0.000000
vt  0.095008 0.159361 0.000000
vt  0.095008 0.159361 0.000000
vt  0.093252 0.197571 0.000000
vt  0.093252 0.197571 0.000000
vt  0.061292 0.104908 0.000000
vt  0.061292 0.104908 0.000000
vt  0.147794 0.058526 0.000000
vt  0.147794 0.058526 0.000000
vt  0.147794 0.058526 0.000000
vt  0.148303 0.076232 0.000000
vt  0.148303 0.076232 0.000000
vt  0.148597 0.114525 0.000000
vt  0.148597 0.114525 0.000000
vt  0.148596 0.159626 0.000000
vt  0.148596 0.159626 0.000000
vt  0.148303 0.197659 0.000000
vt  0.148303 0.197659 0.000000
vt  0.147794 0.215405 0.000000
vt  0.147794 0.215405 0.000000
vt  0.147794 0.215405 0.000000
vt  0.147235 0.203561 0.000000
vt  0.147235 0.203561 0.000000
vt  0.146861 0.163033 0.000000
vt  0.146861 0.163033 0.000000
vt  0.146862 0.110646 0.000000
vt  0.146862 0.110646 0.000000
vt  0.147234 0.070407 0.000000
vt  0.147234 0.070407 0.000000
vt  0.147794 0.068807 0.000000
vt  0.147794 0.068807 0.000000
vt  0.147794 0.068807 0.000000
vt  0.148239 0.083951 0.000000
vt  0.148239 0.083951 0.000000
vt  0.148497 0.117131 0.000000
vt  0.148497 0.117131 0.000000
vt  0.148497 0.156651 0.000000
vt  0.148497 0.156651 0.000000
vt  0.148238 0.190030 0.000000
vt  0.148238 0.190030 0.000000
vt  0.147794 0.205125 0.000000
vt  0.147794 0.205125 0.000000
vt  0.147794 0.205125 0.000000
vt  0.147311 0.194408 0.000000
vt  0.147311 0.194408 0.000000
vt  0.146993 0.159553 0.000000
vt  0.146993 0.159553 0.000000
vt  0.146992 0.114546 0.000000
vt  0.146992 0.114546 0.000000
vt  0.147312 0.079477 0.000000
vt  0.147312 0.079477 0.000000
vt  0.173754 0.205122 0.000000
vt  0.173754 0.205122 0.000000
vt  0.173754 0.205122 0.000000
vt  0.174356 0.194452 0.000000
vt  0.174356 0.194452 0.000000
vt  0.174756 0.159384 0.000000
vt  0.174756 0.159384 0.000000
vt  0.174755 0.114379 0.000000
vt  0.174755 0.114379 0.000000
vt  0.174357 0.079525 0.000000
vt  0.174357 0.079525 0.000000
vt  0.173754 0.068809 0.000000
vt  0.173754 0.068809 0.000000
vt  0.173754 0.068809 0.000000
vt  0.173754 0.053515 0.000000
vt  0.173754 0.053515 0.000000
vt  0.173754 0.053515 0.000000
vt  0.173174 0.067568 0.000000
vt  0.173174 0.067568 0.000000
vt  0.172780 0.097937 0.000000
vt  0.172780 0.097937 0.000000
vt  0.172640 0.136802 0.000000
vt  0.172640 0.136802 0.000000
vt  0.172779 0.175846 0.000000
vt  0.172779 0.175846 0.000000
vt  0.173175 0.206412 0.000000
vt  0.173175 0.206412 0.000000
vt  0.173754 0.220416 0.000000
vt  0.173754 0.220416 0.000000
vt  0.173754 0.220416 0.000000
vt  0.174384 0.212404 0.000000
vt  0.174384 0.212404 0.000000
vt  0.174879 0.182079 0.000000
vt  0.174879 0.182079 0.000000
vt  0.175070 0.137159 0.000000
vt  0.175070 0.137159 0.000000
vt  0.174881 0.092015 0.000000
vt  0.174881 0.092015 0.000000
vt  0.174382 0.061485 0.000000
vt  0.174382 0.061485 0.000000
vt  0.173197 0.189979 0.000000
vt  0.173197 0.189979 0.000000
vt  0.172875 0.156799 0.000000
vt  0.172875 0.156799 0.000000
vt  0.172874 0.117281 0.000000
vt  0.172874 0.117281 0.000000
vt  0.173198 0.083903 0.000000
vt  0.173198 0.083903 0.000000
vt  0.181924 0.220404 0.000000
vt  0.181924 0.220404 0.000000
vt  0.181924 0.220404 0.000000
vt  0.182909 0.212433 0.000000
vt  0.182909 0.212433 0.000000
vt  0.183689 0.181908 0.000000
vt  0.183689 0.181908 0.000000
vt  0.183985 0.136772 0.000000
vt  0.183985 0.136772 0.000000
vt  0.183687 0.091860 0.000000
vt  0.183687 0.091860 0.000000
vt  0.182911 0.061540 0.000000
vt  0.182911 0.061540 0.000000
vt  0.181924 0.053527 0.000000
vt  0.181924 0.053527 0.000000
vt  0.181924 0.053527 0.000000
vt  0.181924 0.050664 0.000000
vt  0.181924 0.050664 0.000000
vt  0.181924 0.050664 0.000000
vt  0.180986 0.065290 0.000000
vt  0.180986 0.065290 0.000000
vt  0.180350 0.096690 0.000000
vt  0.180350 0.096690 0.000000
vt  0.180125 0.136790 0.000000
vt  0.180125 0.136790 0.000000
vt  0.180348 0.177077 0.000000
vt  0.180348 0.177077 0.000000
vt  0.180988 0.208690 0.000000
vt  0.180988 0.208690 0.000000
vt  0.181924 0.223267 0.000000
vt  0.181924 0.223267 0.000000
vt  0.181924 0.223267 0.000000
vt  0.182946 0.215102 0.000000
vt  0.182946 0.215102 0.000000
vt  0.183753 0.183751 0.000000
vt  0.183753 0.183751 0.000000
vt  0.184063 0.137174 0.000000
vt  0.184063 0.137174 0.000000
vt  0.183755 0.090361 0.000000
vt  0.183755 0.090361 0.000000
vt  0.182944 0.058789 0.000000
vt  0.182944 0.058789 0.000000
vt  0.181016 0.206353 0.000000
vt  0.181016 0.206353 0.000000
vt  0.180399 0.175989 0.000000
vt  0.180399 0.175989 0.000000
vt  0.180180 0.137129 0.000000
vt  0.180180 0.137129 0.000000
vt  0.180397 0.098090 0.000000
vt  0.180397 0.098090 0.000000
vt  0.181018 0.067528 0.000000
vt  0.181018 0.067528 0.000000
vt  0.189611 0.223250 0.000000
vt  0.189611 0.223250 0.000000
vt  0.189611 0.223250 0.000000
vt  0.190978 0.215125 0.000000
vt  0.190978 0.215125 0.000000
vt  0.192064 0.183559 0.000000
vt  0.192064 0.183559 0.000000
vt  0.192477 0.136757 0.000000
vt  0.192477 0.136757 0.000000
vt  0.192061 0.090191 0.000000
vt  0.192061 0.090191 0.000000
vt  0.190980 0.058847 0.000000
vt  0.190980 0.058847 0.000000
vt  0.189611 0.050682 0.000000
vt  0.189611 0.050682 0.000000
vt  0.189611 0.050682 0.000000
vt  0.188355 0.208628 0.000000
vt  0.188355 0.208628 0.000000
vt  0.187502 0.177234 0.000000
vt  0.187502 0.177234 0.000000
vt  0.187200 0.137141 0.000000
vt  0.187200 0.137141 0.000000
vt  0.187499 0.096861 0.000000
vt  0.187499 0.096861 0.000000
vt  0.188357 0.065254 0.000000
vt  0.188357 0.065254 0.000000
vt  0.189611 0.218812 0.000000
vt  0.189611 0.218812 0.000000
vt  0.189611 0.218812 0.000000
vt  0.190402 0.216809 0.000000
vt  0.190402 0.216809 0.000000
vt  0.191145 0.206571 0.000000
vt  0.191145 0.206571 0.000000
vt  0.191762 0.188565 0.000000
vt  0.191762 0.188565 0.000000
vt  0.192171 0.164544 0.000000
vt  0.192171 0.164544 0.000000
vt  0.192316 0.137151 0.000000
vt  0.192316 0.137151 0.000000
vt  0.192174 0.109668 0.000000
vt  0.192174 0.109668 0.000000
vt  0.191765 0.085454 0.000000
vt  0.191765 0.085454 0.000000
vt  0.191143 0.067327 0.000000
vt  0.191143 0.067327 0.000000
vt  0.190398 0.057094 0.000000
vt  0.190398 0.057094 0.000000
vt  0.189611 0.055119 0.000000
vt  0.189611 0.055119 0.000000
vt  0.189611 0.055119 0.000000
vt  0.188859 0.061070 0.000000
vt  0.188859 0.061070 0.000000
vt  0.188218 0.073744 0.000000
vt  0.188218 0.073744 0.000000
vt  0.187727 0.091776 0.000000
vt  0.187727 0.091776 0.000000
vt  0.187420 0.113374 0.000000
vt  0.187420 0.113374 0.000000
vt  0.187316 0.136809 0.000000
vt  0.187316 0.136809 0.000000
vt  0.187418 0.160313 0.000000
vt  0.187418 0.160313 0.000000
vt  0.187725 0.182073 0.000000
vt  0.187725 0.182073 0.000000
vt  0.188219 0.200224 0.000000
vt  0.188219 0.200224 0.000000
vt  0.188862 0.212904 0.000000
vt  0.188862 0.212904 0.000000
vt  0.203533 0.055161 0.000000
vt  0.203533 0.055161 0.000000
vt  0.203533 0.055161 0.000000
vt  0.202441 0.061064 0.000000
vt  0.202441 0.061064 0.000000
vt  0.201503 0.073737 0.000000
vt  0.201503 0.073737 0.000000
vt  0.200782 0.091879 0.000000
vt  0.200782 0.091879 0.000000
vt  0.200335 0.113629 0.000000
vt  0.200335 0.113629 0.000000
vt  0.200185 0.137122 0.000000
vt  0.200185 0.137122 0.000000
vt  0.200338 0.160547 0.000000
vt  0.200338 0.160547 0.000000
vt  0.200785 0.182135 0.000000
vt  0.200785 0.182135 0.000000
vt  0.201501 0.200157 0.000000
vt  0.201501 0.200157 0.000000
vt  0.202437 0.212824 0.000000
vt  0.202437 0.212824 0.000000
vt  0.203533 0.218770 0.000000
vt  0.203533 0.218770 0.000000
vt  0.203533 0.218770 0.000000
vt  0.203533 0.223205 0.000000
vt  0.203533 0.223205 0.000000
vt  0.203533 0.223205 0.000000
vt  0.205531 0.215040 0.000000
vt  0.205531 0.215040 0.000000
vt  0.207108 0.183712 0.000000
vt  0.207108 0.183712 0.000000
vt  0.207715 0.137174 0.000000
vt  0.207715 0.137174 0.000000
vt  0.207113 0.090400 0.000000
vt  0.207113 0.090400 0.000000
vt  0.205528 0.058850 0.000000
vt  0.205528 0.058850 0.000000
vt  0.203533 0.050726 0.000000
vt  0.203533 0.050726 0.000000
vt  0.203533 0.050726 0.000000
vt  0.201701 0.065337 0.000000
vt  0.201701 0.065337 0.000000
vt  0.200457 0.096716 0.000000
vt  0.200457 0.096716 0.000000
vt  0.200017 0.136790 0.000000
vt  0.200017 0.136790 0.000000
vt  0.200453 0.177052 0.000000
vt  0.200453 0.177052 0.000000
vt  0.201704 0.208643 0.000000
vt  0.201704 0.208643 0.000000
vt  0.204687 0.057166 0.000000
vt  0.204687 0.057166 0.000000
vt  0.205771 0.067400 0.000000
vt  0.205771 0.067400 0.000000
vt  0.206672 0.085396 0.000000
vt  0.206672 0.085396 0.000000
vt  0.207268 0.109404 0.000000
vt  0.207268 0.109404 0.000000
vt  0.207479 0.136781 0.000000
vt  0.207479 0.136781 0.000000
vt  0.207273 0.164247 0.000000
vt  0.207273 0.164247 0.000000
vt  0.206675 0.188447 0.000000
vt  0.206675 0.188447 0.000000
vt  0.205769 0.206565 0.000000
vt  0.205769 0.206565 0.000000
vt  0.204682 0.216793 0.000000
vt  0.204682 0.216793 0.000000
vt  0.225340 0.203101 0.000000
vt  0.225340 0.203101 0.000000
vt  0.225340 0.203101 0.000000
vt  0.221964 0.197268 0.000000
vt  0.221964 0.197268 0.000000
vt  0.215211 0.197266 0.000000
vt  0.215211 0.197266 0.000000
vt  0.212722 0.199727 0.000000
vt  0.212722 0.199727 0.000000
vt  0.211786 0.203154 0.000000
vt  0.211786 0.203154 0.000000
vt  0.211786 0.203154 0.000000
vt  0.215166 0.208987 0.000000
vt  0.215166 0.208987 0.000000
vt  0.221919 0.208985 0.000000
vt  0.221919 0.208985 0.000000
vt  0.224406 0.206525 0.000000
vt  0.224406 0.206525 0.000000
vt  0.225340 0.070830 0.000000
vt  0.225340 0.070830 0.000000
vt  0.225340 0.070830 0.000000
vt  0.221964 0.064973 0.000000
vt  0.221964 0.064973 0.000000
vt  0.215211 0.064918 0.000000
vt  0.215211 0.064918 0.000000
vt  0.212722 0.067358 0.000000
vt  0.212722 0.067358 0.000000
vt  0.211786 0.070777 0.000000
vt  0.211786 0.070777 0.000000
vt  0.211786 0.070777 0.000000
vt  0.215166 0.076639 0.000000
vt  0.215166 0.076639 0.000000
vt  0.221919 0.076689 0.000000
vt  0.221919 0.076689 0.000000
vt  0.224406 0.074247 0.000000
vt  0.224406 0.074247 0.000000
vt  0.201894 0.204281 0.000000
vt  0.201894 0.204281 0.000000
vt  0.201894 0.204281 0.000000
vt  0.199142 0.199528 0.000000
vt  0.199142 0.199528 0.000000
vt  0.193639 0.199519 0.000000
vt  0.193639 0.199519 0.000000
vt  0.191610 0.201520 0.000000
vt  0.191610 0.201520 0.000000
vt  0.190848 0.204308 0.000000
vt  0.190848 0.204308 0.000000
vt  0.190848 0.204308 0.000000
vt  0.193602 0.209060 0.000000
vt  0.193602 0.209060 0.000000
vt  0.199105 0.209067 0.000000
vt  0.199105 0.209067 0.000000
vt  0.201133 0.207067 0.000000
vt  0.201133 0.207067 0.000000
vt  0.201894 0.069651 0.000000
vt  0.201894 0.069651 0.000000
vt  0.201894 0.069651 0.000000
vt  0.199142 0.064886 0.000000
vt  0.199142 0.064886 0.000000
vt  0.193639 0.064850 0.000000
vt  0.193639 0.064850 0.000000
vt  0.191610 0.066840 0.000000
vt  0.191610 0.066840 0.000000
vt  0.190848 0.069623 0.000000
vt  0.190848 0.069623 0.000000
vt  0.190848 0.069623 0.000000
vt  0.193602 0.074390 0.000000
vt  0.193602 0.074390 0.000000
vt  0.199105 0.074425 0.000000
vt  0.199105 0.074425 0.000000
vt  0.201133 0.072434 0.000000
vt  0.201133 0.072434 0.000000
vt  0.266387 0.122907 0.000000
vt  0.266387 0.122907 0.000000
vt  0.266387 0.122907 0.000000
vt  0.259830 0.106989 0.000000
vt  0.259830 0.106989 0.000000
vt  0.243970 0.100349 0.000000
vt  0.243970 0.100349 0.000000
vt  0.243970 0.100349 0.000000
vt  0.266387 0.151024 0.000000
vt  0.266387 0.151024 0.000000
vt  0.266387 0.151024 0.000000
vt  0.243970 0.173582 0.000000
vt  0.243970 0.173582 0.000000
vt  0.243970 0.173582 0.000000
vt  0.259830 0.166942 0.000000
vt  0.259830 0.166942 0.000000
vt  0.226258 0.104617 0.000000
vt  0.226258 0.104617 0.000000
vt  0.226258 0.104617 0.000000
vt  0.226253 0.103262 0.000000
vt  0.226253 0.103262 0.000000
vt  0.216563 0.094381 0.000000
vt  0.216563 0.094381 0.000000
vt  0.215591 0.094584 0.000000
vt  0.215591 0.094584 0.000000
vt  0.215591 0.094584 0.000000
vt  0.219269 0.094593 0.000000
vt  0.219269 0.094593 0.000000
vt  0.219269 0.094593 0.000000
vt  0.218421 0.094386 0.000000
vt  0.218421 0.094386 0.000000
vt  0.218356 0.094430 0.000000
vt  0.218356 0.094430 0.000000
vt  0.217430 0.094374 0.000000
vt  0.217430 0.094374 0.000000
vt  0.216505 0.094426 0.000000
vt  0.216505 0.094426 0.000000
vt  0.198266 0.183615 0.000000
vt  0.198266 0.183615 0.000000
vt  0.198266 0.183615 0.000000
vt  0.198368 0.179185 0.000000
vt  0.198368 0.179185 0.000000
vt  0.198574 0.179386 0.000000
vt  0.198574 0.179386 0.000000
vt  0.198651 0.181392 0.000000
vt  0.198651 0.181392 0.000000
vt  0.198680 0.184110 0.000000
vt  0.198680 0.184110 0.000000
vt  0.198680 0.184110 0.000000
vt  0.198576 0.188560 0.000000
vt  0.198576 0.188560 0.000000
vt  0.198370 0.188310 0.000000
vt  0.198370 0.188310 0.000000
vt  0.198294 0.186307 0.000000
vt  0.198294 0.186307 0.000000
vt  0.198266 0.090316 0.000000
vt  0.198266 0.090316 0.000000
vt  0.198266 0.090316 0.000000
vt  0.198368 0.085643 0.000000
vt  0.198368 0.085643 0.000000
vt  0.198574 0.085352 0.000000
vt  0.198574 0.085352 0.000000
vt  0.198651 0.087173 0.000000
vt  0.198651 0.087173 0.000000
vt  0.198680 0.089822 0.000000
vt  0.198680 0.089822 0.000000
vt  0.198680 0.089822 0.000000
vt  0.198576 0.094523 0.000000
vt  0.198576 0.094523 0.000000
vt  0.198370 0.094766 0.000000
vt  0.198370 0.094766 0.000000
vt  0.198294 0.092942 0.000000
vt  0.198294 0.092942 0.000000
vt  0.070336 0.018676 0.000000
vt  0.070336 0.018676 0.000000
vt  0.070336 0.018676 0.000000
vt  0.070576 0.020094 0.000000
vt  0.070576 0.020094 0.000000
vt  0.070676 0.022872 0.000000
vt  0.070676 0.022872 0.000000
vt  0.070578 0.025415 0.000000
vt  0.070578 0.025415 0.000000
vt  0.070336 0.026238 0.000000
vt  0.070336 0.026238 0.000000
vt  0.070336 0.026238 0.000000
vt  0.070095 0.024831 0.000000
vt  0.070095 0.024831 0.000000
vt  0.069995 0.022037 0.000000
vt  0.069995 0.022037 0.000000
vt  0.070094 0.019483 0.000000
vt  0.070094 0.019483 0.000000
vt  0.070336 0.247693 0.000000
vt  0.070336 0.247693 0.000000
vt  0.070336 0.247693 0.000000
vt  0.070576 0.248502 0.000000
vt  0.070576 0.248502 0.000000
vt  0.070676 0.251029 0.000000
vt  0.070676 0.251029 0.000000
vt  0.070578 0.253818 0.000000
vt  0.070578 0.253818 0.000000
vt  0.070336 0.255255 0.000000
vt  0.070336 0.255255 0.000000
vt  0.070336 0.255255 0.000000
vt  0.070095 0.254463 0.000000
vt  0.070095 0.254463 0.000000
vt  0.069995 0.251926 0.000000
vt  0.069995 0.251926 0.000000
vt  0.070094 0.249119 0.000000
vt  0.070094 0.249119 0.000000
vt  0.085109 0.133769 0.000000
vt  0.085109 0.133769 0.000000
vt  0.085109 0.133769 0.000000
vt  0.085276 0.134710 0.000000
vt  0.085276 0.134710 0.000000
vt  0.085345 0.136953 0.000000
vt  0.085345 0.136953 0.000000
vt  0.085277 0.139207 0.000000
vt  0.085277 0.139207 0.000000
vt  0.085109 0.140162 0.000000
vt  0.085109 0.140162 0.000000
vt  0.085109 0.140162 0.000000
vt  0.084941 0.139232 0.000000
vt  0.084941 0.139232 0.000000
vt  0.084871 0.136979 0.000000
vt  0.084871 0.136979 0.000000
vt  0.084940 0.134714 0.000000
vt  0.084940 0.134714 0.000000

vn  1.000000 0.000000 0.000000
vn  1.000000 0.000000 0.000000
vn  0.000000 0.942809 -0.333333
vn  1.000000 0.000000 0.000000
vn  1.000000 0.000000 0.000000
vn  0.000000 -1.000000 0.000000
vn  1.000000 0.000000 0.000000
vn  1.000000 0.000000 -0.000000
vn  0.000000 -1.000000 0.000000
vn  1.000000 0.000000 0.000000
vn  0.000000 0.942809 0.333333
vn  1.000000 0.000000 -0.000000
vn  1.000000 0.000000 0.000000
vn  0.000000 0.577343 0.816502
vn  1.000000 0.000000 0.000000
vn  0.000000 0.000000 1.000000
vn  0.000000 0.000000 1.000000
vn  1.000000 0.000000 0.000000
vn  0.000000 -0.588707 0.808347
vn  1.000000 0.000000 0.000000
vn  1.000000 0.000000 -0.000000
vn  0.000000 -0.951753 0.306866
vn  1.000000 0.000000 0.000000
vn  1.000000 0.000000 -0.000000
vn  1.000000 0.000000 0.000000
vn  0.000000 0.820467 -0.571694
vn  1.000000 0.000000 -0.000000
vn  1.000000 0.000000 0.000000
vn  0.000000 0.979522 -0.201339
vn  1.000000 0.000000 0.000000
vn  0.000000 0.979521 0.201343
vn  1.000000 0.000000 0.000000
vn  1.000000 0.000000 0.000000
vn  0.000000 0.820467 0.571694
vn  1.000000 0.000000 0.000000
vn  1.000000 0.000000 0.000000
vn  1.000000 0.000000 0.000000
vn  0.000000 -0.951753 -0.306866
vn  1.000000 0.000000 0.000000
vn  1.000000 0.000000 0.000000
vn  0.000000 -0.588692 -0.808358
vn  1.000000 0.000000 0.000000
vn  0.000000 0.000000 -1.000000
vn  0.000000 -0.000000 -1.000000
vn  1.000000 0.000000 0.000000
vn  0.000000 0.577357 -0.816492
vn  0.945662 0.000000 -0.325151
vn  0.000000 0.958229 0.286001
vn  0.791651 0.000000 -0.610974
vn  0.000000 0.557129 0.830426
vn  0.714143 0.000000 -0.700000
vn  0.000000 0.000000 1.000000
vn  0.000000 0.000000 1.000000
vn  0.728722 0.000000 -0.684810
vn  0.000000 -0.238975 0.971026
vn  0.771149 0.000000 -0.636655
vn  0.000000 -0.476190 0.879342
vn  0.771149 0.000000 -0.636655
vn  0.426231 0.000000 -0.904614
vn  0.426231 0.000000 -0.904614
vn  0.000000 0.000000 -1.000000
vn  0.000000 0.000000 -1.000000
vn  0.000000 0.000000 -1.000000
vn  0.000000 0.000000 -1.000000
vn  0.000000 -1.000000 0.000000
vn  0.000000 0.000000 -1.000000
vn  0.707113 0.000000 -0.707101
vn  0.000000 -1.000000 0.000000
vn  0.000000 0.000000 -1.000000
vn  0.000000 -0.000000 -1.000000
vn  1.000000 0.000000 0.000000
vn  0.000000 0.706308 -0.707904
vn  1.000000 0.000000 0.000000
vn  0.000000 0.999997 -0.002272
vn  1.000000 0.000000 0.000000
vn  0.000000 0.709723 0.704481
vn  1.000000 0.000000 0.000000
vn  0.000000 0.000000 1.000000
vn  0.000000 0.000000 1.000000
vn  1.000000 0.000000 0.000000
vn  0.000000 1.000000 -0.000000
vn  1.000000 0.000000 -0.000000
vn  1.000000 0.000000 -0.000000
vn  0.000000 0.901290 -0.433217
vn  0.713985 0.000000 -0.700161
vn  0.000000 0.785350 -0.619051
vn  -0.004008 0.000000 -0.999992
vn  0.000000 0.897456 -0.441103
vn  -0.701378 0.000000 -0.712789
vn  0.000000 1.000000 -0.000000
vn  -1.000000 0.000000 0.000000
vn  -1.000000 0.000000 0.000000
vn  0.000000 0.901247 0.433307
vn  -0.713848 0.000000 0.700301
vn  0.000000 0.785348 0.619055
vn  0.004095 0.000000 0.999992
vn  0.000000 0.897504 0.441007
vn  0.701536 0.000000 0.712634
vn  0.000000 -0.920821 0.389985
vn  0.930917 -0.045234 -0.362419
vn  0.000000 -0.706308 0.707904
vn  1.000000 0.000000 0.000000
vn  0.000000 -0.999997 0.002272
vn  1.000000 0.000000 0.000000
vn  0.000000 -0.709723 -0.704481
vn  1.000000 0.000000 0.000000
vn  0.957345 -0.113007 -0.265933
vn  0.000000 0.729522 0.683957
vn  0.917632 -0.241272 -0.315816
vn  0.000000 0.629467 0.777027
vn  0.000000 0.629467 0.777027
vn  0.916909 -0.245283 -0.314825
vn  0.000000 0.732673 0.680580
vn  0.915182 -0.250644 -0.315626
vn  0.915182 -0.250644 -0.315626
vn  0.000000 0.820957 0.570990
vn  0.845274 -0.332292 -0.418441
vn  0.845274 -0.332292 -0.418441
vn  0.756666 -0.406588 -0.511999
vn  0.000000 0.000000 -1.000000
vn  0.756666 -0.406588 -0.511999
vn  0.461927 -0.353652 -0.813359
vn  0.000000 0.000000 -1.000000
vn  0.000000 0.728509 -0.685036
vn  0.956698 -0.114503 0.267616
vn  0.000000 0.629467 -0.777027
vn  0.917632 -0.241272 0.315816
vn  0.000000 0.629467 -0.777027
vn  0.000000 0.629467 -0.777027
vn  1.000000 0.000000 0.000000
vn  0.000000 0.629467 -0.777027
vn  0.000000 0.902724 -0.430219
vn  1.000000 0.000000 0.000000
vn  0.000000 1.000000 0.000058
vn  1.000000 0.000000 0.000000
vn  0.000000 0.902716 0.430237
vn  1.000000 0.000000 0.000000
vn  0.000000 0.629467 0.777027
vn  0.000000 0.629467 0.777027
vn  1.000000 0.000000 0.000000
vn  0.930305 -0.045341 0.363973
vn  0.000000 -0.919616 -0.392819
vn  0.771149 -0.000000 0.636655
vn  0.000000 -0.476190 -0.879342
vn  0.771149 0.000000 0.636655
vn  0.426231 -0.000000 0.904614
vn  0.426231 0.000000 0.904614
vn  0.000000 -0.000000 1.000000
vn  0.000000 0.000000 1.000000
vn  0.000000 0.000000 1.000000
vn  0.462019 -0.353699 0.813287
vn  0.000000 0.000000 1.000000
vn  0.756666 -0.406588 0.511999
vn  0.756666 -0.406588 0.511999
vn  0.000000 0.000000 1.000000
vn  0.845274 -0.332292 0.418441
vn  0.845274 -0.332292 0.418441
vn  0.915182 -0.250644 0.315626
vn  0.000000 0.820957 -0.570990
vn  0.915182 -0.250644 0.315626
vn  0.916909 -0.245283 0.314825
vn  0.000000 0.732673 -0.680580
vn  0.000000 0.000000 1.000000
vn  0.000000 0.000000 1.000000
vn  1.000000 0.000000 0.000000
vn  0.000000 -0.706308 0.707904
vn  1.000000 0.000000 0.000000
vn  0.000000 -0.999997 0.002272
vn  1.000000 0.000000 0.000000
vn  0.000000 -0.709723 -0.704481
vn  1.000000 0.000000 0.000000
vn  0.000000 -0.000000 -1.000000
vn  0.000000 0.000000 -1.000000
vn  1.000000 0.000000 0.000000
vn  0.000000 -0.000000 -1.000000
vn  0.000000 0.000000 -1.000000
vn  0.714143 0.000000 0.700000
vn  0.000000 -0.232415 -0.972617
vn  0.728002 0.000000 0.685575
vn  0.000000 0.957955 -0.286917
vn  0.945497 0.000000 0.325632
vn  0.000000 0.560339 -0.828263
vn  0.792526 0.000000 0.609838
vn  0.000000 0.706308 -0.707904
vn  1.000000 0.000000 0.000000
vn  0.000000 0.999997 -0.002272
vn  1.000000 0.000000 0.000000
vn  0.000000 0.709723 0.704481
vn  1.000000 0.000000 0.000000
vn  0.000000 1.000000 -0.000000
vn  1.000000 0.000000 -0.000000
vn  1.000000 0.000000 -0.000000
vn  0.000000 0.901290 -0.433217
vn  0.713985 0.000000 -0.700161
vn  0.000000 0.785350 -0.619051
vn  -0.004008 0.000000 -0.999992
vn  0.000000 0.897456 -0.441103
vn  -0.701378 0.000000 -0.712789
vn  0.000000 1.000000 -0.000000
vn  -1.000000 0.000000 0.000000
vn  -1.000000 0.000000 0.000000
vn  0.000000 0.901247 0.433307
vn  -0.713848 0.000000 0.700301
vn  0.000000 0.785348 0.619055
vn  0.004095 0.000000 0.999992
vn  0.000000 0.897504 0.441007
vn  0.701536 0.000000 0.712634
vn  0.707101 0.000000 0.707113
vn  0.000000 -1.000000 0.000000
vn  0.000000 0.000000 1.000000
vn  0.000000 -1.000000 0.000000
vn  0.000000 0.000000 1.000000
vn  0.000000 -1.000000 0.000000
vn  0.000000 0.000000 -1.000000
vn  -0.000000 0.000000 -1.000000
vn  0.000000 -1.000000 0.000000
vn  -0.707101 0.000000 -0.707113
vn  0.000000 -1.000000 0.000000
vn  -1.000000 0.000000 0.000000
vn  -1.000000 0.000000 0.000000
vn  0.000000 -1.000000 0.000000
vn  -1.000000 0.000000 0.000000
vn  -1.000000 0.000000 0.000000
vn  0.000000 -1.000000 0.000000
vn  -0.707113 0.000000 0.707101
vn  0.000000 -1.000000 0.000000
vn  0.000000 0.000000 1.000000
vn  -0.000000 0.000000 1.000000
vn  0.000000 -1.000000 0.000000
vn  -1.000000 0.000000 0.000000
vn  -1.000000 0.000000 0.000000
vn  0.000000 -1.000000 0.000000
vn  -0.863706 0.000000 -0.503996
vn  0.000000 -1.000000 0.000000
vn  -0.494370 0.000000 -0.869252
vn  0.000000 -1.000000 0.000000
vn  0.501262 0.000000 -0.865296
vn  0.000000 -1.000000 0.000000
vn  1.000000 0.000000 -0.000000
vn  1.000000 0.000000 -0.000000
vn  0.000000 -1.000000 0.000000
vn  0.863706 0.000000 0.503996
vn  0.000000 -1.000000 0.000000
vn  0.494370 0.000000 0.869252
vn  0.000000 -1.000000 0.000000
vn  -0.501262 0.000000 0.865296
vn  0.000000 -1.000000 0.000000
vn  -1.000000 0.000000 0.000000
vn  -1.000000 0.000000 0.000000
vn  0.000000 -1.000000 0.000000
vn  -0.863706 0.000000 -0.503996
vn  0.000000 -1.000000 0.000000
vn  -0.494370 0.000000 -0.869252
vn  0.000000 -1.000000 0.000000
vn  0.501262 0.000000 -0.865296
vn  0.000000 -1.000000 0.000000
vn  1.000000 0.000000 -0.000000
vn  1.000000 0.000000 -0.000000
vn  0.000000 -1.000000 0.000000
vn  0.863706 0.000000 0.503996
vn  0.000000 -1.000000 0.000000
vn  0.494370 0.000000 0.869252
vn  0.000000 -1.000000 0.000000
vn  -0.501262 0.000000 0.865296
vn  0.000000 -1.000000 0.000000
vn  -1.000000 0.000000 0.000000
vn  -1.000000 0.000000 0.000000
vn  0.000000 -1.000000 0.000000
vn  -0.863706 0.000000 -0.503996
vn  0.000000 -1.000000 0.000000
vn  -0.494370 0.000000 -0.869252
vn  0.000000 -1.000000 0.000000
vn  0.501262 0.000000 -0.865296
vn  0.000000 -1.000000 0.000000
vn  1.000000 0.000000 -0.000000
vn  1.000000 0.000000 -0.000000
vn  0.000000 -1.000000 0.000000
vn  0.863706 0.000000 0.503996
vn  0.000000 -1.000000 0.000000
vn  0.494370 0.000000 0.869252
vn  0.000000 -1.000000 0.000000
vn  -0.501262 0.000000 0.865296
vn  0.000000 -1.000000 0.000000
vn  -1.000000 0.000000 0.000000
vn  -1.000000 0.000000 0.000000
vn  0.000000 -1.000000 0.000000
vn  -0.863706 0.000000 -0.503996
vn  0.000000 -1.000000 0.000000
vn  -0.494370 0.000000 -0.869252
vn  0.000000 -1.000000 0.000000
vn  0.501262 0.000000 -0.865296
vn  0.000000 -1.000000 0.000000
vn  1.000000 0.000000 -0.000000
vn  1.000000 0.000000 -0.000000
vn  0.000000 -1.000000 0.000000
vn  0.863706 0.000000 0.503996
vn  0.000000 -1.000000 0.000000
vn  0.494370 0.000000 0.869252
vn  0.000000 -1.000000 0.000000
vn  -0.501262 0.000000 0.865296
vn  0.000000 -1.000000 0.000000
vn  0.000000 0.000000 1.000000
vn  0.000000 0.000000 1.000000
vn  0.000000 -1.000000 0.000000
vn  -0.000000 0.000000 1.000000
vn  0.000000 0.000000 1.000000
vn  0.000000 -1.000000 0.000000
vn  -0.500418 0.000000 0.865784
vn  0.000000 -1.000000 0.000000
vn  -0.865784 0.000000 0.500418
vn  0.000000 -1.000000 0.000000
vn  -1.000000 0.000000 0.000000
vn  0.000000 -1.000000 0.000000
vn  -0.865784 0.000000 -0.500418
vn  0.000000 -1.000000 0.000000
vn  -0.500418 0.000000 -0.865784
vn  0.000000 -1.000000 0.000000
vn  0.000000 0.000000 -1.000000
vn  -0.000000 0.000000 -1.000000
vn  0.000000 -1.000000 0.000000
vn  -0.000000 0.000000 -1.000000
vn  0.000000 0.000000 -1.000000
vn  0.000000 -1.000000 0.000000
vn  0.500418 0.000000 -0.865784
vn  0.000000 -1.000000 0.000000
vn  0.865784 0.000000 -0.500418
vn  0.000000 -1.000000 0.000000
vn  1.000000 0.000000 -0.000000
vn  0.000000 -1.000000 0.000000
vn  0.865784 0.000000 0.500418
vn  0.000000 -1.000000 0.000000
vn  0.500418 0.000000 0.865784
vn  0.000000 0.000000 -1.000000
vn  0.770448 -0.393750 -0.501368
vn  0.000000 0.000000 -1.000000
vn  0.783913 -0.380739 -0.490426
vn  0.000000 0.000000 -1.000000
vn  0.000000 0.000000 -1.000000
vn  0.000000 0.000000 -1.000000
vn  1.000000 0.000000 0.000000
vn  0.000000 0.000000 -1.000000
vn  1.000000 0.000000 0.000000
vn  0.000000 0.000000 -1.000000
vn  0.000000 0.000000 -1.000000
vn  -1.000000 0.000000 0.000000
vn  0.000000 0.000000 -1.000000
vn  0.000000 0.000000 -1.000000
vn  0.000000 1.000000 0.000000
vn  -1.000000 0.000000 0.000000
vn  0.000000 0.000000 -1.000000
vn  -0.000000 0.000000 -1.000000
vn  0.000000 1.000000 0.000000
vn  0.867438 -0.300194 -0.396781
vn  0.000000 0.896236 -0.443577
vn  0.000000 0.942600 -0.333925
vn  1.000000 0.000000 0.000000
vn  1.000000 0.000000 0.000000
vn  0.000000 0.942620 0.333867
vn  1.000000 0.000000 0.000000
vn  0.000000 0.000000 1.000000
vn  0.000000 0.000000 1.000000
vn  1.000000 0.000000 0.000000
vn  0.000000 0.000000 1.000000
vn  0.000000 -0.000000 1.000000
vn  1.000000 0.000000 0.000000
vn  0.000000 -0.213201 0.977008
vn  1.000000 0.000000 0.000000
vn  0.000000 -0.416598 0.909091
vn  0.000000 -0.416598 0.909091
vn  1.000000 0.000000 0.000000
vn  0.000000 -0.213201 0.977008
vn  1.000000 0.000000 0.000000
vn  0.000000 -0.000000 1.000000
vn  1.000000 0.000000 0.000000
vn  0.000000 0.223145 0.974785
vn  1.000000 0.000000 0.000000
vn  0.000000 0.435020 0.900421
vn  1.000000 0.000000 0.000000
vn  0.000000 0.782262 0.622950
vn  1.000000 0.000000 0.000000
vn  0.000000 0.974964 0.222365
vn  1.000000 0.000000 0.000000
vn  0.000000 0.974852 -0.222852
vn  1.000000 0.000000 0.000000
vn  0.000000 0.781793 -0.623538
vn  1.000000 0.000000 0.000000
vn  0.000000 0.434092 -0.900868
vn  1.000000 0.000000 0.000000
vn  0.000000 0.000000 -1.000000
vn  1.000000 0.000000 0.000000
vn  0.000000 -0.213201 -0.977008
vn  1.000000 0.000000 0.000000
vn  0.000000 -0.416598 -0.909091
vn  0.000000 -0.416598 -0.909091
vn  1.000000 0.000000 0.000000
vn  0.000000 -0.213201 -0.977008
vn  1.000000 0.000000 0.000000
vn  0.000000 0.000000 1.000000
vn  0.000000 0.000000 1.000000
vn  1.000000 0.000000 0.000000
vn  0.000000 -0.501193 0.865336
vn  1.000000 0.000000 0.000000
vn  0.000000 -0.866504 0.499170
vn  1.000000 0.000000 0.000000
vn  0.000000 -1.000000 -0.000453
vn  1.000000 0.000000 0.000000
vn  0.000000 -0.866083 -0.499900
vn  1.000000 0.000000 0.000000
vn  0.000000 -0.500109 -0.865962
vn  1.000000 0.000000 0.000000
vn  0.000000 0.000000 -1.000000
vn  0.000000 -0.000000 -1.000000
vn  1.000000 0.000000 0.000000
vn  0.000000 0.501193 -0.865336
vn  1.000000 0.000000 0.000000
vn  0.000000 0.866504 -0.499170
vn  1.000000 0.000000 0.000000
vn  0.000000 1.000000 0.000453
vn  1.000000 0.000000 0.000000
vn  0.000000 0.866083 0.499900
vn  1.000000 0.000000 0.000000
vn  0.000000 0.500109 0.865962
vn  1.000000 0.000000 0.000000
vn  0.000000 -0.000000 -1.000000
vn  0.000000 0.000000 -1.000000
vn  1.000000 0.000000 0.000000
vn  0.000000 0.711660 -0.702524
vn  1.000000 0.000000 0.000000
vn  0.000000 0.999992 0.004076
vn  1.000000 0.000000 0.000000
vn  0.000000 0.707304 0.706910
vn  1.000000 0.000000 0.000000
vn  0.000000 0.000000 1.000000
vn  0.000000 0.000000 1.000000
vn  1.000000 0.000000 0.000000
vn  0.000000 -0.711660 0.702524
vn  1.000000 0.000000 0.000000
vn  0.000000 -0.999992 -0.004076
vn  1.000000 0.000000 0.000000
vn  0.000000 -0.707304 -0.706910
vn  1.000000 0.000000 0.000000
vn  0.000000 -0.000000 -1.000000
vn  0.000000 0.000000 -1.000000
vn  1.000000 0.000000 0.000000
vn  0.000000 0.711660 -0.702524
vn  1.000000 0.000000 0.000000
vn  0.000000 0.999992 0.004076
vn  1.000000 0.000000 0.000000
vn  0.000000 0.707304 0.706910
vn  1.000000 0.000000 0.000000
vn  0.000000 0.000000 1.000000
vn  0.000000 0.000000 1.000000
vn  1.000000 0.000000 0.000000
vn  0.000000 -0.711660 0.702524
vn  1.000000 0.000000 0.000000
vn  0.000000 -0.999992 -0.004076
vn  1.000000 0.000000 0.000000
vn  0.000000 -0.707304 -0.706910
vn  1.000000 0.000000 0.000000
vn  0.000000 -0.000000 -1.000000
vn  0.000000 0.000000 -1.000000
vn  1.000000 0.000000 0.000000
vn  0.000000 0.711660 -0.702524
vn  1.000000 0.000000 0.000000
vn  0.000000 0.999992 0.004076
vn  1.000000 0.000000 0.000000
vn  0.000000 0.707304 0.706910
vn  1.000000 0.000000 0.000000
vn  0.000000 0.000000 1.000000
vn  0.000000 0.000000 1.000000
vn  1.000000 0.000000 0.000000
vn  0.000000 -0.711660 0.702524
vn  1.000000 0.000000 0.000000
vn  0.000000 -0.999992 -0.004076
vn  1.000000 0.000000 0.000000
vn  0.000000 -0.707304 -0.706910
vn  0.000000 0.903140 0.429347
vn  0.868551 -0.299057 0.395201
vn  0.000000 0.000000 1.000000
vn  0.783913 -0.380739 0.490426
vn  0.000000 0.000000 1.000000
vn  0.770448 -0.393750 0.501368
vn  0.000000 0.000000 1.000000
vn  0.000000 0.000000 1.000000
vn  -0.000000 0.000000 1.000000
vn  0.000000 1.000000 0.000000
vn  0.000000 0.000000 1.000000
vn  -1.000000 0.000000 0.000000
vn  0.000000 1.000000 0.000000
vn  0.000000 0.000000 1.000000
vn  -1.000000 0.000000 0.000000
vn  0.000000 -0.000000 1.000000
vn  -1.000000 0.000000 0.000000
vn  -1.000000 0.000000 0.000000
vn  0.000000 0.942807 0.333339
vn  -0.946209 0.000000 0.323556
vn  0.000000 0.959130 -0.282965
vn  -0.802748 0.000000 0.596319
vn  0.000000 0.596636 -0.802512
vn  -0.714143 0.000000 0.700000
vn  0.000000 0.000000 -1.000000
vn  0.000000 0.000000 -1.000000
vn  -0.791558 0.000000 0.611094
vn  0.000000 -0.556788 -0.830655
vn  -0.945500 0.000000 0.325621
vn  0.000000 -0.957961 -0.286898
vn  -1.000000 0.000000 0.000000
vn  -1.000000 0.000000 0.000000
vn  0.000000 -0.942807 0.333339
vn  -1.000000 0.000000 0.000000
vn  -1.000000 0.000000 0.000000
vn  0.000000 0.978502 -0.206239
vn  -0.991580 0.000000 0.129496
vn  0.000000 0.994718 -0.102642
vn  -0.966199 0.000000 0.257799
vn  0.000000 1.000000 0.000000
vn  0.000000 1.000000 0.000000
vn  -0.609180 0.000000 0.793032
vn  0.000000 1.000000 0.000000
vn  -1.000000 0.000000 0.000000
vn  0.000000 -0.000000 1.000000
vn  0.000000 0.000000 1.000000
vn  -1.000000 0.000000 0.000000
vn  0.000000 0.576465 0.817122
vn  -1.000000 0.000000 0.000000
vn  -1.000000 0.000000 0.000000
vn  0.000000 0.942807 -0.333339
vn  -1.000000 0.000000 0.000000
vn  0.000000 0.577343 -0.816502
vn  -1.000000 0.000000 0.000000
vn  0.000000 0.000000 -1.000000
vn  0.000000 0.000000 -1.000000
vn  -1.000000 0.000000 0.000000
vn  0.000000 -0.577355 -0.816493
vn  -1.000000 0.000000 0.000000
vn  -1.000000 0.000000 0.000000
vn  0.000000 -0.942807 -0.333339
vn  -1.000000 0.000000 0.000000
vn  -1.000000 0.000000 0.000000
vn  0.000000 0.978502 0.206239
vn  -1.000000 0.000000 0.000000
vn  0.000000 0.940046 0.341047
vn  -1.000000 0.000000 0.000000
vn  0.000000 0.883117 0.469153
vn  0.000000 0.883117 0.469153
vn  -1.000000 0.000000 0.000000
vn  0.000000 1.000000 0.000000
vn  -1.000000 0.000000 0.000000
vn  0.000000 0.883117 -0.469153
vn  0.000000 0.883117 -0.469153
vn  -1.000000 0.000000 0.000000
vn  0.000000 0.940046 -0.341047
vn  -1.000000 0.000000 0.000000
vn  0.000000 -0.576470 0.817118
vn  0.000000 0.000000 -1.000000
vn  0.000000 0.000000 -1.000000
vn  -1.000000 0.000000 0.000000
vn  0.000000 -0.706308 -0.707904
vn  -1.000000 0.000000 0.000000
vn  0.000000 -0.999997 -0.002272
vn  -1.000000 0.000000 0.000000
vn  0.000000 -0.709723 0.704481
vn  -1.000000 0.000000 0.000000
vn  0.000000 -0.000000 1.000000
vn  0.000000 0.000000 1.000000
vn  -1.000000 0.000000 0.000000
vn  0.000000 0.706308 0.707904
vn  -1.000000 0.000000 0.000000
vn  0.000000 0.999997 0.002272
vn  -1.000000 0.000000 0.000000
vn  0.000000 0.709723 -0.704481
vn  -1.000000 0.000000 0.000000
vn  0.000000 1.000000 0.000000
vn  1.000000 0.000000 -0.000000
vn  1.000000 0.000000 -0.000000
vn  0.000000 0.901247 -0.433307
vn  0.713848 0.000000 -0.700301
vn  0.000000 0.785348 -0.619055
vn  -0.004095 0.000000 -0.999992
vn  0.000000 0.897504 -0.441007
vn  -0.701536 0.000000 -0.712634
vn  0.000000 1.000000 0.000000
vn  -1.000000 0.000000 0.000000
vn  -1.000000 0.000000 0.000000
vn  0.000000 0.901290 0.433217
vn  -0.713985 0.000000 0.700161
vn  0.000000 0.785350 0.619051
vn  0.004008 0.000000 0.999992
vn  0.000000 0.897456 0.441103
vn  0.701378 0.000000 0.712789
vn  -0.946208 0.000000 -0.323558
vn  0.000000 -0.959130 0.282964
vn  -0.802750 0.000000 -0.596316
vn  0.000000 -0.596635 0.802513
vn  -0.714143 0.000000 -0.700000
vn  0.000000 -0.000000 1.000000
vn  0.000000 0.000000 1.000000
vn  -0.791558 0.000000 -0.611094
vn  0.000000 0.556788 0.830655
vn  -0.945500 0.000000 -0.325621
vn  0.000000 0.957961 0.286898
vn  -0.609180 0.000000 -0.793032
vn  0.000000 1.000000 0.000000
vn  -0.966199 0.000000 -0.257799
vn  0.000000 1.000000 0.000000
vn  0.000000 1.000000 0.000000
vn  -0.991580 0.000000 -0.129496
vn  0.000000 0.994718 0.102642
vn  0.000000 0.000000 -1.000000
vn  0.000000 0.000000 -1.000000
vn  -1.000000 0.000000 0.000000
vn  0.000000 -0.706308 -0.707904
vn  -1.000000 0.000000 0.000000
vn  0.000000 -0.999997 -0.002272
vn  -1.000000 0.000000 0.000000
vn  0.000000 -0.709723 0.704481
vn  -1.000000 0.000000 0.000000
vn  0.000000 -0.000000 1.000000
vn  0.000000 0.000000 1.000000
vn  -1.000000 0.000000 0.000000
vn  0.000000 0.706308 0.707904
vn  -1.000000 0.000000 0.000000
vn  0.000000 0.999997 0.002272
vn  -1.000000 0.000000 0.000000
vn  0.000000 0.709723 -0.704481
vn  -1.000000 0.000000 0.000000
vn  0.000000 1.000000 0.000000
vn  1.000000 0.000000 -0.000000
vn  1.000000 0.000000 -0.000000
vn  0.000000 0.901247 -0.433307
vn  0.713848 0.000000 -0.700301
vn  0.000000 0.785348 -0.619055
vn  -0.004095 0.000000 -0.999992
vn  0.000000 0.897504 -0.441007
vn  -0.701536 0.000000 -0.712634
vn  0.000000 1.000000 0.000000
vn  -1.000000 0.000000 0.000000
vn  -1.000000 0.000000 0.000000
vn  0.000000 0.901290 0.433217
vn  -0.713985 0.000000 0.700161
vn  0.000000 0.785350 0.619051
vn  0.004008 0.000000 0.999992
vn  0.000000 0.897456 0.441103
vn  0.701378 0.000000 0.712789
vn  0.000000 1.000000 0.000000
vn  -1.000000 0.000000 0.000000
vn  0.000000 1.000000 0.000000
vn  -1.000000 0.000000 0.000000
vn  0.000000 -0.213201 -0.977008
vn  -1.000000 0.000000 0.000000
vn  0.000000 -0.416598 -0.909091
vn  0.000000 -0.416598 -0.909091
vn  -1.000000 0.000000 0.000000
vn  0.000000 -0.213201 -0.977008
vn  -1.000000 0.000000 0.000000
vn  0.000000 0.000000 -1.000000
vn  -1.000000 0.000000 0.000000
vn  0.000000 0.213201 -0.977008
vn  -1.000000 0.000000 0.000000
vn  0.000000 0.416598 -0.909091
vn  -1.000000 0.000000 0.000000
vn  0.000000 0.610315 -0.792159
vn  -1.000000 0.000000 0.000000
vn  0.000000 0.772329 -0.635223
vn  -1.000000 0.000000 0.000000
vn  0.000000 0.894728 -0.446612
vn  -1.000000 0.000000 0.000000
vn  0.000000 0.972005 -0.234961
vn  -1.000000 0.000000 0.000000
vn  0.000000 0.999931 -0.011775
vn  -1.000000 0.000000 0.000000
vn  0.000000 0.977260 0.212043
vn  -1.000000 0.000000 0.000000
vn  0.000000 0.904986 0.425441
vn  -1.000000 0.000000 0.000000
vn  0.000000 0.786408 0.617708
vn  -1.000000 0.000000 0.000000
vn  0.000000 0.627262 0.778809
vn  -1.000000 0.000000 0.000000
vn  0.000000 0.436729 0.899593
vn  -1.000000 0.000000 0.000000
vn  0.000000 0.223979 0.974594
vn  -1.000000 0.000000 0.000000
vn  0.000000 -0.000000 1.000000
vn  -1.000000 0.000000 0.000000
vn  0.000000 -0.213201 0.977008
vn  -1.000000 0.000000 0.000000
vn  0.000000 -0.416598 0.909091
vn  0.000000 -0.416598 0.909091
vn  -1.000000 0.000000 0.000000
vn  0.000000 -0.213201 0.977008
vn  -1.000000 0.000000 0.000000
vn  0.000000 1.000000 0.000000
vn  0.000000 1.000000 0.000000
vn  -1.000000 0.000000 0.000000
vn  0.000000 0.970339 -0.241747
vn  -1.000000 0.000000 0.000000
vn  0.000000 0.883117 -0.469153
vn  0.000000 0.883117 -0.469153
vn  -1.000000 0.000000 0.000000
vn  0.000000 1.000000 0.000000
vn  -1.000000 0.000000 0.000000
vn  0.000000 0.883117 0.469153
vn  0.000000 0.883117 0.469153
vn  -1.000000 0.000000 0.000000
vn  0.000000 0.970339 0.241747
vn  -1.000000 0.000000 0.000000
vn  0.000000 -0.000000 1.000000
vn  0.000000 0.000000 1.000000
vn  -1.000000 0.000000 0.000000
vn  0.000000 0.435066 0.900398
vn  -1.000000 0.000000 0.000000
vn  0.000000 0.782297 0.622905
vn  -1.000000 0.000000 0.000000
vn  0.000000 0.974975 0.222313
vn  -1.000000 0.000000 0.000000
vn  0.000000 0.974837 -0.222917
vn  -1.000000 0.000000 0.000000
vn  0.000000 0.781807 -0.623521
vn  -1.000000 0.000000 0.000000
vn  0.000000 0.434119 -0.900856
vn  -1.000000 0.000000 0.000000
vn  0.000000 0.000000 -1.000000
vn  0.000000 0.000000 -1.000000
vn  -1.000000 0.000000 0.000000
vn  0.000000 -0.435066 -0.900398
vn  -1.000000 0.000000 0.000000
vn  0.000000 -0.782297 -0.622905
vn  -1.000000 0.000000 0.000000
vn  0.000000 -0.974975 -0.222313
vn  -1.000000 0.000000 0.000000
vn  0.000000 -0.974837 0.222917
vn  -1.000000 0.000000 0.000000
vn  0.000000 -0.781807 0.623521
vn  -1.000000 0.000000 0.000000
vn  0.000000 -0.434119 0.900856
vn  0.000000 0.000000 -1.000000
vn  0.000000 0.000000 -1.000000
vn  -1.000000 0.000000 0.000000
vn  0.000000 -0.434119 -0.900856
vn  -1.000000 0.000000 0.000000
vn  0.000000 -0.781807 -0.623521
vn  -1.000000 0.000000 0.000000
vn  0.000000 -0.974837 -0.222917
vn  -1.000000 0.000000 0.000000
vn  0.000000 -0.974975 0.222313
vn  -1.000000 0.000000 0.000000
vn  0.000000 -0.782297 0.622905
vn  -1.000000 0.000000 0.000000
vn  0.000000 -0.435066 0.900398
vn  -1.000000 0.000000 0.000000
vn  0.000000 -0.000000 1.000000
vn  0.000000 0.000000 1.000000
vn  -1.000000 0.000000 0.000000
vn  0.000000 0.434119 0.900856
vn  -1.000000 0.000000 0.000000
vn  0.000000 0.781807 0.623521
vn  -1.000000 0.000000 0.000000
vn  0.000000 0.974837 0.222917
vn  -1.000000 0.000000 0.000000
vn  0.000000 0.974975 -0.222313
vn  -1.000000 0.000000 0.000000
vn  0.000000 0.782297 -0.622905
vn  -1.000000 0.000000 0.000000
vn  0.000000 0.435066 -0.900398
vn  -1.000000 0.000000 0.000000
vn  -1.000000 0.000000 0.000000
vn  0.000000 0.000000 -1.000000
vn  0.000000 0.000000 -1.000000
vn  -1.000000 0.000000 0.000000
vn  0.000000 -0.259746 -0.965677
vn  -1.000000 0.000000 0.000000
vn  0.000000 -0.501169 -0.865350
vn  -1.000000 0.000000 0.000000
vn  0.000000 -0.707941 -0.706272
vn  -1.000000 0.000000 0.000000
vn  0.000000 -0.866492 -0.499191
vn  -1.000000 0.000000 0.000000
vn  0.000000 -0.966093 -0.258193
vn  -1.000000 0.000000 0.000000
vn  0.000000 -1.000000 0.000418
vn  -1.000000 0.000000 0.000000
vn  0.000000 -0.965877 0.259000
vn  -1.000000 0.000000 0.000000
vn  0.000000 -0.866106 0.499860
vn  -1.000000 0.000000 0.000000
vn  0.000000 -0.707199 0.707014
vn  -1.000000 0.000000 0.000000
vn  0.000000 -0.500119 0.865956
vn  -1.000000 0.000000 0.000000
vn  0.000000 -0.259121 0.965845
vn  -1.000000 0.000000 0.000000
vn  0.000000 -0.000000 1.000000
vn  0.000000 -0.000000 1.000000
vn  -1.000000 0.000000 0.000000
vn  0.000000 0.259746 0.965677
vn  -1.000000 0.000000 0.000000
vn  0.000000 0.501169 0.865350
vn  -1.000000 0.000000 0.000000
vn  0.000000 0.707941 0.706272
vn  -1.000000 0.000000 0.000000
vn  0.000000 0.866492 0.499191
vn  -1.000000 0.000000 0.000000
vn  0.000000 0.966093 0.258193
vn  -1.000000 0.000000 0.000000
vn  0.000000 1.000000 -0.000418
vn  -1.000000 0.000000 0.000000
vn  0.000000 0.965877 -0.259000
vn  -1.000000 0.000000 0.000000
vn  0.000000 0.866106 -0.499860
vn  -1.000000 0.000000 0.000000
vn  0.000000 0.707199 -0.707014
vn  -1.000000 0.000000 0.000000
vn  0.000000 0.500119 -0.865956
vn  -1.000000 0.000000 0.000000
vn  0.000000 0.259121 -0.965845
vn  0.000000 -0.000000 1.000000
vn  -1.000000 0.000000 0.000000
vn  0.000000 -0.000000 1.000000
vn  0.000000 0.259121 0.965845
vn  -1.000000 0.000000 0.000000
vn  0.000000 0.500119 0.865956
vn  -1.000000 0.000000 0.000000
vn  0.000000 0.707199 0.707014
vn  -1.000000 0.000000 0.000000
vn  0.000000 0.866106 0.499860
vn  -1.000000 0.000000 0.000000
vn  0.000000 0.965877 0.259000
vn  -1.000000 0.000000 0.000000
vn  0.000000 1.000000 0.000418
vn  -1.000000 0.000000 0.000000
vn  0.000000 0.966093 -0.258193
vn  -1.000000 0.000000 0.000000
vn  0.000000 0.866492 -0.499191
vn  -1.000000 0.000000 0.000000
vn  0.000000 0.707941 -0.706272
vn  -1.000000 0.000000 0.000000
vn  0.000000 0.501169 -0.865350
vn  -1.000000 0.000000 0.000000
vn  0.000000 0.259746 -0.965677
vn  -1.000000 0.000000 0.000000
vn  0.000000 0.000000 -1.000000
vn  -1.000000 0.000000 0.000000
vn  0.000000 0.000000 -1.000000
vn  -1.000000 0.000000 0.000000
vn  0.000000 -0.259746 0.965677
vn  -1.000000 0.000000 0.000000
vn  0.000000 -0.501169 0.865350
vn  -1.000000 0.000000 0.000000
vn  0.000000 -0.707941 0.706272
vn  -1.000000 0.000000 0.000000
vn  0.000000 -0.866492 0.499191
vn  -1.000000 0.000000 0.000000
vn  0.000000 -0.966093 0.258193
vn  -1.000000 0.000000 0.000000
vn  0.000000 -1.000000 -0.000418
vn  -1.000000 0.000000 0.000000
vn  0.000000 -0.965877 -0.259000
vn  -1.000000 0.000000 0.000000
vn  0.000000 -0.866106 -0.499860
vn  -1.000000 0.000000 0.000000
vn  0.000000 -0.707199 -0.707014
vn  -1.000000 0.000000 0.000000
vn  0.000000 -0.500119 -0.865956
vn  -1.000000 0.000000 0.000000
vn  0.000000 -0.259121 -0.965845
vn  -1.000000 0.000000 0.000000
vn  0.000000 -1.000000 -0.000000
vn  0.000000 -1.000000 0.000000
vn  -1.000000 0.000000 0.000000
vn  0.000000 -1.000000 0.000000
vn  0.000000 -1.000000 0.000000
vn  -1.000000 0.000000 0.000000
vn  0.000000 -0.707094 0.707119
vn  -1.000000 0.000000 0.000000
vn  0.000000 0.000000 1.000000
vn  -1.000000 0.000000 0.000000
vn  0.000000 0.707119 0.707094
vn  -1.000000 0.000000 0.000000
vn  0.000000 1.000000 0.000000
vn  0.000000 1.000000 0.000000
vn  -1.000000 0.000000 0.000000
vn  0.000000 1.000000 0.000000
vn  0.000000 1.000000 0.000000
vn  -1.000000 0.000000 0.000000
vn  0.000000 0.707094 -0.707119
vn  -1.000000 0.000000 0.000000
vn  0.000000 -0.000000 -1.000000
vn  -1.000000 0.000000 0.000000
vn  0.000000 -0.707119 -0.707094
vn  -1.000000 0.000000 0.000000
vn  0.000000 0.000000 -1.000000
vn  0.000000 0.000000 -1.000000
vn  -1.000000 0.000000 0.000000
vn  0.000000 -0.500442 -0.865770
vn  -1.000000 0.000000 0.000000
vn  0.000000 -0.865625 -0.500693
vn  -1.000000 0.000000 0.000000
vn  0.000000 -0.999998 -0.002205
vn  -1.000000 0.000000 0.000000
vn  0.000000 -0.866772 0.498705
vn  -1.000000 0.000000 0.000000
vn  0.000000 -0.499531 0.866296
vn  -1.000000 0.000000 0.000000
vn  0.000000 -0.000000 1.000000
vn  0.000000 0.000000 1.000000
vn  -1.000000 0.000000 0.000000
vn  0.000000 0.500442 0.865770
vn  -1.000000 0.000000 0.000000
vn  0.000000 0.865625 0.500693
vn  -1.000000 0.000000 0.000000
vn  0.000000 0.999998 0.002205
vn  -1.000000 0.000000 0.000000
vn  0.000000 0.866772 -0.498705
vn  -1.000000 0.000000 0.000000
vn  0.000000 0.499531 -0.866296
vn  -1.000000 0.000000 0.000000
vn  0.000000 1.000000 0.000000
vn  0.000000 1.000000 0.000000
vn  -1.000000 0.000000 0.000000
vn  0.000000 0.862496 -0.506064
vn  -1.000000 0.000000 0.000000
vn  0.000000 0.494581 -0.869132
vn  -1.000000 0.000000 0.000000
vn  0.000000 -0.501316 -0.865264
vn  -1.000000 0.000000 0.000000
vn  0.000000 -1.000000 -0.000000
vn  0.000000 -1.000000 -0.000000
vn  -1.000000 0.000000 0.000000
vn  0.000000 -0.862496 0.506064
vn  -1.000000 0.000000 0.000000
vn  0.000000 -0.494581 0.869132
vn  -1.000000 0.000000 0.000000
vn  0.000000 0.501316 0.865264
vn  -1.000000 0.000000 0.000000
vn  0.000000 1.000000 0.000000
vn  0.000000 1.000000 0.000000
vn  -1.000000 0.000000 0.000000
vn  0.000000 0.862496 -0.506064
vn  -1.000000 0.000000 0.000000
vn  0.000000 0.494581 -0.869132
vn  -1.000000 0.000000 0.000000
vn  0.000000 -0.501316 -0.865264
vn  -1.000000 0.000000 0.000000
vn  0.000000 -1.000000 -0.000000
vn  0.000000 -1.000000 -0.000000
vn  -1.000000 0.000000 0.000000
vn  0.000000 -0.862496 0.506064
vn  -1.000000 0.000000 0.000000
vn  0.000000 -0.494581 0.869132
vn  -1.000000 0.000000 0.000000
vn  0.000000 0.501316 0.865264
vn  0.000000 -0.000004 -1.000000
vn  0.000000 -0.000000 -1.000000
vn  0.000002 0.000000 -1.000000
vn  0.000000 0.000000 -1.000000
vn  0.000000 0.654296 -0.756239
vn  -0.737838 0.000000 -0.674978
vn  0.000000 0.968246 -0.250000
vn  -1.000000 0.000000 -0.000000
vn  -1.000000 0.000000 0.000000
vn  0.000000 0.612358 -0.790580
vn  -1.000000 0.000000 0.000000
vn  0.000000 0.000000 -1.000000
vn  -1.000000 0.000000 0.000000
vn  0.000000 -0.707094 -0.707119
vn  -1.000000 0.000000 0.000000
vn  0.000000 -1.000000 -0.000000
vn  -1.000000 0.000000 0.000000
vn  0.000000 -1.000000 0.000000
vn  0.000000 1.000000 0.000000
vn  1.000000 0.000000 0.000000
vn  0.000000 1.000000 0.000000
vn  0.000000 0.992030 -0.126004
vn  1.000000 0.000000 0.000000
vn  0.000000 0.968246 -0.250000
vn  1.000000 0.000000 -0.000000
vn  1.000000 0.000000 0.000000
vn  0.000000 0.653419 -0.756997
vn  0.736945 0.000000 -0.675952
vn  0.000000 -0.100782 -0.994909
vn  0.116328 0.000000 -0.993211
vn  0.000000 -0.200000 -0.979796
vn  0.230556 0.000000 -0.973059
vn  0.000000 -1.000000 0.000000
vn  0.000000 -0.200000 -0.979796
vn  -0.230545 0.000000 -0.973062
vn  0.000000 -1.000000 0.000000
vn  0.000000 -0.100782 -0.994909
vn  -0.116318 0.000000 -0.993212
vn  -0.116058 0.000000 -0.993242
vn  0.000000 -1.000000 0.000000
vn  0.000000 0.000000 -1.000000
vn  0.000000 -1.000000 0.000000
vn  0.116057 0.000000 -0.993243
vn  0.000000 -1.000000 0.000000
vn  1.000000 0.000000 -0.000000
vn  0.000000 0.000000 -1.000000
vn  0.000000 -1.000000 0.000000
vn  1.000000 0.000000 0.000000
vn  1.000000 0.000000 -0.000000
vn  0.000000 -1.000000 0.000000
vn  0.000000 0.000000 -1.000000
vn  0.707119 0.000000 -0.707094
vn  0.000000 -1.000000 0.000000
vn  0.000000 0.000000 -1.000000
vn  0.000000 -1.000000 0.000000
vn  -0.707094 0.000000 -0.707119
vn  0.000000 -1.000000 0.000000
vn  -1.000000 0.000000 -0.000000
vn  -1.000000 0.000000 0.000000
vn  0.000000 -1.000000 0.000000
vn  -1.000000 0.000000 0.000000
vn  -1.000000 0.000000 0.000000
vn  0.000000 -1.000000 0.000000
vn  -1.000000 0.000000 0.000000
vn  -1.000000 0.000000 0.000000
vn  0.000000 0.968246 0.250000
vn  -1.000000 0.000000 0.000000
vn  0.000000 0.612387 0.790558
vn  -1.000000 0.000000 0.000000
vn  0.000000 0.000000 1.000000
vn  -1.000000 0.000000 0.000000
vn  0.000000 -0.707119 0.707094
vn  -1.000000 0.000000 0.000000
vn  0.000000 -1.000000 0.000000
vn  0.000000 -1.000000 0.000000
vn  -0.707119 0.000000 0.707094
vn  0.000000 -1.000000 0.000000
vn  0.000000 0.000000 1.000000
vn  0.000000 -1.000000 0.000000
vn  0.707094 0.000000 0.707119
vn  0.000000 -1.000000 0.000000
vn  1.000000 0.000000 -0.000000
vn  0.000000 -1.000000 0.000000
vn  0.000000 0.000000 1.000000
vn  1.000000 0.000000 -0.000000
vn  0.000000 -1.000000 0.000000
vn  1.000000 0.000000 0.000000
vn  0.000000 0.000000 1.000000
vn  1.000000 0.000000 -0.000000
vn  1.000000 0.000000 0.000000
vn  0.000000 0.968246 0.250000
vn  0.738628 0.000000 0.674114
vn  0.000000 0.655274 0.755392
vn  0.000000 0.000000 1.000000
vn  0.000000 -0.000000 1.000000
vn  0.000000 -0.000004 1.000000
vn  -0.000004 0.000000 1.000000
vn  -0.737194 0.000000 0.675681
vn  0.000000 0.653603 0.756837
vn  0.000000 -1.000000 0.000000
vn  -0.000000 0.000000 -1.000000
vn  0.000000 0.000000 -1.000000
vn  0.000000 -1.000000 0.000000
vn  0.000000 0.000000 -1.000000
vn  -0.000000 0.000000 -1.000000
vn  0.000000 -1.000000 0.000000
vn  -0.500418 0.000000 -0.865784
vn  0.000000 -1.000000 0.000000
vn  -0.865784 0.000000 -0.500418
vn  0.000000 -1.000000 0.000000
vn  -1.000000 0.000000 0.000000
vn  0.000000 -1.000000 0.000000
vn  -0.865784 0.000000 0.500418
vn  0.000000 -1.000000 0.000000
vn  -0.500418 0.000000 0.865784
vn  0.000000 -1.000000 0.000000
vn  -0.000000 0.000000 1.000000
vn  0.000000 0.000000 1.000000
vn  0.000000 -1.000000 0.000000
vn  0.000000 0.000000 1.000000
vn  0.000000 0.000000 1.000000
vn  0.000000 -1.000000 0.000000
vn  0.500418 0.000000 0.865784
vn  0.000000 -1.000000 0.000000
vn  0.865784 0.000000 0.500418
vn  0.000000 -1.000000 0.000000
vn  1.000000 0.000000 -0.000000
vn  0.000000 -1.000000 0.000000
vn  0.865784 0.000000 -0.500418
vn  0.000000 -1.000000 0.000000
vn  0.500418 0.000000 -0.865784
vn  0.000000 -1.000000 0.000000
vn  1.000000 0.000000 -0.000000
vn  1.000000 0.000000 -0.000000
vn  0.000000 -1.000000 0.000000
vn  0.808562 0.000000 0.588411
vn  0.000000 -1.000000 0.000000
vn  0.309459 0.000000 0.950913
vn  0.000000 -1.000000 0.000000
vn  -0.307208 0.000000 0.951642
vn  0.000000 -1.000000 0.000000
vn  -0.809285 0.000000 0.587416
vn  0.000000 -1.000000 0.000000
vn  -1.000000 0.000000 0.000000
vn  -1.000000 0.000000 0.000000
vn  0.000000 -1.000000 0.000000
vn  -0.808562 0.000000 -0.588411
vn  0.000000 -1.000000 0.000000
vn  -0.309459 0.000000 -0.950913
vn  0.000000 -1.000000 0.000000
vn  0.307208 0.000000 -0.951642
vn  0.000000 -1.000000 0.000000
vn  0.809285 0.000000 -0.587416
vn  0.000000 -1.000000 0.000000
vn  -1.000000 0.000000 0.000000
vn  -1.000000 0.000000 0.000000
vn  0.000000 -1.000000 0.000000
vn  -0.862496 0.000000 -0.506064
vn  0.000000 -1.000000 0.000000
vn  -0.494581 0.000000 -0.869132
vn  0.000000 -1.000000 0.000000
vn  0.501316 0.000000 -0.865264
vn  0.000000 -1.000000 0.000000
vn  1.000000 0.000000 -0.000000
vn  1.000000 0.000000 -0.000000
vn  0.000000 -1.000000 0.000000
vn  0.862496 0.000000 0.506064
vn  0.000000 -1.000000 0.000000
vn  0.494581 0.000000 0.869132
vn  0.000000 -1.000000 0.000000
vn  -0.501316 0.000000 0.865264
vn  0.000000 -1.000000 0.000000
vn  -1.000000 0.000000 0.000000
vn  -1.000000 0.000000 0.000000
vn  0.000000 -1.000000 0.000000
vn  -0.862496 0.000000 -0.506064
vn  0.000000 -1.000000 0.000000
vn  -0.494581 0.000000 -0.869132
vn  0.000000 -1.000000 0.000000
vn  0.501316 0.000000 -0.865264
vn  0.000000 -1.000000 0.000000
vn  1.000000 0.000000 -0.000000
vn  1.000000 0.000000 -0.000000
vn  0.000000 -1.000000 0.000000
vn  0.862496 0.000000 0.506064
vn  0.000000 -1.000000 0.000000
vn  0.494581 0.000000 0.869132
vn  0.000000 -1.000000 0.000000
vn  -0.501316 0.000000 0.865264
vn  0.000000 -1.000000 0.000000
vn  -1.000000 0.000000 0.000000
vn  -1.000000 0.000000 0.000000
vn  0.000000 -1.000000 0.000000
vn  -0.862496 0.000000 -0.506064
vn  0.000000 -1.000000 0.000000
vn  -0.494581 0.000000 -0.869132
vn  0.000000 -1.000000 0.000000
vn  0.501316 0.000000 -0.865264
vn  0.000000 -1.000000 0.000000
vn  1.000000 0.000000 -0.000000
vn  1.000000 0.000000 -0.000000
vn  0.000000 -1.000000 0.000000
vn  0.862496 0.000000 0.506064
vn  0.000000 -1.000000 0.000000
vn  0.494581 0.000000 0.869132
vn  0.000000 -1.000000 0.000000
vn  -0.501316 0.000000 0.865264
vn  0.000000 -1.000000 0.000000
vn  -1.000000 0.000000 0.000000
vn  -1.000000 0.000000 0.000000
vn  0.000000 -1.000000 0.000000
vn  -0.862496 0.000000 -0.506064
vn  0.000000 -1.000000 0.000000
vn  -0.494581 0.000000 -0.869132
vn  0.000000 -1.000000 0.000000
vn  0.501316 0.000000 -0.865264
vn  0.000000 -1.000000 0.000000
vn  1.000000 0.000000 -0.000000
vn  1.000000 0.000000 -0.000000
vn  0.000000 -1.000000 0.000000
vn  0.862496 0.000000 0.506064
vn  0.000000 -1.000000 0.000000
vn  0.494581 0.000000 0.869132
vn  0.000000 -1.000000 0.000000
vn  -0.501316 0.000000 0.865264
vn  0.000000 -1.000000 0.000000
vn  0.000000 0.000000 1.000000
vn  0.000000 0.000000 1.000000
vn  0.000000 -1.000000 0.000000
vn  0.000000 0.000000 -1.000000
vn  0.000000 0.000000 -1.000000
vn  0.000000 -1.000000 0.000000
vn  0.707107 0.000000 -0.707107
vn  0.000000 -1.000000 0.000000
vn  1.000000 0.000000 0.000000
vn  1.000000 0.000000 -0.000000
vn  0.000000 -1.000000 0.000000
vn  1.000000 0.000000 -0.000000
vn  1.000000 0.000000 0.000000
vn  0.000000 -1.000000 0.000000
vn  0.707107 0.000000 0.707107
vn  -0.635714 0.000000 -0.771924
vn  0.000000 -1.000000 0.000000
vn  1.000000 0.000000 0.000000
vn  -0.123619 0.000000 -0.992330
vn  0.000000 -1.000000 0.000000
vn  0.427247 0.000000 -0.904135
vn  0.000000 -1.000000 0.000000
vn  0.844718 0.000000 -0.535212
vn  0.000000 -1.000000 0.000000
vn  1.000000 0.000000 -0.000000
vn  0.000000 -1.000000 0.000000
vn  1.000000 0.000000 -0.000000
vn  -1.000000 0.000000 0.000000
vn  0.000000 1.000000 -0.000000
vn  -1.000000 0.000000 0.000000
vn  -0.905189 0.000000 -0.425010
vn  0.000000 0.968780 -0.247922
vn  -0.635714 0.000000 -0.771924
vn  1.000000 0.000000 0.000000
vn  0.000000 0.892883 -0.450289
vn  0.000000 -1.000000 0.000000
vn  1.000000 0.000000 0.000000
vn  -0.635714 0.000000 0.771924
vn  0.000000 -1.000000 0.000000
vn  -0.337427 0.000000 0.941352
vn  0.000000 -1.000000 0.000000
vn  -0.000006 0.000000 1.000000
vn  0.000000 -1.000000 0.000000
vn  0.337420 0.000000 0.941354
vn  0.000000 -1.000000 0.000000
vn  0.635714 0.000000 0.771924
vn  0.000000 -1.000000 0.000000
vn  0.904355 0.000000 0.426782
vn  1.000000 0.000000 0.000000
vn  0.000000 0.000000 -1.000000
vn  0.000000 -0.000000 -1.000000
vn  1.000000 0.000000 0.000000
vn  0.000000 -0.499070 -0.866562
vn  1.000000 0.000000 0.000000
vn  0.000000 -0.864806 -0.502106
vn  1.000000 0.000000 0.000000
vn  0.000000 -0.999998 -0.001947
vn  1.000000 0.000000 0.000000
vn  0.000000 -0.867052 0.498218
vn  1.000000 0.000000 0.000000
vn  0.000000 -0.500441 0.865771
vn  1.000000 0.000000 0.000000
vn  0.000000 0.000000 1.000000
vn  0.000000 0.000000 1.000000
vn  1.000000 0.000000 0.000000
vn  0.000000 0.359765 0.933043
vn  1.000000 0.000000 0.000000
vn  0.000000 0.671096 0.741370
vn  1.000000 0.000000 0.000000
vn  0.000000 0.892883 0.450289
vn  -0.635714 0.000000 0.771924
vn  1.000000 0.000000 0.000000
vn  0.000000 0.670474 -0.741933
vn  1.000000 0.000000 0.000000
vn  0.000000 0.359875 -0.933001
vn  1.000000 0.000000 0.000000
vn  0.000000 -0.000000 -1.000000
vn  0.000000 0.000000 -1.000000
vn  1.000000 0.000000 0.000000
vn  0.000000 0.587964 -0.808887
vn  1.000000 0.000000 0.000000
vn  0.000000 0.950757 -0.309937
vn  1.000000 0.000000 0.000000
vn  0.000000 0.951725 0.306950
vn  1.000000 0.000000 0.000000
vn  0.000000 0.587284 0.809381
vn  1.000000 0.000000 0.000000
vn  0.000000 0.000000 1.000000
vn  0.000000 0.000000 1.000000
vn  1.000000 0.000000 0.000000
vn  0.000000 -0.587964 0.808887
vn  1.000000 0.000000 0.000000
vn  0.000000 -0.950757 0.309937
vn  1.000000 0.000000 0.000000
vn  0.000000 -0.951725 -0.306950
vn  1.000000 0.000000 0.000000
vn  0.000000 -0.587284 -0.809381
vn  0.000000 0.968746 0.248055
vn  -0.905082 0.000000 0.425237
vn  0.000000 0.000000 1.000000
vn  0.000000 0.000000 1.000000
vn  1.000000 0.000000 0.000000
vn  0.000000 -0.587284 0.809381
vn  1.000000 0.000000 0.000000
vn  0.000000 -0.951725 0.306950
vn  1.000000 0.000000 0.000000
vn  0.000000 -0.950757 -0.309937
vn  1.000000 0.000000 0.000000
vn  0.000000 -0.587964 -0.808887
vn  1.000000 0.000000 0.000000
vn  0.000000 -0.000000 -1.000000
vn  0.000000 0.000000 -1.000000
vn  1.000000 0.000000 0.000000
vn  0.000000 0.587284 -0.809381
vn  1.000000 0.000000 0.000000
vn  0.000000 0.951725 -0.306950
vn  1.000000 0.000000 0.000000
vn  0.000000 0.950757 0.309937
vn  1.000000 0.000000 0.000000
vn  0.000000 0.587964 0.808887
vn  1.000000 0.000000 0.000000
vn  1.000000 0.000000 0.000000
vn  0.000000 0.000000 1.000000
vn  0.000000 -0.000000 1.000000
vn  1.000000 0.000000 0.000000
vn  0.000000 -0.588367 0.808594
vn  1.000000 0.000000 0.000000
vn  0.000000 -0.950902 0.309492
vn  1.000000 0.000000 0.000000
vn  0.000000 -0.951654 -0.307173
vn  1.000000 0.000000 0.000000
vn  0.000000 -0.587401 -0.809296
vn  1.000000 0.000000 0.000000
vn  0.000000 0.000000 -1.000000
vn  0.000000 0.000000 -1.000000
vn  1.000000 0.000000 0.000000
vn  0.000000 0.588367 -0.808594
vn  1.000000 0.000000 0.000000
vn  0.000000 0.950902 -0.309492
vn  1.000000 0.000000 0.000000
vn  0.000000 0.951654 0.307173
vn  1.000000 0.000000 0.000000
vn  0.000000 0.587401 0.809296
vn  0.000000 0.000000 -1.000000
vn  -1.000000 0.000000 0.000000
vn  0.000000 0.000000 -1.000000
vn  0.000000 0.587401 -0.809296
vn  -1.000000 0.000000 0.000000
vn  0.000000 0.951654 -0.307173
vn  -1.000000 0.000000 0.000000
vn  0.000000 0.950902 0.309492
vn  -1.000000 0.000000 0.000000
vn  0.000000 0.588367 0.808594
vn  -1.000000 0.000000 0.000000
vn  0.000000 0.000000 1.000000
vn  -1.000000 0.000000 0.000000
vn  0.000000 -0.000000 1.000000
vn  -1.000000 0.000000 0.000000
vn  0.000000 0.000000 1.000000
vn  0.000000 -0.000000 1.000000
vn  -1.000000 0.000000 0.000000
vn  0.000000 -0.500494 0.865740
vn  -1.000000 0.000000 0.000000
vn  0.000000 -0.865633 0.500679
vn  -1.000000 0.000000 0.000000
vn  0.000000 -0.999998 0.002122
vn  -1.000000 0.000000 0.000000
vn  0.000000 -0.866705 -0.498822
vn  -1.000000 0.000000 0.000000
vn  0.000000 -0.499529 -0.866297
vn  -1.000000 0.000000 0.000000
vn  0.000000 0.000000 -1.000000
vn  0.000000 0.000000 -1.000000
vn  -1.000000 0.000000 0.000000
vn  0.000000 0.500494 -0.865740
vn  -1.000000 0.000000 0.000000
vn  0.000000 0.865633 -0.500679
vn  -1.000000 0.000000 0.000000
vn  0.000000 0.999998 -0.002122
vn  -1.000000 0.000000 0.000000
vn  0.000000 0.866705 0.498822
vn  -1.000000 0.000000 0.000000
vn  0.000000 0.499529 0.866297
vn  -1.000000 0.000000 0.000000
vn  0.000000 -0.588367 -0.808594
vn  -1.000000 0.000000 0.000000
vn  0.000000 -0.950902 -0.309492
vn  -1.000000 0.000000 0.000000
vn  0.000000 -0.951654 0.307173
vn  -1.000000 0.000000 0.000000
vn  0.000000 -0.587401 0.809296
vn  0.000000 0.000000 -1.000000
vn  -1.000000 0.000000 0.000000
vn  0.000000 0.000000 -1.000000
vn  0.000000 0.499529 -0.866297
vn  -1.000000 0.000000 0.000000
vn  0.000000 0.866705 -0.498822
vn  -1.000000 0.000000 0.000000
vn  0.000000 0.999998 0.002122
vn  -1.000000 0.000000 0.000000
vn  0.000000 0.865633 0.500679
vn  -1.000000 0.000000 0.000000
vn  0.000000 0.500494 0.865740
vn  -1.000000 0.000000 0.000000
vn  0.000000 0.000000 1.000000
vn  -1.000000 0.000000 0.000000
vn  0.000000 -0.000000 1.000000
vn  -1.000000 0.000000 0.000000
vn  0.000000 0.000000 1.000000
vn  0.000000 -0.000000 1.000000
vn  -1.000000 0.000000 0.000000
vn  0.000000 -0.500442 0.865770
vn  -1.000000 0.000000 0.000000
vn  0.000000 -0.865625 0.500693
vn  -1.000000 0.000000 0.000000
vn  0.000000 -0.999998 0.002205
vn  -1.000000 0.000000 0.000000
vn  0.000000 -0.866772 -0.498705
vn  -1.000000 0.000000 0.000000
vn  0.000000 -0.499531 -0.866296
vn  -1.000000 0.000000 0.000000
vn  0.000000 0.000000 -1.000000
vn  0.000000 0.000000 -1.000000
vn  -1.000000 0.000000 0.000000
vn  0.000000 0.500442 -0.865770
vn  -1.000000 0.000000 0.000000
vn  0.000000 0.865625 -0.500693
vn  -1.000000 0.000000 0.000000
vn  0.000000 0.999998 -0.002205
vn  -1.000000 0.000000 0.000000
vn  0.000000 0.866772 0.498705
vn  -1.000000 0.000000 0.000000
vn  0.000000 0.499531 0.866296
vn  -1.000000 0.000000 0.000000
vn  0.000000 -0.500494 -0.865740
vn  -1.000000 0.000000 0.000000
vn  0.000000 -0.865633 -0.500679
vn  -1.000000 0.000000 0.000000
vn  0.000000 -0.999998 -0.002122
vn  -1.000000 0.000000 0.000000
vn  0.000000 -0.866705 0.498822
vn  -1.000000 0.000000 0.000000
vn  0.000000 -0.499529 0.866297
vn  0.000000 0.000000 -1.000000
vn  1.000000 0.000000 0.000000
vn  0.000000 0.000000 -1.000000
vn  0.000000 0.499531 -0.866296
vn  1.000000 0.000000 0.000000
vn  0.000000 0.866772 -0.498705
vn  1.000000 0.000000 0.000000
vn  0.000000 0.999998 0.002205
vn  1.000000 0.000000 0.000000
vn  0.000000 0.865625 0.500693
vn  1.000000 0.000000 0.000000
vn  0.000000 0.500442 0.865770
vn  1.000000 0.000000 0.000000
vn  0.000000 0.000000 1.000000
vn  1.000000 0.000000 0.000000
vn  0.000000 -0.000000 1.000000
vn  1.000000 0.000000 0.000000
vn  0.000000 -0.500442 -0.865770
vn  1.000000 0.000000 0.000000
vn  0.000000 -0.865625 -0.500693
vn  1.000000 0.000000 0.000000
vn  0.000000 -0.999998 -0.002205
vn  1.000000 0.000000 0.000000
vn  0.000000 -0.866772 0.498705
vn  1.000000 0.000000 0.000000
vn  0.000000 -0.499531 0.866296
vn  1.000000 0.000000 0.000000
vn  0.000000 -0.000000 -1.000000
vn  0.000000 0.000000 -1.000000
vn  1.000000 0.000000 0.000000
vn  0.000000 0.310355 -0.950621
vn  1.000000 0.000000 0.000000
vn  0.000000 0.587846 -0.808973
vn  1.000000 0.000000 0.000000
vn  0.000000 0.808936 -0.587897
vn  1.000000 0.000000 0.000000
vn  0.000000 0.950699 -0.310115
vn  1.000000 0.000000 0.000000
vn  0.000000 0.999998 -0.002070
vn  1.000000 0.000000 0.000000
vn  0.000000 0.951733 0.306927
vn  1.000000 0.000000 0.000000
vn  0.000000 0.809694 0.586852
vn  1.000000 0.000000 0.000000
vn  0.000000 0.587253 0.809404
vn  1.000000 0.000000 0.000000
vn  0.000000 0.309019 0.951056
vn  1.000000 0.000000 0.000000
vn  0.000000 0.000000 1.000000
vn  0.000000 0.000000 1.000000
vn  1.000000 0.000000 0.000000
vn  0.000000 -0.310355 0.950621
vn  1.000000 0.000000 0.000000
vn  0.000000 -0.587846 0.808973
vn  1.000000 0.000000 0.000000
vn  0.000000 -0.808936 0.587897
vn  1.000000 0.000000 0.000000
vn  0.000000 -0.950699 0.310115
vn  1.000000 0.000000 0.000000
vn  0.000000 -0.999998 0.002070
vn  1.000000 0.000000 0.000000
vn  0.000000 -0.951733 -0.306927
vn  1.000000 0.000000 0.000000
vn  0.000000 -0.809694 -0.586852
vn  1.000000 0.000000 0.000000
vn  0.000000 -0.587253 -0.809404
vn  1.000000 0.000000 0.000000
vn  0.000000 -0.309019 -0.951056
vn  0.000000 0.000000 1.000000
vn  -1.000000 0.000000 0.000000
vn  0.000000 0.000000 1.000000
vn  0.000000 -0.309019 0.951056
vn  -1.000000 0.000000 0.000000
vn  0.000000 -0.587253 0.809404
vn  -1.000000 0.000000 0.000000
vn  0.000000 -0.809694 0.586852
vn  -1.000000 0.000000 0.000000
vn  0.000000 -0.951733 0.306927
vn  -1.000000 0.000000 0.000000
vn  0.000000 -0.999998 -0.002070
vn  -1.000000 0.000000 0.000000
vn  0.000000 -0.950699 -0.310115
vn  -1.000000 0.000000 0.000000
vn  0.000000 -0.808936 -0.587897
vn  -1.000000 0.000000 0.000000
vn  0.000000 -0.587846 -0.808973
vn  -1.000000 0.000000 0.000000
vn  0.000000 -0.310355 -0.950621
vn  -1.000000 0.000000 0.000000
vn  0.000000 -0.000000 -1.000000
vn  -1.000000 0.000000 0.000000
vn  0.000000 0.000000 -1.000000
vn  -1.000000 0.000000 0.000000
vn  0.000000 0.000000 -1.000000
vn  0.000000 0.000000 -1.000000
vn  -1.000000 0.000000 0.000000
vn  0.000000 0.500442 -0.865770
vn  -1.000000 0.000000 0.000000
vn  0.000000 0.865625 -0.500693
vn  -1.000000 0.000000 0.000000
vn  0.000000 0.999998 -0.002205
vn  -1.000000 0.000000 0.000000
vn  0.000000 0.866772 0.498705
vn  -1.000000 0.000000 0.000000
vn  0.000000 0.499531 0.866296
vn  -1.000000 0.000000 0.000000
vn  0.000000 -0.000000 1.000000
vn  0.000000 0.000000 1.000000
vn  -1.000000 0.000000 0.000000
vn  0.000000 -0.500442 0.865770
vn  -1.000000 0.000000 0.000000
vn  0.000000 -0.865625 0.500693
vn  -1.000000 0.000000 0.000000
vn  0.000000 -0.999998 0.002205
vn  -1.000000 0.000000 0.000000
vn  0.000000 -0.866772 -0.498705
vn  -1.000000 0.000000 0.000000
vn  0.000000 -0.499531 -0.866296
vn  -1.000000 0.000000 0.000000
vn  0.000000 0.310355 0.950621
vn  -1.000000 0.000000 0.000000
vn  0.000000 0.587846 0.808973
vn  -1.000000 0.000000 0.000000
vn  0.000000 0.808936 0.587897
vn  -1.000000 0.000000 0.000000
vn  0.000000 0.950699 0.310115
vn  -1.000000 0.000000 0.000000
vn  0.000000 0.999998 0.002070
vn  -1.000000 0.000000 0.000000
vn  0.000000 0.951733 -0.306927
vn  -1.000000 0.000000 0.000000
vn  0.000000 0.809694 -0.586852
vn  -1.000000 0.000000 0.000000
vn  0.000000 0.587253 -0.809404
vn  -1.000000 0.000000 0.000000
vn  0.000000 0.309019 -0.951056
vn  1.000000 0.000000 -0.000000
vn  1.000000 0.000000 -0.000000
vn  0.000000 -1.000000 0.000000
vn  0.501316 0.000000 0.865264
vn  0.000000 -1.000000 0.000000
vn  -0.494581 0.000000 0.869132
vn  0.000000 -1.000000 0.000000
vn  -0.862496 0.000000 0.506064
vn  0.000000 -1.000000 0.000000
vn  -1.000000 0.000000 0.000000
vn  -1.000000 0.000000 0.000000
vn  0.000000 -1.000000 0.000000
vn  -0.501316 0.000000 -0.865264
vn  0.000000 -1.000000 0.000000
vn  0.494581 0.000000 -0.869132
vn  0.000000 -1.000000 0.000000
vn  0.862496 0.000000 -0.506064
vn  0.000000 -1.000000 0.000000
vn  1.000000 0.000000 -0.000000
vn  1.000000 0.000000 -0.000000
vn  0.000000 -1.000000 0.000000
vn  0.501316 0.000000 0.865264
vn  0.000000 -1.000000 0.000000
vn  -0.494581 0.000000 0.869132
vn  0.000000 -1.000000 0.000000
vn  -0.862496 0.000000 0.506064
vn  0.000000 -1.000000 0.000000
vn  -1.000000 0.000000 0.000000
vn  -1.000000 0.000000 0.000000
vn  0.000000 -1.000000 0.000000
vn  -0.501316 0.000000 -0.865264
vn  0.000000 -1.000000 0.000000
vn  0.494581 0.000000 -0.869132
vn  0.000000 -1.000000 0.000000
vn  0.862496 0.000000 -0.506064
vn  0.000000 -1.000000 0.000000
vn  1.000000 0.000000 -0.000000
vn  1.000000 0.000000 -0.000000
vn  0.000000 -1.000000 0.000000
vn  0.501316 0.000000 0.865264
vn  0.000000 -1.000000 0.000000
vn  -0.494581 0.000000 0.869132
vn  0.000000 -1.000000 0.000000
vn  -0.862496 0.000000 0.506064
vn  0.000000 -1.000000 0.000000
vn  -1.000000 0.000000 0.000000
vn  -1.000000 0.000000 0.000000
vn  0.000000 -1.000000 0.000000
vn  -0.501316 0.000000 -0.865264
vn  0.000000 -1.000000 0.000000
vn  0.494581 0.000000 -0.869132
vn  0.000000 -1.000000 0.000000
vn  0.862496 0.000000 -0.506064
vn  0.000000 -1.000000 0.000000
vn  1.000000 0.000000 -0.000000
vn  1.000000 0.000000 -0.000000
vn  0.000000 -1.000000 0.000000
vn  0.501316 0.000000 0.865264
vn  0.000000 -1.000000 0.000000
vn  -0.494581 0.000000 0.869132
vn  0.000000 -1.000000 0.000000
vn  -0.862496 0.000000 0.506064
vn  0.000000 -1.000000 0.000000
vn  -1.000000 0.000000 0.000000
vn  -1.000000 0.000000 0.000000
vn  0.000000 -1.000000 0.000000
vn  -0.501316 0.000000 -0.865264
vn  0.000000 -1.000000 0.000000
vn  0.494581 0.000000 -0.869132
vn  0.000000 -1.000000 0.000000
vn  0.862496 0.000000 -0.506064
vn  0.000000 -1.000000 0.000000
vn  1.000000 0.000000 -0.000000
vn  1.000000 0.000000 0.000000
vn  0.000000 -1.000000 0.000000
vn  0.707107 0.000000 0.707107
vn  0.000000 -1.000000 0.000000
vn  0.000000 0.000000 1.000000
vn  0.000000 -1.000000 0.000000
vn  0.000000 0.000000 1.000000
vn  1.000000 0.000000 0.000000
vn  1.000000 0.000000 -0.000000
vn  0.000000 -1.000000 0.000000
vn  0.000000 0.000000 -1.000000
vn  0.000000 0.000000 -1.000000
vn  0.000000 -1.000000 0.000000
vn  0.707107 0.000000 -0.707107
vn  0.000000 -1.000000 0.000000
vn  1.000000 0.000000 0.000000
vn  0.000000 1.000000 0.000000
vn  0.000000 1.000000 0.000000
vn  1.000000 0.000000 0.000000
vn  0.000000 0.992030 0.126004
vn  0.000000 -0.100782 0.994909
vn  -0.116328 0.000000 0.993211
vn  0.000000 -0.200000 0.979796
vn  -0.230556 0.000000 0.973059
vn  0.000000 -1.000000 0.000000
vn  0.000000 -0.200000 0.979796
vn  0.230545 0.000000 0.973062
vn  0.000000 -1.000000 0.000000
vn  0.000000 -0.100782 0.994909
vn  0.116318 0.000000 0.993212
vn  0.116058 0.000000 0.993242
vn  0.000000 -1.000000 0.000000
vn  0.000000 0.000000 1.000000
vn  0.000000 -1.000000 0.000000
vn  -0.116057 0.000000 0.993243
vn  0.000000 -1.000000 0.000000
vn  0.000000 -1.000000 -0.000000
vn  0.000000 -1.000000 -0.000000
vn  -1.000000 0.000000 0.000000
vn  0.000000 -0.501316 0.865264
vn  -1.000000 0.000000 0.000000
vn  0.000000 0.494581 0.869132
vn  -1.000000 0.000000 0.000000
vn  0.000000 0.862496 0.506064
vn  -1.000000 0.000000 0.000000
vn  0.000000 1.000000 0.000000
vn  0.000000 1.000000 0.000000
vn  -1.000000 0.000000 0.000000
vn  0.000000 0.501316 -0.865264
vn  -1.000000 0.000000 0.000000
vn  0.000000 -0.494581 -0.869132
vn  -1.000000 0.000000 0.000000
vn  0.000000 -0.862496 -0.506064
vn  -1.000000 0.000000 0.000000
vn  0.000000 -1.000000 -0.000000
vn  0.000000 -1.000000 -0.000000
vn  -1.000000 0.000000 0.000000
vn  0.000000 -0.501316 0.865264
vn  -1.000000 0.000000 0.000000
vn  0.000000 0.494581 0.869132
vn  -1.000000 0.000000 0.000000
vn  0.000000 0.862496 0.506064
vn  -1.000000 0.000000 0.000000
vn  0.000000 1.000000 0.000000
vn  0.000000 1.000000 0.000000
vn  -1.000000 0.000000 0.000000
vn  0.000000 0.501316 -0.865264
vn  -1.000000 0.000000 0.000000
vn  0.000000 -0.494581 -0.869132
vn  -1.000000 0.000000 0.000000
vn  0.000000 -0.862496 -0.506064
vn  -1.000000 0.000000 0.000000
vn  0.000000 0.000000 1.000000
vn  0.000000 0.000000 1.000000
vn  1.000000 0.000000 0.000000
vn  0.000000 -0.707304 0.706910
vn  1.000000 0.000000 0.000000
vn  0.000000 -0.999992 0.004076
vn  1.000000 0.000000 0.000000
vn  0.000000 -0.711660 -0.702524
vn  1.000000 0.000000 0.000000
vn  0.000000 -0.000000 -1.000000
vn  0.000000 0.000000 -1.000000
vn  1.000000 0.000000 0.000000
vn  0.000000 0.707304 -0.706910
vn  1.000000 0.000000 0.000000
vn  0.000000 0.999992 -0.004076
vn  1.000000 0.000000 0.000000
vn  0.000000 0.711660 0.702524
vn  1.000000 0.000000 0.000000
vn  0.000000 0.000000 1.000000
vn  0.000000 0.000000 1.000000
vn  1.000000 0.000000 0.000000
vn  0.000000 -0.707304 0.706910
vn  1.000000 0.000000 0.000000
vn  0.000000 -0.999992 0.004076
vn  1.000000 0.000000 0.000000
vn  0.000000 -0.711660 -0.702524
vn  1.000000 0.000000 0.000000
vn  0.000000 -0.000000 -1.000000
vn  0.000000 0.000000 -1.000000
vn  1.000000 0.000000 0.000000
vn  0.000000 0.707304 -0.706910
vn  1.000000 0.000000 0.000000
vn  0.000000 0.999992 -0.004076
vn  1.000000 0.000000 0.000000
vn  0.000000 0.711660 0.702524
vn  1.000000 0.000000 0.000000
vn  0.000000 0.000000 1.000000
vn  0.000000 0.000000 1.000000
vn  1.000000 0.000000 0.000000
vn  0.000000 -0.707304 0.706910
vn  1.000000 0.000000 0.000000
vn  0.000000 -0.999992 0.004076
vn  1.000000 0.000000 0.000000
vn  0.000000 -0.711660 -0.702524
vn  1.000000 0.000000 0.000000
vn  0.000000 -0.000000 -1.000000
vn  0.000000 0.000000 -1.000000
vn  1.000000 0.000000 0.000000
vn  0.000000 0.707304 -0.706910
vn  1.000000 0.000000 0.000000
vn  0.000000 0.999992 -0.004076
vn  1.000000 0.000000 0.000000
vn  0.000000 0.711660 0.702524
vn  1.000000 0.000000 0.000000


g 12
g 13
usemtl MTL0
f 3581/3581/3581  3540/3540/3540  3537/3537/3537
f 3603/3603/3603  3538/3538/3538  3541/3541/3541
f 3622/3622/3622  3582/3582/3582  3539/3539/3539
f 3603/3603/3603  3583/3583/3583  3538/3538/3538
f 3626/3626/3626  3539/3539/3539  3584/3584/3584
f 3624/3624/3624  3622/3622/3622  3539/3539/3539
f 3626/3626/3626  3624/3624/3624  3539/3539/3539
f 3546/3546/3546  3543/3543/3543  3540/3540/3540
f 3745/3745/3745  3542/3542/3542  3545/3545/3545
f 3549/3549/3549  3546/3546/3546  3540/3540/3540
f 3551/3551/3551  3549/3549/3549  3540/3540/3540
f 3564/3564/3564  3551/3551/3551  3540/3540/3540
f 3566/3566/3566  3564/3564/3564  3540/3540/3540
f 3581/3581/3581  3566/3566/3566  3540/3540/3540
f 3745/3745/3745  3604/3604/3604  3542/3542/3542
f 3717/3717/3717  3544/3544/3544  3548/3548/3548
f 3719/3719/3719  3544/3544/3544  3717/3717/3717
f 3744/3744/3744  3544/3544/3544  3719/3719/3719
f 3738/3738/3738  3547/3547/3547  3550/3550/3550
f 3735/3735/3735  3716/3716/3716  3547/3547/3547
f 3738/3738/3738  3735/3735/3735  3547/3547/3547
f 3724/3724/3724  3550/3550/3550  3553/3553/3553
f 3740/3740/3740  3550/3550/3550  3724/3724/3724
f 3740/3740/3740  3738/3738/3738  3550/3550/3550
f 3564/3564/3564  3554/3554/3554  3551/3551/3551
f 3699/3699/3699  3552/3552/3552  3555/3555/3555
f 3724/3724/3724  3553/3553/3553  3700/3700/3700
f 3559/3559/3559  3556/3556/3556  3554/3554/3554
f 3702/3702/3702  3555/3555/3555  3558/3558/3558
f 3561/3561/3561  3559/3559/3559  3554/3554/3554
f 3564/3564/3564  3561/3561/3561  3554/3554/3554
f 3702/3702/3702  3699/3699/3699  3555/3555/3555
f 3661/3661/3661  3557/3557/3557  3560/3560/3560
f 3677/3677/3677  3557/3557/3557  3661/3661/3661
f 3704/3704/3704  3558/3558/3558  3678/3678/3678
f 3704/3704/3704  3702/3702/3702  3558/3558/3558
f 3661/3661/3661  3560/3560/3560  3563/3563/3563
f 3668/3668/3668  3562/3562/3562  3565/3565/3565
f 3665/3665/3665  3660/3660/3660  3562/3562/3562
f 3668/3668/3668  3665/3665/3665  3562/3562/3562
f 3670/3670/3670  3565/3565/3565  3567/3567/3567
f 3670/3670/3670  3668/3668/3668  3565/3565/3565
f 3571/3571/3571  3568/3568/3568  3566/3566/3566
f 3672/3672/3672  3567/3567/3567  3570/3570/3570
f 3573/3573/3573  3571/3571/3571  3566/3566/3566
f 3576/3576/3576  3573/3573/3573  3566/3566/3566
f 3578/3578/3578  3576/3576/3576  3566/3566/3566
f 3581/3581/3581  3578/3578/3578  3566/3566/3566
f 3672/3672/3672  3670/3670/3670  3567/3567/3567
f 3636/3636/3636  3569/3569/3569  3572/3572/3572
f 3643/3643/3643  3569/3569/3569  3636/3636/3636
f 3672/3672/3672  3570/3570/3570  3644/3644/3644
f 3636/3636/3636  3572/3572/3572  3575/3575/3575
f 3641/3641/3641  3574/3574/3574  3577/3577/3577
f 3639/3639/3639  3635/3635/3635  3574/3574/3574
f 3641/3641/3641  3639/3639/3639  3574/3574/3574
f 3641/3641/3641  3577/3577/3577  3580/3580/3580
f 3605/3605/3605  3579/3579/3579  3582/3582/3582
f 3641/3641/3641  3580/3580/3580  3606/3606/3606
f 3608/3608/3608  3605/3605/3605  3582/3582/3582
f 3622/3622/3622  3608/3608/3608  3582/3582/3582
f 3603/3603/3603  3585/3585/3585  3583/3583/3583
f 3629/3629/3629  3584/3584/3584  3586/3586/3586
f 3629/3629/3629  3626/3626/3626  3584/3584/3584
f 3603/3603/3603  3587/3587/3587  3585/3585/3585
f 3612/3612/3612  3586/3586/3586  3588/3588/3588
f 3631/3631/3631  3586/3586/3586  3612/3612/3612
f 3631/3631/3631  3629/3629/3629  3586/3586/3586
f 3595/3595/3595  3590/3590/3590  3587/3587/3587
f 3615/3615/3615  3589/3589/3589  3591/3591/3591
f 3603/3603/3603  3595/3595/3595  3587/3587/3587
f 3614/3614/3614  3612/3612/3612  3588/3588/3588
f 3595/3595/3595  3592/3592/3592  3590/3590/3590
f 3615/3615/3615  3591/3591/3591  3593/3593/3593
f 3655/3655/3655  3594/3594/3594  3596/3596/3596
f 3637/3637/3637  3615/3615/3615  3593/3593/3593
f 3637/3637/3637  3593/3593/3593  3635/3635/3635
f 3645/3645/3645  3636/3636/3636  3594/3594/3594
f 3648/3648/3648  3645/3645/3645  3594/3594/3594
f 3650/3650/3650  3648/3648/3648  3594/3594/3594
f 3653/3653/3653  3650/3650/3650  3594/3594/3594
f 3655/3655/3655  3653/3653/3653  3594/3594/3594
f 3600/3600/3600  3597/3597/3597  3595/3595/3595
f 3658/3658/3658  3596/3596/3596  3598/3598/3598
f 3603/3603/3603  3600/3600/3600  3595/3595/3595
f 3658/3658/3658  3655/3655/3655  3596/3596/3596
f 3750/3750/3750  3599/3599/3599  3602/3602/3602
f 3877/3877/3877  3659/3659/3659  3599/3599/3599
f 3883/3883/3883  3599/3599/3599  3750/3750/3750
f 3883/3883/3883  3877/3877/3877  3599/3599/3599
f 3815/3815/3815  3601/3601/3601  3604/3604/3604
f 3819/3819/3819  3749/3749/3749  3601/3601/3601
f 3813/3813/3813  3810/3810/3810  3601/3601/3601
f 3843/3843/3843  3601/3601/3601  3810/3810/3810
f 3815/3815/3815  3813/3813/3813  3601/3601/3601
f 3837/3837/3837  3819/3819/3819  3601/3601/3601
f 3840/3840/3840  3837/3837/3837  3601/3601/3601
f 3843/3843/3843  3840/3840/3840  3601/3601/3601
f 3847/3847/3847  3604/3604/3604  3745/3745/3745
f 3817/3817/3817  3604/3604/3604  3801/3801/3801
f 3847/3847/3847  3801/3801/3801  3604/3604/3604
f 3817/3817/3817  3815/3815/3815  3604/3604/3604
f 3642/3642/3642  3607/3607/3607  3609/3609/3609
f 3620/3620/3620  3610/3610/3610  3608/3608/3608
f 3642/3642/3642  3609/3609/3609  3611/3611/3611
f 3622/3622/3622  3620/3620/3620  3608/3608/3608
f 3633/3633/3633  3612/3612/3612  3610/3610/3610
f 3640/3640/3640  3611/3611/3611  3613/3613/3613
f 3620/3620/3620  3617/3617/3617  3610/3610/3610
f 3633/3633/3633  3610/3610/3610  3617/3617/3617
f 3642/3642/3642  3611/3611/3611  3640/3640/3640
f 3638/3638/3638  3613/3613/3613  3616/3616/3616
f 3633/3633/3633  3631/3631/3631  3612/3612/3612
f 3640/3640/3640  3613/3613/3613  3638/3638/3638
f 3812/3812/3812  3619/3619/3619  3621/3621/3621
f 3814/3814/3814  3634/3634/3634  3618/3618/3618
f 3814/3814/3814  3618/3618/3618  3811/3811/3811
f 3809/3809/3809  3621/3621/3621  3623/3623/3623
f 3812/3812/3812  3621/3621/3621  3809/3809/3809
f 3807/3807/3807  3623/3623/3623  3625/3625/3625
f 3809/3809/3809  3623/3623/3623  3807/3807/3807
f 3805/3805/3805  3625/3625/3625  3628/3628/3628
f 3807/3807/3807  3625/3625/3625  3805/3805/3805
f 3802/3802/3802  3627/3627/3627  3630/3630/3630
f 3805/3805/3805  3628/3628/3628  3803/3803/3803
f 3818/3818/3818  3630/3630/3630  3632/3632/3632
f 3818/3818/3818  3802/3802/3802  3630/3630/3630
f 3816/3816/3816  3632/3632/3632  3634/3634/3634
f 3818/3818/3818  3632/3632/3632  3816/3816/3816
f 3816/3816/3816  3634/3634/3634  3814/3814/3814
f 3639/3639/3639  3637/3637/3637  3635/3635/3635
f 3645/3645/3645  3643/3643/3643  3636/3636/3636
f 3672/3672/3672  3644/3644/3644  3646/3646/3646
f 3675/3675/3675  3647/3647/3647  3649/3649/3649
f 3674/3674/3674  3672/3672/3672  3646/3646/3646
f 3675/3675/3675  3649/3649/3649  3652/3652/3652
f 3889/3889/3889  3651/3651/3651  3654/3654/3654
f 3891/3891/3891  3675/3675/3675  3652/3652/3652
f 3891/3891/3891  3652/3652/3652  3890/3890/3890
f 3870/3870/3870  3654/3654/3654  3657/3657/3657
f 3872/3872/3872  3654/3654/3654  3870/3870/3870
f 3889/3889/3889  3654/3654/3654  3872/3872/3872
f 3874/3874/3874  3656/3656/3656  3659/3659/3659
f 3871/3871/3871  3869/3869/3869  3656/3656/3656
f 3874/3874/3874  3871/3871/3871  3656/3656/3656
f 3877/3877/3877  3874/3874/3874  3659/3659/3659
f 3665/3665/3665  3662/3662/3662  3660/3660/3660
f 3677/3677/3677  3661/3661/3661  3663/3663/3663
f 3894/3894/3894  3664/3664/3664  3667/3667/3667
f 3697/3697/3697  3677/3677/3677  3663/3663/3663
f 3894/3894/3894  3698/3698/3698  3664/3664/3664
f 3951/3951/3951  3666/3666/3666  3669/3669/3669
f 3949/3949/3949  3893/3893/3893  3666/3666/3666
f 3951/3951/3951  3949/3949/3949  3666/3666/3666
f 3673/3673/3673  3669/3669/3669  3671/3671/3671
f 3953/3953/3953  3669/3669/3669  3673/3673/3673
f 3953/3953/3953  3951/3951/3951  3669/3669/3669
f 3955/3955/3955  3673/3673/3673  3676/3676/3676
f 3955/3955/3955  3953/3953/3953  3673/3673/3673
f 3955/3955/3955  3676/3676/3676  3892/3892/3892
f 3692/3692/3692  3679/3679/3679  3677/3677/3677
f 3706/3706/3706  3678/3678/3678  3680/3680/3680
f 3694/3694/3694  3692/3692/3692  3677/3677/3677
f 3697/3697/3697  3694/3694/3694  3677/3677/3677
f 3706/3706/3706  3704/3704/3704  3678/3678/3678
f 3687/3687/3687  3682/3682/3682  3679/3679/3679
f 3715/3715/3715  3681/3681/3681  3683/3683/3683
f 3689/3689/3689  3687/3687/3687  3679/3679/3679
f 3692/3692/3692  3689/3689/3689  3679/3679/3679
f 3714/3714/3714  3706/3706/3706  3680/3680/3680
f 3687/3687/3687  3684/3684/3684  3682/3682/3682
f 3744/3744/3744  3683/3683/3683  3685/3685/3685
f 3715/3715/3715  3683/3683/3683  3713/3713/3713
f 3744/3744/3744  3713/3713/3713  3683/3683/3683
f 4026/4026/4026  3686/3686/3686  3688/3688/3688
f 3746/3746/3746  3744/3744/3744  3685/3685/3685
f 4026/4026/4026  3748/3748/3748  3686/3686/3686
f 3897/3897/3897  3688/3688/3688  3691/3691/3691
f 4026/4026/4026  3688/3688/3688  3897/3897/3897
f 4018/4018/4018  3690/3690/3690  3693/3693/3693
f 4019/4019/4019  3897/3897/3897  3691/3691/3691
f 4014/4014/4014  3693/3693/3693  3696/3696/3696
f 4016/4016/4016  3693/3693/3693  4014/4014/4014
f 4018/4018/4018  3693/3693/3693  4016/4016/4016
f 3894/3894/3894  3695/3695/3695  3698/3698/3698
f 4013/4013/4013  3695/3695/3695  3894/3894/3894
f 3725/3725/3725  3701/3701/3701  3703/3703/3703
f 3725/3725/3725  3703/3703/3703  3705/3705/3705
f 3723/3723/3723  3705/3705/3705  3707/3707/3707
f 3725/3725/3725  3705/3705/3705  3723/3723/3723
f 3711/3711/3711  3708/3708/3708  3706/3706/3706
f 3721/3721/3721  3707/3707/3707  3710/3710/3710
f 3714/3714/3714  3711/3711/3711  3706/3706/3706
f 3723/3723/3723  3707/3707/3707  3721/3721/3721
f 3718/3718/3718  3709/3709/3709  3712/3712/3712
f 3720/3720/3720  3709/3709/3709  3718/3718/3718
f 3744/3744/3744  3719/3719/3719  3713/3713/3713
f 3731/3731/3731  3718/3718/3718  3716/3716/3716
f 3733/3733/3733  3731/3731/3731  3716/3716/3716
f 3735/3735/3735  3733/3733/3733  3716/3716/3716
f 3731/3731/3731  3720/3720/3720  3718/3718/3718
f 3729/3729/3729  3722/3722/3722  3720/3720/3720
f 3731/3731/3731  3729/3729/3729  3720/3720/3720
f 3742/3742/3742  3724/3724/3724  3722/3722/3722
f 3729/3729/3729  3726/3726/3726  3722/3722/3722
f 3742/3742/3742  3722/3722/3722  3726/3726/3726
f 3742/3742/3742  3740/3740/3740  3724/3724/3724
f 3794/3794/3794  3728/3728/3728  3730/3730/3730
f 3796/3796/3796  3743/3743/3743  3727/3727/3727
f 3796/3796/3796  3727/3727/3727  3793/3793/3793
f 3791/3791/3791  3730/3730/3730  3732/3732/3732
f 3794/3794/3794  3730/3730/3730  3791/3791/3791
f 3789/3789/3789  3732/3732/3732  3734/3734/3734
f 3791/3791/3791  3732/3732/3732  3789/3789/3789
f 3787/3787/3787  3734/3734/3734  3737/3737/3737
f 3789/3789/3789  3734/3734/3734  3787/3787/3787
f 3784/3784/3784  3736/3736/3736  3739/3739/3739
f 3787/3787/3787  3737/3737/3737  3785/3785/3785
f 3800/3800/3800  3739/3739/3739  3741/3741/3741
f 3800/3800/3800  3784/3784/3784  3739/3739/3739
f 3798/3798/3798  3741/3741/3741  3743/3743/3743
f 3800/3800/3800  3741/3741/3741  3798/3798/3798
f 3798/3798/3798  3743/3743/3743  3796/3796/3796
f 3786/3786/3786  3745/3745/3745  3747/3747/3747
f 3786/3786/3786  3783/3783/3783  3745/3745/3745
f 3847/3847/3847  3745/3745/3745  3783/3783/3783
f 3792/3792/3792  3747/3747/3747  3762/3762/3762
f 4020/4020/4020  3763/3763/3763  3748/3748/3748
f 3788/3788/3788  3786/3786/3786  3747/3747/3747
f 3790/3790/3790  3788/3788/3788  3747/3747/3747
f 3792/3792/3792  3790/3790/3790  3747/3747/3747
f 4023/4023/4023  4020/4020/4020  3748/3748/3748
f 4026/4026/4026  4023/4023/4023  3748/3748/3748
f 3831/3831/3831  3752/3752/3752  3749/3749/3749
f 3887/3887/3887  3751/3751/3751  3753/3753/3753
f 3835/3835/3835  3749/3749/3749  3819/3819/3819
f 3833/3833/3833  3831/3831/3831  3749/3749/3749
f 3835/3835/3835  3833/3833/3833  3749/3749/3749
f 3886/3886/3886  3883/3883/3883  3750/3750/3750
f 3757/3757/3757  3754/3754/3754  3752/3752/3752
f 4134/4134/4134  3753/3753/3753  3756/3756/3756
f 3760/3760/3760  3757/3757/3757  3752/3752/3752
f 3863/3863/3863  3760/3760/3760  3752/3752/3752
f 3831/3831/3831  3828/3828/3828  3752/3752/3752
f 3863/3863/3863  3752/3752/3752  3828/3828/3828
f 4138/4138/4138  3887/3887/3887  3753/3753/3753
f 4134/4134/4134  4131/4131/4131  3753/3753/3753
f 4138/4138/4138  3753/3753/3753  4131/4131/4131
f 4061/4061/4061  3755/3755/3755  3759/3759/3759
f 4136/4136/4136  3756/3756/3756  4062/4062/4062
f 4136/4136/4136  4134/4134/4134  3756/3756/3756
f 4029/4029/4029  3758/3758/3758  3761/3761/3761
f 4059/4059/4059  3759/3759/3759  4030/4030/4030
f 4082/4082/4082  3759/3759/3759  4059/4059/4059
f 4064/4064/4064  4061/4061/4061  3759/3759/3759
f 4066/4066/4066  4064/4064/4064  3759/3759/3759
f 4082/4082/4082  4066/4066/4066  3759/3759/3759
f 3770/3770/3770  3762/3762/3762  3760/3760/3760
f 4054/4054/4054  3761/3761/3761  3764/3764/3764
f 3772/3772/3772  3770/3770/3770  3760/3760/3760
f 3774/3774/3774  3772/3772/3772  3760/3760/3760
f 3863/3863/3863  3774/3774/3774  3760/3760/3760
f 4032/4032/4032  4029/4029/4029  3761/3761/3761
f 4034/4034/4034  4032/4032/4032  3761/3761/3761
f 4036/4036/4036  4034/4034/4034  3761/3761/3761
f 4054/4054/4054  4036/4036/4036  3761/3761/3761
f 3768/3768/3768  3765/3765/3765  3762/3762/3762
f 3859/3859/3859  3762/3762/3762  3765/3765/3765
f 3770/3770/3770  3768/3768/3768  3762/3762/3762
f 3853/3853/3853  3792/3792/3792  3762/3762/3762
f 3856/3856/3856  3853/3853/3853  3762/3762/3762
f 3859/3859/3859  3856/3856/3856  3762/3762/3762
f 4054/4054/4054  3764/3764/3764  4021/4021/4021
f 4119/4119/4119  3766/3766/3766  3769/3769/3769
f 3859/3859/3859  3765/3765/3765  3781/3781/3781
f 4122/4122/4122  3782/3782/3782  3767/3767/3767
f 4122/4122/4122  3767/3767/3767  4120/4120/4120
f 4117/4117/4117  3769/3769/3769  3771/3771/3771
f 4119/4119/4119  3769/3769/3769  4117/4117/4117
f 4115/4115/4115  3771/3771/3771  3773/3773/3773
f 4117/4117/4117  3771/3771/3771  4115/4115/4115
f 4113/4113/4113  3773/3773/3773  3775/3775/3775
f 4115/4115/4115  3773/3773/3773  4113/4113/4113
f 3861/3861/3861  3777/3777/3777  3774/3774/3774
f 4111/4111/4111  3776/3776/3776  3778/3778/3778
f 3863/3863/3863  3861/3861/3861  3774/3774/3774
f 4113/4113/4113  3775/3775/3775  4110/4110/4110
f 3861/3861/3861  3779/3779/3779  3777/3777/3777
f 4126/4126/4126  3778/3778/3778  3780/3780/3780
f 4126/4126/4126  4111/4111/4111  3778/3778/3778
f 3861/3861/3861  3781/3781/3781  3779/3779/3779
f 4124/4124/4124  3780/3780/3780  3782/3782/3782
f 4126/4126/4126  3780/3780/3780  4124/4124/4124
f 3861/3861/3861  3859/3859/3859  3781/3781/3781
f 4124/4124/4124  3782/3782/3782  4122/4122/4122
f 3847/3847/3847  3783/3783/3783  3799/3799/3799
f 3851/3851/3851  3795/3795/3795  3792/3792/3792
f 3853/3853/3853  3851/3851/3851  3792/3792/3792
f 3849/3849/3849  3797/3797/3797  3795/3795/3795
f 3851/3851/3851  3849/3849/3849  3795/3795/3795
f 3849/3849/3849  3799/3799/3799  3797/3797/3797
f 3849/3849/3849  3847/3847/3847  3799/3799/3799
f 3845/3845/3845  3804/3804/3804  3801/3801/3801
f 3847/3847/3847  3845/3845/3845  3801/3801/3801
f 3845/3845/3845  3806/3806/3806  3804/3804/3804
f 3845/3845/3845  3808/3808/3808  3806/3806/3806
f 3843/3843/3843  3810/3810/3810  3808/3808/3808
f 3845/3845/3845  3843/3843/3843  3808/3808/3808
f 3867/3867/3867  3822/3822/3822  3819/3819/3819
f 4173/4173/4173  3820/3820/3820  3823/3823/3823
f 4176/4176/4176  3836/3836/3836  3821/3821/3821
f 3867/3867/3867  3819/3819/3819  3837/3837/3837
f 4176/4176/4176  3821/3821/3821  4174/4174/4174
f 3865/3865/3865  3824/3824/3824  3822/3822/3822
f 4171/4171/4171  3823/3823/3823  3825/3825/3825
f 3867/3867/3867  3865/3865/3865  3822/3822/3822
f 4173/4173/4173  3823/3823/3823  4171/4171/4171
f 3865/3865/3865  3826/3826/3826  3824/3824/3824
f 4169/4169/4169  3825/3825/3825  3827/3827/3827
f 4171/4171/4171  3825/3825/3825  4169/4169/4169
f 3863/3863/3863  3828/3828/3828  3826/3826/3826
f 4167/4167/4167  3827/3827/3827  3829/3829/3829
f 3865/3865/3865  3863/3863/3863  3826/3826/3826
f 4169/4169/4169  3827/3827/3827  4167/4167/4167
f 4165/4165/4165  3830/3830/3830  3832/3832/3832
f 4167/4167/4167  3829/3829/3829  4164/4164/4164
f 4180/4180/4180  3832/3832/3832  3834/3834/3834
f 4180/4180/4180  4165/4165/4165  3832/3832/3832
f 4178/4178/4178  3834/3834/3834  3836/3836/3836
f 4180/4180/4180  3834/3834/3834  4178/4178/4178
f 4178/4178/4178  3836/3836/3836  4176/4176/4176
f 4609/4609/4609  3839/3839/3839  3842/3842/3842
f 4611/4611/4611  3868/3868/3868  3838/3838/3838
f 4611/4611/4611  3838/3838/3838  4608/4608/4608
f 4605/4605/4605  3841/3841/3841  3844/3844/3844
f 4609/4609/4609  3842/3842/3842  4606/4606/4606
f 4603/4603/4603  3844/3844/3844  3846/3846/3846
f 4605/4605/4605  3844/3844/3844  4603/4603/4603
f 4601/4601/4601  3846/3846/3846  3848/3848/3848
f 4603/4603/4603  3846/3846/3846  4601/4601/4601
f 4599/4599/4599  3848/3848/3848  3850/3850/3850
f 4601/4601/4601  3848/3848/3848  4599/4599/4599
f 4597/4597/4597  3850/3850/3850  3852/3852/3852
f 4599/4599/4599  3850/3850/3850  4597/4597/4597
f 4595/4595/4595  3852/3852/3852  3855/3855/3855
f 4597/4597/4597  3852/3852/3852  4595/4595/4595
f 4592/4592/4592  3854/3854/3854  3858/3858/3858
f 4595/4595/4595  3855/3855/3855  4593/4593/4593
f 4589/4589/4589  3857/3857/3857  3860/3860/3860
f 4592/4592/4592  3858/3858/3858  4590/4590/4590
f 4619/4619/4619  3860/3860/3860  3862/3862/3862
f 4619/4619/4619  4589/4589/4589  3860/3860/3860
f 4617/4617/4617  3862/3862/3862  3864/3864/3864
f 4619/4619/4619  3862/3862/3862  4617/4617/4617
f 4615/4615/4615  3864/3864/3864  3866/3866/3866
f 4617/4617/4617  3864/3864/3864  4615/4615/4615
f 4613/4613/4613  3866/3866/3866  3868/3868/3868
f 4615/4615/4615  3866/3866/3866  4613/4613/4613
f 4613/4613/4613  3868/3868/3868  4611/4611/4611
f 3891/3891/3891  3873/3873/3873  3875/3875/3875
f 3891/3891/3891  3890/3890/3890  3873/3873/3873
f 3892/3892/3892  3876/3876/3876  3878/3878/3878
f 3883/3883/3883  3880/3880/3880  3877/3877/3877
f 4185/4185/4185  3879/3879/3879  3882/3882/3882
f 3931/3931/3931  3892/3892/3892  3878/3878/3878
f 4185/4185/4185  3932/3932/3932  3879/3879/3879
f 4248/4248/4248  3881/3881/3881  3885/3885/3885
f 4246/4246/4246  4184/4184/4184  3881/3881/3881
f 4248/4248/4248  4246/4246/4246  3881/3881/3881
f 4181/4181/4181  3884/3884/3884  3888/3888/3888
f 4248/4248/4248  3885/3885/3885  4182/4182/4182
f 4181/4181/4181  3888/3888/3888  4139/4139/4139
f 3955/3955/3955  3892/3892/3892  3931/3931/3931
f 3898/3898/3898  3895/3895/3895  3893/3893/3893
f 4013/4013/4013  3894/3894/3894  3896/3896/3896
f 3901/3901/3901  3898/3898/3898  3893/3893/3893
f 3984/3984/3984  3901/3901/3901  3893/3893/3893
f 3984/3984/3984  3893/3893/3893  3949/3949/3949
f 4026/4026/4026  3897/3897/3897  3899/3899/3899
f 4015/4015/4015  4013/4013/4013  3896/3896/3896
f 4019/4019/4019  4017/4017/4017  3897/3897/3897
f 4028/4028/4028  3900/3900/3900  3902/3902/3902
f 3993/3993/3993  3903/3903/3903  3901/3901/3901
f 4227/4227/4227  3902/3902/3902  3905/3905/3905
f 3980/3980/3980  3977/3977/3977  3901/3901/3901
f 3993/3993/3993  3901/3901/3901  3977/3977/3977
f 3982/3982/3982  3980/3980/3980  3901/3901/3901
f 3984/3984/3984  3982/3982/3982  3901/3901/3901
f 4227/4227/4227  4028/4028/4028  3902/3902/3902
f 3946/3946/3946  3906/3906/3906  3903/3903/3903
f 4224/4224/4224  3904/3904/3904  3907/3907/3907
f 3949/3949/3949  3946/3946/3946  3903/3903/3903
f 3991/3991/3991  3949/3949/3949  3903/3903/3903
f 3993/3993/3993  3991/3991/3991  3903/3903/3903
f 4227/4227/4227  3905/3905/3905  4225/4225/4225
f 3946/3946/3946  3908/3908/3908  3906/3906/3906
f 4222/4222/4222  3907/3907/3907  3909/3909/3909
f 4224/4224/4224  3907/3907/3907  4222/4222/4222
f 3944/3944/3944  3910/3910/3910  3908/3908/3908
f 4220/4220/4220  3909/3909/3909  3911/3911/3911
f 3946/3946/3946  3944/3944/3944  3908/3908/3908
f 4222/4222/4222  3909/3909/3909  4220/4220/4220
f 3944/3944/3944  3912/3912/3912  3910/3910/3910
f 4218/4218/4218  3911/3911/3911  3913/3913/3913
f 4220/4220/4220  3911/3911/3911  4218/4218/4218
f 3942/3942/3942  3914/3914/3914  3912/3912/3912
f 4216/4216/4216  3913/3913/3913  3915/3915/3915
f 3944/3944/3944  3942/3942/3942  3912/3912/3912
f 4218/4218/4218  3913/3913/3913  4216/4216/4216
f 4009/4009/4009  3916/3916/3916  3914/3914/3914
f 4212/4212/4212  3915/3915/3915  3917/3917/3917
f 3942/3942/3942  3940/3940/3940  3914/3914/3914
f 4000/4000/4000  3914/3914/3914  3940/3940/3940
f 3998/3998/3998  3995/3995/3995  3914/3914/3914
f 4011/4011/4011  3914/3914/3914  3995/3995/3995
f 4000/4000/4000  3998/3998/3998  3914/3914/3914
f 4011/4011/4011  4009/4009/4009  3914/3914/3914
f 4214/4214/4214  3915/3915/3915  4212/4212/4212
f 4216/4216/4216  3915/3915/3915  4214/4214/4214
f 4009/4009/4009  3918/3918/3918  3916/3916/3916
f 4208/4208/4208  3917/3917/3917  3919/3919/3919
f 4210/4210/4210  3917/3917/3917  4208/4208/4208
f 4212/4212/4212  3917/3917/3917  4210/4210/4210
f 3940/3940/3940  3920/3920/3920  3918/3918/3918
f 4204/4204/4204  3919/3919/3919  3921/3921/3921
f 4000/4000/4000  3940/3940/3940  3918/3918/3918
f 4002/4002/4002  4000/4000/4000  3918/3918/3918
f 4004/4004/4004  4002/4002/4002  3918/3918/3918
f 4007/4007/4007  4004/4004/4004  3918/3918/3918
f 4009/4009/4009  4007/4007/4007  3918/3918/3918
f 4206/4206/4206  3919/3919/3919  4204/4204/4204
f 4208/4208/4208  3919/3919/3919  4206/4206/4206
f 3938/3938/3938  3922/3922/3922  3920/3920/3920
f 4200/4200/4200  3921/3921/3921  3923/3923/3923
f 3940/3940/3940  3938/3938/3938  3920/3920/3920
f 4202/4202/4202  3921/3921/3921  4200/4200/4200
f 4204/4204/4204  3921/3921/3921  4202/4202/4202
f 3933/3933/3933  3924/3924/3924  3922/3922/3922
f 4196/4196/4196  3923/3923/3923  3925/3925/3925
f 3936/3936/3936  3933/3933/3933  3922/3922/3922
f 3938/3938/3938  3936/3936/3936  3922/3922/3922
f 4198/4198/4198  3923/3923/3923  4196/4196/4196
f 4200/4200/4200  3923/3923/3923  4198/4198/4198
f 3957/3957/3957  3926/3926/3926  3924/3924/3924
f 4192/4192/4192  3925/3925/3925  3927/3927/3927
f 3957/3957/3957  3924/3924/3924  3933/3933/3933
f 4194/4194/4194  3925/3925/3925  4192/4192/4192
f 4196/4196/4196  3925/3925/3925  4194/4194/4194
f 3957/3957/3957  3928/3928/3928  3926/3926/3926
f 4190/4190/4190  3927/3927/3927  3930/3930/3930
f 4192/4192/4192  3927/3927/3927  4190/4190/4190
f 3966/3966/3966  3931/3931/3931  3928/3928/3928
f 4187/4187/4187  3929/3929/3929  3932/3932/3932
f 3973/3973/3973  3928/3928/3928  3957/3957/3957
f 3968/3968/3968  3966/3966/3966  3928/3928/3928
f 3971/3971/3971  3968/3968/3968  3928/3928/3928
f 3973/3973/3973  3971/3971/3971  3928/3928/3928
f 4190/4190/4190  3930/3930/3930  4188/4188/4188
f 3964/3964/3964  3955/3955/3955  3931/3931/3931
f 3966/3966/3966  3964/3964/3964  3931/3931/3931
f 4187/4187/4187  3932/3932/3932  4185/4185/4185
f 4778/4778/4778  3935/3935/3935  3937/3937/3937
f 4780/4780/4780  3958/3958/3958  3934/3934/3934
f 4780/4780/4780  3934/3934/3934  4777/4777/4777
f 4775/4775/4775  3937/3937/3937  3939/3939/3939
f 4778/4778/4778  3937/3937/3937  4775/4775/4775
f 4773/4773/4773  3939/3939/3939  3941/3941/3941
f 4775/4775/4775  3939/3939/3939  4773/4773/4773
f 4771/4771/4771  3941/3941/3941  3943/3943/3943
f 4773/4773/4773  3941/3941/3941  4771/4771/4771
f 4769/4769/4769  3943/3943/3943  3945/3945/3945
f 4771/4771/4771  3943/3943/3943  4769/4769/4769
f 4767/4767/4767  3945/3945/3945  3948/3948/3948
f 4769/4769/4769  3945/3945/3945  4767/4767/4767
f 4764/4764/4764  3947/3947/3947  3950/3950/3950
f 4767/4767/4767  3948/3948/3948  4765/4765/4765
f 4787/4787/4787  3950/3950/3950  3952/3952/3952
f 3986/3986/3986  3984/3984/3984  3949/3949/3949
f 3989/3989/3989  3986/3986/3986  3949/3949/3949
f 3991/3991/3991  3989/3989/3989  3949/3949/3949
f 4789/4789/4789  4764/4764/4764  3950/3950/3950
f 4789/4789/4789  3950/3950/3950  4787/4787/4787
f 4749/4749/4749  3952/3952/3952  3954/3954/3954
f 4787/4787/4787  3952/3952/3952  4749/4749/4749
f 4812/4812/4812  3954/3954/3954  3956/3956/3956
f 4746/4746/4746  3954/3954/3954  4743/4743/4743
f 4812/4812/4812  4743/4743/4743  3954/3954/3954
f 4749/4749/4749  3954/3954/3954  4746/4746/4746
f 3975/3975/3975  3957/3957/3957  3955/3955/3955
f 4782/4782/4782  3956/3956/3956  3958/3958/3958
f 3962/3962/3962  3959/3959/3959  3955/3955/3955
f 3975/3975/3975  3955/3955/3955  3959/3959/3959
f 3964/3964/3964  3962/3962/3962  3955/3955/3955
f 4784/4784/4784  3956/3956/3956  4782/4782/4782
f 4812/4812/4812  3956/3956/3956  4784/4784/4784
f 3975/3975/3975  3973/3973/3973  3957/3957/3957
f 4782/4782/4782  3958/3958/3958  4780/4780/4780
f 5249/5249/5249  3961/3961/3961  3963/3963/3963
f 5246/5246/5246  3976/3976/3976  3960/3960/3960
f 5248/5248/5248  5246/5246/5246  3960/3960/3960
f 5253/5253/5253  3963/3963/3963  3965/3965/3965
f 5251/5251/5251  5249/5249/5249  3963/3963/3963
f 5253/5253/5253  5251/5251/5251  3963/3963/3963
f 5255/5255/5255  3965/3965/3965  3967/3967/3967
f 5255/5255/5255  5253/5253/5253  3965/3965/3965
f 5255/5255/5255  3967/3967/3967  3970/3970/3970
f 5239/5239/5239  3969/3969/3969  3972/3972/3972
f 5255/5255/5255  3970/3970/3970  5240/5240/5240
f 5244/5244/5244  3972/3972/3972  3974/3974/3974
f 5242/5242/5242  5239/5239/5239  3972/3972/3972
f 5244/5244/5244  5242/5242/5242  3972/3972/3972
f 5246/5246/5246  3974/3974/3974  3976/3976/3976
f 5246/5246/5246  5244/5244/5244  3974/3974/3974
f 5267/5267/5267  3979/3979/3979  3981/3981/3981
f 5264/5264/5264  3994/3994/3994  3978/3978/3978
f 5266/5266/5266  5264/5264/5264  3978/3978/3978
f 5271/5271/5271  3981/3981/3981  3983/3983/3983
f 5269/5269/5269  5267/5267/5267  3981/3981/3981
f 5271/5271/5271  5269/5269/5269  3981/3981/3981
f 5273/5273/5273  3983/3983/3983  3985/3985/3985
f 5273/5273/5273  5271/5271/5271  3983/3983/3983
f 5273/5273/5273  3985/3985/3985  3988/3988/3988
f 5257/5257/5257  3987/3987/3987  3990/3990/3990
f 5273/5273/5273  3988/3988/3988  5258/5258/5258
f 5262/5262/5262  3990/3990/3990  3992/3992/3992
f 5260/5260/5260  5257/5257/5257  3990/3990/3990
f 5262/5262/5262  5260/5260/5260  3990/3990/3990
f 5264/5264/5264  3992/3992/3992  3994/3994/3994
f 5264/5264/5264  5262/5262/5262  3992/3992/3992
f 5285/5285/5285  3997/3997/3997  3999/3999/3999
f 5282/5282/5282  4012/4012/4012  3996/3996/3996
f 5284/5284/5284  5282/5282/5282  3996/3996/3996
f 5289/5289/5289  3999/3999/3999  4001/4001/4001
f 5287/5287/5287  5285/5285/5285  3999/3999/3999
f 5289/5289/5289  5287/5287/5287  3999/3999/3999
f 5291/5291/5291  4001/4001/4001  4003/4003/4003
f 5291/5291/5291  5289/5289/5289  4001/4001/4001
f 5291/5291/5291  4003/4003/4003  4006/4006/4006
f 5275/5275/5275  4005/4005/4005  4008/4008/4008
f 5291/5291/5291  4006/4006/4006  5276/5276/5276
f 5280/5280/5280  4008/4008/4008  4010/4010/4010
f 5278/5278/5278  5275/5275/5275  4008/4008/4008
f 5280/5280/5280  5278/5278/5278  4008/4008/4008
f 5282/5282/5282  4010/4010/4010  4012/4012/4012
f 5282/5282/5282  5280/5280/5280  4010/4010/4010
f 4052/4052/4052  4022/4022/4022  4025/4025/4025
f 4055/4055/4055  4022/4022/4022  4052/4052/4052
f 4228/4228/4228  4024/4024/4024  4027/4027/4027
f 4229/4229/4229  4052/4052/4052  4025/4025/4025
f 4254/4254/4254  4027/4027/4027  4226/4226/4226
f 4254/4254/4254  4228/4228/4228  4027/4027/4027
f 4109/4109/4109  4031/4031/4031  4033/4033/4033
f 4123/4123/4123  4060/4060/4060  4031/4031/4031
f 4125/4125/4125  4031/4031/4031  4109/4109/4109
f 4125/4125/4125  4123/4123/4123  4031/4031/4031
f 4112/4112/4112  4033/4033/4033  4035/4035/4035
f 4112/4112/4112  4109/4109/4109  4033/4033/4033
f 4107/4107/4107  4035/4035/4035  4038/4038/4038
f 4114/4114/4114  4035/4035/4035  4107/4107/4107
f 4114/4114/4114  4112/4112/4112  4035/4035/4035
f 4054/4054/4054  4039/4039/4039  4036/4036/4036
f 4091/4091/4091  4037/4037/4037  4040/4040/4040
f 4107/4107/4107  4038/4038/4038  4092/4092/4092
f 4051/4051/4051  4041/4041/4041  4039/4039/4039
f 4094/4094/4094  4040/4040/4040  4042/4042/4042
f 4054/4054/4054  4051/4051/4051  4039/4039/4039
f 4094/4094/4094  4091/4091/4091  4040/4040/4040
f 4046/4046/4046  4043/4043/4043  4041/4041/4041
f 4096/4096/4096  4042/4042/4042  4045/4045/4045
f 4049/4049/4049  4046/4046/4046  4041/4041/4041
f 4051/4051/4051  4049/4049/4049  4041/4041/4041
f 4096/4096/4096  4094/4094/4094  4042/4042/4042
f 4087/4087/4087  4044/4044/4044  4047/4047/4047
f 4089/4089/4089  4044/4044/4044  4087/4087/4087
f 4098/4098/4098  4045/4045/4045  4090/4090/4090
f 4098/4098/4098  4096/4096/4096  4045/4045/4045
f 4232/4232/4232  4048/4048/4048  4050/4050/4050
f 4232/4232/4232  4088/4088/4088  4048/4048/4048
f 4232/4232/4232  4050/4050/4050  4053/4053/4053
f 4232/4232/4232  4053/4053/4053  4230/4230/4230
f 4082/4082/4082  4059/4059/4059  4056/4056/4056
f 4101/4101/4101  4058/4058/4058  4060/4060/4060
f 4084/4084/4084  4082/4082/4082  4056/4056/4056
f 4089/4089/4089  4084/4084/4084  4056/4056/4056
f 4098/4098/4098  4090/4090/4090  4057/4057/4057
f 4100/4100/4100  4098/4098/4098  4057/4057/4057
f 4103/4103/4103  4101/4101/4101  4060/4060/4060
f 4123/4123/4123  4103/4103/4103  4060/4060/4060
f 4166/4166/4166  4063/4063/4063  4065/4065/4065
f 4163/4163/4163  4137/4137/4137  4063/4063/4063
f 4166/4166/4166  4163/4163/4163  4063/4063/4063
f 4161/4161/4161  4065/4065/4065  4068/4068/4068
f 4168/4168/4168  4065/4065/4065  4161/4161/4161
f 4168/4168/4168  4166/4166/4166  4065/4065/4065
f 4079/4079/4079  4069/4069/4069  4066/4066/4066
f 4145/4145/4145  4067/4067/4067  4070/4070/4070
f 4082/4082/4082  4079/4079/4079  4066/4066/4066
f 4161/4161/4161  4068/4068/4068  4146/4146/4146
f 4074/4074/4074  4071/4071/4071  4069/4069/4069
f 4148/4148/4148  4070/4070/4070  4073/4073/4073
f 4077/4077/4077  4074/4074/4074  4069/4069/4069
f 4079/4079/4079  4077/4077/4077  4069/4069/4069
f 4148/4148/4148  4145/4145/4145  4070/4070/4070
f 4143/4143/4143  4072/4072/4072  4075/4075/4075
f 4140/4140/4140  4127/4127/4127  4072/4072/4072
f 4150/4150/4150  4073/4073/4073  4128/4128/4128
f 4143/4143/4143  4140/4140/4140  4072/4072/4072
f 4150/4150/4150  4148/4148/4148  4073/4073/4073
f 4242/4242/4242  4076/4076/4076  4078/4078/4078
f 4183/4183/4183  4144/4144/4144  4076/4076/4076
f 4242/4242/4242  4183/4183/4183  4076/4076/4076
f 4242/4242/4242  4078/4078/4078  4081/4081/4081
f 4239/4239/4239  4080/4080/4080  4083/4083/4083
f 4242/4242/4242  4081/4081/4081  4240/4240/4240
f 4237/4237/4237  4083/4083/4083  4086/4086/4086
f 4239/4239/4239  4083/4083/4083  4237/4237/4237
f 4089/4089/4089  4087/4087/4087  4084/4084/4084
f 4234/4234/4234  4085/4085/4085  4088/4088/4088
f 4237/4237/4237  4086/4086/4086  4235/4235/4235
f 4234/4234/4234  4088/4088/4088  4232/4232/4232
f 4108/4108/4108  4093/4093/4093  4095/4095/4095
f 4108/4108/4108  4095/4095/4095  4097/4097/4097
f 4106/4106/4106  4097/4097/4097  4099/4099/4099
f 4108/4108/4108  4097/4097/4097  4106/4106/4106
f 4104/4104/4104  4099/4099/4099  4102/4102/4102
f 4106/4106/4106  4099/4099/4099  4104/4104/4104
f 4121/4121/4121  4105/4105/4105  4103/4103/4103
f 4123/4123/4123  4121/4121/4121  4103/4103/4103
f 4116/4116/4116  4107/4107/4107  4105/4105/4105
f 4118/4118/4118  4116/4116/4116  4105/4105/4105
f 4121/4121/4121  4118/4118/4118  4105/4105/4105
f 4116/4116/4116  4114/4114/4114  4107/4107/4107
f 4138/4138/4138  4129/4129/4129  4127/4127/4127
f 4152/4152/4152  4128/4128/4128  4130/4130/4130
f 4140/4140/4140  4138/4138/4138  4127/4127/4127
f 4152/4152/4152  4150/4150/4150  4128/4128/4128
f 4138/4138/4138  4131/4131/4131  4129/4129/4129
f 4152/4152/4152  4130/4130/4130  4132/4132/4132
f 4155/4155/4155  4133/4133/4133  4135/4135/4135
f 4154/4154/4154  4152/4152/4152  4132/4132/4132
f 4177/4177/4177  4135/4135/4135  4137/4137/4137
f 4157/4157/4157  4155/4155/4155  4135/4135/4135
f 4177/4177/4177  4157/4157/4157  4135/4135/4135
f 4179/4179/4179  4137/4137/4137  4163/4163/4163
f 4179/4179/4179  4177/4177/4177  4137/4137/4137
f 4181/4181/4181  4139/4139/4139  4141/4141/4141
f 4183/4183/4183  4142/4142/4142  4144/4144/4144
f 4162/4162/4162  4147/4147/4147  4149/4149/4149
f 4162/4162/4162  4149/4149/4149  4151/4151/4151
f 4160/4160/4160  4151/4151/4151  4153/4153/4153
f 4162/4162/4162  4151/4151/4151  4160/4160/4160
f 4158/4158/4158  4153/4153/4153  4156/4156/4156
f 4160/4160/4160  4153/4153/4153  4158/4158/4158
f 4175/4175/4175  4159/4159/4159  4157/4157/4157
f 4177/4177/4177  4175/4175/4175  4157/4157/4157
f 4170/4170/4170  4161/4161/4161  4159/4159/4159
f 4172/4172/4172  4170/4170/4170  4159/4159/4159
f 4175/4175/4175  4172/4172/4172  4159/4159/4159
f 4170/4170/4170  4168/4168/4168  4161/4161/4161
f 4248/4248/4248  4182/4182/4182  4241/4241/4241
f 4246/4246/4246  4186/4186/4186  4184/4184/4184
f 4243/4243/4243  4189/4189/4189  4186/4186/4186
f 4246/4246/4246  4243/4243/4243  4186/4186/4186
f 4243/4243/4243  4191/4191/4191  4189/4189/4189
f 4271/4271/4271  4193/4193/4193  4191/4191/4191
f 4271/4271/4271  4191/4191/4191  4243/4243/4243
f 4271/4271/4271  4195/4195/4195  4193/4193/4193
f 4271/4271/4271  4197/4197/4197  4195/4195/4195
f 4269/4269/4269  4199/4199/4199  4197/4197/4197
f 4271/4271/4271  4269/4269/4269  4197/4197/4197
f 4267/4267/4267  4201/4201/4201  4199/4199/4199
f 4269/4269/4269  4267/4267/4267  4199/4199/4199
f 4267/4267/4267  4203/4203/4203  4201/4201/4201
f 4207/4207/4207  4205/4205/4205  4203/4203/4203
f 4265/4265/4265  4207/4207/4207  4203/4203/4203
f 4267/4267/4267  4265/4265/4265  4203/4203/4203
f 4265/4265/4265  4209/4209/4209  4207/4207/4207
f 4263/4263/4263  4211/4211/4211  4209/4209/4209
f 4265/4265/4265  4263/4263/4263  4209/4209/4209
f 4263/4263/4263  4213/4213/4213  4211/4211/4211
f 4261/4261/4261  4215/4215/4215  4213/4213/4213
f 4263/4263/4263  4261/4261/4261  4213/4213/4213
f 4261/4261/4261  4217/4217/4217  4215/4215/4215
f 4258/4258/4258  4219/4219/4219  4217/4217/4217
f 4261/4261/4261  4258/4258/4258  4217/4217/4217
f 4256/4256/4256  4221/4221/4221  4219/4219/4219
f 4258/4258/4258  4256/4256/4256  4219/4219/4219
f 4256/4256/4256  4223/4223/4223  4221/4221/4221
f 4256/4256/4256  4226/4226/4226  4223/4223/4223
f 4256/4256/4256  4254/4254/4254  4226/4226/4226
f 4254/4254/4254  4231/4231/4231  4228/4228/4228
f 4252/4252/4252  4233/4233/4233  4231/4231/4231
f 4254/4254/4254  4252/4252/4252  4231/4231/4231
f 4252/4252/4252  4236/4236/4236  4233/4233/4233
f 4250/4250/4250  4238/4238/4238  4236/4236/4236
f 4252/4252/4252  4250/4250/4250  4236/4236/4236
f 4248/4248/4248  4241/4241/4241  4238/4238/4238
f 4250/4250/4250  4248/4248/4248  4238/4238/4238
f 4289/4289/4289  4245/4245/4245  4247/4247/4247
f 4286/4286/4286  4272/4272/4272  4244/4244/4244
f 4288/4288/4288  4286/4286/4286  4244/4244/4244
f 4293/4293/4293  4247/4247/4247  4249/4249/4249
f 4291/4291/4291  4289/4289/4289  4247/4247/4247
f 4293/4293/4293  4291/4291/4291  4247/4247/4247
f 4295/4295/4295  4249/4249/4249  4251/4251/4251
f 4295/4295/4295  4293/4293/4293  4249/4249/4249
f 4297/4297/4297  4251/4251/4251  4253/4253/4253
f 4297/4297/4297  4295/4295/4295  4251/4251/4251
f 4299/4299/4299  4253/4253/4253  4255/4255/4255
f 4299/4299/4299  4297/4297/4297  4253/4253/4253
f 4301/4301/4301  4255/4255/4255  4257/4257/4257
f 4301/4301/4301  4299/4299/4299  4255/4255/4255
f 4301/4301/4301  4257/4257/4257  4260/4260/4260
f 4273/4273/4273  4259/4259/4259  4262/4262/4262
f 4301/4301/4301  4260/4260/4260  4274/4274/4274
f 4278/4278/4278  4262/4262/4262  4264/4264/4264
f 4276/4276/4276  4273/4273/4273  4262/4262/4262
f 4278/4278/4278  4276/4276/4276  4262/4262/4262
f 4280/4280/4280  4264/4264/4264  4266/4266/4266
f 4280/4280/4280  4278/4278/4278  4264/4264/4264
f 4282/4282/4282  4266/4266/4266  4268/4268/4268
f 4282/4282/4282  4280/4280/4280  4266/4266/4266
f 4284/4284/4284  4268/4268/4268  4270/4270/4270
f 4284/4284/4284  4282/4282/4282  4268/4268/4268
f 4286/4286/4286  4270/4270/4270  4272/4272/4272
f 4286/4286/4286  4284/4284/4284  4270/4270/4270
f 4328/4328/4328  4275/4275/4275  4277/4277/4277
f 4328/4328/4328  4302/4302/4302  4275/4275/4275
f 4333/4333/4333  4277/4277/4277  4279/4279/4279
f 4331/4331/4331  4328/4328/4328  4277/4277/4277
f 4333/4333/4333  4331/4331/4331  4277/4277/4277
f 4337/4337/4337  4279/4279/4279  4281/4281/4281
f 4335/4335/4335  4333/4333/4333  4279/4279/4279
f 4337/4337/4337  4335/4335/4335  4279/4279/4279
f 4341/4341/4341  4281/4281/4281  4283/4283/4283
f 4339/4339/4339  4337/4337/4337  4281/4281/4281
f 4341/4341/4341  4339/4339/4339  4281/4281/4281
f 4343/4343/4343  4283/4283/4283  4285/4285/4285
f 4343/4343/4343  4341/4341/4341  4283/4283/4283
f 4347/4347/4347  4285/4285/4285  4287/4287/4287
f 4345/4345/4345  4343/4343/4343  4285/4285/4285
f 4347/4347/4347  4345/4345/4345  4285/4285/4285
f 4303/4303/4303  4287/4287/4287  4290/4290/4290
f 4351/4351/4351  4287/4287/4287  4303/4303/4303
f 4349/4349/4349  4347/4347/4347  4287/4287/4287
f 4351/4351/4351  4349/4349/4349  4287/4287/4287
f 4303/4303/4303  4290/4290/4290  4292/4292/4292
f 4308/4308/4308  4292/4292/4292  4294/4294/4294
f 4306/4306/4306  4303/4303/4303  4292/4292/4292
f 4308/4308/4308  4306/4306/4306  4292/4292/4292
f 4312/4312/4312  4294/4294/4294  4296/4296/4296
f 4310/4310/4310  4308/4308/4308  4294/4294/4294
f 4312/4312/4312  4310/4310/4310  4294/4294/4294
f 4316/4316/4316  4296/4296/4296  4298/4298/4298
f 4314/4314/4314  4312/4312/4312  4296/4296/4296
f 4316/4316/4316  4314/4314/4314  4296/4296/4296
f 4318/4318/4318  4298/4298/4298  4300/4300/4300
f 4318/4318/4318  4316/4316/4316  4298/4298/4298
f 4322/4322/4322  4300/4300/4300  4302/4302/4302
f 4320/4320/4320  4318/4318/4318  4300/4300/4300
f 4322/4322/4322  4320/4320/4320  4300/4300/4300
f 4324/4324/4324  4322/4322/4322  4302/4302/4302
f 4326/4326/4326  4324/4324/4324  4302/4302/4302
f 4328/4328/4328  4326/4326/4326  4302/4302/4302
f 4380/4380/4380  4305/4305/4305  4307/4307/4307
f 4376/4376/4376  4352/4352/4352  4304/4304/4304
f 4378/4378/4378  4376/4376/4376  4304/4304/4304
f 4400/4400/4400  4307/4307/4307  4309/4309/4309
f 4402/4402/4402  4380/4380/4380  4307/4307/4307
f 4402/4402/4402  4307/4307/4307  4400/4400/4400
f 4398/4398/4398  4309/4309/4309  4311/4311/4311
f 4400/4400/4400  4309/4309/4309  4398/4398/4398
f 4396/4396/4396  4311/4311/4311  4313/4313/4313
f 4398/4398/4398  4311/4311/4311  4396/4396/4396
f 4394/4394/4394  4313/4313/4313  4315/4315/4315
f 4396/4396/4396  4313/4313/4313  4394/4394/4394
f 4392/4392/4392  4315/4315/4315  4317/4317/4317
f 4394/4394/4394  4315/4315/4315  4392/4392/4392
f 4390/4390/4390  4317/4317/4317  4319/4319/4319
f 4392/4392/4392  4317/4317/4317  4390/4390/4390
f 4388/4388/4388  4319/4319/4319  4321/4321/4321
f 4390/4390/4390  4319/4319/4319  4388/4388/4388
f 4386/4386/4386  4321/4321/4321  4323/4323/4323
f 4388/4388/4388  4321/4321/4321  4386/4386/4386
f 4384/4384/4384  4323/4323/4323  4325/4325/4325
f 4386/4386/4386  4323/4323/4323  4384/4384/4384
f 4382/4382/4382  4325/4325/4325  4327/4327/4327
f 4384/4384/4384  4325/4325/4325  4382/4382/4382
f 4382/4382/4382  4327/4327/4327  4330/4330/4330
f 4353/4353/4353  4329/4329/4329  4332/4332/4332
f 4382/4382/4382  4330/4330/4330  4355/4355/4355
f 4358/4358/4358  4332/4332/4332  4334/4334/4334
f 4356/4356/4356  4353/4353/4353  4332/4332/4332
f 4358/4358/4358  4356/4356/4356  4332/4332/4332
f 4360/4360/4360  4334/4334/4334  4336/4336/4336
f 4360/4360/4360  4358/4358/4358  4334/4334/4334
f 4362/4362/4362  4336/4336/4336  4338/4338/4338
f 4362/4362/4362  4360/4360/4360  4336/4336/4336
f 4364/4364/4364  4338/4338/4338  4340/4340/4340
f 4364/4364/4364  4362/4362/4362  4338/4338/4338
f 4366/4366/4366  4340/4340/4340  4342/4342/4342
f 4366/4366/4366  4364/4364/4364  4340/4340/4340
f 4368/4368/4368  4342/4342/4342  4344/4344/4344
f 4368/4368/4368  4366/4366/4366  4342/4342/4342
f 4370/4370/4370  4344/4344/4344  4346/4346/4346
f 4370/4370/4370  4368/4368/4368  4344/4344/4344
f 4372/4372/4372  4346/4346/4346  4348/4348/4348
f 4372/4372/4372  4370/4370/4370  4346/4346/4346
f 4374/4374/4374  4348/4348/4348  4350/4350/4350
f 4374/4374/4374  4372/4372/4372  4348/4348/4348
f 4376/4376/4376  4350/4350/4350  4352/4352/4352
f 4376/4376/4376  4374/4374/4374  4350/4350/4350
f 4427/4427/4427  4354/4354/4354  4357/4357/4357
f 4451/4451/4451  4381/4381/4381  4354/4354/4354
f 4451/4451/4451  4354/4354/4354  4427/4427/4427
f 4430/4430/4430  4357/4357/4357  4359/4359/4359
f 4430/4430/4430  4427/4427/4427  4357/4357/4357
f 4432/4432/4432  4359/4359/4359  4361/4361/4361
f 4432/4432/4432  4430/4430/4430  4359/4359/4359
f 4434/4434/4434  4361/4361/4361  4363/4363/4363
f 4434/4434/4434  4432/4432/4432  4361/4361/4361
f 4371/4371/4371  4363/4363/4363  4365/4365/4365
f 4373/4373/4373  4363/4363/4363  4371/4371/4371
f 4434/4434/4434  4363/4363/4363  4373/4373/4373
f 4369/4369/4369  4365/4365/4365  4367/4367/4367
f 4371/4371/4371  4365/4365/4365  4369/4369/4369
f 4436/4436/4436  4373/4373/4373  4375/4375/4375
f 4436/4436/4436  4434/4434/4434  4373/4373/4373
f 4438/4438/4438  4375/4375/4375  4377/4377/4377
f 4438/4438/4438  4436/4436/4436  4375/4375/4375
f 4438/4438/4438  4377/4377/4377  4379/4379/4379
f 4440/4440/4440  4379/4379/4379  4401/4401/4401
f 4440/4440/4440  4438/4438/4438  4379/4379/4379
f 4451/4451/4451  4383/4383/4383  4381/4381/4381
f 4449/4449/4449  4385/4385/4385  4383/4383/4383
f 4451/4451/4451  4449/4449/4449  4383/4383/4383
f 4423/4423/4423  4387/4387/4387  4385/4385/4385
f 4453/4453/4453  4423/4423/4423  4385/4385/4385
f 4449/4449/4449  4447/4447/4447  4385/4385/4385
f 4462/4462/4462  4385/4385/4385  4447/4447/4447
f 4456/4456/4456  4453/4453/4453  4385/4385/4385
f 4458/4458/4458  4456/4456/4456  4385/4385/4385
f 4460/4460/4460  4458/4458/4458  4385/4385/4385
f 4462/4462/4462  4460/4460/4460  4385/4385/4385
f 4418/4418/4418  4389/4389/4389  4387/4387/4387
f 4421/4421/4421  4418/4418/4418  4387/4387/4387
f 4423/4423/4423  4421/4421/4421  4387/4387/4387
f 4393/4393/4393  4391/4391/4391  4389/4389/4389
f 4418/4418/4418  4393/4393/4393  4389/4389/4389
f 4413/4413/4413  4395/4395/4395  4393/4393/4393
f 4415/4415/4415  4413/4413/4413  4393/4393/4393
f 4418/4418/4418  4415/4415/4415  4393/4393/4393
f 4485/4485/4485  4397/4397/4397  4395/4395/4395
f 4413/4413/4413  4411/4411/4411  4395/4395/4395
f 4471/4471/4471  4395/4395/4395  4411/4411/4411
f 4487/4487/4487  4395/4395/4395  4471/4471/4471
f 4487/4487/4487  4485/4485/4485  4395/4395/4395
f 4445/4445/4445  4399/4399/4399  4397/4397/4397
f 4447/4447/4447  4445/4445/4445  4397/4397/4397
f 4480/4480/4480  4447/4447/4447  4397/4397/4397
f 4483/4483/4483  4480/4480/4480  4397/4397/4397
f 4485/4485/4485  4483/4483/4483  4397/4397/4397
f 4443/4443/4443  4401/4401/4401  4399/4399/4399
f 4445/4445/4445  4443/4443/4443  4399/4399/4399
f 4443/4443/4443  4440/4440/4440  4401/4401/4401
f 4467/4467/4467  4406/4406/4406  4403/4403/4403
f 4506/4506/4506  4405/4405/4405  4408/4408/4408
f 4469/4469/4469  4403/4403/4403  4425/4425/4425
f 4502/4502/4502  4426/4426/4426  4404/4404/4404
f 4469/4469/4469  4467/4467/4467  4403/4403/4403
f 4504/4504/4504  4502/4502/4502  4404/4404/4404
f 4476/4476/4476  4409/4409/4409  4406/4406/4406
f 4562/4562/4562  4407/4407/4407  4410/4410/4410
f 4478/4478/4478  4406/4406/4406  4467/4467/4467
f 4478/4478/4478  4476/4476/4476  4406/4406/4406
f 4563/4563/4563  4506/4506/4506  4408/4408/4408
f 4474/4474/4474  4411/4411/4411  4409/4409/4409
f 5192/5192/5192  4410/4410/4410  4412/4412/4412
f 4476/4476/4476  4474/4474/4474  4409/4409/4409
f 4562/4562/4562  4410/4410/4410  4560/4560/4560
f 5192/5192/5192  4560/4560/4560  4410/4410/4410
f 4581/4581/4581  4412/4412/4412  4414/4414/4414
f 4474/4474/4474  4471/4471/4471  4411/4411/4411
f 4583/4583/4583  4412/4412/4412  4581/4581/4581
f 5195/5195/5195  4412/4412/4412  4583/4583/4583
f 5195/5195/5195  5192/5192/5192  4412/4412/4412
f 4579/4579/4579  4414/4414/4414  4417/4417/4417
f 4581/4581/4581  4414/4414/4414  4579/4579/4579
f 5183/5183/5183  4416/4416/4416  4420/4420/4420
f 5186/5186/5186  4579/4579/4579  4417/4417/4417
f 5186/5186/5186  4417/4417/4417  5184/5184/5184
f 4507/4507/4507  4419/4419/4419  4422/4422/4422
f 5183/5183/5183  4420/4420/4420  4509/4509/4509
f 4515/4515/4515  4422/4422/4422  4424/4424/4424
f 4510/4510/4510  4507/4507/4507  4422/4422/4422
f 4512/4512/4512  4510/4510/4510  4422/4422/4422
f 4515/4515/4515  4512/4512/4512  4422/4422/4422
f 4453/4453/4453  4425/4425/4425  4423/4423/4423
f 4489/4489/4489  4424/4424/4424  4426/4426/4426
f 4515/4515/4515  4424/4424/4424  4489/4489/4489
f 4469/4469/4469  4425/4425/4425  4453/4453/4453
f 4517/4517/4517  4489/4489/4489  4426/4426/4426
f 4522/4522/4522  4426/4426/4426  4502/4502/4502
f 4519/4519/4519  4517/4517/4517  4426/4426/4426
f 4522/4522/4522  4519/4519/4519  4426/4426/4426
f 5051/5051/5051  4428/4428/4428  4431/4431/4431
f 5054/5054/5054  4452/4452/4452  4429/4429/4429
f 5054/5054/5054  4429/4429/4429  5052/5052/5052
f 5075/5075/5075  4431/4431/4431  4433/4433/4433
f 5075/5075/5075  5051/5051/5051  4431/4431/4431
f 5073/5073/5073  4433/4433/4433  4435/4435/4435
f 5075/5075/5075  4433/4433/4433  5073/5073/5073
f 5071/5071/5071  4435/4435/4435  4437/4437/4437
f 5073/5073/5073  4435/4435/4435  5071/5071/5071
f 5069/5069/5069  4437/4437/4437  4439/4439/4439
f 5071/5071/5071  4437/4437/4437  5069/5069/5069
f 5067/5067/5067  4439/4439/4439  4441/4441/4441
f 5069/5069/5069  4439/4439/4439  5067/5067/5067
f 5065/5065/5065  4442/4442/4442  4444/4444/4444
f 5067/5067/5067  4441/4441/4441  5064/5064/5064
f 5062/5062/5062  4444/4444/4444  4446/4446/4446
f 5065/5065/5065  4444/4444/4444  5062/5062/5062
f 5060/5060/5060  4446/4446/4446  4448/4448/4448
f 5062/5062/5062  4446/4446/4446  5060/5060/5060
f 5058/5058/5058  4448/4448/4448  4450/4450/4450
f 4480/4480/4480  4462/4462/4462  4447/4447/4447
f 5060/5060/5060  4448/4448/4448  5058/5058/5058
f 5056/5056/5056  4450/4450/4450  4452/4452/4452
f 5058/5058/5058  4450/4450/4450  5056/5056/5056
f 5056/5056/5056  4452/4452/4452  5054/5054/5054
f 5213/5213/5213  4455/4455/4455  4457/4457/4457
f 5210/5210/5210  4470/4470/4470  4454/4454/4454
f 5212/5212/5212  5210/5210/5210  4454/4454/4454
f 5215/5215/5215  4457/4457/4457  4459/4459/4459
f 5215/5215/5215  5213/5213/5213  4457/4457/4457
f 5217/5217/5217  4459/4459/4459  4461/4461/4461
f 5217/5217/5217  5215/5215/5215  4459/4459/4459
f 5219/5219/5219  4461/4461/4461  4464/4464/4464
f 5219/5219/5219  5217/5217/5217  4461/4461/4461
f 4478/4478/4478  4465/4465/4465  4462/4462/4462
f 5203/5203/5203  4463/4463/4463  4466/4466/4466
f 4480/4480/4480  4478/4478/4478  4462/4462/4462
f 5219/5219/5219  4464/4464/4464  5204/5204/5204
f 4478/4478/4478  4467/4467/4467  4465/4465/4465
f 5206/5206/5206  4466/4466/4466  4468/4468/4468
f 5206/5206/5206  5203/5203/5203  4466/4466/4466
f 5208/5208/5208  4468/4468/4468  4470/4470/4470
f 5208/5208/5208  5206/5206/5206  4468/4468/4468
f 5210/5210/5210  5208/5208/5208  4470/4470/4470
f 5231/5231/5231  4473/4473/4473  4475/4475/4475
f 5228/5228/5228  4488/4488/4488  4472/4472/4472
f 5230/5230/5230  5228/5228/5228  4472/4472/4472
f 5233/5233/5233  4475/4475/4475  4477/4477/4477
f 5233/5233/5233  5231/5231/5231  4475/4475/4475
f 5235/5235/5235  4477/4477/4477  4479/4479/4479
f 5235/5235/5235  5233/5233/5233  4477/4477/4477
f 5237/5237/5237  4479/4479/4479  4482/4482/4482
f 5237/5237/5237  5235/5235/5235  4479/4479/4479
f 5221/5221/5221  4481/4481/4481  4484/4484/4484
f 5237/5237/5237  4482/4482/4482  5222/5222/5222
f 5224/5224/5224  4484/4484/4484  4486/4486/4486
f 5224/5224/5224  5221/5221/5221  4484/4484/4484
f 5226/5226/5226  4486/4486/4486  4488/4488/4488
f 5226/5226/5226  5224/5224/5224  4486/4486/4486
f 5228/5228/5228  5226/5226/5226  4488/4488/4488
f 4498/4498/4498  4493/4493/4493  4489/4489/4489
f 4542/4542/4542  4492/4492/4492  4494/4494/4494
f 4500/4500/4500  4498/4498/4498  4489/4489/4489
f 4525/4525/4525  4500/4500/4500  4489/4489/4489
f 4540/4540/4540  4516/4516/4516  4492/4492/4492
f 4531/4531/4531  4491/4491/4491  4518/4518/4518
f 4527/4527/4527  4526/4526/4526  4491/4491/4491
f 4529/4529/4529  4527/4527/4527  4491/4491/4491
f 4531/4531/4531  4529/4529/4529  4491/4491/4491
f 4542/4542/4542  4540/4540/4540  4492/4492/4492
f 4498/4498/4498  4495/4495/4495  4493/4493/4493
f 4544/4544/4544  4494/4494/4494  4496/4496/4496
f 4544/4544/4544  4542/4542/4542  4494/4494/4494
f 4503/4503/4503  4497/4497/4497  4499/4499/4499
f 4505/4505/4505  4497/4497/4497  4503/4503/4503
f 4547/4547/4547  4497/4497/4497  4505/4505/4505
f 4546/4546/4546  4544/4544/4544  4496/4496/4496
f 4503/4503/4503  4499/4499/4499  4501/4501/4501
f 4522/4522/4522  4502/4502/4502  4500/4500/4500
f 4525/4525/4525  4522/4522/4522  4500/4500/4500
f 4561/4561/4561  4547/4547/4547  4505/4505/4505
f 4575/4575/4575  4508/4508/4508  4511/4511/4511
f 5182/5182/5182  4508/4508/4508  4575/4575/4575
f 4575/4575/4575  4511/4511/4511  4514/4514/4514
f 4533/4533/4533  4513/4513/4513  4516/4516/4516
f 4575/4575/4575  4514/4514/4514  4536/4536/4536
f 4537/4537/4537  4533/4533/4533  4516/4516/4516
f 4540/4540/4540  4537/4537/4537  4516/4516/4516
f 4531/4531/4531  4518/4518/4518  4520/4520/4520
f 4532/4532/4532  4521/4521/4521  4524/4524/4524
f 4527/4527/4527  4523/4523/4523  4526/4526/4526
f 4530/4530/4530  4524/4524/4524  4528/4528/4528
f 4532/4532/4532  4524/4524/4524  4530/4530/4530
f 4719/4719/4719  4534/4534/4534  4539/4539/4539
f 5172/5172/5172  4574/4574/4574  4535/4535/4535
f 5178/5178/5178  4534/4534/4534  4719/4719/4719
f 5170/5170/5170  4535/4535/4535  5168/5168/5168
f 5176/5176/5176  5168/5168/5168  4535/4535/4535
f 5172/5172/5172  4535/4535/4535  5170/5170/5170
f 5181/5181/5181  5176/5176/5176  4535/4535/4535
f 5181/5181/5181  4535/4535/4535  5179/5179/5179
f 4651/4651/4651  4538/4538/4538  4541/4541/4541
f 4651/4651/4651  4618/4618/4618  4538/4538/4538
f 4717/4717/4717  4538/4538/4538  4618/4618/4618
f 4656/4656/4656  4541/4541/4541  4543/4543/4543
f 4654/4654/4654  4651/4651/4651  4541/4541/4541
f 4656/4656/4656  4654/4654/4654  4541/4541/4541
f 4658/4658/4658  4543/4543/4543  4545/4545/4545
f 4658/4658/4658  4656/4656/4656  4543/4543/4543
f 4642/4642/4642  4545/4545/4545  4548/4548/4548
f 4658/4658/4658  4545/4545/4545  4642/4642/4642
f 4552/4552/4552  4549/4549/4549  4547/4547/4547
f 4705/4705/4705  4548/4548/4548  4551/4551/4551
f 4561/4561/4561  4552/4552/4552  4547/4547/4547
f 4642/4642/4642  4548/4548/4548  4620/4620/4620
f 4705/4705/4705  4620/4620/4620  4548/4548/4548
f 4586/4586/4586  4550/4550/4550  4553/4553/4553
f 4586/4586/4586  4564/4564/4564  4550/4550/4550
f 4660/4660/4660  4551/4551/4551  4565/4565/4565
f 4708/4708/4708  4551/4551/4551  4660/4660/4660
f 4708/4708/4708  4705/4705/4705  4551/4551/4551
f 4559/4559/4559  4555/4555/4555  4552/4552/4552
f 4587/4587/4587  4554/4554/4554  4556/4556/4556
f 4561/4561/4561  4559/4559/4559  4552/4552/4552
f 4559/4559/4559  4557/4557/4557  4555/4555/4555
f 4587/4587/4587  4556/4556/4556  4558/4558/4558
f 4583/4583/4583  4558/4558/4558  4560/4560/4560
f 4587/4587/4587  4558/4558/4558  4583/4583/4583
f 5187/5187/5187  4583/4583/4583  4560/4560/4560
f 5189/5189/5189  5187/5187/5187  4560/4560/4560
f 5192/5192/5192  5189/5189/5189  4560/4560/4560
f 4582/4582/4582  4566/4566/4566  4564/4564/4564
f 4665/4665/4665  4565/4565/4565  4567/4567/4567
f 4586/4586/4586  4582/4582/4582  4564/4564/4564
f 4663/4663/4663  4660/4660/4660  4565/4565/4565
f 4665/4665/4665  4663/4663/4663  4565/4565/4565
f 4580/4580/4580  4568/4568/4568  4566/4566/4566
f 4667/4667/4667  4567/4567/4567  4569/4569/4569
f 4582/4582/4582  4580/4580/4580  4566/4566/4566
f 4667/4667/4667  4665/4665/4665  4567/4567/4567
f 4573/4573/4573  4570/4570/4570  4568/4568/4568
f 4669/4669/4669  4569/4569/4569  4571/4571/4571
f 4577/4577/4577  4573/4573/4573  4568/4568/4568
f 4580/4580/4580  4577/4577/4577  4568/4568/4568
f 4669/4669/4669  4667/4667/4667  4569/4569/4569
f 5173/5173/5173  4572/4572/4572  4576/4576/4576
f 4714/4714/4714  4669/4669/4669  4571/4571/4571
f 5173/5173/5173  4716/4716/4716  4572/4572/4572
f 5185/5185/5185  4575/4575/4575  4578/4578/4578
f 5185/5185/5185  5182/5182/5182  4575/4575/4575
f 5201/5201/5201  4585/4585/4585  5188/5188/5188
f 5197/5197/5197  5196/5196/5196  4585/4585/4585
f 5199/5199/5199  5197/5197/5197  4585/4585/4585
f 5201/5201/5201  5199/5199/5199  4585/4585/4585
f 4638/4638/4638  4591/4591/4591  4588/4588/4588
f 4683/4683/4683  4588/4588/4588  4618/4618/4618
f 4678/4678/4678  4638/4638/4638  4588/4588/4588
f 4681/4681/4681  4678/4678/4678  4588/4588/4588
f 4683/4683/4683  4681/4681/4681  4588/4588/4588
f 4636/4636/4636  4594/4594/4594  4591/4591/4591
f 4638/4638/4638  4636/4636/4636  4591/4591/4591
f 4631/4631/4631  4596/4596/4596  4594/4594/4594
f 4634/4634/4634  4631/4631/4631  4594/4594/4594
f 4636/4636/4636  4634/4634/4634  4594/4594/4594
f 4600/4600/4600  4598/4598/4598  4596/4596/4596
f 4631/4631/4631  4600/4600/4600  4596/4596/4596
f 4629/4629/4629  4602/4602/4602  4600/4600/4600
f 4631/4631/4631  4629/4629/4629  4600/4600/4600
f 4627/4627/4627  4604/4604/4604  4602/4602/4602
f 4629/4629/4629  4627/4627/4627  4602/4602/4602
f 4625/4625/4625  4607/4607/4607  4604/4604/4604
f 4627/4627/4627  4625/4625/4625  4604/4604/4604
f 4674/4674/4674  4610/4610/4610  4607/4607/4607
f 4696/4696/4696  4607/4607/4607  4625/4625/4625
f 4676/4676/4676  4607/4607/4607  4660/4660/4660
f 4708/4708/4708  4660/4660/4660  4607/4607/4607
f 4676/4676/4676  4674/4674/4674  4607/4607/4607
f 4712/4712/4712  4607/4607/4607  4696/4696/4696
f 4710/4710/4710  4708/4708/4708  4607/4607/4607
f 4712/4712/4712  4710/4710/4710  4607/4607/4607
f 4725/4725/4725  4612/4612/4612  4610/4610/4610
f 4674/4674/4674  4672/4672/4672  4610/4610/4610
f 4714/4714/4714  4610/4610/4610  4672/4672/4672
f 4728/4728/4728  4610/4610/4610  4714/4714/4714
f 4728/4728/4728  4725/4725/4725  4610/4610/4610
f 4616/4616/4616  4614/4614/4614  4612/4612/4612
f 4725/4725/4725  4616/4616/4616  4612/4612/4612
f 4720/4720/4720  4618/4618/4618  4616/4616/4616
f 4722/4722/4722  4720/4720/4720  4616/4616/4616
f 4725/4725/4725  4722/4722/4722  4616/4616/4616
f 4649/4649/4649  4647/4647/4647  4618/4618/4618
f 4687/4687/4687  4618/4618/4618  4647/4647/4647
f 4651/4651/4651  4649/4649/4649  4618/4618/4618
f 4685/4685/4685  4683/4683/4683  4618/4618/4618
f 4687/4687/4687  4685/4685/4685  4618/4618/4618
f 4720/4720/4720  4717/4717/4717  4618/4618/4618
f 4699/4699/4699  4623/4623/4623  4620/4620/4620
f 4741/4741/4741  4622/4622/4622  4624/4624/4624
f 4690/4690/4690  4620/4620/4620  4640/4640/4640
f 4737/4737/4737  4641/4641/4641  4621/4621/4621
f 4687/4687/4687  4642/4642/4642  4620/4620/4620
f 4690/4690/4690  4687/4687/4687  4620/4620/4620
f 4701/4701/4701  4699/4699/4699  4620/4620/4620
f 4703/4703/4703  4701/4701/4701  4620/4620/4620
f 4705/4705/4705  4703/4703/4703  4620/4620/4620
f 4739/4739/4739  4737/4737/4737  4621/4621/4621
f 4696/4696/4696  4625/4625/4625  4623/4623/4623
f 4760/4760/4760  4624/4624/4624  4626/4626/4626
f 4699/4699/4699  4696/4696/4696  4623/4623/4623
f 4762/4762/4762  4741/4741/4741  4624/4624/4624
f 4762/4762/4762  4624/4624/4624  4760/4760/4760
f 4756/4756/4756  4626/4626/4626  4628/4628/4628
f 4758/4758/4758  4626/4626/4626  4756/4756/4756
f 4760/4760/4760  4626/4626/4626  4758/4758/4758
f 4754/4754/4754  4628/4628/4628  4630/4630/4630
f 4756/4756/4756  4628/4628/4628  4754/4754/4754
f 4813/4813/4813  4630/4630/4630  4633/4633/4633
f 4785/4785/4785  4754/4754/4754  4630/4630/4630
f 4813/4813/4813  4785/4785/4785  4630/4630/4630
f 4742/4742/4742  4632/4632/4632  4635/4635/4635
f 4813/4813/4813  4633/4633/4633  4744/4744/4744
f 4747/4747/4747  4635/4635/4635  4637/4637/4637
f 4745/4745/4745  4742/4742/4742  4635/4635/4635
f 4747/4747/4747  4745/4745/4745  4635/4635/4635
f 4733/4733/4733  4637/4637/4637  4639/4639/4639
f 4733/4733/4733  4730/4730/4730  4637/4637/4637
f 4747/4747/4747  4637/4637/4637  4730/4730/4730
f 4678/4678/4678  4640/4640/4640  4638/4638/4638
f 4735/4735/4735  4639/4639/4639  4641/4641/4641
f 4735/4735/4735  4733/4733/4733  4639/4639/4639
f 4694/4694/4694  4640/4640/4640  4678/4678/4678
f 4692/4692/4692  4690/4690/4690  4640/4640/4640
f 4694/4694/4694  4692/4692/4692  4640/4640/4640
f 4737/4737/4737  4735/4735/4735  4641/4641/4641
f 4687/4687/4687  4645/4645/4645  4642/4642/4642
f 5104/5104/5104  4644/4644/4644  4646/4646/4646
f 5101/5101/5101  4659/4659/4659  4643/4643/4643
f 5103/5103/5103  5101/5101/5101  4643/4643/4643
f 4687/4687/4687  4647/4647/4647  4645/4645/4645
f 5106/5106/5106  4646/4646/4646  4648/4648/4648
f 5106/5106/5106  5104/5104/5104  4646/4646/4646
f 5108/5108/5108  4648/4648/4648  4650/4650/4650
f 5108/5108/5108  5106/5106/5106  4648/4648/4648
f 5110/5110/5110  4650/4650/4650  4653/4653/4653
f 5110/5110/5110  5108/5108/5108  4650/4650/4650
f 5094/5094/5094  4652/4652/4652  4655/4655/4655
f 5110/5110/5110  4653/4653/4653  5095/5095/5095
f 5097/5097/5097  4655/4655/4655  4657/4657/4657
f 5097/5097/5097  5094/5094/5094  4655/4655/4655
f 5099/5099/5099  4657/4657/4657  4659/4659/4659
f 5099/5099/5099  5097/5097/5097  4657/4657/4657
f 5101/5101/5101  5099/5099/5099  4659/4659/4659
f 5122/5122/5122  4662/4662/4662  4664/4664/4664
f 5119/5119/5119  4677/4677/4677  4661/4661/4661
f 5121/5121/5121  5119/5119/5119  4661/4661/4661
f 5124/5124/5124  4664/4664/4664  4666/4666/4666
f 5124/5124/5124  5122/5122/5122  4664/4664/4664
f 5126/5126/5126  4666/4666/4666  4668/4668/4668
f 5126/5126/5126  5124/5124/5124  4666/4666/4666
f 5128/5128/5128  4668/4668/4668  4671/4671/4671
f 5128/5128/5128  5126/5126/5126  4668/4668/4668
f 4714/4714/4714  4672/4672/4672  4669/4669/4669
f 5112/5112/5112  4670/4670/4670  4673/4673/4673
f 5128/5128/5128  4671/4671/4671  5113/5113/5113
f 5115/5115/5115  4673/4673/4673  4675/4675/4675
f 5115/5115/5115  5112/5112/5112  4673/4673/4673
f 5117/5117/5117  4675/4675/4675  4677/4677/4677
f 5117/5117/5117  5115/5115/5115  4675/4675/4675
f 5119/5119/5119  5117/5117/5117  4677/4677/4677
f 5140/5140/5140  4680/4680/4680  4682/4682/4682
f 5137/5137/5137  4695/4695/4695  4679/4679/4679
f 5139/5139/5139  5137/5137/5137  4679/4679/4679
f 5142/5142/5142  4682/4682/4682  4684/4684/4684
f 5142/5142/5142  5140/5140/5140  4682/4682/4682
f 5144/5144/5144  4684/4684/4684  4686/4686/4686
f 5144/5144/5144  5142/5142/5142  4684/4684/4684
f 5146/5146/5146  4686/4686/4686  4689/4689/4689
f 5146/5146/5146  5144/5144/5144  4686/4686/4686
f 5130/5130/5130  4688/4688/4688  4691/4691/4691
f 5146/5146/5146  4689/4689/4689  5131/5131/5131
f 5133/5133/5133  4691/4691/4691  4693/4693/4693
f 5133/5133/5133  5130/5130/5130  4691/4691/4691
f 5135/5135/5135  4693/4693/4693  4695/4695/4695
f 5135/5135/5135  5133/5133/5133  4693/4693/4693
f 5137/5137/5137  5135/5135/5135  4695/4695/4695
f 5158/5158/5158  4698/4698/4698  4700/4700/4700
f 5155/5155/5155  4713/4713/4713  4697/4697/4697
f 5157/5157/5157  5155/5155/5155  4697/4697/4697
f 5160/5160/5160  4700/4700/4700  4702/4702/4702
f 5160/5160/5160  5158/5158/5158  4700/4700/4700
f 5162/5162/5162  4702/4702/4702  4704/4704/4704
f 5162/5162/5162  5160/5160/5160  4702/4702/4702
f 5164/5164/5164  4704/4704/4704  4707/4707/4707
f 5164/5164/5164  5162/5162/5162  4704/4704/4704
f 5148/5148/5148  4706/4706/4706  4709/4709/4709
f 5164/5164/5164  4707/4707/4707  5149/5149/5149
f 5151/5151/5151  4709/4709/4709  4711/4711/4711
f 5151/5151/5151  5148/5148/5148  4709/4709/4709
f 5153/5153/5153  4711/4711/4711  4713/4713/4713
f 5153/5153/5153  5151/5151/5151  4711/4711/4711
f 5155/5155/5155  5153/5153/5153  4713/4713/4713
f 5169/5169/5169  4729/4729/4729  4715/4715/4715
f 5171/5171/5171  5169/5169/5169  4715/4715/4715
f 5177/5177/5177  4718/4718/4718  4721/4721/4721
f 5180/5180/5180  4721/4721/4721  4724/4724/4724
f 5180/5180/5180  5177/5177/5177  4721/4721/4721
f 5174/5174/5174  4723/4723/4723  4727/4727/4727
f 5180/5180/5180  4724/4724/4724  5175/5175/5175
f 5166/5166/5166  4726/4726/4726  4729/4729/4729
f 5174/5174/5174  4727/4727/4727  5167/5167/5167
f 5169/5169/5169  5166/5166/5166  4729/4729/4729
f 4736/4736/4736  4731/4731/4731  4734/4734/4734
f 4738/4738/4738  4731/4731/4731  4736/4736/4736
f 4740/4740/4740  4731/4731/4731  4738/4738/4738
f 4761/4761/4761  4731/4731/4731  4740/4740/4740
f 4793/4793/4793  4748/4748/4748  4732/4732/4732
f 4759/4759/4759  4750/4750/4750  4731/4731/4731
f 4795/4795/4795  4732/4732/4732  4751/4751/4751
f 4761/4761/4761  4759/4759/4759  4731/4731/4731
f 4795/4795/4795  4793/4793/4793  4732/4732/4732
f 4790/4790/4790  4786/4786/4786  4748/4748/4748
f 4793/4793/4793  4790/4790/4790  4748/4748/4748
f 4757/4757/4757  4753/4753/4753  4750/4750/4750
f 4785/4785/4785  4752/4752/4752  4754/4754/4754
f 4759/4759/4759  4757/4757/4757  4750/4750/4750
f 4783/4783/4783  4781/4781/4781  4751/4751/4751
f 4799/4799/4799  4751/4751/4751  4781/4781/4781
f 4797/4797/4797  4795/4795/4795  4751/4751/4751
f 4799/4799/4799  4797/4797/4797  4751/4751/4751
f 4757/4757/4757  4755/4755/4755  4753/4753/4753
f 4788/4788/4788  4766/4766/4766  4763/4763/4763
f 4810/4810/4810  4768/4768/4768  4766/4766/4766
f 4788/4788/4788  4786/4786/4786  4766/4766/4766
f 4790/4790/4790  4766/4766/4766  4786/4786/4786
f 4810/4810/4810  4766/4766/4766  4790/4790/4790
f 4808/4808/4808  4770/4770/4770  4768/4768/4768
f 4810/4810/4810  4808/4808/4808  4768/4768/4768
f 4806/4806/4806  4772/4772/4772  4770/4770/4770
f 4808/4808/4808  4806/4806/4806  4770/4770/4770
f 4801/4801/4801  4774/4774/4774  4772/4772/4772
f 4804/4804/4804  4801/4801/4801  4772/4772/4772
f 4806/4806/4806  4804/4804/4804  4772/4772/4772
f 4779/4779/4779  4776/4776/4776  4774/4774/4774
f 4781/4781/4781  4779/4779/4779  4774/4774/4774
f 4801/4801/4801  4781/4781/4781  4774/4774/4774
f 4801/4801/4801  4799/4799/4799  4781/4781/4781
f 4826/4826/4826  4792/4792/4792  4794/4794/4794
f 4823/4823/4823  4811/4811/4811  4791/4791/4791
f 4825/4825/4825  4823/4823/4823  4791/4791/4791
f 4828/4828/4828  4794/4794/4794  4796/4796/4796
f 4828/4828/4828  4826/4826/4826  4794/4794/4794
f 4830/4830/4830  4796/4796/4796  4798/4798/4798
f 4830/4830/4830  4828/4828/4828  4796/4796/4796
f 4832/4832/4832  4798/4798/4798  4800/4800/4800
f 4832/4832/4832  4830/4830/4830  4798/4798/4798
f 4834/4834/4834  4800/4800/4800  4803/4803/4803
f 4834/4834/4834  4832/4832/4832  4800/4800/4800
f 4814/4814/4814  4802/4802/4802  4805/4805/4805
f 4834/4834/4834  4803/4803/4803  4815/4815/4815
f 4817/4817/4817  4805/4805/4805  4807/4807/4807
f 4817/4817/4817  4814/4814/4814  4805/4805/4805
f 4819/4819/4819  4807/4807/4807  4809/4809/4809
f 4819/4819/4819  4817/4817/4817  4807/4807/4807
f 4821/4821/4821  4809/4809/4809  4811/4811/4811
f 4821/4821/4821  4819/4819/4819  4809/4809/4809
f 4823/4823/4823  4821/4821/4821  4811/4811/4811
f 4836/4836/4836  4816/4816/4816  4818/4818/4818
f 4856/4856/4856  4835/4835/4835  4816/4816/4816
f 4856/4856/4856  4816/4816/4816  4836/4836/4836
f 4841/4841/4841  4818/4818/4818  4820/4820/4820
f 4839/4839/4839  4836/4836/4836  4818/4818/4818
f 4841/4841/4841  4839/4839/4839  4818/4818/4818
f 4843/4843/4843  4820/4820/4820  4822/4822/4822
f 4843/4843/4843  4841/4841/4841  4820/4820/4820
f 4843/4843/4843  4822/4822/4822  4824/4824/4824
f 4845/4845/4845  4824/4824/4824  4827/4827/4827
f 4845/4845/4845  4843/4843/4843  4824/4824/4824
f 4847/4847/4847  4827/4827/4827  4829/4829/4829
f 4847/4847/4847  4845/4845/4845  4827/4827/4827
f 4852/4852/4852  4829/4829/4829  4831/4831/4831
f 4850/4850/4850  4847/4847/4847  4829/4829/4829
f 4852/4852/4852  4850/4850/4850  4829/4829/4829
f 4854/4854/4854  4831/4831/4831  4833/4833/4833
f 4854/4854/4854  4852/4852/4852  4831/4831/4831
f 4854/4854/4854  4833/4833/4833  4835/4835/4835
f 4856/4856/4856  4854/4854/4854  4835/4835/4835
f 4871/4871/4871  4838/4838/4838  4840/4840/4840
f 4867/4867/4867  4857/4857/4857  4837/4837/4837
f 4869/4869/4869  4867/4867/4867  4837/4837/4837
f 4905/4905/4905  4840/4840/4840  4842/4842/4842
f 4905/4905/4905  4871/4871/4871  4840/4840/4840
f 4903/4903/4903  4842/4842/4842  4844/4844/4844
f 4905/4905/4905  4842/4842/4842  4903/4903/4903
f 4901/4901/4901  4844/4844/4844  4846/4846/4846
f 4903/4903/4903  4844/4844/4844  4901/4901/4901
f 4899/4899/4899  4846/4846/4846  4849/4849/4849
f 4901/4901/4901  4846/4846/4846  4899/4899/4899
f 4858/4858/4858  4848/4848/4848  4851/4851/4851
f 4899/4899/4899  4849/4849/4849  4860/4860/4860
f 4861/4861/4861  4851/4851/4851  4853/4853/4853
f 4861/4861/4861  4858/4858/4858  4851/4851/4851
f 4863/4863/4863  4853/4853/4853  4855/4855/4855
f 4863/4863/4863  4861/4861/4861  4853/4853/4853
f 4865/4865/4865  4855/4855/4855  4857/4857/4857
f 4865/4865/4865  4863/4863/4863  4855/4855/4855
f 4867/4867/4867  4865/4865/4865  4857/4857/4857
f 4888/4888/4888  4859/4859/4859  4862/4862/4862
f 4888/4888/4888  4883/4883/4883  4859/4859/4859
f 4898/4898/4898  4859/4859/4859  4883/4883/4883
f 4890/4890/4890  4862/4862/4862  4864/4864/4864
f 4890/4890/4890  4888/4888/4888  4862/4862/4862
f 4892/4892/4892  4864/4864/4864  4866/4866/4866
f 4892/4892/4892  4890/4890/4890  4864/4864/4864
f 4894/4894/4894  4866/4866/4866  4868/4868/4868
f 4894/4894/4894  4892/4892/4892  4866/4866/4866
f 4896/4896/4896  4868/4868/4868  4870/4870/4870
f 4896/4896/4896  4894/4894/4894  4868/4868/4868
f 4896/4896/4896  4870/4870/4870  4875/4875/4875
f 4904/4904/4904  4875/4875/4875  4870/4870/4870
f 4896/4896/4896  4875/4875/4875  4872/4872/4872
f 4921/4921/4921  4874/4874/4874  4876/4876/4876
f 4917/4917/4917  4897/4897/4897  4873/4873/4873
f 4919/4919/4919  4917/4917/4917  4873/4873/4873
f 4904/4904/4904  4877/4877/4877  4875/4875/4875
f 4957/4957/4957  4876/4876/4876  4878/4878/4878
f 4957/4957/4957  4921/4921/4921  4876/4876/4876
f 4902/4902/4902  4879/4879/4879  4877/4877/4877
f 4955/4955/4955  4878/4878/4878  4880/4880/4880
f 4904/4904/4904  4902/4902/4902  4877/4877/4877
f 4957/4957/4957  4878/4878/4878  4955/4955/4955
f 4900/4900/4900  4881/4881/4881  4879/4879/4879
f 4953/4953/4953  4880/4880/4880  4882/4882/4882
f 4902/4902/4902  4900/4900/4900  4879/4879/4879
f 4955/4955/4955  4880/4880/4880  4953/4953/4953
f 4898/4898/4898  4883/4883/4883  4881/4881/4881
f 4951/4951/4951  4882/4882/4882  4884/4884/4884
f 4900/4900/4900  4898/4898/4898  4881/4881/4881
f 4953/4953/4953  4882/4882/4882  4951/4951/4951
f 4888/4888/4888  4885/4885/4885  4883/4883/4883
f 4949/4949/4949  4884/4884/4884  4887/4887/4887
f 4951/4951/4951  4884/4884/4884  4949/4949/4949
f 4906/4906/4906  4886/4886/4886  4889/4889/4889
f 4949/4949/4949  4887/4887/4887  4908/4908/4908
f 4909/4909/4909  4889/4889/4889  4891/4891/4891
f 4909/4909/4909  4906/4906/4906  4889/4889/4889
f 4911/4911/4911  4891/4891/4891  4893/4893/4893
f 4911/4911/4911  4909/4909/4909  4891/4891/4891
f 4913/4913/4913  4893/4893/4893  4895/4895/4895
f 4913/4913/4913  4911/4911/4911  4893/4893/4893
f 4915/4915/4915  4895/4895/4895  4897/4897/4897
f 4915/4915/4915  4913/4913/4913  4895/4895/4895
f 4917/4917/4917  4915/4915/4915  4897/4897/4897
f 4938/4938/4938  4907/4907/4907  4910/4910/4910
f 4935/4935/4935  4933/4933/4933  4907/4907/4907
f 4948/4948/4948  4907/4907/4907  4933/4933/4933
f 4938/4938/4938  4935/4935/4935  4907/4907/4907
f 4940/4940/4940  4910/4910/4910  4912/4912/4912
f 4940/4940/4940  4938/4938/4938  4910/4910/4910
f 4942/4942/4942  4912/4912/4912  4914/4914/4914
f 4942/4942/4942  4940/4940/4940  4912/4912/4912
f 4942/4942/4942  4914/4914/4914  4916/4916/4916
f 4944/4944/4944  4916/4916/4916  4918/4918/4918
f 4944/4944/4944  4942/4942/4942  4916/4916/4916
f 4946/4946/4946  4918/4918/4918  4920/4920/4920
f 4946/4946/4946  4944/4944/4944  4918/4918/4918
f 4925/4925/4925  4922/4922/4922  4920/4920/4920
f 4946/4946/4946  4920/4920/4920  4922/4922/4922
f 4956/4956/4956  4925/4925/4925  4920/4920/4920
f 4973/4973/4973  4924/4924/4924  4926/4926/4926
f 4969/4969/4969  4947/4947/4947  4923/4923/4923
f 4971/4971/4971  4969/4969/4969  4923/4923/4923
f 4956/4956/4956  4927/4927/4927  4925/4925/4925
f 4983/4983/4983  4926/4926/4926  4928/4928/4928
f 4983/4983/4983  4973/4973/4973  4926/4926/4926
f 4954/4954/4954  4929/4929/4929  4927/4927/4927
f 4981/4981/4981  4928/4928/4928  4930/4930/4930
f 4956/4956/4956  4954/4954/4954  4927/4927/4927
f 4983/4983/4983  4928/4928/4928  4981/4981/4981
f 4950/4950/4950  4931/4931/4931  4929/4929/4929
f 4979/4979/4979  4930/4930/4930  4932/4932/4932
f 4952/4952/4952  4950/4950/4950  4929/4929/4929
f 4954/4954/4954  4952/4952/4952  4929/4929/4929
f 4981/4981/4981  4930/4930/4930  4979/4979/4979
f 4948/4948/4948  4933/4933/4933  4931/4931/4931
f 4977/4977/4977  4932/4932/4932  4934/4934/4934
f 4950/4950/4950  4948/4948/4948  4931/4931/4931
f 4979/4979/4979  4932/4932/4932  4977/4977/4977
f 4975/4975/4975  4934/4934/4934  4937/4937/4937
f 4977/4977/4977  4934/4934/4934  4975/4975/4975
f 4958/4958/4958  4936/4936/4936  4939/4939/4939
f 4975/4975/4975  4937/4937/4937  4960/4960/4960
f 4961/4961/4961  4939/4939/4939  4941/4941/4941
f 4961/4961/4961  4958/4958/4958  4939/4939/4939
f 4963/4963/4963  4941/4941/4941  4943/4943/4943
f 4963/4963/4963  4961/4961/4961  4941/4941/4941
f 4965/4965/4965  4943/4943/4943  4945/4945/4945
f 4965/4965/4965  4963/4963/4963  4943/4943/4943
f 4967/4967/4967  4945/4945/4945  4947/4947/4947
f 4967/4967/4967  4965/4965/4965  4945/4945/4945
f 4969/4969/4969  4967/4967/4967  4947/4947/4947
f 4987/4987/4987  4959/4959/4959  4962/4962/4962
f 5024/5024/5024  4974/4974/4974  4959/4959/4959
f 4987/4987/4987  4984/4984/4984  4959/4959/4959
f 5024/5024/5024  4959/4959/4959  4984/4984/4984
f 4989/4989/4989  4962/4962/4962  4964/4964/4964
f 4989/4989/4989  4987/4987/4987  4962/4962/4962
f 4993/4993/4993  4964/4964/4964  4966/4966/4966
f 4991/4991/4991  4989/4989/4989  4964/4964/4964
f 4993/4993/4993  4991/4991/4991  4964/4964/4964
f 4997/4997/4997  4966/4966/4966  4968/4968/4968
f 4995/4995/4995  4993/4993/4993  4966/4966/4966
f 4997/4997/4997  4995/4995/4995  4966/4966/4966
f 4999/4999/4999  4968/4968/4968  4970/4970/4970
f 4999/4999/4999  4997/4997/4997  4968/4968/4968
f 5003/5003/5003  4970/4970/4970  4972/4972/4972
f 5001/5001/5001  4999/4999/4999  4970/4970/4970
f 5003/5003/5003  5001/5001/5001  4970/4970/4970
f 5008/5008/5008  4972/4972/4972  4982/4982/4982
f 5005/5005/5005  5003/5003/5003  4972/4972/4972
f 5008/5008/5008  5005/5005/5005  4972/4972/4972
f 5020/5020/5020  4976/4976/4976  4974/4974/4974
f 5022/5022/5022  5020/5020/5020  4974/4974/4974
f 5024/5024/5024  5022/5022/5022  4974/4974/4974
f 5018/5018/5018  4978/4978/4978  4976/4976/4976
f 5020/5020/5020  5018/5018/5018  4976/4976/4976
f 5014/5014/5014  4980/4980/4980  4978/4978/4978
f 5016/5016/5016  5014/5014/5014  4978/4978/4978
f 5018/5018/5018  5016/5016/5016  4978/4978/4978
f 5010/5010/5010  4982/4982/4982  4980/4980/4980
f 5012/5012/5012  5010/5010/5010  4980/4980/4980
f 5014/5014/5014  5012/5012/5012  4980/4980/4980
f 5010/5010/5010  5008/5008/5008  4982/4982/4982
f 5049/5049/5049  4986/4986/4986  4988/4988/4988
f 5045/5045/5045  5025/5025/5025  4985/4985/4985
f 5047/5047/5047  5045/5045/5045  4985/4985/4985
f 5091/5091/5091  4988/4988/4988  4990/4990/4990
f 5093/5093/5093  5049/5049/5049  4988/4988/4988
f 5093/5093/5093  4988/4988/4988  5091/5091/5091
f 5091/5091/5091  4990/4990/4990  4992/4992/4992
f 5089/5089/5089  4992/4992/4992  4994/4994/4994
f 5091/5091/5091  4992/4992/4992  5089/5089/5089
f 5087/5087/5087  4994/4994/4994  4996/4996/4996
f 5089/5089/5089  4994/4994/4994  5087/5087/5087
f 5085/5085/5085  4996/4996/4996  4998/4998/4998
f 5087/5087/5087  4996/4996/4996  5085/5085/5085
f 5083/5083/5083  4998/4998/4998  5000/5000/5000
f 5085/5085/5085  4998/4998/4998  5083/5083/5083
f 5081/5081/5081  5000/5000/5000  5002/5002/5002
f 5083/5083/5083  5000/5000/5000  5081/5081/5081
f 5077/5077/5077  5002/5002/5002  5004/5004/5004
f 5079/5079/5079  5002/5002/5002  5077/5077/5077
f 5081/5081/5081  5002/5002/5002  5079/5079/5079
f 5077/5077/5077  5004/5004/5004  5007/5007/5007
f 5026/5026/5026  5006/5006/5006  5009/5009/5009
f 5077/5077/5077  5007/5007/5007  5028/5028/5028
f 5031/5031/5031  5009/5009/5009  5011/5011/5011
f 5029/5029/5029  5026/5026/5026  5009/5009/5009
f 5031/5031/5031  5029/5029/5029  5009/5009/5009
f 5031/5031/5031  5011/5011/5011  5013/5013/5013
f 5033/5033/5033  5013/5013/5013  5015/5015/5015
f 5033/5033/5033  5031/5031/5031  5013/5013/5013
f 5035/5035/5035  5015/5015/5015  5017/5017/5017
f 5035/5035/5035  5033/5033/5033  5015/5015/5015
f 5037/5037/5037  5017/5017/5017  5019/5019/5019
f 5037/5037/5037  5035/5035/5035  5017/5017/5017
f 5039/5039/5039  5019/5019/5019  5021/5021/5021
f 5039/5039/5039  5037/5037/5037  5019/5019/5019
f 5041/5041/5041  5021/5021/5021  5023/5023/5023
f 5041/5041/5041  5039/5039/5039  5021/5021/5021
f 5045/5045/5045  5023/5023/5023  5025/5025/5025
f 5043/5043/5043  5041/5041/5041  5023/5023/5023
f 5045/5045/5045  5043/5043/5043  5023/5023/5023
f 5063/5063/5063  5027/5027/5027  5030/5030/5030
f 5076/5076/5076  5027/5027/5027  5063/5063/5063
f 5066/5066/5066  5030/5030/5030  5032/5032/5032
f 5066/5066/5066  5063/5063/5063  5030/5030/5030
f 5066/5066/5066  5032/5032/5032  5034/5034/5034
f 5068/5068/5068  5034/5034/5034  5036/5036/5036
f 5068/5068/5068  5066/5066/5066  5034/5034/5034
f 5070/5070/5070  5036/5036/5036  5038/5038/5038
f 5070/5070/5070  5068/5068/5068  5036/5036/5036
f 5070/5070/5070  5038/5038/5038  5040/5040/5040
f 5072/5072/5072  5040/5040/5040  5042/5042/5042
f 5072/5072/5072  5070/5070/5070  5040/5040/5040
f 5072/5072/5072  5042/5042/5042  5044/5044/5044
f 5074/5074/5074  5044/5044/5044  5046/5046/5046
f 5074/5074/5074  5072/5072/5072  5044/5044/5044
f 5050/5050/5050  5046/5046/5046  5048/5048/5048
f 5074/5074/5074  5046/5046/5046  5050/5050/5050
f 5092/5092/5092  5050/5050/5050  5048/5048/5048
f 5092/5092/5092  5053/5053/5053  5050/5050/5050
f 5088/5088/5088  5055/5055/5055  5053/5053/5053
f 5090/5090/5090  5088/5088/5088  5053/5053/5053
f 5092/5092/5092  5090/5090/5090  5053/5053/5053
f 5086/5086/5086  5057/5057/5057  5055/5055/5055
f 5088/5088/5088  5086/5086/5086  5055/5055/5055
f 5082/5082/5082  5059/5059/5059  5057/5057/5057
f 5084/5084/5084  5082/5082/5082  5057/5057/5057
f 5086/5086/5086  5084/5084/5084  5057/5057/5057
f 5078/5078/5078  5061/5061/5061  5059/5059/5059
f 5080/5080/5080  5078/5078/5078  5059/5059/5059
f 5082/5082/5082  5080/5080/5080  5059/5059/5059
f 5076/5076/5076  5063/5063/5063  5061/5061/5061
f 5078/5078/5078  5076/5076/5076  5061/5061/5061
f 5111/5111/5111  5096/5096/5096  5098/5098/5098
f 5109/5109/5109  5098/5098/5098  5100/5100/5100
f 5111/5111/5111  5098/5098/5098  5109/5109/5109
f 5107/5107/5107  5100/5100/5100  5102/5102/5102
f 5109/5109/5109  5100/5100/5100  5107/5107/5107
f 5107/5107/5107  5102/5102/5102  5105/5105/5105
f 5129/5129/5129  5114/5114/5114  5116/5116/5116
f 5127/5127/5127  5116/5116/5116  5118/5118/5118
f 5129/5129/5129  5116/5116/5116  5127/5127/5127
f 5125/5125/5125  5118/5118/5118  5120/5120/5120
f 5127/5127/5127  5118/5118/5118  5125/5125/5125
f 5125/5125/5125  5120/5120/5120  5123/5123/5123
f 5147/5147/5147  5132/5132/5132  5134/5134/5134
f 5145/5145/5145  5134/5134/5134  5136/5136/5136
f 5147/5147/5147  5134/5134/5134  5145/5145/5145
f 5143/5143/5143  5136/5136/5136  5138/5138/5138
f 5145/5145/5145  5136/5136/5136  5143/5143/5143
f 5143/5143/5143  5138/5138/5138  5141/5141/5141
f 5165/5165/5165  5150/5150/5150  5152/5152/5152
f 5163/5163/5163  5152/5152/5152  5154/5154/5154
f 5165/5165/5165  5152/5152/5152  5163/5163/5163
f 5161/5161/5161  5154/5154/5154  5156/5156/5156
f 5163/5163/5163  5154/5154/5154  5161/5161/5161
f 5161/5161/5161  5156/5156/5156  5159/5159/5159
f 5201/5201/5201  5188/5188/5188  5190/5190/5190
f 5202/5202/5202  5191/5191/5191  5194/5194/5194
f 5197/5197/5197  5193/5193/5193  5196/5196/5196
f 5200/5200/5200  5194/5194/5194  5198/5198/5198
f 5202/5202/5202  5194/5194/5194  5200/5200/5200
f 5220/5220/5220  5205/5205/5205  5207/5207/5207
f 5218/5218/5218  5207/5207/5207  5209/5209/5209
f 5220/5220/5220  5207/5207/5207  5218/5218/5218
f 5216/5216/5216  5209/5209/5209  5211/5211/5211
f 5218/5218/5218  5209/5209/5209  5216/5216/5216
f 5216/5216/5216  5211/5211/5211  5214/5214/5214
f 5238/5238/5238  5223/5223/5223  5225/5225/5225
f 5236/5236/5236  5225/5225/5225  5227/5227/5227
f 5238/5238/5238  5225/5225/5225  5236/5236/5236
f 5234/5234/5234  5227/5227/5227  5229/5229/5229
f 5236/5236/5236  5227/5227/5227  5234/5234/5234
f 5234/5234/5234  5229/5229/5229  5232/5232/5232
f 5250/5250/5250  5241/5241/5241  5243/5243/5243
f 5252/5252/5252  5241/5241/5241  5250/5250/5250
f 5256/5256/5256  5241/5241/5241  5252/5252/5252
f 5247/5247/5247  5243/5243/5243  5245/5245/5245
f 5250/5250/5250  5243/5243/5243  5247/5247/5247
f 5256/5256/5256  5252/5252/5252  5254/5254/5254
f 5268/5268/5268  5259/5259/5259  5261/5261/5261
f 5270/5270/5270  5259/5259/5259  5268/5268/5268
f 5274/5274/5274  5259/5259/5259  5270/5270/5270
f 5265/5265/5265  5261/5261/5261  5263/5263/5263
f 5268/5268/5268  5261/5261/5261  5265/5265/5265
f 5274/5274/5274  5270/5270/5270  5272/5272/5272
f 5286/5286/5286  5277/5277/5277  5279/5279/5279
f 5288/5288/5288  5277/5277/5277  5286/5286/5286
f 5292/5292/5292  5277/5277/5277  5288/5288/5288
f 5283/5283/5283  5279/5279/5279  5281/5281/5281
f 5286/5286/5286  5279/5279/5279  5283/5283/5283
f 5292/5292/5292  5288/5288/5288  5290/5290/5290

v  10.300000 104.000000 -12.000000
v  10.300000 104.000000 -12.000000
v  10.300000 104.000000 -12.000000
v  10.300000 110.011603 -10.385592
v  10.300000 110.011603 -10.385592
v  10.300000 114.395507 -5.994298
v  10.300000 114.395507 -5.994298
v  10.300000 115.999993 0.000488
v  10.300000 115.999993 0.000488
v  10.300000 114.392311 5.999861
v  10.300000 114.392311 5.999861
v  10.300000 110.000552 10.392008
v  10.300000 110.000552 10.392008
v  10.300000 104.000000 12.000000
v  10.300000 104.000000 12.000000
v  10.300000 104.000000 12.000000
v  10.300000 97.988397 10.385592
v  10.300000 97.988397 10.385592
v  10.300000 93.604493 5.994298
v  10.300000 93.604493 5.994298
v  10.300000 92.000007 -0.000488
v  10.300000 92.000007 -0.000488
v  10.300000 93.607689 -5.999861
v  10.300000 93.607689 -5.999861
v  10.300000 97.999448 -10.392008
v  10.300000 97.999448 -10.392008
v  10.300000 95.000000 -0.000000
v  10.300000 95.000000 -0.000000
v  10.300000 95.000000 -0.000000
v  10.300000 96.212190 4.511086
v  10.300000 96.212190 4.511086
v  10.300000 99.507424 7.798505
v  10.300000 99.507424 7.798505
v  10.300000 104.004565 8.999881
v  10.300000 104.004565 8.999881
v  10.300000 108.499981 7.794234
v  10.300000 108.499981 7.794234
v  10.300000 111.793728 4.500883
v  10.300000 111.793728 4.500883
v  10.300000 113.000000 0.000000
v  10.300000 113.000000 0.000000
v  10.300000 113.000000 0.000000
v  10.300000 111.787810 -4.511086
v  10.300000 111.787810 -4.511086
v  10.300000 108.492576 -7.798505
v  10.300000 108.492576 -7.798505
v  10.300000 103.995435 -8.999881
v  10.300000 103.995435 -8.999881
v  10.300000 99.500019 -7.794234
v  10.300000 99.500019 -7.794234
v  10.300000 96.206272 -4.500883
v  10.300000 96.206272 -4.500883
v  11.100000 104.000000 12.000000
v  11.100000 104.000000 12.000000
v  11.100000 104.000000 12.000000
v  11.100000 97.999448 10.392008
v  11.100000 97.999448 10.392008
v  11.100000 93.607689 5.999861
v  11.100000 93.607689 5.999861
v  11.100000 92.000007 0.000488
v  11.100000 92.000007 0.000488
v  11.100000 93.604493 -5.994298
v  11.100000 93.604493 -5.994298
v  11.100000 97.988397 -10.385592
v  11.100000 97.988397 -10.385592
v  11.100000 104.000000 -12.000000
v  11.100000 104.000000 -12.000000
v  11.100000 104.000000 -12.000000
v  11.100000 110.011603 10.385592
v  11.100000 110.011603 10.385592
v  11.100000 114.395507 5.994298
v  11.100000 114.395507 5.994298
v  11.100000 115.999993 -0.000488
v  11.100000 115.999993 -0.000488
v  11.100000 114.392311 -5.999861
v  11.100000 114.392311 -5.999861
v  11.100000 110.000552 -10.392008
v  11.100000 110.000552 -10.392008
v  11.100000 104.000000 -11.100000
v  11.100000 104.000000 -11.100000
v  11.100000 104.000000 -11.100000
v  11.100000 109.561406 -9.606273
v  11.100000 109.561406 -9.606273
v  11.100000 113.615061 -5.546057
v  11.100000 113.615061 -5.546057
v  11.100000 115.099994 0.002308
v  11.100000 115.099994 0.002308
v  11.100000 113.611533 5.552199
v  11.100000 113.611533 5.552199
v  11.100000 109.550635 9.612528
v  11.100000 109.550635 9.612528
v  11.100000 104.000000 11.100000
v  11.100000 104.000000 11.100000
v  11.100000 104.000000 11.100000
v  11.100000 98.438594 9.606273
v  11.100000 98.438594 9.606273
v  11.100000 94.384939 5.546057
v  11.100000 94.384939 5.546057
v  11.100000 92.900006 -0.002308
v  11.100000 92.900006 -0.002308
v  11.100000 94.388467 -5.552199
v  11.100000 94.388467 -5.552199
v  11.100000 98.449365 -9.612528
v  11.100000 98.449365 -9.612528
v  12.200000 104.000000 11.100000
v  12.200000 104.000000 11.100000
v  12.200000 104.000000 11.100000
v  12.200000 98.449365 9.612528
v  12.200000 98.449365 9.612528
v  12.200000 94.388467 5.552199
v  12.200000 94.388467 5.552199
v  12.200000 92.900006 0.002308
v  12.200000 92.900006 0.002308
v  12.200000 94.384939 -5.546057
v  12.200000 94.384939 -5.546057
v  12.200000 98.438594 -9.606273
v  12.200000 98.438594 -9.606273
v  12.200000 104.000000 -11.100000
v  12.200000 104.000000 -11.100000
v  12.200000 104.000000 -11.100000
v  12.200000 90.000000 -0.000000
v  12.200000 90.000000 -0.000000
v  12.200000 90.000000 -0.000000
v  12.200000 91.392277 -6.086539
v  12.200000 91.392277 -6.086539
v  12.200000 95.276913 -10.950090
v  12.200000 95.276913 -10.950090
v  12.200000 97.924815 -12.613095
v  12.200000 97.924815 -12.613095
v  12.200000 100.881890 -13.648310
v  12.200000 100.881890 -13.648310
v  12.200000 107.113269 -13.649403
v  12.200000 107.113269 -13.649403
v  12.200000 112.729008 -10.945369
v  12.200000 112.729008 -10.945369
v  12.200000 116.613150 -6.075271
v  12.200000 116.613150 -6.075271
v  12.200000 118.000000 0.000000
v  12.200000 118.000000 0.000000
v  12.200000 118.000000 0.000000
v  12.200000 116.607723 6.086539
v  12.200000 116.607723 6.086539
v  12.200000 112.723087 10.950090
v  12.200000 112.723087 10.950090
v  12.200000 107.118110 13.648310
v  12.200000 107.118110 13.648310
v  12.200000 100.886731 13.649403
v  12.200000 100.886731 13.649403
v  12.200000 95.270992 10.945369
v  12.200000 95.270992 10.945369
v  12.200000 91.386850 6.075271
v  12.200000 91.386850 6.075271
v  12.200000 109.561406 9.606273
v  12.200000 109.561406 9.606273
v  12.200000 113.615061 5.546057
v  12.200000 113.615061 5.546057
v  12.200000 115.099994 -0.002308
v  12.200000 115.099994 -0.002308
v  12.200000 113.611533 -5.552199
v  12.200000 113.611533 -5.552199
v  12.200000 109.550635 -9.612528
v  12.200000 109.550635 -9.612528
v  12.200000 117.000000 -0.700000
v  12.200000 117.000000 -0.700000
v  12.200000 117.000000 -0.700000
v  12.200000 116.647048 -0.604427
v  12.200000 116.647048 -0.604427
v  12.200000 116.391965 -0.346690
v  12.200000 116.391965 -0.346690
v  12.200000 116.394739 0.351542
v  12.200000 116.394739 0.351542
v  12.200000 117.000000 0.700000
v  12.200000 117.000000 0.700000
v  12.200000 117.000000 0.700000
v  12.200000 117.352952 0.604427
v  12.200000 117.352952 0.604427
v  12.200000 117.608035 0.346690
v  12.200000 117.608035 0.346690
v  12.200000 117.605261 -0.351542
v  12.200000 117.605261 -0.351542
v  12.200000 97.500000 10.558330
v  12.200000 97.500000 10.558330
v  12.200000 97.500000 10.558330
v  12.200000 97.147048 10.653903
v  12.200000 97.147048 10.653903
v  12.200000 96.891965 10.911640
v  12.200000 96.891965 10.911640
v  12.200000 96.894739 11.609872
v  12.200000 96.894739 11.609872
v  12.200000 97.500000 11.958330
v  12.200000 97.500000 11.958330
v  12.200000 97.500000 11.958330
v  12.200000 97.852952 11.862757
v  12.200000 97.852952 11.862757
v  12.200000 98.108035 11.605020
v  12.200000 98.108035 11.605020
v  12.200000 98.105261 10.906788
v  12.200000 98.105261 10.906788
v  12.200000 97.500000 -11.958330
v  12.200000 97.500000 -11.958330
v  12.200000 97.500000 -11.958330
v  12.200000 97.147048 -11.862757
v  12.200000 97.147048 -11.862757
v  12.200000 96.891965 -11.605020
v  12.200000 96.891965 -11.605020
v  12.200000 96.894739 -10.906788
v  12.200000 96.894739 -10.906788
v  12.200000 97.500000 -10.558330
v  12.200000 97.500000 -10.558330
v  12.200000 97.500000 -10.558330
v  12.200000 97.852952 -10.653903
v  12.200000 97.852952 -10.653903
v  12.200000 98.108035 -10.911640
v  12.200000 98.108035 -10.911640
v  12.200000 98.105261 -11.609872
v  12.200000 98.105261 -11.609872
v  13.400000 96.151855 11.593387
v  13.400000 96.151855 11.593387
v  13.400000 96.151855 11.593387
v  13.400000 93.584203 9.354741
v  13.400000 93.584203 9.354741
v  13.400000 91.633229 6.562239
v  13.400000 91.633229 6.562239
v  13.400000 90.414442 3.381214
v  13.400000 90.414442 3.381214
v  13.400000 90.000000 0.000000
v  13.400000 90.000000 0.000000
v  13.400000 90.000000 0.000000
v  13.200000 117.999998 -0.000000
v  13.200000 117.999998 -0.000000
v  13.200000 117.999998 -0.000000
v  13.200000 117.991059 0.500262
v  13.200000 117.991059 0.500262
v  13.200000 117.964240 1.000000
v  13.200000 117.964240 1.000000
v  13.200000 117.964240 1.000000
v  13.400000 117.964240 1.000000
v  13.400000 117.964240 1.000000
v  13.400000 117.964240 1.000000
v  13.400000 117.309342 4.342974
v  13.400000 117.309342 4.342974
v  13.400000 115.866451 7.428818
v  13.400000 115.866451 7.428818
v  13.400000 113.720996 10.074832
v  13.400000 113.720996 10.074832
v  13.400000 111.000000 12.124356
v  13.400000 111.000000 12.124356
v  13.400000 107.864562 13.456045
v  13.400000 107.864562 13.456045
v  13.400000 104.500320 13.991057
v  13.400000 104.500320 13.991057
v  13.400000 101.106455 13.697715
v  13.400000 101.106455 13.697715
v  13.400000 97.883905 12.593387
v  13.400000 97.883905 12.593387
v  13.400000 97.883905 12.593387
v  13.200000 97.883905 12.593387
v  13.200000 97.883905 12.593387
v  13.200000 97.883905 12.593387
v  13.200000 97.000001 12.124354
v  13.200000 97.000001 12.124354
v  13.200000 96.151855 11.593387
v  13.200000 96.151855 11.593387
v  13.200000 96.151855 11.593387
v  13.650004 96.277183 11.376312
v  13.650004 96.277183 11.376312
v  13.900000 96.402519 11.159224
v  13.900000 96.402519 11.159224
v  13.900000 96.402519 11.159224
v  13.900000 92.066627 6.311994
v  13.900000 92.066627 6.311994
v  13.900000 90.500000 -0.000000
v  13.900000 90.500000 -0.000000
v  13.900000 92.066627 -6.311994
v  13.900000 92.066627 -6.311994
v  13.900000 96.402519 -11.159224
v  13.900000 96.402519 -11.159224
v  13.900000 96.402519 -11.159224
v  13.650004 96.277183 -11.376312
v  13.650004 96.277183 -11.376312
v  13.400000 96.151855 -11.593387
v  13.400000 96.151855 -11.593387
v  13.400000 96.151855 -11.593387
v  13.400000 93.584203 -9.354741
v  13.400000 93.584203 -9.354741
v  13.400000 91.633229 -6.562239
v  13.400000 91.633229 -6.562239
v  13.400000 90.414442 -3.381214
v  13.400000 90.414442 -3.381214
v  13.900000 96.633975 10.758330
v  13.900000 96.633975 10.758330
v  13.900000 96.633975 10.758330
v  13.200000 96.633975 10.758330
v  13.200000 96.633975 10.758330
v  13.200000 96.633975 10.758330
v  13.900000 97.000002 10.392309
v  13.900000 97.000002 10.392309
v  13.900000 97.500000 10.258330
v  13.900000 97.500000 10.258330
v  13.900000 98.366011 10.758316
v  13.900000 98.366011 10.758316
v  13.900000 98.366025 11.758330
v  13.900000 98.366025 11.758330
v  13.900000 98.366025 11.758330
v  13.900000 98.134569 12.159224
v  13.900000 98.134569 12.159224
v  13.900000 98.134569 12.159224
v  13.900000 104.494698 13.490914
v  13.900000 104.494698 13.490914
v  13.900000 110.742121 11.695881
v  13.900000 110.742121 11.695881
v  13.900000 115.433515 7.178020
v  13.900000 115.433515 7.178020
v  13.900000 117.462912 1.000000
v  13.900000 117.462912 1.000000
v  13.900000 117.462912 1.000000
v  13.900000 117.000000 1.000000
v  13.900000 117.000000 1.000000
v  13.900000 117.000000 1.000000
v  13.900000 116.496005 0.863704
v  13.900000 116.496005 0.863704
v  13.900000 116.130753 0.494367
v  13.900000 116.130753 0.494367
v  13.900000 116.134708 -0.501260
v  13.900000 116.134708 -0.501260
v  13.900000 117.000000 -1.000000
v  13.900000 117.000000 -1.000000
v  13.900000 117.000000 -1.000000
v  13.900000 117.462912 -1.000000
v  13.900000 117.462912 -1.000000
v  13.900000 117.462912 -1.000000
v  13.900000 115.436125 -7.173878
v  13.900000 115.436125 -7.173878
v  13.900000 110.757869 -11.686789
v  13.900000 110.757869 -11.686789
v  13.900000 104.499590 -13.490725
v  13.900000 104.499590 -13.490725
v  13.900000 98.134569 -12.159224
v  13.900000 98.134569 -12.159224
v  13.900000 98.134569 -12.159224
v  13.900000 98.366025 -11.758330
v  13.900000 98.366025 -11.758330
v  13.900000 98.366025 -11.758330
v  13.900000 98.366030 -10.758350
v  13.900000 98.366030 -10.758350
v  13.900000 97.500000 -10.258330
v  13.900000 97.500000 -10.258330
v  13.900000 97.000002 -10.392309
v  13.900000 97.000002 -10.392309
v  13.900000 96.633975 -10.758330
v  13.900000 96.633975 -10.758330
v  13.900000 96.633975 -10.758330
v  13.200000 97.000002 10.392309
v  13.200000 97.000002 10.392309
v  13.200000 97.500000 10.258330
v  13.200000 97.500000 10.258330
v  13.200000 98.366030 10.758350
v  13.200000 98.366030 10.758350
v  13.200000 98.366025 11.758330
v  13.200000 98.366025 11.758330
v  13.200000 98.366025 11.758330
v  13.200000 97.500000 10.558330
v  13.200000 97.500000 10.558330
v  13.200000 97.500000 10.558330
v  13.200000 97.852952 10.653903
v  13.200000 97.852952 10.653903
v  13.200000 98.108035 10.911640
v  13.200000 98.108035 10.911640
v  13.200000 98.105261 11.609872
v  13.200000 98.105261 11.609872
v  13.200000 97.500000 11.958330
v  13.200000 97.500000 11.958330
v  13.200000 97.500000 11.958330
v  13.200000 97.147048 11.862757
v  13.200000 97.147048 11.862757
v  13.200000 96.891965 11.605020
v  13.200000 96.891965 11.605020
v  13.200000 96.894739 10.906788
v  13.200000 96.894739 10.906788
v  13.650004 98.009233 12.376312
v  13.650004 98.009233 12.376312
v  13.650004 117.713584 1.000000
v  13.650004 117.713584 1.000000
v  13.200000 117.000000 1.000000
v  13.200000 117.000000 1.000000
v  13.200000 117.000000 1.000000
v  13.200000 117.991059 -0.500262
v  13.200000 117.991059 -0.500262
v  13.200000 117.964240 -1.000000
v  13.200000 117.964240 -1.000000
v  13.200000 117.964240 -1.000000
v  13.200000 117.000000 -1.000000
v  13.200000 117.000000 -1.000000
v  13.200000 117.000000 -1.000000
v  13.200000 116.496005 -0.863704
v  13.200000 116.496005 -0.863704
v  13.200000 116.130753 -0.494367
v  13.200000 116.130753 -0.494367
v  13.200000 116.134708 0.501260
v  13.200000 116.134708 0.501260
v  13.200000 117.000000 -0.700000
v  13.200000 117.000000 -0.700000
v  13.200000 117.000000 -0.700000
v  13.200000 117.352952 -0.604427
v  13.200000 117.352952 -0.604427
v  13.200000 117.608035 -0.346690
v  13.200000 117.608035 -0.346690
v  13.200000 117.605261 0.351542
v  13.200000 117.605261 0.351542
v  13.200000 117.000000 0.700000
v  13.200000 117.000000 0.700000
v  13.200000 117.000000 0.700000
v  13.200000 116.647048 0.604427
v  13.200000 116.647048 0.604427
v  13.200000 116.391965 0.346690
v  13.200000 116.391965 0.346690
v  13.200000 116.394739 -0.351542
v  13.200000 116.394739 -0.351542
v  13.200000 96.151855 -11.593387
v  13.200000 96.151855 -11.593387
v  13.200000 96.151855 -11.593387
v  13.200000 97.000001 -12.124354
v  13.200000 97.000001 -12.124354
v  13.200000 97.883905 -12.593387
v  13.200000 97.883905 -12.593387
v  13.200000 97.883905 -12.593387
v  13.400000 97.883905 -12.593387
v  13.400000 97.883905 -12.593387
v  13.400000 97.883905 -12.593387
v  13.400000 101.106455 -13.697715
v  13.400000 101.106455 -13.697715
v  13.400000 104.500320 -13.991057
v  13.400000 104.500320 -13.991057
v  13.400000 107.864562 -13.456045
v  13.400000 107.864562 -13.456045
v  13.400000 111.000000 -12.124356
v  13.400000 111.000000 -12.124356
v  13.400000 113.720996 -10.074832
v  13.400000 113.720996 -10.074832
v  13.400000 115.866451 -7.428818
v  13.400000 115.866451 -7.428818
v  13.400000 117.309342 -4.342974
v  13.400000 117.309342 -4.342974
v  13.400000 117.964240 -1.000000
v  13.400000 117.964240 -1.000000
v  13.400000 117.964240 -1.000000
v  13.200000 96.633975 -10.758330
v  13.200000 96.633975 -10.758330
v  13.200000 96.633975 -10.758330
v  13.200000 98.366025 -11.758330
v  13.200000 98.366025 -11.758330
v  13.200000 98.366025 -11.758330
v  13.200000 98.366011 -10.758316
v  13.200000 98.366011 -10.758316
v  13.200000 97.500000 -10.258330
v  13.200000 97.500000 -10.258330
v  13.200000 97.000002 -10.392309
v  13.200000 97.000002 -10.392309
v  13.650004 98.009233 -12.376312
v  13.650004 98.009233 -12.376312
v  13.650004 117.713584 -1.000000
v  13.650004 117.713584 -1.000000
v  13.200000 97.500000 -11.958330
v  13.200000 97.500000 -11.958330
v  13.200000 97.500000 -11.958330
v  13.200000 97.852952 -11.862757
v  13.200000 97.852952 -11.862757
v  13.200000 98.108035 -11.605020
v  13.200000 98.108035 -11.605020
v  13.200000 98.105261 -10.906788
v  13.200000 98.105261 -10.906788
v  13.200000 97.500000 -10.558330
v  13.200000 97.500000 -10.558330
v  13.200000 97.500000 -10.558330
v  13.200000 97.147048 -10.653903
v  13.200000 97.147048 -10.653903
v  13.200000 96.891965 -10.911640
v  13.200000 96.891965 -10.911640
v  13.200000 96.894739 -11.609872
v  13.200000 96.894739 -11.609872
v  10.800000 113.000000 0.000000
v  10.800000 113.000000 0.000000
v  10.800000 113.000000 0.000000
v  10.800000 111.793728 -4.500883
v  10.800000 111.793728 -4.500883
v  10.800000 108.499981 -7.794234
v  10.800000 108.499981 -7.794234
v  10.800000 104.004565 -8.999881
v  10.800000 104.004565 -8.999881
v  10.800000 99.507424 -7.798505
v  10.800000 99.507424 -7.798505
v  10.800000 96.212190 -4.511086
v  10.800000 96.212190 -4.511086
v  10.800000 95.000000 -0.000000
v  10.800000 95.000000 -0.000000
v  10.800000 95.000000 -0.000000
v  10.800000 96.206272 4.500883
v  10.800000 96.206272 4.500883
v  10.800000 99.500019 7.794234
v  10.800000 99.500019 7.794234
v  10.800000 103.995435 8.999881
v  10.800000 103.995435 8.999881
v  10.800000 108.492576 7.798505
v  10.800000 108.492576 7.798505
v  10.800000 111.787810 4.511086
v  10.800000 111.787810 4.511086
v  10.800000 104.000000 -5.500000
v  10.800000 104.000000 -5.500000
v  10.800000 104.000000 -5.500000
v  10.800000 101.887160 -5.077916
v  10.800000 101.887160 -5.077916
v  10.800000 100.109664 -3.887427
v  10.800000 100.109664 -3.887427
v  10.800000 98.918881 -2.105118
v  10.800000 98.918881 -2.105118
v  10.800000 98.500012 -0.008395
v  10.800000 98.500012 -0.008395
v  10.800000 98.914935 2.095496
v  10.800000 98.914935 2.095496
v  10.800000 100.111900 3.889631
v  10.800000 100.111900 3.889631
v  10.800000 101.895233 5.081240
v  10.800000 101.895233 5.081240
v  10.800000 104.000000 5.500000
v  10.800000 104.000000 5.500000
v  10.800000 104.000000 5.500000
v  10.800000 106.112840 5.077916
v  10.800000 106.112840 5.077916
v  10.800000 107.890336 3.887427
v  10.800000 107.890336 3.887427
v  10.800000 109.081119 2.105118
v  10.800000 109.081119 2.105118
v  10.800000 109.499988 0.008395
v  10.800000 109.499988 0.008395
v  10.800000 109.085065 -2.095496
v  10.800000 109.085065 -2.095496
v  10.800000 107.888100 -3.889631
v  10.800000 107.888100 -3.889631
v  10.800000 106.104767 -5.081240
v  10.800000 106.104767 -5.081240
v  13.000000 104.000000 5.500000
v  13.000000 104.000000 5.500000
v  13.000000 104.000000 5.500000
v  13.000000 106.104767 5.081240
v  13.000000 106.104767 5.081240
v  13.000000 107.888100 3.889631
v  13.000000 107.888100 3.889631
v  13.000000 109.085065 2.095496
v  13.000000 109.085065 2.095496
v  13.000000 109.499988 -0.008395
v  13.000000 109.499988 -0.008395
v  13.000000 109.081119 -2.105118
v  13.000000 109.081119 -2.105118
v  13.000000 107.890336 -3.887427
v  13.000000 107.890336 -3.887427
v  13.000000 106.112840 -5.077916
v  13.000000 106.112840 -5.077916
v  13.000000 104.000000 -5.500000
v  13.000000 104.000000 -5.500000
v  13.000000 104.000000 -5.500000
v  13.000000 101.895233 -5.081240
v  13.000000 101.895233 -5.081240
v  13.000000 100.111900 -3.889631
v  13.000000 100.111900 -3.889631
v  13.000000 98.914935 -2.095496
v  13.000000 98.914935 -2.095496
v  13.000000 98.500012 0.008395
v  13.000000 98.500012 0.008395
v  13.000000 98.918881 2.105118
v  13.000000 98.918881 2.105118
v  13.000000 100.109664 3.887427
v  13.000000 100.109664 3.887427
v  13.000000 101.887160 5.077916
v  13.000000 101.887160 5.077916

vt  0.053684 0.019190 0.000000
vt  0.053684 0.019190 0.000000
vt  0.053684 0.019190 0.000000
vt  0.059046 0.039794 0.000000
vt  0.059046 0.039794 0.000000
vt  0.062604 0.081371 0.000000
vt  0.062604 0.081371 0.000000
vt  0.063839 0.133517 0.000000
vt  0.063839 0.133517 0.000000
vt  0.062601 0.185703 0.000000
vt  0.062601 0.185703 0.000000
vt  0.059037 0.227297 0.000000
vt  0.059037 0.227297 0.000000
vt  0.053684 0.247835 0.000000
vt  0.053684 0.247835 0.000000
vt  0.053684 0.247835 0.000000
vt  0.047670 0.238532 0.000000
vt  0.047670 0.238532 0.000000
vt  0.042804 0.197081 0.000000
vt  0.042804 0.197081 0.000000
vt  0.040908 0.133507 0.000000
vt  0.040908 0.133507 0.000000
vt  0.042807 0.069887 0.000000
vt  0.042807 0.069887 0.000000
vt  0.047682 0.028440 0.000000
vt  0.047682 0.028440 0.000000
vt  0.044401 0.133512 0.000000
vt  0.044401 0.133512 0.000000
vt  0.044401 0.133512 0.000000
vt  0.045751 0.180099 0.000000
vt  0.045751 0.180099 0.000000
vt  0.049258 0.211310 0.000000
vt  0.049258 0.211310 0.000000
vt  0.053688 0.219413 0.000000
vt  0.053688 0.219413 0.000000
vt  0.057753 0.204906 0.000000
vt  0.057753 0.204906 0.000000
vt  0.060526 0.173582 0.000000
vt  0.060526 0.173582 0.000000
vt  0.061501 0.133512 0.000000
vt  0.061501 0.133512 0.000000
vt  0.061501 0.133512 0.000000
vt  0.060521 0.093350 0.000000
vt  0.060521 0.093350 0.000000
vt  0.057747 0.062075 0.000000
vt  0.057747 0.062075 0.000000
vt  0.053679 0.047605 0.000000
vt  0.053679 0.047605 0.000000
vt  0.049250 0.055752 0.000000
vt  0.049250 0.055752 0.000000
vt  0.045745 0.087028 0.000000
vt  0.045745 0.087028 0.000000
vt  0.046072 0.247746 0.000000
vt  0.046072 0.247746 0.000000
vt  0.046072 0.247746 0.000000
vt  0.039615 0.238493 0.000000
vt  0.039615 0.238493 0.000000
vt  0.034371 0.197077 0.000000
vt  0.034371 0.197077 0.000000
vt  0.032328 0.133518 0.000000
vt  0.032328 0.133518 0.000000
vt  0.034367 0.070005 0.000000
vt  0.034367 0.070005 0.000000
vt  0.039602 0.028585 0.000000
vt  0.039602 0.028585 0.000000
vt  0.046072 0.019279 0.000000
vt  0.046072 0.019279 0.000000
vt  0.046072 0.019279 0.000000
vt  0.051842 0.227165 0.000000
vt  0.051842 0.227165 0.000000
vt  0.055671 0.185620 0.000000
vt  0.055671 0.185620 0.000000
vt  0.057001 0.133508 0.000000
vt  0.057001 0.133508 0.000000
vt  0.055669 0.081355 0.000000
vt  0.055669 0.081355 0.000000
vt  0.051832 0.039793 0.000000
vt  0.051832 0.039793 0.000000
vt  0.046072 0.027780 0.000000
vt  0.046072 0.027780 0.000000
vt  0.046072 0.027780 0.000000
vt  0.051432 0.046500 0.000000
vt  0.051432 0.046500 0.000000
vt  0.055011 0.084967 0.000000
vt  0.055011 0.084967 0.000000
vt  0.056260 0.133532 0.000000
vt  0.056260 0.133532 0.000000
vt  0.055008 0.182113 0.000000
vt  0.055008 0.182113 0.000000
vt  0.051422 0.220590 0.000000
vt  0.051422 0.220590 0.000000
vt  0.046072 0.239245 0.000000
vt  0.046072 0.239245 0.000000
vt  0.046072 0.239245 0.000000
vt  0.040114 0.230182 0.000000
vt  0.040114 0.230182 0.000000
vt  0.035334 0.191804 0.000000
vt  0.035334 0.191804 0.000000
vt  0.033481 0.133488 0.000000
vt  0.033481 0.133488 0.000000
vt  0.035339 0.075158 0.000000
vt  0.035339 0.075158 0.000000
vt  0.040126 0.036791 0.000000
vt  0.040126 0.036791 0.000000
vt  0.035626 0.239122 0.000000
vt  0.035626 0.239122 0.000000
vt  0.035626 0.239122 0.000000
vt  0.029107 0.230109 0.000000
vt  0.029107 0.230109 0.000000
vt  0.023860 0.191784 0.000000
vt  0.023860 0.191784 0.000000
vt  0.021823 0.133537 0.000000
vt  0.021823 0.133537 0.000000
vt  0.023855 0.075303 0.000000
vt  0.023855 0.075303 0.000000
vt  0.029094 0.036968 0.000000
vt  0.029094 0.036968 0.000000
vt  0.035626 0.027903 0.000000
vt  0.035626 0.027903 0.000000
vt  0.035626 0.027903 0.000000
vt  0.017666 0.133512 0.000000
vt  0.017666 0.133512 0.000000
vt  0.017666 0.133512 0.000000
vt  0.019694 0.067596 0.000000
vt  0.019694 0.067596 0.000000
vt  0.025045 0.020004 0.000000
vt  0.025045 0.020004 0.000000
vt  0.028453 0.006386 0.000000
vt  0.028453 0.006386 0.000000
vt  0.032051 0.000000 0.000000
vt  0.032051 0.000000 0.000000
vt  0.038991 0.007571 0.000000
vt  0.038991 0.007571 0.000000
vt  0.044596 0.037280 0.000000
vt  0.044596 0.037280 0.000000
vt  0.048160 0.081744 0.000000
vt  0.048160 0.081744 0.000000
vt  0.049376 0.133512 0.000000
vt  0.049376 0.133512 0.000000
vt  0.049376 0.133512 0.000000
vt  0.048155 0.185379 0.000000
vt  0.048155 0.185379 0.000000
vt  0.044590 0.229791 0.000000
vt  0.044590 0.229791 0.000000
vt  0.038996 0.259438 0.000000
vt  0.038996 0.259438 0.000000
vt  0.032057 0.267029 0.000000
vt  0.032057 0.267029 0.000000
vt  0.025038 0.246979 0.000000
vt  0.025038 0.246979 0.000000
vt  0.019686 0.199311 0.000000
vt  0.019686 0.199311 0.000000
vt  0.041504 0.220434 0.000000
vt  0.041504 0.220434 0.000000
vt  0.045430 0.182010 0.000000
vt  0.045430 0.182010 0.000000
vt  0.046800 0.133492 0.000000
vt  0.046800 0.133492 0.000000
vt  0.045427 0.084960 0.000000
vt  0.045427 0.084960 0.000000
vt  0.041493 0.046526 0.000000
vt  0.041493 0.046526 0.000000
vt  0.048502 0.127562 0.000000
vt  0.048502 0.127562 0.000000
vt  0.048502 0.127562 0.000000
vt  0.048190 0.128359 0.000000
vt  0.048190 0.128359 0.000000
vt  0.047963 0.130550 0.000000
vt  0.047963 0.130550 0.000000
vt  0.047966 0.136516 0.000000
vt  0.047966 0.136516 0.000000
vt  0.048502 0.139463 0.000000
vt  0.048502 0.139463 0.000000
vt  0.048502 0.139463 0.000000
vt  0.048812 0.138635 0.000000
vt  0.048812 0.138635 0.000000
vt  0.049036 0.136445 0.000000
vt  0.049036 0.136445 0.000000
vt  0.049033 0.130539 0.000000
vt  0.049033 0.130539 0.000000
vt  0.027919 0.240554 0.000000
vt  0.027919 0.240554 0.000000
vt  0.027919 0.240554 0.000000
vt  0.027471 0.241899 0.000000
vt  0.027471 0.241899 0.000000
vt  0.027146 0.244785 0.000000
vt  0.027146 0.244785 0.000000
vt  0.027149 0.251838 0.000000
vt  0.027149 0.251838 0.000000
vt  0.027919 0.254617 0.000000
vt  0.027919 0.254617 0.000000
vt  0.027919 0.254617 0.000000
vt  0.028363 0.253236 0.000000
vt  0.028363 0.253236 0.000000
vt  0.028683 0.250362 0.000000
vt  0.028683 0.250362 0.000000
vt  0.028679 0.243393 0.000000
vt  0.028679 0.243393 0.000000
vt  0.027919 0.012407 0.000000
vt  0.027919 0.012407 0.000000
vt  0.027919 0.012407 0.000000
vt  0.027471 0.012940 0.000000
vt  0.027471 0.012940 0.000000
vt  0.027146 0.015233 0.000000
vt  0.027146 0.015233 0.000000
vt  0.027149 0.022292 0.000000
vt  0.027149 0.022292 0.000000
vt  0.027919 0.026470 0.000000
vt  0.027919 0.026470 0.000000
vt  0.027919 0.026470 0.000000
vt  0.028363 0.025890 0.000000
vt  0.028363 0.025890 0.000000
vt  0.028683 0.023587 0.000000
vt  0.028683 0.023587 0.000000
vt  0.028679 0.016611 0.000000
vt  0.028679 0.016611 0.000000
vt  0.013929 0.252369 0.000000
vt  0.013929 0.252369 0.000000
vt  0.013929 0.252369 0.000000
vt  0.010180 0.232143 0.000000
vt  0.010180 0.232143 0.000000
vt  0.007194 0.204255 0.000000
vt  0.007194 0.204255 0.000000
vt  0.005265 0.170488 0.000000
vt  0.005265 0.170488 0.000000
vt  0.004597 0.133512 0.000000
vt  0.004597 0.133512 0.000000
vt  0.004597 0.133512 0.000000
vt  0.040999 0.133512 0.000000
vt  0.040999 0.133512 0.000000
vt  0.040999 0.133512 0.000000
vt  0.040991 0.137726 0.000000
vt  0.040991 0.137726 0.000000
vt  0.040965 0.141937 0.000000
vt  0.040965 0.141937 0.000000
vt  0.040965 0.141937 0.000000
vt  0.039291 0.141935 0.000000
vt  0.039291 0.141935 0.000000
vt  0.039291 0.141935 0.000000
vt  0.038665 0.170278 0.000000
vt  0.038665 0.170278 0.000000
vt  0.037261 0.197117 0.000000
vt  0.037261 0.197117 0.000000
vt  0.035109 0.221270 0.000000
vt  0.035109 0.221270 0.000000
vt  0.032261 0.241531 0.000000
vt  0.032261 0.241531 0.000000
vt  0.028804 0.256684 0.000000
vt  0.028804 0.256684 0.000000
vt  0.024867 0.265538 0.000000
vt  0.024867 0.265538 0.000000
vt  0.020635 0.267017 0.000000
vt  0.020635 0.267017 0.000000
vt  0.016349 0.260296 0.000000
vt  0.016349 0.260296 0.000000
vt  0.016349 0.260296 0.000000
vt  0.018355 0.260330 0.000000
vt  0.018355 0.260330 0.000000
vt  0.018355 0.260330 0.000000
vt  0.017149 0.256737 0.000000
vt  0.017149 0.256737 0.000000
vt  0.015970 0.252402 0.000000
vt  0.015970 0.252402 0.000000
vt  0.015970 0.252402 0.000000
vt  0.011561 0.249975 0.000000
vt  0.011561 0.249975 0.000000
vt  0.009200 0.247587 0.000000
vt  0.009200 0.247587 0.000000
vt  0.009200 0.247587 0.000000
vt  0.002554 0.201200 0.000000
vt  0.002554 0.201200 0.000000
vt  0.000000 0.133512 0.000000
vt  0.000000 0.133512 0.000000
vt  0.002554 0.065825 0.000000
vt  0.002554 0.065825 0.000000
vt  0.009200 0.019438 0.000000
vt  0.009200 0.019438 0.000000
vt  0.009200 0.019438 0.000000
vt  0.011561 0.017050 0.000000
vt  0.011561 0.017050 0.000000
vt  0.013929 0.014656 0.000000
vt  0.013929 0.014656 0.000000
vt  0.013929 0.014656 0.000000
vt  0.010180 0.034882 0.000000
vt  0.010180 0.034882 0.000000
vt  0.007194 0.062770 0.000000
vt  0.007194 0.062770 0.000000
vt  0.005265 0.096536 0.000000
vt  0.005265 0.096536 0.000000
vt  0.009538 0.243266 0.000000
vt  0.009538 0.243266 0.000000
vt  0.009538 0.243266 0.000000
vt  0.016643 0.243375 0.000000
vt  0.016643 0.243375 0.000000
vt  0.016643 0.243375 0.000000
vt  0.010070 0.239171 0.000000
vt  0.010070 0.239171 0.000000
vt  0.010790 0.237299 0.000000
vt  0.010790 0.237299 0.000000
vt  0.012021 0.241386 0.000000
vt  0.012021 0.241386 0.000000
vt  0.012021 0.251325 0.000000
vt  0.012021 0.251325 0.000000
vt  0.012021 0.251325 0.000000
vt  0.011694 0.255582 0.000000
vt  0.011694 0.255582 0.000000
vt  0.011694 0.255582 0.000000
vt  0.020155 0.260799 0.000000
vt  0.020155 0.260799 0.000000
vt  0.027536 0.237923 0.000000
vt  0.027536 0.237923 0.000000
vt  0.032562 0.195171 0.000000
vt  0.032562 0.195171 0.000000
vt  0.034613 0.141967 0.000000
vt  0.034613 0.141967 0.000000
vt  0.034613 0.141967 0.000000
vt  0.034151 0.142000 0.000000
vt  0.034151 0.142000 0.000000
vt  0.034151 0.142000 0.000000
vt  0.033644 0.140874 0.000000
vt  0.033644 0.140874 0.000000
vt  0.033274 0.137739 0.000000
vt  0.033274 0.137739 0.000000
vt  0.033278 0.129227 0.000000
vt  0.033278 0.129227 0.000000
vt  0.034151 0.125025 0.000000
vt  0.034151 0.125025 0.000000
vt  0.034151 0.125025 0.000000
vt  0.034613 0.125058 0.000000
vt  0.034613 0.125058 0.000000
vt  0.034613 0.125058 0.000000
vt  0.032564 0.071890 0.000000
vt  0.032564 0.071890 0.000000
vt  0.027554 0.029197 0.000000
vt  0.027554 0.029197 0.000000
vt  0.020162 0.006233 0.000000
vt  0.020162 0.006233 0.000000
vt  0.011694 0.011443 0.000000
vt  0.011694 0.011443 0.000000
vt  0.011694 0.011443 0.000000
vt  0.012021 0.015700 0.000000
vt  0.012021 0.015700 0.000000
vt  0.012021 0.015700 0.000000
vt  0.012021 0.025638 0.000000
vt  0.012021 0.025638 0.000000
vt  0.010790 0.029726 0.000000
vt  0.010790 0.029726 0.000000
vt  0.010070 0.027854 0.000000
vt  0.010070 0.027854 0.000000
vt  0.009538 0.023759 0.000000
vt  0.009538 0.023759 0.000000
vt  0.009538 0.023759 0.000000
vt  0.017149 0.239275 0.000000
vt  0.017149 0.239275 0.000000
vt  0.017834 0.237400 0.000000
vt  0.017834 0.237400 0.000000
vt  0.019004 0.241490 0.000000
vt  0.019004 0.241490 0.000000
vt  0.019004 0.251437 0.000000
vt  0.019004 0.251437 0.000000
vt  0.019004 0.251437 0.000000
vt  0.017834 0.240415 0.000000
vt  0.017834 0.240415 0.000000
vt  0.017834 0.240415 0.000000
vt  0.018313 0.240996 0.000000
vt  0.018313 0.240996 0.000000
vt  0.018658 0.243297 0.000000
vt  0.018658 0.243297 0.000000
vt  0.018654 0.250263 0.000000
vt  0.018654 0.250263 0.000000
vt  0.017834 0.254460 0.000000
vt  0.017834 0.254460 0.000000
vt  0.017834 0.254460 0.000000
vt  0.017351 0.253927 0.000000
vt  0.017351 0.253927 0.000000
vt  0.017000 0.251636 0.000000
vt  0.017000 0.251636 0.000000
vt  0.017003 0.244586 0.000000
vt  0.017003 0.244586 0.000000
vt  0.014018 0.257936 0.000000
vt  0.014018 0.257936 0.000000
vt  0.036956 0.141951 0.000000
vt  0.036956 0.141951 0.000000
vt  0.040055 0.142005 0.000000
vt  0.040055 0.142005 0.000000
vt  0.040055 0.142005 0.000000
vt  0.040991 0.129299 0.000000
vt  0.040991 0.129299 0.000000
vt  0.040965 0.125088 0.000000
vt  0.040965 0.125088 0.000000
vt  0.040965 0.125088 0.000000
vt  0.040055 0.125019 0.000000
vt  0.040055 0.125019 0.000000
vt  0.040055 0.125019 0.000000
vt  0.039573 0.126146 0.000000
vt  0.039573 0.126146 0.000000
vt  0.039221 0.129283 0.000000
vt  0.039221 0.129283 0.000000
vt  0.039225 0.137801 0.000000
vt  0.039225 0.137801 0.000000
vt  0.040055 0.127567 0.000000
vt  0.040055 0.127567 0.000000
vt  0.040055 0.127567 0.000000
vt  0.040390 0.128394 0.000000
vt  0.040390 0.128394 0.000000
vt  0.040631 0.130583 0.000000
vt  0.040631 0.130583 0.000000
vt  0.040628 0.136483 0.000000
vt  0.040628 0.136483 0.000000
vt  0.040055 0.139458 0.000000
vt  0.040055 0.139458 0.000000
vt  0.040055 0.139458 0.000000
vt  0.039718 0.138661 0.000000
vt  0.039718 0.138661 0.000000
vt  0.039473 0.136472 0.000000
vt  0.039473 0.136472 0.000000
vt  0.039475 0.130511 0.000000
vt  0.039475 0.130511 0.000000
vt  0.015970 0.014622 0.000000
vt  0.015970 0.014622 0.000000
vt  0.015970 0.014622 0.000000
vt  0.017149 0.010288 0.000000
vt  0.017149 0.010288 0.000000
vt  0.018355 0.006694 0.000000
vt  0.018355 0.006694 0.000000
vt  0.018355 0.006694 0.000000
vt  0.016349 0.006729 0.000000
vt  0.016349 0.006729 0.000000
vt  0.016349 0.006729 0.000000
vt  0.020635 0.000008 0.000000
vt  0.020635 0.000008 0.000000
vt  0.024867 0.001487 0.000000
vt  0.024867 0.001487 0.000000
vt  0.028804 0.010341 0.000000
vt  0.028804 0.010341 0.000000
vt  0.032261 0.025493 0.000000
vt  0.032261 0.025493 0.000000
vt  0.035109 0.045755 0.000000
vt  0.035109 0.045755 0.000000
vt  0.037261 0.069907 0.000000
vt  0.037261 0.069907 0.000000
vt  0.038665 0.096747 0.000000
vt  0.038665 0.096747 0.000000
vt  0.039291 0.125090 0.000000
vt  0.039291 0.125090 0.000000
vt  0.039291 0.125090 0.000000
vt  0.016643 0.023650 0.000000
vt  0.016643 0.023650 0.000000
vt  0.016643 0.023650 0.000000
vt  0.019004 0.015588 0.000000
vt  0.019004 0.015588 0.000000
vt  0.019004 0.015588 0.000000
vt  0.019004 0.025535 0.000000
vt  0.019004 0.025535 0.000000
vt  0.017834 0.029625 0.000000
vt  0.017834 0.029625 0.000000
vt  0.017149 0.027750 0.000000
vt  0.017149 0.027750 0.000000
vt  0.014018 0.009089 0.000000
vt  0.014018 0.009089 0.000000
vt  0.036956 0.125074 0.000000
vt  0.036956 0.125074 0.000000
vt  0.017834 0.012565 0.000000
vt  0.017834 0.012565 0.000000
vt  0.017834 0.012565 0.000000
vt  0.018313 0.013943 0.000000
vt  0.018313 0.013943 0.000000
vt  0.018658 0.016813 0.000000
vt  0.018658 0.016813 0.000000
vt  0.018654 0.023774 0.000000
vt  0.018654 0.023774 0.000000
vt  0.017834 0.026610 0.000000
vt  0.017834 0.026610 0.000000
vt  0.017834 0.026610 0.000000
vt  0.017351 0.025268 0.000000
vt  0.017351 0.025268 0.000000
vt  0.017000 0.022386 0.000000
vt  0.017000 0.022386 0.000000
vt  0.017003 0.015343 0.000000
vt  0.017003 0.015343 0.000000
vt  0.057114 0.133512 0.000000
vt  0.057114 0.133512 0.000000
vt  0.057114 0.133512 0.000000
vt  0.056093 0.093460 0.000000
vt  0.056093 0.093460 0.000000
vt  0.053188 0.062151 0.000000
vt  0.053188 0.062151 0.000000
vt  0.048929 0.047653 0.000000
vt  0.048929 0.047653 0.000000
vt  0.044289 0.055756 0.000000
vt  0.044289 0.055756 0.000000
vt  0.040616 0.086952 0.000000
vt  0.040616 0.086952 0.000000
vt  0.039202 0.133512 0.000000
vt  0.039202 0.133512 0.000000
vt  0.039202 0.133512 0.000000
vt  0.040609 0.179971 0.000000
vt  0.040609 0.179971 0.000000
vt  0.044281 0.211232 0.000000
vt  0.044281 0.211232 0.000000
vt  0.048920 0.219379 0.000000
vt  0.048920 0.219379 0.000000
vt  0.053181 0.204918 0.000000
vt  0.053181 0.204918 0.000000
vt  0.056088 0.173658 0.000000
vt  0.056088 0.173658 0.000000
vt  0.048925 0.080959 0.000000
vt  0.048925 0.080959 0.000000
vt  0.048925 0.080959 0.000000
vt  0.046795 0.083992 0.000000
vt  0.046795 0.083992 0.000000
vt  0.044934 0.094924 0.000000
vt  0.044934 0.094924 0.000000
vt  0.043651 0.112360 0.000000
vt  0.043651 0.112360 0.000000
vt  0.043192 0.133428 0.000000
vt  0.043192 0.133428 0.000000
vt  0.043646 0.154569 0.000000
vt  0.043646 0.154569 0.000000
vt  0.044937 0.172122 0.000000
vt  0.044937 0.172122 0.000000
vt  0.046803 0.183061 0.000000
vt  0.046803 0.183061 0.000000
vt  0.048925 0.186066 0.000000
vt  0.048925 0.186066 0.000000
vt  0.048925 0.186066 0.000000
vt  0.050971 0.181084 0.000000
vt  0.050971 0.181084 0.000000
vt  0.052631 0.169349 0.000000
vt  0.052631 0.169349 0.000000
vt  0.053713 0.152715 0.000000
vt  0.053713 0.152715 0.000000
vt  0.054088 0.133589 0.000000
vt  0.054088 0.133589 0.000000
vt  0.053717 0.114398 0.000000
vt  0.053717 0.114398 0.000000
vt  0.052629 0.097655 0.000000
vt  0.052629 0.097655 0.000000
vt  0.050963 0.085906 0.000000
vt  0.050963 0.085906 0.000000
vt  0.028045 0.185941 0.000000
vt  0.028045 0.185941 0.000000
vt  0.028045 0.185941 0.000000
vt  0.030487 0.181010 0.000000
vt  0.030487 0.181010 0.000000
vt  0.032483 0.169291 0.000000
vt  0.032483 0.169291 0.000000
vt  0.033787 0.152585 0.000000
vt  0.033787 0.152585 0.000000
vt  0.034232 0.133436 0.000000
vt  0.034232 0.133436 0.000000
vt  0.033782 0.114352 0.000000
vt  0.033782 0.114352 0.000000
vt  0.032486 0.097755 0.000000
vt  0.032486 0.097755 0.000000
vt  0.030497 0.086049 0.000000
vt  0.030497 0.086049 0.000000
vt  0.028045 0.081084 0.000000
vt  0.028045 0.081084 0.000000
vt  0.028045 0.081084 0.000000
vt  0.025504 0.084086 0.000000
vt  0.025504 0.084086 0.000000
vt  0.023268 0.095002 0.000000
vt  0.023268 0.095002 0.000000
vt  0.021723 0.112511 0.000000
vt  0.021723 0.112511 0.000000
vt  0.021179 0.133597 0.000000
vt  0.021179 0.133597 0.000000
vt  0.021728 0.154609 0.000000
vt  0.021728 0.154609 0.000000
vt  0.023265 0.172002 0.000000
vt  0.023265 0.172002 0.000000
vt  0.025494 0.182910 0.000000
vt  0.025494 0.182910 0.000000

vn  -1.000000 0.000000 0.000000
vn  0.000000 0.000000 -1.000000
vn  0.000000 0.000000 -1.000000
vn  -1.000000 0.000000 0.000000
vn  0.000000 0.500936 -0.865484
vn  -1.000000 0.000000 0.000000
vn  0.000000 0.866316 -0.499497
vn  -1.000000 0.000000 0.000000
vn  0.000000 1.000000 0.000041
vn  -1.000000 0.000000 0.000000
vn  0.000000 0.866049 0.499960
vn  -1.000000 0.000000 0.000000
vn  0.000000 0.500014 0.866017
vn  -1.000000 0.000000 0.000000
vn  0.000000 -0.000000 1.000000
vn  0.000000 0.000000 1.000000
vn  -1.000000 0.000000 0.000000
vn  0.000000 -0.500936 0.865484
vn  -1.000000 0.000000 0.000000
vn  0.000000 -0.866316 0.499497
vn  -1.000000 0.000000 0.000000
vn  0.000000 -1.000000 -0.000041
vn  -1.000000 0.000000 0.000000
vn  0.000000 -0.866049 -0.499960
vn  -1.000000 0.000000 0.000000
vn  0.000000 -0.500014 -0.866017
vn  -1.000000 0.000000 0.000000
vn  0.000000 1.000000 0.000000
vn  0.000000 1.000000 0.000000
vn  -1.000000 0.000000 0.000000
vn  0.000000 0.865312 -0.501233
vn  -1.000000 0.000000 0.000000
vn  0.000000 0.499175 -0.866501
vn  -1.000000 0.000000 0.000000
vn  0.000000 -0.000507 -1.000000
vn  -1.000000 0.000000 0.000000
vn  0.000000 -0.499998 -0.866026
vn  -1.000000 0.000000 0.000000
vn  0.000000 -0.865969 -0.500098
vn  -1.000000 0.000000 0.000000
vn  0.000000 -1.000000 -0.000000
vn  0.000000 -1.000000 -0.000000
vn  -1.000000 0.000000 0.000000
vn  0.000000 -0.865312 0.501233
vn  -1.000000 0.000000 0.000000
vn  0.000000 -0.499175 0.866501
vn  -1.000000 0.000000 0.000000
vn  0.000000 0.000507 1.000000
vn  -1.000000 0.000000 0.000000
vn  0.000000 0.499998 0.866026
vn  -1.000000 0.000000 0.000000
vn  0.000000 0.865969 0.500098
vn  0.000000 -0.000000 1.000000
vn  1.000000 0.000000 0.000000
vn  0.000000 0.000000 1.000000
vn  0.000000 -0.500014 0.866017
vn  1.000000 0.000000 0.000000
vn  0.000000 -0.866049 0.499960
vn  1.000000 0.000000 0.000000
vn  0.000000 -1.000000 0.000041
vn  1.000000 0.000000 0.000000
vn  0.000000 -0.866316 -0.499497
vn  1.000000 0.000000 0.000000
vn  0.000000 -0.500936 -0.865484
vn  1.000000 0.000000 0.000000
vn  0.000000 0.000000 -1.000000
vn  1.000000 0.000000 0.000000
vn  0.000000 0.000000 -1.000000
vn  1.000000 0.000000 0.000000
vn  0.000000 0.500936 0.865484
vn  1.000000 0.000000 0.000000
vn  0.000000 0.866316 0.499497
vn  1.000000 0.000000 0.000000
vn  0.000000 1.000000 -0.000041
vn  1.000000 0.000000 0.000000
vn  0.000000 0.866049 -0.499960
vn  1.000000 0.000000 0.000000
vn  0.000000 0.500014 -0.866017
vn  1.000000 0.000000 0.000000
vn  0.000000 -0.000000 -1.000000
vn  0.000000 -0.000000 -1.000000
vn  1.000000 0.000000 0.000000
vn  0.000000 0.500998 -0.865449
vn  1.000000 0.000000 0.000000
vn  0.000000 0.866246 -0.499618
vn  1.000000 0.000000 0.000000
vn  0.000000 1.000000 0.000208
vn  1.000000 0.000000 0.000000
vn  0.000000 0.865927 0.500170
vn  1.000000 0.000000 0.000000
vn  0.000000 0.500026 0.866011
vn  1.000000 0.000000 0.000000
vn  0.000000 0.000000 1.000000
vn  0.000000 0.000000 1.000000
vn  1.000000 0.000000 0.000000
vn  0.000000 -0.500998 0.865449
vn  1.000000 0.000000 0.000000
vn  0.000000 -0.866246 0.499618
vn  1.000000 0.000000 0.000000
vn  0.000000 -1.000000 -0.000208
vn  1.000000 0.000000 0.000000
vn  0.000000 -0.865927 -0.500170
vn  1.000000 0.000000 0.000000
vn  0.000000 -0.500026 -0.866011
vn  0.000000 0.000000 1.000000
vn  -1.000000 0.000000 0.000000
vn  0.000000 -0.000000 1.000000
vn  0.000000 -0.500026 0.866011
vn  -1.000000 0.000000 0.000000
vn  0.000000 -0.865927 0.500170
vn  -1.000000 0.000000 0.000000
vn  0.000000 -1.000000 0.000208
vn  -1.000000 0.000000 0.000000
vn  0.000000 -0.866246 -0.499618
vn  -1.000000 0.000000 0.000000
vn  0.000000 -0.500998 -0.865449
vn  -1.000000 0.000000 0.000000
vn  0.000000 0.000000 -1.000000
vn  -1.000000 0.000000 0.000000
vn  0.000000 0.000000 -1.000000
vn  -1.000000 0.000000 0.000000
vn  0.000000 -1.000000 0.000000
vn  0.000000 -1.000000 0.000000
vn  -1.000000 0.000000 0.000000
vn  0.000000 -0.900534 -0.434786
vn  -1.000000 0.000000 0.000000
vn  0.000000 -0.623094 -0.782147
vn  -1.000000 0.000000 0.000000
vn  0.000000 -0.433907 -0.900957
vn  -1.000000 0.000000 0.000000
vn  0.000000 -0.222759 -0.974874
vn  -1.000000 0.000000 0.000000
vn  0.000000 0.222414 -0.974952
vn  -1.000000 0.000000 0.000000
vn  0.000000 0.623517 -0.781810
vn  -1.000000 0.000000 0.000000
vn  0.000000 0.900922 -0.433981
vn  -1.000000 0.000000 0.000000
vn  0.000000 1.000000 0.000000
vn  0.000000 1.000000 -0.000000
vn  -1.000000 0.000000 0.000000
vn  0.000000 0.900534 0.434786
vn  -1.000000 0.000000 0.000000
vn  0.000000 0.623094 0.782147
vn  -1.000000 0.000000 0.000000
vn  0.000000 0.222759 0.974874
vn  -1.000000 0.000000 0.000000
vn  0.000000 -0.222414 0.974952
vn  -1.000000 0.000000 0.000000
vn  0.000000 -0.623517 0.781810
vn  -1.000000 0.000000 0.000000
vn  0.000000 -0.900922 0.433981
vn  -1.000000 0.000000 0.000000
vn  0.000000 0.500998 0.865449
vn  -1.000000 0.000000 0.000000
vn  0.000000 0.866246 0.499618
vn  -1.000000 0.000000 0.000000
vn  0.000000 1.000000 -0.000208
vn  -1.000000 0.000000 0.000000
vn  0.000000 0.865927 -0.500170
vn  -1.000000 0.000000 0.000000
vn  0.000000 0.500026 -0.866011
vn  -1.000000 0.000000 0.000000
vn  0.000000 0.000000 1.000000
vn  0.000000 0.000000 1.000000
vn  -1.000000 0.000000 0.000000
vn  0.000000 0.503950 0.863733
vn  -1.000000 0.000000 0.000000
vn  0.000000 0.868569 0.495568
vn  -1.000000 0.000000 0.000000
vn  0.000000 0.864579 -0.502497
vn  -1.000000 0.000000 0.000000
vn  0.000000 -0.000000 -1.000000
vn  0.000000 -0.000000 -1.000000
vn  -1.000000 0.000000 0.000000
vn  0.000000 -0.503950 -0.863733
vn  -1.000000 0.000000 0.000000
vn  0.000000 -0.868569 -0.495568
vn  -1.000000 0.000000 0.000000
vn  0.000000 -0.864579 0.502497
vn  -1.000000 0.000000 0.000000
vn  0.000000 0.000000 1.000000
vn  0.000000 0.000000 1.000000
vn  -1.000000 0.000000 0.000000
vn  0.000000 0.503950 0.863733
vn  -1.000000 0.000000 0.000000
vn  0.000000 0.868569 0.495568
vn  -1.000000 0.000000 0.000000
vn  0.000000 0.864579 -0.502497
vn  -1.000000 0.000000 0.000000
vn  0.000000 -0.000000 -1.000000
vn  0.000000 -0.000000 -1.000000
vn  -1.000000 0.000000 0.000000
vn  0.000000 -0.503950 -0.863733
vn  -1.000000 0.000000 0.000000
vn  0.000000 -0.868569 -0.495568
vn  -1.000000 0.000000 0.000000
vn  0.000000 -0.864579 0.502497
vn  -1.000000 0.000000 0.000000
vn  0.000000 0.000000 1.000000
vn  0.000000 0.000000 1.000000
vn  -1.000000 0.000000 0.000000
vn  0.000000 0.503950 0.863733
vn  -1.000000 0.000000 0.000000
vn  0.000000 0.868569 0.495568
vn  -1.000000 0.000000 0.000000
vn  0.000000 0.864579 -0.502497
vn  -1.000000 0.000000 0.000000
vn  0.000000 -0.000000 -1.000000
vn  0.000000 -0.000000 -1.000000
vn  -1.000000 0.000000 0.000000
vn  0.000000 -0.503950 -0.863733
vn  -1.000000 0.000000 0.000000
vn  0.000000 -0.868569 -0.495568
vn  -1.000000 0.000000 0.000000
vn  0.000000 -0.864579 0.502497
vn  0.000000 -0.560582 0.828099
vn  0.707107 -0.396391 0.585554
vn  0.000000 0.866025 0.500000
vn  0.000000 -0.743985 0.668196
vn  0.707107 -0.526077 0.472486
vn  0.000000 -0.883341 0.468731
vn  0.707107 -0.624616 0.331443
vn  0.000000 -0.970397 0.241515
vn  0.707107 -0.686174 0.170777
vn  0.000000 -1.000000 0.000000
vn  0.707107 -0.707107 0.000000
vn  0.000000 -1.000000 0.000000
vn  0.000000 1.000000 0.000000
vn  1.000000 0.000000 0.000000
vn  0.000000 1.000000 -0.000000
vn  0.000000 0.999361 0.035733
vn  1.000000 0.000000 0.000000
vn  0.000000 0.997446 0.071429
vn  0.000000 0.000000 -1.000000
vn  1.000000 0.000000 0.000000
vn  0.000000 0.997446 0.071429
vn  0.707107 0.705301 0.050508
vn  0.000000 0.000000 -1.000000
vn  0.000000 0.950667 0.310212
vn  0.707107 0.672223 0.219353
vn  0.000000 0.847604 0.530630
vn  0.707107 0.599346 0.375212
vn  0.000000 0.694357 0.719631
vn  0.707107 0.490984 0.508856
vn  0.000000 0.500000 0.866025
vn  0.707107 0.353553 0.612372
vn  0.000000 0.276040 0.961146
vn  0.707107 0.195190 0.679633
vn  0.000000 0.035737 0.999361
vn  0.707107 0.025270 0.706655
vn  0.000000 -0.206682 0.978408
vn  0.707107 -0.146146 0.691839
vn  0.000000 -0.436864 0.899528
vn  0.000000 -0.866025 -0.500000
vn  0.707107 -0.308909 0.636062
vn  0.000000 -0.436864 0.899528
vn  1.000000 0.000000 0.000000
vn  0.000000 -0.866025 -0.500000
vn  0.000000 -0.500000 0.866025
vn  1.000000 0.000000 0.000000
vn  0.000000 -0.560582 0.828099
vn  0.000000 0.866025 0.500000
vn  1.000000 0.000000 0.000000
vn  0.707107 -0.397153 0.585038
vn  0.000000 0.866025 0.500000
vn  0.707107 -0.397943 0.584501
vn  0.000000 0.866025 0.500000
vn  1.000000 0.000000 0.000000
vn  0.707107 -0.625055 0.330614
vn  1.000000 0.000000 0.000000
vn  0.707107 -0.707107 0.000000
vn  1.000000 0.000000 0.000000
vn  0.707107 -0.625055 -0.330614
vn  1.000000 0.000000 0.000000
vn  0.707107 -0.397943 -0.584501
vn  1.000000 0.000000 0.000000
vn  0.000000 0.866025 -0.500000
vn  0.707107 -0.397153 -0.585038
vn  0.000000 0.866025 -0.500000
vn  0.707107 -0.396391 -0.585554
vn  0.000000 -0.560582 -0.828099
vn  0.000000 0.866025 -0.500000
vn  0.707107 -0.526077 -0.472486
vn  0.000000 -0.743985 -0.668196
vn  0.707107 -0.624616 -0.331443
vn  0.000000 -0.883341 -0.468731
vn  0.707107 -0.686174 -0.170777
vn  0.000000 -0.970397 -0.241515
vn  0.000000 0.866025 0.500000
vn  1.000000 0.000000 0.000000
vn  0.000000 0.866025 0.500000
vn  0.000000 0.866025 0.500000
vn  0.000000 0.866025 0.500000
vn  1.000000 0.000000 0.000000
vn  1.000000 0.000000 0.000000
vn  0.000000 0.500000 0.866025
vn  1.000000 0.000000 0.000000
vn  0.000000 0.000000 1.000000
vn  1.000000 0.000000 0.000000
vn  0.000000 -0.866016 0.500017
vn  1.000000 0.000000 0.000000
vn  0.000000 -0.866025 -0.500000
vn  0.000000 -0.866025 -0.500000
vn  1.000000 0.000000 0.000000
vn  0.000000 -0.866025 -0.500000
vn  0.707107 -0.307221 0.636879
vn  1.000000 0.000000 0.000000
vn  0.707107 0.025911 0.706632
vn  1.000000 0.000000 0.000000
vn  0.707107 0.353141 0.612610
vn  1.000000 0.000000 0.000000
vn  0.707107 0.598869 0.375973
vn  1.000000 0.000000 0.000000
vn  0.707107 0.705164 0.052378
vn  0.000000 0.000000 -1.000000
vn  1.000000 0.000000 0.000000
vn  0.000000 0.000000 -1.000000
vn  0.000000 -0.000000 -1.000000
vn  1.000000 0.000000 0.000000
vn  0.000000 0.503996 -0.863706
vn  1.000000 0.000000 0.000000
vn  0.000000 0.869252 -0.494370
vn  1.000000 0.000000 0.000000
vn  0.000000 0.865296 0.501262
vn  1.000000 0.000000 0.000000
vn  0.000000 0.000000 1.000000
vn  0.000000 0.000000 1.000000
vn  1.000000 0.000000 0.000000
vn  0.707107 0.705164 -0.052378
vn  0.000000 0.000000 1.000000
vn  1.000000 0.000000 0.000000
vn  0.707107 0.599006 -0.375756
vn  1.000000 0.000000 0.000000
vn  0.707107 0.353966 -0.612134
vn  1.000000 0.000000 0.000000
vn  0.707107 0.026167 -0.706622
vn  1.000000 0.000000 0.000000
vn  0.000000 -0.866025 0.500000
vn  0.707107 -0.307221 -0.636879
vn  1.000000 0.000000 0.000000
vn  0.000000 -0.866025 0.500000
vn  0.000000 -0.866025 0.500000
vn  1.000000 0.000000 0.000000
vn  0.000000 -0.866035 -0.499983
vn  1.000000 0.000000 0.000000
vn  0.000000 -0.000000 -1.000000
vn  1.000000 0.000000 0.000000
vn  0.000000 0.500000 -0.866025
vn  1.000000 0.000000 0.000000
vn  0.000000 0.866025 -0.500000
vn  0.000000 0.866025 -0.500000
vn  0.000000 0.500000 0.866025
vn  1.000000 0.000000 0.000000
vn  0.000000 0.000000 1.000000
vn  1.000000 0.000000 0.000000
vn  0.000000 -0.866035 0.499983
vn  1.000000 0.000000 0.000000
vn  0.000000 -0.866025 -0.500000
vn  1.000000 0.000000 0.000000
vn  0.000000 -0.866025 -0.500000
vn  1.000000 0.000000 0.000000
vn  0.000000 0.000000 1.000000
vn  0.000000 0.000000 1.000000
vn  1.000000 0.000000 0.000000
vn  0.000000 -0.503950 0.863733
vn  1.000000 0.000000 0.000000
vn  0.000000 -0.868569 0.495568
vn  1.000000 0.000000 0.000000
vn  0.000000 -0.864579 -0.502497
vn  1.000000 0.000000 0.000000
vn  0.000000 -0.000000 -1.000000
vn  0.000000 -0.000000 -1.000000
vn  1.000000 0.000000 0.000000
vn  0.000000 0.503950 -0.863733
vn  1.000000 0.000000 0.000000
vn  0.000000 0.868569 -0.495568
vn  1.000000 0.000000 0.000000
vn  0.000000 0.864579 0.502497
vn  0.000000 -0.866025 -0.500000
vn  0.707107 -0.308081 0.636464
vn  0.707107 0.705234 0.051426
vn  0.000000 0.000000 -1.000000
vn  0.000000 0.000000 -1.000000
vn  1.000000 0.000000 0.000000
vn  0.000000 -0.000000 -1.000000
vn  1.000000 0.000000 0.000000
vn  0.000000 0.999361 -0.035733
vn  1.000000 0.000000 0.000000
vn  0.000000 0.997446 -0.071429
vn  0.000000 0.000000 1.000000
vn  1.000000 0.000000 0.000000
vn  0.000000 0.000000 1.000000
vn  0.000000 0.000000 1.000000
vn  1.000000 0.000000 0.000000
vn  0.000000 0.503996 0.863706
vn  1.000000 0.000000 0.000000
vn  0.000000 0.869252 0.494370
vn  1.000000 0.000000 0.000000
vn  0.000000 0.865296 -0.501262
vn  1.000000 0.000000 0.000000
vn  0.000000 0.000000 1.000000
vn  0.000000 0.000000 1.000000
vn  1.000000 0.000000 0.000000
vn  0.000000 -0.503950 0.863733
vn  1.000000 0.000000 0.000000
vn  0.000000 -0.868569 0.495568
vn  1.000000 0.000000 0.000000
vn  0.000000 -0.864579 -0.502497
vn  1.000000 0.000000 0.000000
vn  0.000000 -0.000000 -1.000000
vn  0.000000 -0.000000 -1.000000
vn  1.000000 0.000000 0.000000
vn  0.000000 0.503950 -0.863733
vn  1.000000 0.000000 0.000000
vn  0.000000 0.868569 -0.495568
vn  1.000000 0.000000 0.000000
vn  0.000000 0.864579 0.502497
vn  0.000000 -0.560582 -0.828099
vn  0.000000 0.866025 -0.500000
vn  1.000000 0.000000 0.000000
vn  0.000000 -0.500000 -0.866025
vn  1.000000 0.000000 0.000000
vn  0.000000 -0.436864 -0.899528
vn  0.000000 -0.866025 0.500000
vn  1.000000 0.000000 0.000000
vn  0.000000 -0.436864 -0.899528
vn  0.000000 -0.866025 0.500000
vn  0.707107 -0.308909 -0.636062
vn  0.000000 -0.206682 -0.978408
vn  0.707107 -0.146146 -0.691839
vn  0.000000 0.035737 -0.999361
vn  0.707107 0.025270 -0.706655
vn  0.000000 0.276040 -0.961146
vn  0.707107 0.195190 -0.679633
vn  0.000000 0.500000 -0.866025
vn  0.707107 0.353553 -0.612372
vn  0.000000 0.694357 -0.719631
vn  0.707107 0.490984 -0.508856
vn  0.000000 0.847604 -0.530630
vn  0.707107 0.599346 -0.375212
vn  0.000000 0.950667 -0.310212
vn  0.707107 0.672223 -0.219353
vn  0.000000 0.997446 -0.071429
vn  0.707107 0.705301 -0.050508
vn  0.000000 0.000000 1.000000
vn  0.000000 0.866025 -0.500000
vn  0.000000 0.866025 -0.500000
vn  1.000000 0.000000 0.000000
vn  0.000000 -0.866025 0.500000
vn  0.000000 -0.866025 0.500000
vn  1.000000 0.000000 0.000000
vn  0.000000 -0.866016 -0.500017
vn  1.000000 0.000000 0.000000
vn  0.000000 -0.000000 -1.000000
vn  1.000000 0.000000 0.000000
vn  0.000000 0.500000 -0.866025
vn  1.000000 0.000000 0.000000
vn  0.000000 -0.866025 0.500000
vn  0.707107 -0.308081 -0.636464
vn  0.707107 0.705234 -0.051426
vn  0.000000 0.000000 1.000000
vn  1.000000 0.000000 0.000000
vn  0.000000 0.000000 1.000000
vn  0.000000 0.000000 1.000000
vn  1.000000 0.000000 0.000000
vn  0.000000 -0.503950 0.863733
vn  1.000000 0.000000 0.000000
vn  0.000000 -0.868569 0.495568
vn  1.000000 0.000000 0.000000
vn  0.000000 -0.864579 -0.502497
vn  1.000000 0.000000 0.000000
vn  0.000000 -0.000000 -1.000000
vn  0.000000 -0.000000 -1.000000
vn  1.000000 0.000000 0.000000
vn  0.000000 0.503950 -0.863733
vn  1.000000 0.000000 0.000000
vn  0.000000 0.868569 -0.495568
vn  1.000000 0.000000 0.000000
vn  0.000000 0.864579 0.502497
vn  0.000000 -1.000000 -0.000000
vn  0.000000 -1.000000 -0.000000
vn  -1.000000 0.000000 0.000000
vn  0.000000 -0.865969 0.500098
vn  -1.000000 0.000000 0.000000
vn  0.000000 -0.499998 0.866026
vn  -1.000000 0.000000 0.000000
vn  0.000000 -0.000507 1.000000
vn  -1.000000 0.000000 0.000000
vn  0.000000 0.499175 0.866501
vn  -1.000000 0.000000 0.000000
vn  0.000000 0.865312 0.501233
vn  -1.000000 0.000000 0.000000
vn  0.000000 1.000000 0.000000
vn  0.000000 1.000000 0.000000
vn  -1.000000 0.000000 0.000000
vn  0.000000 0.865969 -0.500098
vn  -1.000000 0.000000 0.000000
vn  0.000000 0.499998 -0.866026
vn  -1.000000 0.000000 0.000000
vn  0.000000 0.000507 -1.000000
vn  -1.000000 0.000000 0.000000
vn  0.000000 -0.499175 -0.866501
vn  -1.000000 0.000000 0.000000
vn  0.000000 -0.865312 -0.501233
vn  -1.000000 0.000000 0.000000
vn  -1.000000 0.000000 0.000000
vn  0.000000 -0.000000 1.000000
vn  0.000000 0.000000 1.000000
vn  -1.000000 0.000000 0.000000
vn  0.000000 0.384236 0.923235
vn  -1.000000 0.000000 0.000000
vn  0.000000 0.707370 0.706844
vn  -1.000000 0.000000 0.000000
vn  0.000000 0.923819 0.382829
vn  -1.000000 0.000000 0.000000
vn  0.000000 0.999999 0.001526
vn  -1.000000 0.000000 0.000000
vn  0.000000 0.924541 -0.381082
vn  -1.000000 0.000000 0.000000
vn  0.000000 0.706965 -0.707248
vn  -1.000000 0.000000 0.000000
vn  0.000000 0.382769 -0.923844
vn  -1.000000 0.000000 0.000000
vn  0.000000 0.000000 -1.000000
vn  0.000000 0.000000 -1.000000
vn  -1.000000 0.000000 0.000000
vn  0.000000 -0.384236 -0.923235
vn  -1.000000 0.000000 0.000000
vn  0.000000 -0.707370 -0.706844
vn  -1.000000 0.000000 0.000000
vn  0.000000 -0.923819 -0.382829
vn  -1.000000 0.000000 0.000000
vn  0.000000 -0.999999 -0.001526
vn  -1.000000 0.000000 0.000000
vn  0.000000 -0.924541 0.381082
vn  -1.000000 0.000000 0.000000
vn  0.000000 -0.706965 0.707248
vn  -1.000000 0.000000 0.000000
vn  0.000000 -0.382769 0.923844
vn  0.000000 0.000000 -1.000000
vn  0.000000 0.000000 -1.000000
vn  -1.000000 0.000000 0.000000
vn  0.000000 -0.382769 -0.923844
vn  -1.000000 0.000000 0.000000
vn  0.000000 -0.706965 -0.707248
vn  -1.000000 0.000000 0.000000
vn  0.000000 -0.924541 -0.381082
vn  -1.000000 0.000000 0.000000
vn  0.000000 -0.999999 0.001526
vn  -1.000000 0.000000 0.000000
vn  0.000000 -0.923819 0.382829
vn  -1.000000 0.000000 0.000000
vn  0.000000 -0.707370 0.706844
vn  -1.000000 0.000000 0.000000
vn  0.000000 -0.384236 0.923235
vn  -1.000000 0.000000 0.000000
vn  0.000000 -0.000000 1.000000
vn  0.000000 0.000000 1.000000
vn  -1.000000 0.000000 0.000000
vn  0.000000 0.382769 0.923844
vn  -1.000000 0.000000 0.000000
vn  0.000000 0.706965 0.707248
vn  -1.000000 0.000000 0.000000
vn  0.000000 0.924541 0.381082
vn  -1.000000 0.000000 0.000000
vn  0.000000 0.999999 -0.001526
vn  -1.000000 0.000000 0.000000
vn  0.000000 0.923819 -0.382829
vn  -1.000000 0.000000 0.000000
vn  0.000000 0.707370 -0.706844
vn  -1.000000 0.000000 0.000000
vn  0.000000 0.384236 -0.923235
vn  -1.000000 0.000000 0.000000


g 14
f 5317/5317/5317  5296/5296/5296  5293/5293/5293
f 5360/5360/5360  5295/5295/5295  5297/5297/5297
f 5356/5356/5356  5318/5318/5318  5294/5294/5294
f 5358/5358/5358  5356/5356/5356  5294/5294/5294
f 5337/5337/5337  5298/5298/5298  5296/5296/5296
f 5368/5368/5368  5297/5297/5297  5299/5299/5299
f 5339/5339/5339  5296/5296/5296  5317/5317/5317
f 5339/5339/5339  5337/5337/5337  5296/5296/5296
f 5370/5370/5370  5360/5360/5360  5297/5297/5297
f 5370/5370/5370  5297/5297/5297  5368/5368/5368
f 5332/5332/5332  5300/5300/5300  5298/5298/5298
f 5366/5366/5366  5299/5299/5299  5301/5301/5301
f 5335/5335/5335  5332/5332/5332  5298/5298/5298
f 5337/5337/5337  5335/5335/5335  5298/5298/5298
f 5368/5368/5368  5299/5299/5299  5366/5366/5366
f 5330/5330/5330  5302/5302/5302  5300/5300/5300
f 5364/5364/5364  5301/5301/5301  5303/5303/5303
f 5332/5332/5332  5330/5330/5330  5300/5300/5300
f 5366/5366/5366  5301/5301/5301  5364/5364/5364
f 5328/5328/5328  5304/5304/5304  5302/5302/5302
f 5362/5362/5362  5303/5303/5303  5305/5305/5305
f 5330/5330/5330  5328/5328/5328  5302/5302/5302
f 5364/5364/5364  5303/5303/5303  5362/5362/5362
f 5309/5309/5309  5306/5306/5306  5304/5304/5304
f 5362/5362/5362  5305/5305/5305  5308/5308/5308
f 5326/5326/5326  5309/5309/5309  5304/5304/5304
f 5328/5328/5328  5326/5326/5326  5304/5304/5304
f 5345/5345/5345  5307/5307/5307  5310/5310/5310
f 5362/5362/5362  5308/5308/5308  5347/5347/5347
f 5324/5324/5324  5311/5311/5311  5309/5309/5309
f 5350/5350/5350  5310/5310/5310  5312/5312/5312
f 5326/5326/5326  5324/5324/5324  5309/5309/5309
f 5348/5348/5348  5345/5345/5345  5310/5310/5310
f 5350/5350/5350  5348/5348/5348  5310/5310/5310
f 5319/5319/5319  5313/5313/5313  5311/5311/5311
f 5352/5352/5352  5312/5312/5312  5314/5314/5314
f 5322/5322/5322  5319/5319/5319  5311/5311/5311
f 5324/5324/5324  5322/5322/5322  5311/5311/5311
f 5352/5352/5352  5350/5350/5350  5312/5312/5312
f 5343/5343/5343  5315/5315/5315  5313/5313/5313
f 5354/5354/5354  5314/5314/5314  5316/5316/5316
f 5343/5343/5343  5313/5313/5313  5319/5319/5319
f 5354/5354/5354  5352/5352/5352  5314/5314/5314
f 5341/5341/5341  5317/5317/5317  5315/5315/5315
f 5356/5356/5356  5316/5316/5316  5318/5318/5318
f 5343/5343/5343  5341/5341/5341  5315/5315/5315
f 5356/5356/5356  5354/5354/5354  5316/5316/5316
f 5341/5341/5341  5339/5339/5339  5317/5317/5317
f 5787/5787/5787  5321/5321/5321  5323/5323/5323
f 5784/5784/5784  5344/5344/5344  5320/5320/5320
f 5786/5786/5786  5784/5784/5784  5320/5320/5320
f 5791/5791/5791  5323/5323/5323  5325/5325/5325
f 5789/5789/5789  5787/5787/5787  5323/5323/5323
f 5791/5791/5791  5789/5789/5789  5323/5323/5323
f 5793/5793/5793  5325/5325/5325  5327/5327/5327
f 5793/5793/5793  5791/5791/5791  5325/5325/5325
f 5795/5795/5795  5327/5327/5327  5329/5329/5329
f 5795/5795/5795  5793/5793/5793  5327/5327/5327
f 5797/5797/5797  5329/5329/5329  5331/5331/5331
f 5797/5797/5797  5795/5795/5795  5329/5329/5329
f 5797/5797/5797  5331/5331/5331  5334/5334/5334
f 5773/5773/5773  5333/5333/5333  5336/5336/5336
f 5797/5797/5797  5334/5334/5334  5774/5774/5774
f 5778/5778/5778  5336/5336/5336  5338/5338/5338
f 5776/5776/5776  5773/5773/5773  5336/5336/5336
f 5778/5778/5778  5776/5776/5776  5336/5336/5336
f 5780/5780/5780  5338/5338/5338  5340/5340/5340
f 5780/5780/5780  5778/5778/5778  5338/5338/5338
f 5782/5782/5782  5340/5340/5340  5342/5342/5342
f 5782/5782/5782  5780/5780/5780  5340/5340/5340
f 5784/5784/5784  5342/5342/5342  5344/5344/5344
f 5784/5784/5784  5782/5782/5782  5342/5342/5342
f 5384/5384/5384  5346/5346/5346  5349/5349/5349
f 5384/5384/5384  5361/5361/5361  5346/5346/5346
f 5387/5387/5387  5349/5349/5349  5351/5351/5351
f 5387/5387/5387  5384/5384/5384  5349/5349/5349
f 5389/5389/5389  5351/5351/5351  5353/5353/5353
f 5389/5389/5389  5387/5387/5387  5351/5351/5351
f 5391/5391/5391  5353/5353/5353  5355/5355/5355
f 5391/5391/5391  5389/5389/5389  5353/5353/5353
f 5395/5395/5395  5355/5355/5355  5357/5357/5357
f 5393/5393/5393  5391/5391/5391  5355/5355/5355
f 5395/5395/5395  5393/5393/5393  5355/5355/5355
f 5371/5371/5371  5357/5357/5357  5359/5359/5359
f 5395/5395/5395  5357/5357/5357  5371/5371/5371
f 5371/5371/5371  5359/5359/5359  5369/5369/5369
f 5382/5382/5382  5363/5363/5363  5361/5361/5361
f 5384/5384/5384  5382/5382/5382  5361/5361/5361
f 5378/5378/5378  5365/5365/5365  5363/5363/5363
f 5380/5380/5380  5378/5378/5378  5363/5363/5363
f 5382/5382/5382  5380/5380/5380  5363/5363/5363
f 5376/5376/5376  5367/5367/5367  5365/5365/5365
f 5378/5378/5378  5376/5376/5376  5365/5365/5365
f 5374/5374/5374  5369/5369/5369  5367/5367/5367
f 5376/5376/5376  5374/5374/5374  5367/5367/5367
f 5374/5374/5374  5371/5371/5371  5369/5369/5369
f 5412/5412/5412  5373/5373/5373  5375/5375/5375
f 5408/5408/5408  5396/5396/5396  5372/5372/5372
f 5410/5410/5410  5408/5408/5408  5372/5372/5372
f 5452/5452/5452  5375/5375/5375  5377/5377/5377
f 5454/5454/5454  5412/5412/5412  5375/5375/5375
f 5454/5454/5454  5375/5375/5375  5452/5452/5452
f 5450/5450/5450  5377/5377/5377  5379/5379/5379
f 5452/5452/5452  5377/5377/5377  5450/5450/5450
f 5448/5448/5448  5379/5379/5379  5381/5381/5381
f 5450/5450/5450  5379/5379/5379  5448/5448/5448
f 5446/5446/5446  5381/5381/5381  5383/5383/5383
f 5448/5448/5448  5381/5381/5381  5446/5446/5446
f 5446/5446/5446  5383/5383/5383  5386/5386/5386
f 5397/5397/5397  5385/5385/5385  5388/5388/5388
f 5446/5446/5446  5386/5386/5386  5399/5399/5399
f 5402/5402/5402  5388/5388/5388  5390/5390/5390
f 5400/5400/5400  5397/5397/5397  5388/5388/5388
f 5402/5402/5402  5400/5400/5400  5388/5388/5388
f 5404/5404/5404  5390/5390/5390  5392/5392/5392
f 5404/5404/5404  5402/5402/5402  5390/5390/5390
f 5406/5406/5406  5392/5392/5392  5394/5394/5394
f 5406/5406/5406  5404/5404/5404  5392/5392/5392
f 5408/5408/5408  5394/5394/5394  5396/5396/5396
f 5408/5408/5408  5406/5406/5406  5394/5394/5394
f 5489/5489/5489  5398/5398/5398  5401/5401/5401
f 5445/5445/5445  5398/5398/5398  5435/5435/5435
f 5487/5487/5487  5435/5435/5435  5398/5398/5398
f 5489/5489/5489  5487/5487/5487  5398/5398/5398
f 5443/5443/5443  5401/5401/5401  5403/5403/5403
f 5443/5443/5443  5441/5441/5441  5401/5401/5401
f 5473/5473/5473  5401/5401/5401  5441/5441/5441
f 5489/5489/5489  5401/5401/5401  5473/5473/5473
f 5443/5443/5443  5403/5403/5403  5405/5405/5405
f 5413/5413/5413  5405/5405/5405  5407/5407/5407
f 5443/5443/5443  5405/5405/5405  5413/5413/5413
f 5416/5416/5416  5407/5407/5407  5409/5409/5409
f 5416/5416/5416  5413/5413/5413  5407/5407/5407
f 5500/5500/5500  5409/5409/5409  5411/5411/5411
f 5500/5500/5500  5416/5416/5416  5409/5409/5409
f 5426/5426/5426  5424/5424/5424  5411/5411/5411
f 5507/5507/5507  5411/5411/5411  5424/5424/5424
f 5453/5453/5453  5426/5426/5426  5411/5411/5411
f 5503/5503/5503  5500/5500/5500  5411/5411/5411
f 5505/5505/5505  5503/5503/5503  5411/5411/5411
f 5507/5507/5507  5505/5505/5505  5411/5411/5411
f 5520/5520/5520  5415/5415/5415  5417/5417/5417
f 5516/5516/5516  5444/5444/5444  5414/5414/5414
f 5518/5518/5518  5516/5516/5516  5414/5414/5414
f 5498/5498/5498  5418/5418/5418  5416/5416/5416
f 5579/5579/5579  5417/5417/5417  5419/5419/5419
f 5500/5500/5500  5498/5498/5498  5416/5416/5416
f 5581/5581/5581  5520/5520/5520  5417/5417/5417
f 5581/5581/5581  5417/5417/5417  5579/5579/5579
f 5494/5494/5494  5420/5420/5420  5418/5418/5418
f 5711/5711/5711  5419/5419/5419  5421/5421/5421
f 5496/5496/5496  5494/5494/5494  5418/5418/5418
f 5498/5498/5498  5496/5496/5496  5418/5418/5418
f 5579/5579/5579  5419/5419/5419  5577/5577/5577
f 5711/5711/5711  5577/5577/5577  5419/5419/5419
f 5424/5424/5424  5422/5422/5422  5420/5420/5420
f 5719/5719/5719  5421/5421/5421  5423/5423/5423
f 5491/5491/5491  5424/5424/5424  5420/5420/5420
f 5494/5494/5494  5491/5491/5491  5420/5420/5420
f 5714/5714/5714  5711/5711/5711  5421/5421/5421
f 5716/5716/5716  5714/5714/5714  5421/5421/5421
f 5719/5719/5719  5716/5716/5716  5421/5421/5421
f 5722/5722/5722  5423/5423/5423  5425/5425/5425
f 5722/5722/5722  5719/5719/5719  5423/5423/5423
f 5726/5726/5726  5425/5425/5425  5427/5427/5427
f 5507/5507/5507  5424/5424/5424  5491/5491/5491
f 5724/5724/5724  5722/5722/5722  5425/5425/5425
f 5726/5726/5726  5724/5724/5724  5425/5425/5425
f 5453/5453/5453  5428/5428/5428  5426/5426/5426
f 5730/5730/5730  5427/5427/5427  5429/5429/5429
f 5728/5728/5728  5726/5726/5726  5427/5427/5427
f 5730/5730/5730  5728/5728/5728  5427/5427/5427
f 5471/5471/5471  5430/5430/5430  5428/5428/5428
f 5734/5734/5734  5429/5429/5429  5432/5432/5432
f 5453/5453/5453  5451/5451/5451  5428/5428/5428
f 5455/5455/5455  5428/5428/5428  5451/5451/5451
f 5471/5471/5471  5428/5428/5428  5455/5455/5455
f 5732/5732/5732  5730/5730/5730  5429/5429/5429
f 5734/5734/5734  5732/5732/5732  5429/5429/5429
f 5447/5447/5447  5433/5433/5433  5430/5430/5430
f 5521/5521/5521  5431/5431/5431  5434/5434/5434
f 5467/5467/5467  5447/5447/5447  5430/5430/5430
f 5469/5469/5469  5467/5467/5467  5430/5430/5430
f 5471/5471/5471  5469/5469/5469  5430/5430/5430
f 5680/5680/5680  5432/5432/5432  5523/5523/5523
f 5682/5682/5682  5432/5432/5432  5680/5680/5680
f 5734/5734/5734  5432/5432/5432  5682/5682/5682
f 5445/5445/5445  5435/5435/5435  5433/5433/5433
f 5534/5534/5534  5434/5434/5434  5436/5436/5436
f 5447/5447/5447  5445/5445/5445  5433/5433/5433
f 5524/5524/5524  5521/5521/5521  5434/5434/5434
f 5526/5526/5526  5524/5524/5524  5434/5434/5434
f 5529/5529/5529  5526/5526/5526  5434/5434/5434
f 5532/5532/5532  5529/5529/5529  5434/5434/5434
f 5534/5534/5534  5532/5532/5532  5434/5434/5434
f 5482/5482/5482  5437/5437/5437  5435/5435/5435
f 5538/5538/5538  5436/5436/5436  5438/5438/5438
f 5485/5485/5485  5482/5482/5482  5435/5435/5435
f 5487/5487/5487  5485/5485/5485  5435/5435/5435
f 5536/5536/5536  5534/5534/5534  5436/5436/5436
f 5538/5538/5538  5536/5536/5536  5436/5436/5436
f 5482/5482/5482  5439/5439/5439  5437/5437/5437
f 5542/5542/5542  5438/5438/5438  5440/5440/5440
f 5540/5540/5540  5538/5538/5538  5438/5438/5438
f 5542/5542/5542  5540/5540/5540  5438/5438/5438
f 5482/5482/5482  5441/5441/5441  5439/5439/5439
f 5549/5549/5549  5440/5440/5440  5442/5442/5442
f 5544/5544/5544  5542/5542/5542  5440/5440/5440
f 5549/5549/5549  5544/5544/5544  5440/5440/5440
f 5512/5512/5512  5442/5442/5442  5444/5444/5444
f 5476/5476/5476  5473/5473/5473  5441/5441/5441
f 5478/5478/5478  5476/5476/5476  5441/5441/5441
f 5480/5480/5480  5478/5478/5478  5441/5441/5441
f 5482/5482/5482  5480/5480/5480  5441/5441/5441
f 5512/5512/5512  5509/5509/5509  5442/5442/5442
f 5554/5554/5554  5442/5442/5442  5509/5509/5509
f 5552/5552/5552  5549/5549/5549  5442/5442/5442
f 5554/5554/5554  5552/5552/5552  5442/5442/5442
f 5514/5514/5514  5512/5512/5512  5444/5444/5444
f 5516/5516/5516  5514/5514/5514  5444/5444/5444
f 5462/5462/5462  5449/5449/5449  5447/5447/5447
f 5464/5464/5464  5462/5462/5462  5447/5447/5447
f 5467/5467/5467  5464/5464/5464  5447/5447/5447
f 5458/5458/5458  5451/5451/5451  5449/5449/5449
f 5460/5460/5460  5458/5458/5458  5449/5449/5449
f 5462/5462/5462  5460/5460/5460  5449/5449/5449
f 5458/5458/5458  5455/5455/5455  5451/5451/5451
f 5694/5694/5694  5456/5456/5456  5459/5459/5459
f 5697/5697/5697  5472/5472/5472  5457/5457/5457
f 5697/5697/5697  5457/5457/5457  5695/5695/5695
f 5710/5710/5710  5459/5459/5459  5461/5461/5461
f 5710/5710/5710  5694/5694/5694  5459/5459/5459
f 5708/5708/5708  5461/5461/5461  5463/5463/5463
f 5710/5710/5710  5461/5461/5461  5708/5708/5708
f 5706/5706/5706  5463/5463/5463  5465/5465/5465
f 5708/5708/5708  5463/5463/5463  5706/5706/5706
f 5704/5704/5704  5466/5466/5466  5468/5468/5468
f 5706/5706/5706  5465/5465/5465  5703/5703/5703
f 5701/5701/5701  5468/5468/5468  5470/5470/5470
f 5704/5704/5704  5468/5468/5468  5701/5701/5701
f 5699/5699/5699  5470/5470/5470  5472/5472/5472
f 5701/5701/5701  5470/5470/5470  5699/5699/5699
f 5699/5699/5699  5472/5472/5472  5697/5697/5697
f 5655/5655/5655  5474/5474/5474  5477/5477/5477
f 5658/5658/5658  5490/5490/5490  5475/5475/5475
f 5658/5658/5658  5475/5475/5475  5656/5656/5656
f 5671/5671/5671  5477/5477/5477  5479/5479/5479
f 5671/5671/5671  5655/5655/5655  5477/5477/5477
f 5669/5669/5669  5479/5479/5479  5481/5481/5481
f 5671/5671/5671  5479/5479/5479  5669/5669/5669
f 5667/5667/5667  5481/5481/5481  5483/5483/5483
f 5669/5669/5669  5481/5481/5481  5667/5667/5667
f 5665/5665/5665  5484/5484/5484  5486/5486/5486
f 5667/5667/5667  5483/5483/5483  5664/5664/5664
f 5662/5662/5662  5486/5486/5486  5488/5488/5488
f 5665/5665/5665  5486/5486/5486  5662/5662/5662
f 5660/5660/5660  5488/5488/5488  5490/5490/5490
f 5662/5662/5662  5488/5488/5488  5660/5660/5660
f 5660/5660/5660  5490/5490/5490  5658/5658/5658
f 5756/5756/5756  5492/5492/5492  5495/5495/5495
f 5759/5759/5759  5508/5508/5508  5493/5493/5493
f 5759/5759/5759  5493/5493/5493  5757/5757/5757
f 5772/5772/5772  5495/5495/5495  5497/5497/5497
f 5772/5772/5772  5756/5756/5756  5495/5495/5495
f 5770/5770/5770  5497/5497/5497  5499/5499/5499
f 5772/5772/5772  5497/5497/5497  5770/5770/5770
f 5768/5768/5768  5499/5499/5499  5501/5501/5501
f 5770/5770/5770  5499/5499/5499  5768/5768/5768
f 5766/5766/5766  5502/5502/5502  5504/5504/5504
f 5768/5768/5768  5501/5501/5501  5765/5765/5765
f 5763/5763/5763  5504/5504/5504  5506/5506/5506
f 5766/5766/5766  5504/5504/5504  5763/5763/5763
f 5761/5761/5761  5506/5506/5506  5508/5508/5508
f 5763/5763/5763  5506/5506/5506  5761/5761/5761
f 5761/5761/5761  5508/5508/5508  5759/5759/5759
f 5557/5557/5557  5510/5510/5510  5513/5513/5513
f 5558/5558/5558  5555/5555/5555  5511/5511/5511
f 5559/5559/5559  5513/5513/5513  5515/5515/5515
f 5559/5559/5559  5557/5557/5557  5513/5513/5513
f 5562/5562/5562  5515/5515/5515  5517/5517/5517
f 5562/5562/5562  5559/5559/5559  5515/5515/5515
f 5562/5562/5562  5517/5517/5517  5519/5519/5519
f 5564/5564/5564  5562/5562/5562  5519/5519/5519
f 5580/5580/5580  5564/5564/5564  5519/5519/5519
f 5700/5700/5700  5522/5522/5522  5525/5525/5525
f 5698/5698/5698  5679/5679/5679  5522/5522/5522
f 5700/5700/5700  5698/5698/5698  5522/5522/5522
f 5702/5702/5702  5525/5525/5525  5528/5528/5528
f 5702/5702/5702  5700/5700/5700  5525/5525/5525
f 5675/5675/5675  5527/5527/5527  5531/5531/5531
f 5610/5610/5610  5527/5527/5527  5608/5608/5608
f 5675/5675/5675  5608/5608/5608  5527/5527/5527
f 5676/5676/5676  5527/5527/5527  5610/5610/5610
f 5691/5691/5691  5528/5528/5528  5677/5677/5677
f 5702/5702/5702  5528/5528/5528  5691/5691/5691
f 5674/5674/5674  5530/5530/5530  5533/5533/5533
f 5607/5607/5607  5533/5533/5533  5535/5535/5535
f 5674/5674/5674  5533/5533/5533  5607/5607/5607
f 5605/5605/5605  5535/5535/5535  5537/5537/5537
f 5607/5607/5607  5535/5535/5535  5605/5605/5605
f 5605/5605/5605  5537/5537/5537  5539/5539/5539
f 5603/5603/5603  5539/5539/5539  5541/5541/5541
f 5605/5605/5605  5539/5539/5539  5603/5603/5603
f 5601/5601/5601  5541/5541/5541  5543/5543/5543
f 5603/5603/5603  5541/5541/5541  5601/5601/5601
f 5601/5601/5601  5543/5543/5543  5545/5545/5545
f 5549/5549/5549  5546/5546/5546  5544/5544/5544
f 5545/5545/5545  5548/5548/5548  5673/5673/5673
f 5601/5601/5601  5545/5545/5545  5599/5599/5599
f 5653/5653/5653  5547/5547/5547  5551/5551/5551
f 5673/5673/5673  5599/5599/5599  5545/5545/5545
f 5672/5672/5672  5547/5547/5547  5653/5653/5653
f 5663/5663/5663  5550/5550/5550  5553/5553/5553
f 5661/5661/5661  5652/5652/5652  5550/5550/5550
f 5663/5663/5663  5661/5661/5661  5550/5550/5550
f 5668/5668/5668  5553/5553/5553  5556/5556/5556
f 5666/5666/5666  5663/5663/5663  5553/5553/5553
f 5668/5668/5668  5666/5666/5666  5553/5553/5553
f 5560/5560/5560  5555/5555/5555  5558/5558/5558
f 5582/5582/5582  5555/5555/5555  5560/5560/5560
f 5585/5585/5585  5555/5555/5555  5582/5582/5582
f 5668/5668/5668  5556/5556/5556  5587/5587/5587
f 5583/5583/5583  5561/5561/5561  5563/5563/5563
f 5609/5609/5609  5563/5563/5563  5565/5565/5565
f 5588/5588/5588  5583/5583/5583  5563/5563/5563
f 5590/5590/5590  5588/5588/5588  5563/5563/5563
f 5604/5604/5604  5590/5590/5590  5563/5563/5563
f 5609/5609/5609  5604/5604/5604  5563/5563/5563
f 5580/5580/5580  5566/5566/5566  5564/5564/5564
f 5616/5616/5616  5565/5565/5565  5567/5567/5567
f 5612/5612/5612  5609/5609/5609  5565/5565/5565
f 5614/5614/5614  5612/5612/5612  5565/5565/5565
f 5616/5616/5616  5614/5614/5614  5565/5565/5565
f 5576/5576/5576  5568/5568/5568  5566/5566/5566
f 5642/5642/5642  5567/5567/5567  5569/5569/5569
f 5578/5578/5578  5576/5576/5576  5566/5566/5566
f 5580/5580/5580  5578/5578/5578  5566/5566/5566
f 5618/5618/5618  5616/5616/5616  5567/5567/5567
f 5621/5621/5621  5618/5618/5618  5567/5567/5567
f 5624/5624/5624  5621/5621/5621  5567/5567/5567
f 5638/5638/5638  5624/5624/5624  5567/5567/5567
f 5640/5640/5640  5638/5638/5638  5567/5567/5567
f 5642/5642/5642  5640/5640/5640  5567/5567/5567
f 5571/5571/5571  5568/5568/5568  5576/5576/5576
f 5739/5739/5739  5570/5570/5570  5572/5572/5572
f 5576/5576/5576  5573/5573/5573  5571/5571/5571
f 5739/5739/5739  5643/5643/5643  5570/5570/5570
f 5739/5739/5739  5572/5572/5572  5575/5575/5575
f 5711/5711/5711  5574/5574/5574  5577/5577/5577
f 5739/5739/5739  5575/5575/5575  5712/5712/5712
f 5589/5589/5589  5586/5586/5586  5584/5584/5584
f 5645/5645/5645  5586/5586/5586  5589/5589/5589
f 5670/5670/5670  5587/5587/5587  5646/5646/5646
f 5670/5670/5670  5668/5668/5668  5587/5587/5587
f 5645/5645/5645  5589/5589/5589  5591/5591/5591
f 5602/5602/5602  5592/5592/5592  5590/5590/5590
f 5647/5647/5647  5591/5591/5591  5593/5593/5593
f 5604/5604/5604  5602/5602/5602  5590/5590/5590
f 5647/5647/5647  5645/5645/5645  5591/5591/5591
f 5602/5602/5602  5594/5594/5594  5592/5592/5592
f 5649/5649/5649  5593/5593/5593  5595/5595/5595
f 5649/5649/5649  5647/5647/5647  5593/5593/5593
f 5600/5600/5600  5597/5597/5597  5594/5594/5594
f 5653/5653/5653  5596/5596/5596  5598/5598/5598
f 5602/5602/5602  5600/5600/5600  5594/5594/5594
f 5651/5651/5651  5649/5649/5649  5595/5595/5595
f 5672/5672/5672  5653/5653/5653  5598/5598/5598
f 5609/5609/5609  5606/5606/5606  5604/5604/5604
f 5678/5678/5678  5611/5611/5611  5613/5613/5613
f 5692/5692/5692  5613/5613/5613  5615/5615/5615
f 5692/5692/5692  5678/5678/5678  5613/5613/5613
f 5690/5690/5690  5615/5615/5615  5617/5617/5617
f 5692/5692/5692  5615/5615/5615  5690/5690/5690
f 5688/5688/5688  5617/5617/5617  5620/5620/5620
f 5690/5690/5690  5617/5617/5617  5688/5688/5688
f 5685/5685/5685  5619/5619/5619  5623/5623/5623
f 5688/5688/5688  5620/5620/5620  5686/5686/5686
f 5735/5735/5735  5622/5622/5622  5625/5625/5625
f 5754/5754/5754  5685/5685/5685  5623/5623/5623
f 5735/5735/5735  5737/5737/5737  5753/5753/5753
f 5753/5753/5753  5622/5622/5622  5735/5735/5735
f 5636/5636/5636  5626/5626/5626  5624/5624/5624
f 5731/5731/5731  5625/5625/5625  5627/5627/5627
f 5638/5638/5638  5636/5636/5636  5624/5624/5624
f 5733/5733/5733  5625/5625/5625  5731/5731/5731
f 5735/5735/5735  5625/5625/5625  5733/5733/5733
f 5630/5630/5630  5628/5628/5628  5626/5626/5626
f 5729/5729/5729  5627/5627/5627  5629/5629/5629
f 5633/5633/5633  5630/5630/5630  5626/5626/5626
f 5636/5636/5636  5633/5633/5633  5626/5626/5626
f 5731/5731/5731  5627/5627/5627  5729/5729/5729
f 5725/5725/5725  5629/5629/5629  5632/5632/5632
f 5727/5727/5727  5629/5629/5629  5725/5725/5725
f 5729/5729/5729  5629/5629/5629  5727/5727/5727
f 5717/5717/5717  5631/5631/5631  5635/5635/5635
f 5751/5751/5751  5631/5631/5631  5717/5717/5717
f 5725/5725/5725  5632/5632/5632  5723/5723/5723
f 5752/5752/5752  5723/5723/5723  5632/5632/5632
f 5742/5742/5742  5634/5634/5634  5637/5637/5637
f 5743/5743/5743  5717/5717/5717  5635/5635/5635
f 5745/5745/5745  5637/5637/5637  5639/5639/5639
f 5745/5745/5745  5742/5742/5742  5637/5637/5637
f 5747/5747/5747  5639/5639/5639  5641/5641/5641
f 5747/5747/5747  5745/5745/5745  5639/5639/5639
f 5749/5749/5749  5641/5641/5641  5644/5644/5644
f 5749/5749/5749  5747/5747/5747  5641/5641/5641
f 5749/5749/5749  5644/5644/5644  5740/5740/5740
f 5670/5670/5670  5646/5646/5646  5648/5648/5648
f 5654/5654/5654  5648/5648/5648  5650/5650/5650
f 5670/5670/5670  5648/5648/5648  5654/5654/5654
f 5659/5659/5659  5650/5650/5650  5652/5652/5652
f 5657/5657/5657  5654/5654/5654  5650/5650/5650
f 5659/5659/5659  5657/5657/5657  5650/5650/5650
f 5661/5661/5661  5659/5659/5659  5652/5652/5652
f 5684/5684/5684  5681/5681/5681  5679/5679/5679
f 5687/5687/5687  5684/5684/5684  5679/5679/5679
f 5693/5693/5693  5687/5687/5687  5679/5679/5679
f 5696/5696/5696  5693/5693/5693  5679/5679/5679
f 5698/5698/5698  5696/5696/5696  5679/5679/5679
f 5738/5738/5738  5683/5683/5683  5685/5685/5685
f 5736/5736/5736  5734/5734/5734  5682/5682/5682
f 5754/5754/5754  5738/5738/5738  5685/5685/5685
f 5693/5693/5693  5689/5689/5689  5687/5687/5687
f 5707/5707/5707  5691/5691/5691  5689/5689/5689
f 5709/5709/5709  5689/5689/5689  5693/5693/5693
f 5709/5709/5709  5707/5707/5707  5689/5689/5689
f 5705/5705/5705  5702/5702/5702  5691/5691/5691
f 5707/5707/5707  5705/5705/5705  5691/5691/5691
f 5741/5741/5741  5713/5713/5713  5715/5715/5715
f 5755/5755/5755  5715/5715/5715  5718/5718/5718
f 5771/5771/5771  5741/5741/5741  5715/5715/5715
f 5771/5771/5771  5715/5715/5715  5755/5755/5755
f 5751/5751/5751  5717/5717/5717  5720/5720/5720
f 5760/5760/5760  5718/5718/5718  5744/5744/5744
f 5758/5758/5758  5755/5755/5755  5718/5718/5718
f 5760/5760/5760  5758/5758/5758  5718/5718/5718
f 5752/5752/5752  5721/5721/5721  5723/5723/5723
f 5769/5769/5769  5750/5750/5750  5741/5741/5741
f 5771/5771/5771  5769/5769/5769  5741/5741/5741
f 5760/5760/5760  5744/5744/5744  5746/5746/5746
f 5762/5762/5762  5746/5746/5746  5748/5748/5748
f 5762/5762/5762  5760/5760/5760  5746/5746/5746
f 5764/5764/5764  5748/5748/5748  5750/5750/5750
f 5764/5764/5764  5762/5762/5762  5748/5748/5748
f 5767/5767/5767  5764/5764/5764  5750/5750/5750
f 5769/5769/5769  5767/5767/5767  5750/5750/5750
f 5827/5827/5827  5775/5775/5775  5777/5777/5777
f 5821/5821/5821  5798/5798/5798  5775/5775/5775
f 5823/5823/5823  5821/5821/5821  5775/5775/5775
f 5825/5825/5825  5823/5823/5823  5775/5775/5775
f 5827/5827/5827  5825/5825/5825  5775/5775/5775
f 5831/5831/5831  5777/5777/5777  5779/5779/5779
f 5829/5829/5829  5827/5827/5827  5777/5777/5777
f 5831/5831/5831  5829/5829/5829  5777/5777/5777
f 5783/5783/5783  5779/5779/5779  5781/5781/5781
f 5785/5785/5785  5779/5779/5779  5783/5783/5783
f 5799/5799/5799  5779/5779/5779  5785/5785/5785
f 5831/5831/5831  5779/5779/5779  5799/5799/5799
f 5804/5804/5804  5785/5785/5785  5788/5788/5788
f 5802/5802/5802  5799/5799/5799  5785/5785/5785
f 5804/5804/5804  5802/5802/5802  5785/5785/5785
f 5810/5810/5810  5788/5788/5788  5790/5790/5790
f 5806/5806/5806  5804/5804/5804  5788/5788/5788
f 5808/5808/5808  5806/5806/5806  5788/5788/5788
f 5810/5810/5810  5808/5808/5808  5788/5788/5788
f 5814/5814/5814  5790/5790/5790  5792/5792/5792
f 5812/5812/5812  5810/5810/5810  5790/5790/5790
f 5814/5814/5814  5812/5812/5812  5790/5790/5790
f 5796/5796/5796  5792/5792/5792  5794/5794/5794
f 5798/5798/5798  5792/5792/5792  5796/5796/5796
f 5816/5816/5816  5792/5792/5792  5798/5798/5798
f 5816/5816/5816  5814/5814/5814  5792/5792/5792
f 5819/5819/5819  5816/5816/5816  5798/5798/5798
f 5821/5821/5821  5819/5819/5819  5798/5798/5798
f 5851/5851/5851  5801/5801/5801  5803/5803/5803
f 5848/5848/5848  5832/5832/5832  5800/5800/5800
f 5850/5850/5850  5848/5848/5848  5800/5800/5800
f 5855/5855/5855  5803/5803/5803  5805/5805/5805
f 5853/5853/5853  5851/5851/5851  5803/5803/5803
f 5855/5855/5855  5853/5853/5853  5803/5803/5803
f 5855/5855/5855  5805/5805/5805  5807/5807/5807
f 5857/5857/5857  5807/5807/5807  5809/5809/5809
f 5857/5857/5857  5855/5855/5855  5807/5807/5807
f 5859/5859/5859  5809/5809/5809  5811/5811/5811
f 5859/5859/5859  5857/5857/5857  5809/5809/5809
f 5861/5861/5861  5811/5811/5811  5813/5813/5813
f 5861/5861/5861  5859/5859/5859  5811/5811/5811
f 5865/5865/5865  5813/5813/5813  5815/5815/5815
f 5863/5863/5863  5861/5861/5861  5813/5813/5813
f 5865/5865/5865  5863/5863/5863  5813/5813/5813
f 5865/5865/5865  5815/5815/5815  5818/5818/5818
f 5833/5833/5833  5817/5817/5817  5820/5820/5820
f 5865/5865/5865  5818/5818/5818  5834/5834/5834
f 5838/5838/5838  5820/5820/5820  5822/5822/5822
f 5836/5836/5836  5833/5833/5833  5820/5820/5820
f 5838/5838/5838  5836/5836/5836  5820/5820/5820
f 5838/5838/5838  5822/5822/5822  5824/5824/5824
f 5840/5840/5840  5824/5824/5824  5826/5826/5826
f 5840/5840/5840  5838/5838/5838  5824/5824/5824
f 5842/5842/5842  5826/5826/5826  5828/5828/5828
f 5842/5842/5842  5840/5840/5840  5826/5826/5826
f 5844/5844/5844  5828/5828/5828  5830/5830/5830
f 5844/5844/5844  5842/5842/5842  5828/5828/5828
f 5848/5848/5848  5830/5830/5830  5832/5832/5832
f 5846/5846/5846  5844/5844/5844  5830/5830/5830
f 5848/5848/5848  5846/5846/5846  5830/5830/5830
f 5866/5866/5866  5835/5835/5835  5837/5837/5837
f 5866/5866/5866  5837/5837/5837  5839/5839/5839
f 5864/5864/5864  5839/5839/5839  5841/5841/5841
f 5866/5866/5866  5839/5839/5839  5864/5864/5864
f 5860/5860/5860  5841/5841/5841  5843/5843/5843
f 5862/5862/5862  5841/5841/5841  5860/5860/5860
f 5864/5864/5864  5841/5841/5841  5862/5862/5862
f 5858/5858/5858  5843/5843/5843  5845/5845/5845
f 5860/5860/5860  5843/5843/5843  5858/5858/5858
f 5858/5858/5858  5845/5845/5845  5847/5847/5847
f 5856/5856/5856  5847/5847/5847  5849/5849/5849
f 5858/5858/5858  5847/5847/5847  5856/5856/5856
f 5854/5854/5854  5849/5849/5849  5852/5852/5852
f 5856/5856/5856  5849/5849/5849  5854/5854/5854

v  -13.100000 114.132497 5.850000
v  -13.100000 114.132497 5.850000
v  -13.100000 114.132497 5.850000
v  -13.100000 115.699986 -0.012836
v  -13.100000 115.699986 -0.012836
v  -13.100000 114.129698 -5.854684
v  -13.100000 114.129698 -5.854684
v  -13.100000 109.848966 -10.133087
v  -13.100000 109.848966 -10.133087
v  -13.100000 103.998773 -11.699932
v  -13.100000 103.998773 -11.699932
v  -13.100000 98.150117 -10.132583
v  -13.100000 98.150117 -10.132583
v  -13.100000 93.867503 -5.850000
v  -13.100000 93.867503 -5.850000
v  -13.100000 93.867503 -5.850000
v  -13.100000 92.300014 0.012836
v  -13.100000 92.300014 0.012836
v  -13.100000 93.870302 5.854684
v  -13.100000 93.870302 5.854684
v  -13.100000 98.151034 10.133087
v  -13.100000 98.151034 10.133087
v  -13.100000 104.001227 11.699932
v  -13.100000 104.001227 11.699932
v  -13.100000 109.849883 10.132583
v  -13.100000 109.849883 10.132583
v  -13.100000 98.500000 9.526279
v  -13.100000 98.500000 9.526279
v  -13.100000 98.500000 9.526279
v  -13.100000 94.466975 5.488271
v  -13.100000 94.466975 5.488271
v  -13.100000 93.000085 -0.004495
v  -13.100000 93.000085 -0.004495
v  -13.100000 94.474996 -5.502195
v  -13.100000 94.474996 -5.502195
v  -13.100000 98.502361 -9.527564
v  -13.100000 98.502361 -9.527564
v  -13.100000 103.998904 -11.000009
v  -13.100000 103.998904 -11.000009
v  -13.100000 109.500000 -9.526279
v  -13.100000 109.500000 -9.526279
v  -13.100000 109.500000 -9.526279
v  -13.100000 113.533025 -5.488271
v  -13.100000 113.533025 -5.488271
v  -13.100000 114.999915 0.004495
v  -13.100000 114.999915 0.004495
v  -13.100000 113.525004 5.502195
v  -13.100000 113.525004 5.502195
v  -13.100000 109.497639 9.527564
v  -13.100000 109.497639 9.527564
v  -13.100000 104.001096 11.000009
v  -13.100000 104.001096 11.000009
v  -14.350000 93.867503 -5.850000
v  -14.350000 93.867503 -5.850000
v  -14.350000 93.867503 -5.850000
v  -14.350000 92.299984 0.000145
v  -14.350000 92.299984 0.000145
v  -14.350000 93.866948 5.848904
v  -14.350000 93.866948 5.848904
v  -14.350000 98.148972 10.131896
v  -14.350000 98.148972 10.131896
v  -14.350000 103.994544 11.699918
v  -14.350000 103.994544 11.699918
v  -14.350000 109.838877 10.138903
v  -14.350000 109.838877 10.138903
v  -14.350000 114.132497 5.850000
v  -14.350000 114.132497 5.850000
v  -14.350000 114.132497 5.850000
v  -14.350000 115.700016 -0.000145
v  -14.350000 115.700016 -0.000145
v  -14.350000 114.133052 -5.848904
v  -14.350000 114.133052 -5.848904
v  -14.350000 109.851028 -10.131896
v  -14.350000 109.851028 -10.131896
v  -14.350000 104.005456 -11.699918
v  -14.350000 104.005456 -11.699918
v  -14.350000 98.161123 -10.138903
v  -14.350000 98.161123 -10.138903
v  -14.350000 91.606216 0.349999
v  -14.350000 91.606216 0.349999
v  -14.350000 91.606216 0.349999
v  -14.350000 91.421510 0.558767
v  -14.350000 91.421510 0.558767
v  -14.350000 91.167981 0.679546
v  -14.350000 91.167981 0.679546
v  -14.350000 91.167981 0.679546
v  -14.350000 93.043543 6.714051
v  -14.350000 93.043543 6.714051
v  -14.350000 97.566514 11.123417
v  -14.350000 97.566514 11.123417
v  -14.350000 103.658288 12.845456
v  -14.350000 103.658288 12.845456
v  -14.350000 109.827506 11.452628
v  -14.350000 109.827506 11.452628
v  -14.350000 109.827506 11.452628
v  -14.350000 109.805339 11.172675
v  -14.350000 109.805339 11.172675
v  -14.350000 109.893784 10.908331
v  -14.350000 109.893784 10.908331
v  -14.350000 109.893784 10.908331
v  -14.350000 110.413009 10.563834
v  -14.350000 110.413009 10.563834
v  -14.350000 111.004514 10.773082
v  -14.350000 111.004514 10.773082
v  -14.350000 111.004514 10.773082
v  -14.350000 113.323481 8.842802
v  -14.350000 113.323481 8.842802
v  -14.350000 115.128426 6.425000
v  -14.350000 115.128426 6.425000
v  -14.350000 116.383156 3.432041
v  -14.350000 116.383156 3.432041
v  -14.350000 116.847956 0.224080
v  -14.350000 116.847956 0.224080
v  -14.350000 116.495675 -2.996288
v  -14.350000 116.495675 -2.996288
v  -14.350000 115.349217 -6.026231
v  -14.350000 115.349217 -6.026231
v  -14.350000 113.480140 -8.674584
v  -14.350000 113.480140 -8.674584
v  -14.350000 111.004514 -10.773082
v  -14.350000 111.004514 -10.773082
v  -14.350000 111.004514 -10.773082
v  -14.350000 110.596086 -10.565034
v  -14.350000 110.596086 -10.565034
v  -14.350000 110.150002 -10.652116
v  -14.350000 110.150002 -10.652116
v  -14.350000 109.851545 -10.994895
v  -14.350000 109.851545 -10.994895
v  -14.350000 109.827506 -11.452628
v  -14.350000 109.827506 -11.452628
v  -14.350000 109.827506 -11.452628
v  -14.350000 106.772381 -12.547325
v  -14.350000 106.772381 -12.547325
v  -14.350000 103.544329 -12.841828
v  -14.350000 103.544329 -12.841828
v  -14.350000 100.347097 -12.319738
v  -14.350000 100.347097 -12.319738
v  -14.350000 97.382021 -11.014651
v  -14.350000 97.382021 -11.014651
v  -14.350000 94.836217 -9.008137
v  -14.350000 94.836217 -9.008137
v  -14.350000 92.871574 -6.425000
v  -14.350000 92.871574 -6.425000
v  -14.350000 91.680169 -3.652971
v  -14.350000 91.680169 -3.652971
v  -14.350000 91.167981 -0.679546
v  -14.350000 91.167981 -0.679546
v  -14.350000 91.167981 -0.679546
v  -14.350000 91.644947 -0.271912
v  -14.350000 91.644947 -0.271912
v  -13.900000 91.167981 -0.679546
v  -13.900000 91.167981 -0.679546
v  -13.900000 91.167981 -0.679546
v  -13.900000 90.725274 -0.643741
v  -13.900000 90.725274 -0.643741
v  -13.900000 90.393872 -0.349948
v  -13.900000 90.393872 -0.349948
v  -13.900000 90.393872 -0.349948
v  -16.850000 90.393782 -0.350000
v  -16.850000 90.393782 -0.350000
v  -16.850000 90.393782 -0.350000
v  -16.850000 90.998186 -0.699943
v  -16.850000 90.998186 -0.699943
v  -16.850000 91.604260 -0.353229
v  -16.850000 91.604260 -0.353229
v  -16.850000 91.699925 -0.003452
v  -16.850000 91.699925 -0.003452
v  -16.850000 91.606218 0.350000
v  -16.850000 91.606218 0.350000
v  -16.850000 91.606218 0.350000
v  -13.900000 91.875644 -7.000000
v  -13.900000 91.875644 -7.000000
v  -13.900000 91.875644 -7.000000
v  -13.900000 90.038122 -1.032759
v  -13.900000 90.038122 -1.032759
v  -13.900000 90.970520 5.121462
v  -13.900000 90.970520 5.121462
v  -13.900000 94.475489 10.260734
v  -13.900000 94.475489 10.260734
v  -13.900000 99.871581 13.377399
v  -13.900000 99.871581 13.377399
v  -13.900000 106.086941 13.843459
v  -13.900000 106.086941 13.843459
v  -13.900000 111.885682 11.567907
v  -13.900000 111.885682 11.567907
v  -13.900000 116.124356 7.000000
v  -13.900000 116.124356 7.000000
v  -13.900000 116.124356 7.000000
v  -13.900000 117.961878 1.032759
v  -13.900000 117.961878 1.032759
v  -13.900000 117.029480 -5.121462
v  -13.900000 117.029480 -5.121462
v  -13.900000 113.524511 -10.260734
v  -13.900000 113.524511 -10.260734
v  -13.900000 111.003686 -12.122093
v  -13.900000 111.003686 -12.122093
v  -13.900000 108.128419 -13.377399
v  -13.900000 108.128419 -13.377399
v  -13.900000 101.913059 -13.843459
v  -13.900000 101.913059 -13.843459
v  -13.900000 96.114318 -11.567907
v  -13.900000 96.114318 -11.567907
v  -13.900000 111.106129 11.608279
v  -13.900000 111.106129 11.608279
v  -13.900000 111.106129 11.608279
v  -13.900000 110.813550 11.884035
v  -13.900000 110.813550 11.884035
v  -13.900000 110.416719 11.953188
v  -13.900000 110.416719 11.953188
v  -13.900000 110.047135 11.792030
v  -13.900000 110.047135 11.792030
v  -13.900000 109.827506 11.452628
v  -13.900000 109.827506 11.452628
v  -13.900000 109.827506 11.452628
v  -13.900000 103.663690 12.845595
v  -13.900000 103.663690 12.845595
v  -13.900000 97.583582 11.133271
v  -13.900000 97.583582 11.133271
v  -13.900000 93.046365 6.718659
v  -13.900000 93.046365 6.718659
v  -13.900000 91.167981 0.679546
v  -13.900000 91.167981 0.679546
v  -13.900000 91.167981 0.679546
v  -13.900000 90.764185 0.659024
v  -13.900000 90.764185 0.659024
v  -13.900000 90.439902 0.419592
v  -13.900000 90.439902 0.419592
v  -13.900000 90.301357 0.041484
v  -13.900000 90.301357 0.041484
v  -13.900000 91.680169 -3.652971
v  -13.900000 91.680169 -3.652971
v  -13.900000 92.871574 -6.425000
v  -13.900000 92.871574 -6.425000
v  -13.900000 94.836187 -9.008107
v  -13.900000 94.836187 -9.008107
v  -13.900000 97.381963 -11.014616
v  -13.900000 97.381963 -11.014616
v  -13.900000 100.347024 -12.319716
v  -13.900000 100.347024 -12.319716
v  -13.900000 103.544261 -12.841826
v  -13.900000 103.544261 -12.841826
v  -13.900000 106.772340 -12.547334
v  -13.900000 106.772340 -12.547334
v  -13.900000 109.827506 -11.452628
v  -13.900000 109.827506 -11.452628
v  -13.900000 109.827506 -11.452628
v  -13.900000 109.855922 -11.532489
v  -13.900000 109.855922 -11.532489
v  -13.900000 109.893782 -11.608330
v  -13.900000 109.893782 -11.608330
v  -13.900000 109.893782 -11.608330
v  -13.900000 109.940533 -11.679039
v  -13.900000 109.940533 -11.679039
v  -13.900000 109.995486 -11.743579
v  -13.900000 109.995486 -11.743579
v  -13.900000 110.614450 -11.948829
v  -13.900000 110.614450 -11.948829
v  -13.900000 111.131598 -11.559943
v  -13.900000 111.131598 -11.559943
v  -13.900000 111.106218 -10.908330
v  -13.900000 111.106218 -10.908330
v  -13.900000 111.106218 -10.908330
v  -13.900000 111.059467 -10.837622
v  -13.900000 111.059467 -10.837622
v  -13.900000 111.004514 -10.773082
v  -13.900000 111.004514 -10.773082
v  -13.900000 111.004514 -10.773082
v  -13.900000 113.480111 -8.674615
v  -13.900000 113.480111 -8.674615
v  -13.900000 115.349185 -6.026291
v  -13.900000 115.349185 -6.026291
v  -13.900000 116.495658 -2.996362
v  -13.900000 116.495658 -2.996362
v  -13.900000 116.847957 0.224012
v  -13.900000 116.847957 0.224012
v  -13.900000 116.383167 3.432001
v  -13.900000 116.383167 3.432001
v  -13.900000 115.128426 6.425000
v  -13.900000 115.128426 6.425000
v  -13.900000 113.323481 8.842802
v  -13.900000 113.323481 8.842802
v  -13.900000 111.004514 10.773082
v  -13.900000 111.004514 10.773082
v  -13.900000 111.004514 10.773082
v  -13.900000 111.194869 11.174478
v  -13.900000 111.194869 11.174478
v  -17.050000 110.116095 -12.593387
v  -17.050000 110.116095 -12.593387
v  -17.050000 110.116095 -12.593387
v  -17.050000 105.080880 -13.958213
v  -17.050000 105.080880 -13.958213
v  -17.050000 99.895576 -13.384831
v  -17.050000 99.895576 -13.384831
v  -17.050000 95.280204 -10.952861
v  -17.050000 95.280204 -10.952861
v  -17.050000 91.875644 -7.000000
v  -17.050000 91.875644 -7.000000
v  -17.050000 91.875644 -7.000000
v  -17.050000 116.124356 7.000000
v  -17.050000 116.124356 7.000000
v  -17.050000 116.124356 7.000000
v  -17.050000 117.845354 2.075134
v  -17.050000 117.845354 2.075134
v  -17.050000 117.643816 -3.137880
v  -17.050000 117.643816 -3.137880
v  -17.050000 115.547727 -7.915176
v  -17.050000 115.547727 -7.915176
v  -17.050000 111.848145 -11.593387
v  -17.050000 111.848145 -11.593387
v  -17.050000 111.848145 -11.593387
v  -16.850000 111.848145 -11.593387
v  -16.850000 111.848145 -11.593387
v  -16.850000 111.848145 -11.593387
v  -16.850000 110.999999 -12.124354
v  -16.850000 110.999999 -12.124354
v  -16.850000 110.116095 -12.593387
v  -16.850000 110.116095 -12.593387
v  -16.850000 110.116095 -12.593387
v  -17.550000 109.865431 -12.159224
v  -17.550000 109.865431 -12.159224
v  -17.550000 109.865431 -12.159224
v  -17.550000 103.493219 -13.490457
v  -17.550000 103.493219 -13.490457
v  -17.550000 97.229584 -11.679524
v  -17.550000 97.229584 -11.679524
v  -17.550000 92.552352 -7.155477
v  -17.550000 92.552352 -7.155477
v  -17.550000 90.534981 -0.971212
v  -17.550000 90.534981 -0.971212
v  -17.550000 90.534981 -0.971212
v  -17.300014 90.283179 -0.954421
v  -17.300014 90.283179 -0.954421
v  -17.050000 90.031434 -0.937634
v  -17.050000 90.031434 -0.937634
v  -17.050000 90.031434 -0.937634
v  -17.050000 90.606038 -4.074529
v  -17.050000 90.606038 -4.074529
v  -17.300004 109.990767 -12.376312
v  -17.300004 109.990767 -12.376312
v  -17.550000 109.602626 11.699601
v  -17.550000 109.602626 11.699601
v  -17.550000 109.602626 11.699601
v  -17.550000 109.835675 12.173533
v  -17.550000 109.835675 12.173533
v  -17.550000 109.835675 12.173533
v  -17.550000 103.488525 13.490285
v  -17.550000 103.488525 13.490285
v  -17.550000 97.257653 11.695751
v  -17.550000 97.257653 11.695751
v  -17.550000 92.575332 7.192088
v  -17.550000 92.575332 7.192088
v  -17.550000 90.539574 1.032923
v  -17.550000 90.539574 1.032923
v  -17.550000 90.539574 1.032923
v  -17.550000 91.066535 0.997784
v  -17.550000 91.066535 0.997784
v  -17.550000 91.066535 0.997784
v  -17.550000 91.528548 0.848900
v  -17.550000 91.528548 0.848900
v  -17.550000 91.866025 0.500000
v  -17.550000 91.866025 0.500000
v  -17.550000 91.999810 -0.017345
v  -17.550000 91.999810 -0.017345
v  -17.550000 91.848829 -0.528521
v  -17.550000 91.848829 -0.528521
v  -17.550000 91.456733 -0.889559
v  -17.550000 91.456733 -0.889559
v  -17.550000 90.933465 -0.997784
v  -17.550000 90.933465 -0.997784
v  -17.550000 90.933465 -0.997784
v  -17.550000 109.633975 -11.758330
v  -17.550000 109.633975 -11.758330
v  -17.550000 109.633975 -11.758330
v  -17.550000 109.500013 -11.253710
v  -17.550000 109.500013 -11.253710
v  -17.550000 109.637242 -10.752724
v  -17.550000 109.637242 -10.752724
v  -17.550000 110.501458 -10.258336
v  -17.550000 110.501458 -10.258336
v  -17.550000 111.366025 -10.758330
v  -17.550000 111.366025 -10.758330
v  -17.550000 111.366025 -10.758330
v  -17.550000 111.597481 -11.159224
v  -17.550000 111.597481 -11.159224
v  -17.550000 111.597481 -11.159224
v  -17.550000 115.934170 -6.310713
v  -17.550000 115.934170 -6.310713
v  -17.550000 117.499993 0.005275
v  -17.550000 117.499993 0.005275
v  -17.550000 115.922958 6.331851
v  -17.550000 115.922958 6.331851
v  -17.550000 111.573604 11.175443
v  -17.550000 111.573604 11.175443
v  -17.550000 111.573604 11.175443
v  -17.550000 111.397374 10.817059
v  -17.550000 111.397374 10.817059
v  -17.550000 111.397374 10.817059
v  -17.550000 111.041996 10.417997
v  -17.550000 111.041996 10.417997
v  -17.550000 110.533269 10.258961
v  -17.550000 110.533269 10.258961
v  -17.550000 110.015098 10.383808
v  -17.550000 110.015098 10.383808
v  -17.550000 109.633975 10.758330
v  -17.550000 109.633975 10.758330
v  -17.550000 109.500557 11.225044
v  -17.550000 109.500557 11.225044
v  -16.850000 111.397374 10.817059
v  -16.850000 111.397374 10.817059
v  -16.850000 111.397374 10.817059
v  -16.850000 111.042014 10.418009
v  -16.850000 111.042014 10.418009
v  -16.850000 110.533298 10.258962
v  -16.850000 110.533298 10.258962
v  -16.850000 110.015116 10.383797
v  -16.850000 110.015116 10.383797
v  -16.850000 109.633975 10.758330
v  -16.850000 109.633975 10.758330
v  -16.850000 109.500557 11.225044
v  -16.850000 109.500557 11.225044
v  -16.850000 109.602626 11.699601
v  -16.850000 109.602626 11.699601
v  -16.850000 109.602626 11.699601
v  -17.300014 111.684963 11.401905
v  -17.300014 111.684963 11.401905
v  -17.050000 111.796298 11.628316
v  -17.050000 111.796298 11.628316
v  -17.050000 111.796298 11.628316
v  -16.850000 111.796298 11.628316
v  -16.850000 111.796298 11.628316
v  -16.850000 111.796298 11.628316
v  -17.300004 111.722817 -11.376312
v  -17.300004 111.722817 -11.376312
v  -17.050000 114.225627 9.562247
v  -17.050000 114.225627 9.562247
v  -16.850000 111.366025 -10.758330
v  -16.850000 111.366025 -10.758330
v  -16.850000 111.366025 -10.758330
v  -16.850000 109.633975 -11.758330
v  -16.850000 109.633975 -11.758330
v  -16.850000 109.633975 -11.758330
v  -16.850000 109.633251 -10.759595
v  -16.850000 109.633251 -10.759595
v  -16.850000 110.493511 -10.258357
v  -16.850000 110.493511 -10.258357
v  -16.850000 110.995992 -10.390006
v  -16.850000 110.995992 -10.390006
v  -16.850000 111.106218 -10.908330
v  -16.850000 111.106218 -10.908330
v  -16.850000 111.106218 -10.908330
v  -16.850000 111.199925 -11.261782
v  -16.850000 111.199925 -11.261782
v  -16.850000 111.104260 -11.611559
v  -16.850000 111.104260 -11.611559
v  -16.850000 110.498186 -11.958273
v  -16.850000 110.498186 -11.958273
v  -16.850000 109.893782 -11.608330
v  -16.850000 109.893782 -11.608330
v  -16.850000 109.893782 -11.608330
v  -16.850000 109.800075 -11.254878
v  -16.850000 109.800075 -11.254878
v  -16.850000 109.895740 -10.905101
v  -16.850000 109.895740 -10.905101
v  -16.850000 110.501814 -10.558388
v  -16.850000 110.501814 -10.558388
v  -16.850000 109.893782 10.908330
v  -16.850000 109.893782 10.908330
v  -16.850000 109.893782 10.908330
v  -16.850000 110.498186 10.558388
v  -16.850000 110.498186 10.558388
v  -16.850000 111.104260 10.905101
v  -16.850000 111.104260 10.905101
v  -16.850000 111.199925 11.254878
v  -16.850000 111.199925 11.254878
v  -16.850000 111.106218 11.608330
v  -16.850000 111.106218 11.608330
v  -16.850000 111.106218 11.608330
v  -16.850000 110.501814 11.958273
v  -16.850000 110.501814 11.958273
v  -16.850000 109.895740 11.611559
v  -16.850000 109.895740 11.611559
v  -16.850000 109.800075 11.261782
v  -16.850000 109.800075 11.261782
v  -16.850000 91.001814 0.699943
v  -16.850000 91.001814 0.699943
v  -16.850000 90.395740 0.353229
v  -16.850000 90.395740 0.353229
v  -16.850000 90.300075 0.003452
v  -16.850000 90.300075 0.003452
v  -16.850000 90.031434 -0.937634
v  -16.850000 90.031434 -0.937634
v  -16.850000 90.031434 -0.937634
v  -16.850000 90.933465 -0.997784
v  -16.850000 90.933465 -0.997784
v  -16.850000 90.933465 -0.997784
v  -16.850000 91.456752 -0.889549
v  -16.850000 91.456752 -0.889549
v  -16.850000 91.848844 -0.528496
v  -16.850000 91.848844 -0.528496
v  -16.850000 91.999810 -0.017323
v  -16.850000 91.999810 -0.017323
v  -16.850000 91.866025 0.500000
v  -16.850000 91.866025 0.500000
v  -16.850000 91.528548 0.848900
v  -16.850000 91.528548 0.848900
v  -16.850000 91.066535 0.997784
v  -16.850000 91.066535 0.997784
v  -16.850000 91.066535 0.997784
v  -16.850000 90.040658 1.066193
v  -16.850000 90.040658 1.066193
v  -16.850000 90.040658 1.066193
v  -16.850000 90.000150 0.064444
v  -16.850000 90.000150 0.064444
v  -17.050000 90.040658 1.066193
v  -17.050000 90.040658 1.066193
v  -17.050000 90.040658 1.066193
v  -17.050000 90.706185 4.390271
v  -17.050000 90.706185 4.390271
v  -17.050000 92.151192 7.456926
v  -17.050000 92.151192 7.456926
v  -17.050000 94.290952 10.086347
v  -17.050000 94.290952 10.086347
v  -17.050000 97.000000 12.124356
v  -17.050000 97.000000 12.124356
v  -17.050000 100.119492 13.451456
v  -17.050000 100.119492 13.451456
v  -17.050000 103.466516 13.989832
v  -17.050000 103.466516 13.989832
v  -17.050000 106.844822 13.707917
v  -17.050000 106.844822 13.707917
v  -17.050000 110.056321 12.622241
v  -17.050000 110.056321 12.622241
v  -17.050000 110.056321 12.622241
v  -16.850000 110.056321 12.622241
v  -16.850000 110.056321 12.622241
v  -16.850000 110.056321 12.622241
v  -16.850000 110.944114 12.156448
v  -16.850000 110.944114 12.156448
v  -16.750000 109.500000 -9.526279
v  -16.750000 109.500000 -9.526279
v  -16.750000 109.500000 -9.526279
v  -16.750000 113.526835 -5.499056
v  -16.750000 113.526835 -5.499056
v  -16.750000 114.999932 -0.002687
v  -16.750000 114.999932 -0.002687
v  -16.750000 113.527543 5.497798
v  -16.750000 113.527543 5.497798
v  -16.750000 109.503850 9.523959
v  -16.750000 109.503850 9.523959
v  -16.750000 104.013530 10.999978
v  -16.750000 104.013530 10.999978
v  -16.750000 98.500000 9.526279
v  -16.750000 98.500000 9.526279
v  -16.750000 98.500000 9.526279
v  -16.750000 94.473165 5.499056
v  -16.750000 94.473165 5.499056
v  -16.750000 93.000068 0.002687
v  -16.750000 93.000068 0.002687
v  -16.750000 94.472457 -5.497798
v  -16.750000 94.472457 -5.497798
v  -16.750000 98.496150 -9.523959
v  -16.750000 98.496150 -9.523959
v  -16.750000 103.986470 -10.999978
v  -16.750000 103.986470 -10.999978

vt  0.001535 0.184664 0.000000
vt  0.001535 0.184664 0.000000
vt  0.001535 0.184664 0.000000
vt  0.000000 0.133676 0.000000
vt  0.000000 0.133676 0.000000
vt  0.001538 0.082866 0.000000
vt  0.001538 0.082866 0.000000
vt  0.005950 0.042444 0.000000
vt  0.005950 0.042444 0.000000
vt  0.012559 0.022627 0.000000
vt  0.012559 0.022627 0.000000
vt  0.019941 0.031813 0.000000
vt  0.019941 0.031813 0.000000
vt  0.025919 0.072140 0.000000
vt  0.025919 0.072140 0.000000
vt  0.025919 0.072140 0.000000
vt  0.028243 0.133924 0.000000
vt  0.028243 0.133924 0.000000
vt  0.025915 0.195479 0.000000
vt  0.025915 0.195479 0.000000
vt  0.019940 0.235763 0.000000
vt  0.019940 0.235763 0.000000
vt  0.012556 0.244942 0.000000
vt  0.012556 0.244942 0.000000
vt  0.005949 0.225122 0.000000
vt  0.005949 0.225122 0.000000
vt  0.019475 0.229363 0.000000
vt  0.019475 0.229363 0.000000
vt  0.019475 0.229363 0.000000
vt  0.025050 0.191269 0.000000
vt  0.025050 0.191269 0.000000
vt  0.027196 0.133738 0.000000
vt  0.027196 0.133738 0.000000
vt  0.025039 0.076162 0.000000
vt  0.025039 0.076162 0.000000
vt  0.019472 0.038198 0.000000
vt  0.019472 0.038198 0.000000
vt  0.012559 0.029227 0.000000
vt  0.012559 0.029227 0.000000
vt  0.006325 0.047618 0.000000
vt  0.006325 0.047618 0.000000
vt  0.006325 0.047618 0.000000
vt  0.002133 0.085801 0.000000
vt  0.002133 0.085801 0.000000
vt  0.000680 0.133825 0.000000
vt  0.000680 0.133825 0.000000
vt  0.002141 0.181896 0.000000
vt  0.002141 0.181896 0.000000
vt  0.006328 0.219967 0.000000
vt  0.006328 0.219967 0.000000
vt  0.012557 0.238342 0.000000
vt  0.012557 0.238342 0.000000
vt  0.038957 0.072258 0.000000
vt  0.038957 0.072258 0.000000
vt  0.038957 0.072258 0.000000
vt  0.041493 0.133787 0.000000
vt  0.041493 0.133787 0.000000
vt  0.038958 0.195303 0.000000
vt  0.038958 0.195303 0.000000
vt  0.032434 0.235577 0.000000
vt  0.032434 0.235577 0.000000
vt  0.024378 0.244777 0.000000
vt  0.024378 0.244777 0.000000
vt  0.017166 0.225061 0.000000
vt  0.017166 0.225061 0.000000
vt  0.012331 0.184598 0.000000
vt  0.012331 0.184598 0.000000
vt  0.012331 0.184598 0.000000
vt  0.010654 0.133785 0.000000
vt  0.010654 0.133785 0.000000
vt  0.012330 0.082984 0.000000
vt  0.012330 0.082984 0.000000
vt  0.017152 0.042584 0.000000
vt  0.017152 0.042584 0.000000
vt  0.024364 0.022806 0.000000
vt  0.024364 0.022806 0.000000
vt  0.032416 0.031937 0.000000
vt  0.032416 0.031937 0.000000
vt  0.042642 0.137561 0.000000
vt  0.042642 0.137561 0.000000
vt  0.042642 0.137561 0.000000
vt  0.042951 0.139824 0.000000
vt  0.042951 0.139824 0.000000
vt  0.043377 0.141149 0.000000
vt  0.043377 0.141149 0.000000
vt  0.043377 0.141149 0.000000
vt  0.040279 0.204982 0.000000
vt  0.040279 0.204982 0.000000
vt  0.033288 0.246106 0.000000
vt  0.033288 0.246106 0.000000
vt  0.024818 0.255925 0.000000
vt  0.024818 0.255925 0.000000
vt  0.017180 0.236819 0.000000
vt  0.017180 0.236819 0.000000
vt  0.017180 0.236819 0.000000
vt  0.017206 0.234338 0.000000
vt  0.017206 0.234338 0.000000
vt  0.017102 0.231897 0.000000
vt  0.017102 0.231897 0.000000
vt  0.017102 0.231897 0.000000
vt  0.016498 0.228380 0.000000
vt  0.016498 0.228380 0.000000
vt  0.015817 0.229740 0.000000
vt  0.015817 0.229740 0.000000
vt  0.015817 0.229740 0.000000
vt  0.013215 0.211045 0.000000
vt  0.013215 0.211045 0.000000
vt  0.011260 0.189108 0.000000
vt  0.011260 0.189108 0.000000
vt  0.009937 0.163045 0.000000
vt  0.009937 0.163045 0.000000
vt  0.009454 0.135689 0.000000
vt  0.009454 0.135689 0.000000
vt  0.009819 0.108264 0.000000
vt  0.009819 0.108264 0.000000
vt  0.011025 0.081989 0.000000
vt  0.011025 0.081989 0.000000
vt  0.013042 0.058093 0.000000
vt  0.013042 0.058093 0.000000
vt  0.015817 0.037832 0.000000
vt  0.015817 0.037832 0.000000
vt  0.015817 0.037832 0.000000
vt  0.016287 0.039334 0.000000
vt  0.016287 0.039334 0.000000
vt  0.016804 0.038183 0.000000
vt  0.016804 0.038183 0.000000
vt  0.017152 0.034864 0.000000
vt  0.017152 0.034864 0.000000
vt  0.017180 0.030753 0.000000
vt  0.017180 0.030753 0.000000
vt  0.017180 0.030753 0.000000
vt  0.020854 0.017841 0.000000
vt  0.020854 0.017841 0.000000
vt  0.024967 0.011550 0.000000
vt  0.024967 0.011550 0.000000
vt  0.029297 0.012844 0.000000
vt  0.029297 0.012844 0.000000
vt  0.033561 0.022350 0.000000
vt  0.033561 0.022350 0.000000
vt  0.037431 0.040143 0.000000
vt  0.037431 0.040143 0.000000
vt  0.040558 0.065522 0.000000
vt  0.040558 0.065522 0.000000
vt  0.042519 0.094441 0.000000
vt  0.042519 0.094441 0.000000
vt  0.043377 0.126423 0.000000
vt  0.043377 0.126423 0.000000
vt  0.043377 0.126423 0.000000
vt  0.042578 0.130855 0.000000
vt  0.042578 0.130855 0.000000
vt  0.038557 0.126417 0.000000
vt  0.038557 0.126417 0.000000
vt  0.038557 0.126417 0.000000
vt  0.039284 0.126772 0.000000
vt  0.039284 0.126772 0.000000
vt  0.039833 0.129960 0.000000
vt  0.039833 0.129960 0.000000
vt  0.039833 0.129960 0.000000
vt  0.071548 0.129980 0.000000
vt  0.071548 0.129980 0.000000
vt  0.071548 0.129980 0.000000
vt  0.070351 0.126223 0.000000
vt  0.070351 0.126223 0.000000
vt  0.069166 0.129994 0.000000
vt  0.069166 0.129994 0.000000
vt  0.068981 0.133749 0.000000
vt  0.068981 0.133749 0.000000
vt  0.069162 0.137544 0.000000
vt  0.069162 0.137544 0.000000
vt  0.069162 0.137544 0.000000
vt  0.037409 0.058595 0.000000
vt  0.037409 0.058595 0.000000
vt  0.037409 0.058595 0.000000
vt  0.040426 0.122450 0.000000
vt  0.040426 0.122450 0.000000
vt  0.038880 0.189381 0.000000
vt  0.038880 0.189381 0.000000
vt  0.033336 0.240826 0.000000
vt  0.033336 0.240826 0.000000
vt  0.025547 0.265683 0.000000
vt  0.025547 0.265683 0.000000
vt  0.017539 0.262457 0.000000
vt  0.017539 0.262457 0.000000
vt  0.010857 0.236030 0.000000
vt  0.010857 0.236030 0.000000
vt  0.006389 0.193568 0.000000
vt  0.006389 0.193568 0.000000
vt  0.006389 0.193568 0.000000
vt  0.004550 0.142481 0.000000
vt  0.004550 0.142481 0.000000
vt  0.005476 0.090357 0.000000
vt  0.005476 0.090357 0.000000
vt  0.009090 0.044312 0.000000
vt  0.009090 0.044312 0.000000
vt  0.011829 0.025849 0.000000
vt  0.011829 0.025849 0.000000
vt  0.015106 0.011688 0.000000
vt  0.015106 0.011688 0.000000
vt  0.022811 0.000000 0.000000
vt  0.022811 0.000000 0.000000
vt  0.030880 0.015228 0.000000
vt  0.030880 0.015228 0.000000
vt  0.011715 0.237088 0.000000
vt  0.011715 0.237088 0.000000
vt  0.011715 0.237088 0.000000
vt  0.012040 0.239797 0.000000
vt  0.012040 0.239797 0.000000
vt  0.012484 0.240783 0.000000
vt  0.012484 0.240783 0.000000
vt  0.012900 0.239698 0.000000
vt  0.012900 0.239698 0.000000
vt  0.013149 0.236872 0.000000
vt  0.013149 0.236872 0.000000
vt  0.013149 0.236872 0.000000
vt  0.020549 0.255991 0.000000
vt  0.020549 0.255991 0.000000
vt  0.028746 0.246259 0.000000
vt  0.028746 0.246259 0.000000
vt  0.035548 0.205080 0.000000
vt  0.035548 0.205080 0.000000
vt  0.038557 0.141154 0.000000
vt  0.038557 0.141154 0.000000
vt  0.038557 0.141154 0.000000
vt  0.039220 0.140963 0.000000
vt  0.039220 0.140963 0.000000
vt  0.039756 0.138372 0.000000
vt  0.039756 0.138372 0.000000
vt  0.039987 0.134240 0.000000
vt  0.039987 0.134240 0.000000
vt  0.037724 0.094412 0.000000
vt  0.037724 0.094412 0.000000
vt  0.035823 0.065473 0.000000
vt  0.035823 0.065473 0.000000
vt  0.032789 0.040079 0.000000
vt  0.032789 0.040079 0.000000
vt  0.029035 0.022278 0.000000
vt  0.029035 0.022278 0.000000
vt  0.024900 0.012770 0.000000
vt  0.024900 0.012770 0.000000
vt  0.020701 0.011480 0.000000
vt  0.020701 0.011480 0.000000
vt  0.016712 0.017778 0.000000
vt  0.016712 0.017778 0.000000
vt  0.013149 0.030700 0.000000
vt  0.013149 0.030700 0.000000
vt  0.013149 0.030700 0.000000
vt  0.013117 0.030012 0.000000
vt  0.013117 0.030012 0.000000
vt  0.013074 0.029370 0.000000
vt  0.013074 0.029370 0.000000
vt  0.013074 0.029370 0.000000
vt  0.013021 0.028782 0.000000
vt  0.013021 0.028782 0.000000
vt  0.012959 0.028258 0.000000
vt  0.012959 0.028258 0.000000
vt  0.012263 0.027014 0.000000
vt  0.012263 0.027014 0.000000
vt  0.011687 0.030934 0.000000
vt  0.011687 0.030934 0.000000
vt  0.011715 0.036673 0.000000
vt  0.011715 0.036673 0.000000
vt  0.011715 0.036673 0.000000
vt  0.011767 0.037258 0.000000
vt  0.011767 0.037258 0.000000
vt  0.011828 0.037783 0.000000
vt  0.011828 0.037783 0.000000
vt  0.011828 0.037783 0.000000
vt  0.009138 0.058056 0.000000
vt  0.009138 0.058056 0.000000
vt  0.007182 0.081964 0.000000
vt  0.007182 0.081964 0.000000
vt  0.006013 0.108252 0.000000
vt  0.006013 0.108252 0.000000
vt  0.005658 0.135690 0.000000
vt  0.005658 0.135690 0.000000
vt  0.006126 0.163058 0.000000
vt  0.006126 0.163058 0.000000
vt  0.007409 0.189134 0.000000
vt  0.007409 0.189134 0.000000
vt  0.009304 0.211083 0.000000
vt  0.009304 0.211083 0.000000
vt  0.011828 0.229789 0.000000
vt  0.011828 0.229789 0.000000
vt  0.011828 0.229789 0.000000
vt  0.011617 0.233176 0.000000
vt  0.011617 0.233176 0.000000
vt  0.040873 0.021246 0.000000
vt  0.040873 0.021246 0.000000
vt  0.040873 0.021246 0.000000
vt  0.048110 0.003411 0.000000
vt  0.048110 0.003411 0.000000
vt  0.056306 0.002468 0.000000
vt  0.056306 0.002468 0.000000
vt  0.064328 0.021108 0.000000
vt  0.064328 0.021108 0.000000
vt  0.070746 0.059015 0.000000
vt  0.070746 0.059015 0.000000
vt  0.070746 0.059015 0.000000
vt  0.033040 0.193356 0.000000
vt  0.033040 0.193356 0.000000
vt  0.033040 0.193356 0.000000
vt  0.030940 0.151212 0.000000
vt  0.030940 0.151212 0.000000
vt  0.031183 0.107395 0.000000
vt  0.031183 0.107395 0.000000
vt  0.033757 0.066122 0.000000
vt  0.033757 0.066122 0.000000
vt  0.038531 0.031673 0.000000
vt  0.038531 0.031673 0.000000
vt  0.038531 0.031673 0.000000
vt  0.036783 0.031646 0.000000
vt  0.036783 0.031646 0.000000
vt  0.036783 0.031646 0.000000
vt  0.037908 0.026212 0.000000
vt  0.037908 0.026212 0.000000
vt  0.039099 0.021215 0.000000
vt  0.039099 0.021215 0.000000
vt  0.039099 0.021215 0.000000
vt  0.045659 0.024930 0.000000
vt  0.045659 0.024930 0.000000
vt  0.045659 0.024930 0.000000
vt  0.055235 0.005970 0.000000
vt  0.055235 0.005970 0.000000
vt  0.065834 0.016119 0.000000
vt  0.065834 0.016119 0.000000
vt  0.074654 0.057972 0.000000
vt  0.074654 0.057972 0.000000
vt  0.078729 0.123255 0.000000
vt  0.078729 0.123255 0.000000
vt  0.078729 0.123255 0.000000
vt  0.076581 0.123404 0.000000
vt  0.076581 0.123404 0.000000
vt  0.074418 0.123554 0.000000
vt  0.074418 0.123554 0.000000
vt  0.074418 0.123554 0.000000
vt  0.073258 0.089621 0.000000
vt  0.073258 0.089621 0.000000
vt  0.043264 0.023086 0.000000
vt  0.043264 0.023086 0.000000
vt  0.046032 0.238801 0.000000
vt  0.046032 0.238801 0.000000
vt  0.046032 0.238801 0.000000
vt  0.045701 0.242798 0.000000
vt  0.045701 0.242798 0.000000
vt  0.045701 0.242798 0.000000
vt  0.055242 0.261606 0.000000
vt  0.055242 0.261606 0.000000
vt  0.065784 0.251582 0.000000
vt  0.065784 0.251582 0.000000
vt  0.074608 0.209968 0.000000
vt  0.074608 0.209968 0.000000
vt  0.078720 0.144986 0.000000
vt  0.078720 0.144986 0.000000
vt  0.078720 0.144986 0.000000
vt  0.077639 0.144544 0.000000
vt  0.077639 0.144544 0.000000
vt  0.077639 0.144544 0.000000
vt  0.076700 0.142894 0.000000
vt  0.076700 0.142894 0.000000
vt  0.076021 0.139132 0.000000
vt  0.076021 0.139132 0.000000
vt  0.075753 0.133601 0.000000
vt  0.075753 0.133601 0.000000
vt  0.076055 0.128134 0.000000
vt  0.076055 0.128134 0.000000
vt  0.076846 0.124234 0.000000
vt  0.076846 0.124234 0.000000
vt  0.077910 0.123012 0.000000
vt  0.077910 0.123012 0.000000
vt  0.077910 0.123012 0.000000
vt  0.045988 0.028277 0.000000
vt  0.045988 0.028277 0.000000
vt  0.045988 0.028277 0.000000
vt  0.046179 0.032654 0.000000
vt  0.046179 0.032654 0.000000
vt  0.045983 0.037244 0.000000
vt  0.045983 0.037244 0.000000
vt  0.044762 0.042356 0.000000
vt  0.044762 0.042356 0.000000
vt  0.043559 0.038648 0.000000
vt  0.043559 0.038648 0.000000
vt  0.043559 0.038648 0.000000
vt  0.043240 0.035324 0.000000
vt  0.043240 0.035324 0.000000
vt  0.043240 0.035324 0.000000
vt  0.037495 0.080017 0.000000
vt  0.037495 0.080017 0.000000
vt  0.035522 0.133830 0.000000
vt  0.035522 0.133830 0.000000
vt  0.037509 0.187739 0.000000
vt  0.037509 0.187739 0.000000
vt  0.043273 0.232410 0.000000
vt  0.043273 0.232410 0.000000
vt  0.043273 0.232410 0.000000
vt  0.043516 0.229414 0.000000
vt  0.043516 0.229414 0.000000
vt  0.043516 0.229414 0.000000
vt  0.044008 0.226192 0.000000
vt  0.044008 0.226192 0.000000
vt  0.044718 0.225196 0.000000
vt  0.044718 0.225196 0.000000
vt  0.045447 0.226724 0.000000
vt  0.045447 0.226724 0.000000
vt  0.045988 0.230380 0.000000
vt  0.045988 0.230380 0.000000
vt  0.046178 0.234662 0.000000
vt  0.046178 0.234662 0.000000
vt  0.037379 0.229504 0.000000
vt  0.037379 0.229504 0.000000
vt  0.037379 0.229504 0.000000
vt  0.037852 0.226280 0.000000
vt  0.037852 0.226280 0.000000
vt  0.038534 0.225283 0.000000
vt  0.038534 0.225283 0.000000
vt  0.039236 0.226814 0.000000
vt  0.039236 0.226814 0.000000
vt  0.039756 0.230474 0.000000
vt  0.039756 0.230474 0.000000
vt  0.039939 0.234760 0.000000
vt  0.039939 0.234760 0.000000
vt  0.039799 0.238903 0.000000
vt  0.039799 0.238903 0.000000
vt  0.039799 0.238903 0.000000
vt  0.040935 0.234332 0.000000
vt  0.040935 0.234332 0.000000
vt  0.038600 0.236250 0.000000
vt  0.038600 0.236250 0.000000
vt  0.038600 0.236250 0.000000
vt  0.036851 0.236277 0.000000
vt  0.036851 0.236277 0.000000
vt  0.036851 0.236277 0.000000
vt  0.040884 0.033497 0.000000
vt  0.040884 0.033497 0.000000
vt  0.035428 0.216394 0.000000
vt  0.035428 0.216394 0.000000
vt  0.037420 0.038559 0.000000
vt  0.037420 0.038559 0.000000
vt  0.037420 0.038559 0.000000
vt  0.039756 0.028174 0.000000
vt  0.039756 0.028174 0.000000
vt  0.039756 0.028174 0.000000
vt  0.039757 0.037086 0.000000
vt  0.039757 0.037086 0.000000
vt  0.038588 0.042262 0.000000
vt  0.038588 0.042262 0.000000
vt  0.037913 0.041502 0.000000
vt  0.037913 0.041502 0.000000
vt  0.037766 0.037020 0.000000
vt  0.037766 0.037020 0.000000
vt  0.037766 0.037020 0.000000
vt  0.037641 0.033987 0.000000
vt  0.037641 0.033987 0.000000
vt  0.037769 0.030822 0.000000
vt  0.037769 0.030822 0.000000
vt  0.038582 0.027207 0.000000
vt  0.038582 0.027207 0.000000
vt  0.039401 0.029751 0.000000
vt  0.039401 0.029751 0.000000
vt  0.039401 0.029751 0.000000
vt  0.039529 0.032813 0.000000
vt  0.039529 0.032813 0.000000
vt  0.039399 0.036014 0.000000
vt  0.039399 0.036014 0.000000
vt  0.038577 0.039608 0.000000
vt  0.038577 0.039608 0.000000
vt  0.039401 0.231589 0.000000
vt  0.039401 0.231589 0.000000
vt  0.039401 0.231589 0.000000
vt  0.038582 0.227967 0.000000
vt  0.038582 0.227967 0.000000
vt  0.037769 0.230525 0.000000
vt  0.037769 0.230525 0.000000
vt  0.037641 0.233525 0.000000
vt  0.037641 0.233525 0.000000
vt  0.037766 0.236719 0.000000
vt  0.037766 0.236719 0.000000
vt  0.037766 0.236719 0.000000
vt  0.038577 0.240362 0.000000
vt  0.038577 0.240362 0.000000
vt  0.039399 0.237848 0.000000
vt  0.039399 0.237848 0.000000
vt  0.039529 0.234820 0.000000
vt  0.039529 0.234820 0.000000
vt  0.070344 0.141349 0.000000
vt  0.070344 0.141349 0.000000
vt  0.071544 0.137627 0.000000
vt  0.071544 0.137627 0.000000
vt  0.071735 0.133824 0.000000
vt  0.071735 0.133824 0.000000
vt  0.072273 0.123550 0.000000
vt  0.072273 0.123550 0.000000
vt  0.072273 0.123550 0.000000
vt  0.070478 0.122997 0.000000
vt  0.070478 0.122997 0.000000
vt  0.070478 0.122997 0.000000
vt  0.069453 0.124221 0.000000
vt  0.069453 0.124221 0.000000
vt  0.068692 0.128126 0.000000
vt  0.068692 0.128126 0.000000
vt  0.068401 0.133601 0.000000
vt  0.068401 0.133601 0.000000
vt  0.068659 0.139139 0.000000
vt  0.068659 0.139139 0.000000
vt  0.069313 0.142907 0.000000
vt  0.069313 0.142907 0.000000
vt  0.070217 0.144559 0.000000
vt  0.070217 0.144559 0.000000
vt  0.070217 0.144559 0.000000
vt  0.072254 0.145425 0.000000
vt  0.072254 0.145425 0.000000
vt  0.072254 0.145425 0.000000
vt  0.072336 0.134490 0.000000
vt  0.072336 0.134490 0.000000
vt  0.074399 0.145420 0.000000
vt  0.074399 0.145420 0.000000
vt  0.074399 0.145420 0.000000
vt  0.073058 0.181318 0.000000
vt  0.073058 0.181318 0.000000
vt  0.070209 0.213189 0.000000
vt  0.070209 0.213189 0.000000
vt  0.066147 0.238663 0.000000
vt  0.066147 0.238663 0.000000
vt  0.061252 0.256276 0.000000
vt  0.061252 0.256276 0.000000
vt  0.055935 0.265467 0.000000
vt  0.055935 0.265467 0.000000
vt  0.050576 0.266415 0.000000
vt  0.050576 0.266415 0.000000
vt  0.045499 0.259809 0.000000
vt  0.045499 0.259809 0.000000
vt  0.040955 0.246641 0.000000
vt  0.040955 0.246641 0.000000
vt  0.040955 0.246641 0.000000
vt  0.039180 0.246672 0.000000
vt  0.039180 0.246672 0.000000
vt  0.039180 0.246672 0.000000
vt  0.037983 0.241696 0.000000
vt  0.037983 0.241696 0.000000
vt  0.039048 0.047999 0.000000
vt  0.039048 0.047999 0.000000
vt  0.039048 0.047999 0.000000
vt  0.033742 0.085903 0.000000
vt  0.033742 0.085903 0.000000
vt  0.031891 0.133763 0.000000
vt  0.031891 0.133763 0.000000
vt  0.033741 0.181658 0.000000
vt  0.033741 0.181658 0.000000
vt  0.039042 0.219549 0.000000
vt  0.039042 0.219549 0.000000
vt  0.046922 0.237819 0.000000
vt  0.046922 0.237819 0.000000
vt  0.055696 0.228843 0.000000
vt  0.055696 0.228843 0.000000
vt  0.055696 0.228843 0.000000
vt  0.062732 0.191037 0.000000
vt  0.062732 0.191037 0.000000
vt  0.065453 0.133814 0.000000
vt  0.065453 0.133814 0.000000
vt  0.062733 0.076547 0.000000
vt  0.062733 0.076547 0.000000
vt  0.055702 0.038748 0.000000
vt  0.055702 0.038748 0.000000
vt  0.046963 0.029727 0.000000
vt  0.046963 0.029727 0.000000

vn  1.000000 0.000000 0.000000
vn  0.000000 0.866025 0.500000
vn  0.000000 0.866025 0.500000
vn  1.000000 0.000000 0.000000
vn  0.000000 0.999999 -0.001062
vn  1.000000 0.000000 0.000000
vn  0.000000 0.865774 -0.500435
vn  1.000000 0.000000 0.000000
vn  0.000000 0.499912 -0.866076
vn  1.000000 0.000000 0.000000
vn  0.000000 -0.000069 -1.000000
vn  1.000000 0.000000 0.000000
vn  0.000000 -0.500020 -0.866014
vn  1.000000 0.000000 0.000000
vn  0.000000 -0.866025 -0.500000
vn  0.000000 -0.866025 -0.500000
vn  1.000000 0.000000 0.000000
vn  0.000000 -0.999999 0.001062
vn  1.000000 0.000000 0.000000
vn  0.000000 -0.865774 0.500435
vn  1.000000 0.000000 0.000000
vn  0.000000 -0.499912 0.866076
vn  1.000000 0.000000 0.000000
vn  0.000000 0.000069 1.000000
vn  1.000000 0.000000 0.000000
vn  0.000000 0.500020 0.866014
vn  1.000000 0.000000 0.000000
vn  0.000000 0.500000 -0.866025
vn  0.000000 0.500000 -0.866025
vn  1.000000 0.000000 0.000000
vn  0.000000 0.866622 -0.498965
vn  1.000000 0.000000 0.000000
vn  0.000000 1.000000 0.000444
vn  1.000000 0.000000 0.000000
vn  0.000000 0.865910 0.500200
vn  1.000000 0.000000 0.000000
vn  0.000000 0.499819 0.866130
vn  1.000000 0.000000 0.000000
vn  0.000000 0.000064 1.000000
vn  1.000000 0.000000 0.000000
vn  0.000000 -0.500000 0.866025
vn  0.000000 -0.500000 0.866025
vn  1.000000 0.000000 0.000000
vn  0.000000 -0.866622 0.498965
vn  1.000000 0.000000 0.000000
vn  0.000000 -1.000000 -0.000444
vn  1.000000 0.000000 0.000000
vn  0.000000 -0.865910 -0.500200
vn  1.000000 0.000000 0.000000
vn  0.000000 -0.499819 -0.866130
vn  1.000000 0.000000 0.000000
vn  0.000000 -0.000064 -1.000000
vn  0.000000 -0.866025 -0.500000
vn  0.000000 -0.866025 -0.500000
vn  1.000000 0.000000 0.000000
vn  0.000000 -1.000000 -0.000024
vn  1.000000 0.000000 0.000000
vn  0.000000 -0.866060 0.499940
vn  1.000000 0.000000 0.000000
vn  0.000000 -0.500088 0.865975
vn  1.000000 0.000000 0.000000
vn  0.000000 -0.000502 1.000000
vn  1.000000 0.000000 0.000000
vn  0.000000 0.499080 0.866556
vn  1.000000 0.000000 0.000000
vn  0.000000 0.866025 0.500000
vn  0.000000 0.866025 0.500000
vn  1.000000 0.000000 0.000000
vn  0.000000 1.000000 0.000024
vn  1.000000 0.000000 0.000000
vn  0.000000 0.866060 -0.499940
vn  1.000000 0.000000 0.000000
vn  0.000000 0.500088 -0.865975
vn  1.000000 0.000000 0.000000
vn  0.000000 0.000502 -1.000000
vn  1.000000 0.000000 0.000000
vn  0.000000 -0.499080 -0.866556
vn  1.000000 0.000000 0.000000
vn  1.000000 0.000000 0.000000
vn  0.000000 -0.866025 -0.500000
vn  0.000000 -0.866025 -0.500000
vn  1.000000 0.000000 0.000000
vn  0.000000 -0.602224 -0.798327
vn  1.000000 0.000000 0.000000
vn  0.000000 0.998601 -0.052883
vn  0.000000 -0.239973 -0.970780
vn  1.000000 0.000000 0.000000
vn  0.000000 0.852662 -0.522463
vn  1.000000 0.000000 0.000000
vn  0.000000 0.500664 -0.865642
vn  1.000000 0.000000 0.000000
vn  0.000000 0.026556 -0.999647
vn  1.000000 0.000000 0.000000
vn  0.000000 0.960706 -0.277568
vn  0.000000 -0.453502 -0.891255
vn  1.000000 0.000000 0.000000
vn  0.000000 0.992484 0.122378
vn  1.000000 0.000000 0.000000
vn  0.000000 0.866025 0.500000
vn  0.000000 0.866025 0.500000
vn  1.000000 0.000000 0.000000
vn  0.000000 0.124291 0.992246
vn  1.000000 0.000000 0.000000
vn  0.000000 -0.545098 -0.838372
vn  0.000000 -0.720734 0.693212
vn  1.000000 0.000000 0.000000
vn  0.000000 -0.725563 -0.688156
vn  1.000000 0.000000 0.000000
vn  0.000000 -0.866025 -0.500000
vn  1.000000 0.000000 0.000000
vn  0.000000 -0.963662 -0.267125
vn  1.000000 0.000000 0.000000
vn  0.000000 -0.999847 -0.017471
vn  1.000000 0.000000 0.000000
vn  0.000000 -0.972435 0.233176
vn  1.000000 0.000000 0.000000
vn  0.000000 -0.883199 0.468999
vn  1.000000 0.000000 0.000000
vn  0.000000 -0.737729 0.675097
vn  1.000000 0.000000 0.000000
vn  0.000000 -0.720734 -0.693212
vn  0.000000 -0.545098 0.838372
vn  1.000000 0.000000 0.000000
vn  0.000000 -0.137271 -0.990533
vn  1.000000 0.000000 0.000000
vn  0.000000 0.500000 -0.866025
vn  1.000000 0.000000 0.000000
vn  0.000000 0.926463 -0.376386
vn  1.000000 0.000000 0.000000
vn  0.000000 0.960706 0.277568
vn  0.000000 -0.453502 0.891255
vn  1.000000 0.000000 0.000000
vn  0.000000 -0.215790 0.976440
vn  1.000000 0.000000 0.000000
vn  0.000000 0.035429 0.999372
vn  1.000000 0.000000 0.000000
vn  0.000000 0.284275 0.958743
vn  1.000000 0.000000 0.000000
vn  0.000000 0.515049 0.857161
vn  1.000000 0.000000 0.000000
vn  0.000000 0.713166 0.700996
vn  1.000000 0.000000 0.000000
vn  0.000000 0.866025 0.500000
vn  1.000000 0.000000 0.000000
vn  0.000000 0.958742 0.284278
vn  1.000000 0.000000 0.000000
vn  0.000000 -0.239973 0.970780
vn  0.000000 0.998601 0.052883
vn  1.000000 0.000000 0.000000
vn  0.000000 -0.921456 0.388484
vn  0.000000 -0.239973 0.970780
vn  1.000000 0.000000 0.000000
vn  0.000000 0.998601 0.052883
vn  0.000000 0.392514 0.919746
vn  1.000000 0.000000 0.000000
vn  0.000000 0.866025 0.500000
vn  1.000000 0.000000 0.000000
vn  0.000000 0.866025 0.500000
vn  0.000000 0.866025 0.500000
vn  0.000000 0.866025 0.500000
vn  -1.000000 0.000000 0.000000
vn  0.000000 0.002885 0.999996
vn  -1.000000 0.000000 0.000000
vn  0.000000 -0.863459 0.504419
vn  -1.000000 0.000000 0.000000
vn  0.000000 -0.999990 0.004567
vn  -1.000000 0.000000 0.000000
vn  0.000000 -0.866025 -0.500000
vn  0.000000 -0.866025 -0.500000
vn  -1.000000 0.000000 0.000000
vn  1.000000 0.000000 0.000000
vn  0.000000 -0.866025 -0.500000
vn  0.000000 -0.866025 -0.500000
vn  1.000000 0.000000 0.000000
vn  0.000000 -0.997278 -0.073731
vn  1.000000 0.000000 0.000000
vn  0.000000 -0.930690 0.365808
vn  1.000000 0.000000 0.000000
vn  0.000000 -0.680351 0.732886
vn  1.000000 0.000000 0.000000
vn  0.000000 -0.294852 0.955543
vn  1.000000 0.000000 0.000000
vn  0.000000 0.149083 0.988825
vn  1.000000 0.000000 0.000000
vn  0.000000 0.563232 0.826299
vn  1.000000 0.000000 0.000000
vn  0.000000 0.866025 0.500000
vn  0.000000 0.866025 0.500000
vn  1.000000 0.000000 0.000000
vn  0.000000 0.997278 0.073731
vn  1.000000 0.000000 0.000000
vn  0.000000 0.930690 -0.365808
vn  1.000000 0.000000 0.000000
vn  0.000000 0.680351 -0.732886
vn  1.000000 0.000000 0.000000
vn  0.000000 0.500268 -0.865871
vn  1.000000 0.000000 0.000000
vn  0.000000 0.294852 -0.955543
vn  1.000000 0.000000 0.000000
vn  0.000000 -0.149083 -0.988825
vn  1.000000 0.000000 0.000000
vn  0.000000 -0.563232 -0.826299
vn  1.000000 0.000000 0.000000
vn  0.000000 -0.866025 -0.500000
vn  0.000000 -0.866025 -0.500000
vn  1.000000 0.000000 0.000000
vn  0.000000 -0.447768 -0.894150
vn  1.000000 0.000000 0.000000
vn  0.000000 0.119000 -0.992894
vn  1.000000 0.000000 0.000000
vn  0.000000 0.646793 -0.762666
vn  1.000000 0.000000 0.000000
vn  0.000000 0.960706 -0.277568
vn  0.000000 -0.453502 -0.891255
vn  1.000000 0.000000 0.000000
vn  0.000000 0.026136 -0.999658
vn  1.000000 0.000000 0.000000
vn  0.000000 0.499335 -0.866409
vn  1.000000 0.000000 0.000000
vn  0.000000 0.852442 -0.522822
vn  1.000000 0.000000 0.000000
vn  0.000000 0.998601 -0.052883
vn  0.000000 -0.239973 -0.970780
vn  1.000000 0.000000 0.000000
vn  0.000000 0.337164 -0.941446
vn  1.000000 0.000000 0.000000
vn  0.000000 0.800331 -0.599558
vn  1.000000 0.000000 0.000000
vn  0.000000 0.998226 -0.059546
vn  1.000000 0.000000 0.000000
vn  0.000000 0.958742 0.284278
vn  1.000000 0.000000 0.000000
vn  0.000000 0.866025 0.500000
vn  1.000000 0.000000 0.000000
vn  0.000000 0.713168 0.700993
vn  1.000000 0.000000 0.000000
vn  0.000000 0.515054 0.857158
vn  1.000000 0.000000 0.000000
vn  0.000000 0.284281 0.958741
vn  1.000000 0.000000 0.000000
vn  0.000000 0.035434 0.999372
vn  1.000000 0.000000 0.000000
vn  0.000000 -0.215787 0.976441
vn  1.000000 0.000000 0.000000
vn  0.000000 0.960706 0.277568
vn  0.000000 -0.453502 0.891255
vn  1.000000 0.000000 0.000000
vn  0.000000 0.920112 0.391655
vn  1.000000 0.000000 0.000000
vn  0.000000 0.866025 0.500000
vn  0.000000 0.866025 0.500000
vn  1.000000 0.000000 0.000000
vn  0.000000 0.799239 0.601013
vn  1.000000 0.000000 0.000000
vn  0.000000 0.720734 0.693212
vn  1.000000 0.000000 0.000000
vn  0.000000 -0.163820 0.986490
vn  1.000000 0.000000 0.000000
vn  0.000000 -0.902256 0.431201
vn  1.000000 0.000000 0.000000
vn  0.000000 -0.866025 -0.500000
vn  0.000000 -0.866025 -0.500000
vn  1.000000 0.000000 0.000000
vn  0.000000 -0.799239 -0.601013
vn  1.000000 0.000000 0.000000
vn  0.000000 -0.720734 -0.693212
vn  0.000000 -0.545098 0.838372
vn  1.000000 0.000000 0.000000
vn  0.000000 -0.737727 0.675099
vn  1.000000 0.000000 0.000000
vn  0.000000 -0.883196 0.469004
vn  1.000000 0.000000 0.000000
vn  0.000000 -0.972433 0.233182
vn  1.000000 0.000000 0.000000
vn  0.000000 -0.999847 -0.017465
vn  1.000000 0.000000 0.000000
vn  0.000000 -0.963663 -0.267122
vn  1.000000 0.000000 0.000000
vn  0.000000 -0.866025 -0.500000
vn  1.000000 0.000000 0.000000
vn  0.000000 -0.725563 -0.688156
vn  1.000000 0.000000 0.000000
vn  0.000000 -0.545098 -0.838372
vn  0.000000 -0.720734 0.693212
vn  1.000000 0.000000 0.000000
vn  0.000000 -0.992798 0.119803
vn  0.000000 0.436864 -0.899528
vn  -0.707107 0.308909 -0.636062
vn  0.000000 0.866025 0.500000
vn  0.000000 0.077206 -0.997015
vn  -0.707107 0.054593 -0.704996
vn  0.000000 -0.293173 -0.956059
vn  -0.707107 -0.207305 -0.676036
vn  0.000000 -0.622843 -0.782347
vn  -0.707107 -0.440416 -0.553203
vn  0.000000 -0.866025 -0.500000
vn  -0.707107 -0.612372 -0.353553
vn  0.000000 -0.866025 -0.500000
vn  0.000000 0.866025 0.500000
vn  -0.707107 0.612372 0.353553
vn  0.000000 0.866025 0.500000
vn  0.000000 0.988954 0.148224
vn  -0.707107 0.699296 0.104810
vn  0.000000 0.974558 -0.224134
vn  -0.707107 0.689117 -0.158487
vn  0.000000 0.824838 -0.565370
vn  -0.707107 0.583248 -0.399777
vn  0.000000 0.560582 -0.828099
vn  -0.707107 0.396391 -0.585554
vn  0.000000 -0.866025 -0.500000
vn  0.000000 0.560582 -0.828099
vn  0.000000 -0.866025 -0.500000
vn  -1.000000 0.000000 0.000000
vn  0.000000 0.500000 -0.866025
vn  -1.000000 0.000000 0.000000
vn  0.000000 0.436864 -0.899528
vn  0.000000 0.866025 0.500000
vn  -1.000000 0.000000 0.000000
vn  -0.707107 0.307221 -0.636879
vn  -1.000000 0.000000 0.000000
vn  0.000000 0.866025 0.500000
vn  -0.707107 -0.026544 -0.706608
vn  -1.000000 0.000000 0.000000
vn  -0.707107 -0.354623 -0.611754
vn  -1.000000 0.000000 0.000000
vn  -0.707107 -0.599609 -0.374792
vn  -1.000000 0.000000 0.000000
vn  -0.707107 -0.705275 -0.050870
vn  -1.000000 0.000000 0.000000
vn  0.000000 0.066535 0.997784
vn  -0.707107 -0.705401 -0.049082
vn  0.000000 0.066535 0.997784
vn  -0.707107 -0.705519 -0.047358
vn  0.000000 -0.997755 -0.066974
vn  0.000000 0.066535 0.997784
vn  -0.707107 -0.676497 -0.205795
vn  0.000000 -0.956712 -0.291038
vn  -0.707107 0.308081 -0.636464
vn  0.000000 0.866025 0.500000
vn  -1.000000 0.000000 0.000000
vn  0.000000 0.897374 -0.441271
vn  0.000000 0.897374 -0.441271
vn  -1.000000 0.000000 0.000000
vn  -0.707107 0.305663 0.637629
vn  0.000000 0.897374 -0.441271
vn  -1.000000 0.000000 0.000000
vn  -0.707107 -0.026790 0.706599
vn  -1.000000 0.000000 0.000000
vn  -0.707107 -0.353153 0.612604
vn  -1.000000 0.000000 0.000000
vn  -0.707107 -0.598406 0.376710
vn  -1.000000 0.000000 0.000000
vn  0.000000 -0.066535 -0.997784
vn  -0.707107 -0.705034 0.054103
vn  -1.000000 0.000000 0.000000
vn  0.000000 -0.066535 -0.997784
vn  0.000000 -0.066535 -0.997784
vn  -1.000000 0.000000 0.000000
vn  0.000000 -0.528549 -0.848903
vn  -1.000000 0.000000 0.000000
vn  0.000000 -0.866025 -0.500000
vn  -1.000000 0.000000 0.000000
vn  0.000000 -0.999846 0.017564
vn  -1.000000 0.000000 0.000000
vn  0.000000 -0.848895 0.528562
vn  -1.000000 0.000000 0.000000
vn  0.000000 -0.456945 0.889495
vn  -1.000000 0.000000 0.000000
vn  0.000000 0.066535 0.997784
vn  0.000000 0.066535 0.997784
vn  -1.000000 0.000000 0.000000
vn  0.000000 0.866025 0.500000
vn  0.000000 0.866025 0.500000
vn  -1.000000 0.000000 0.000000
vn  0.000000 0.999989 -0.004620
vn  -1.000000 0.000000 0.000000
vn  0.000000 0.862763 -0.505609
vn  -1.000000 0.000000 0.000000
vn  0.000000 -0.001458 -0.999999
vn  -1.000000 0.000000 0.000000
vn  0.000000 -0.866025 -0.500000
vn  0.000000 -0.866025 -0.500000
vn  -1.000000 0.000000 0.000000
vn  -0.707107 0.397943 -0.584501
vn  0.000000 -0.866025 -0.500000
vn  -1.000000 0.000000 0.000000
vn  -0.707107 0.625092 -0.330545
vn  -1.000000 0.000000 0.000000
vn  -0.707107 0.707107 0.000276
vn  -1.000000 0.000000 0.000000
vn  -0.707107 0.624505 0.331653
vn  -1.000000 0.000000 0.000000
vn  0.000000 -0.897374 0.441271
vn  -0.707107 0.396692 0.585350
vn  -1.000000 0.000000 0.000000
vn  0.000000 -0.897374 0.441271
vn  0.000000 -0.897374 0.441271
vn  -1.000000 0.000000 0.000000
vn  0.000000 -0.541835 0.840485
vn  -1.000000 0.000000 0.000000
vn  0.000000 -0.033272 0.999446
vn  -1.000000 0.000000 0.000000
vn  0.000000 0.484731 0.874663
vn  -1.000000 0.000000 0.000000
vn  0.000000 0.866025 0.500000
vn  -1.000000 0.000000 0.000000
vn  0.000000 0.999446 0.033286
vn  0.000000 -0.897374 0.441271
vn  0.000000 -0.897374 0.441271
vn  -1.000000 0.000000 0.000000
vn  0.000000 -0.541853 0.840473
vn  -1.000000 0.000000 0.000000
vn  0.000000 -0.033300 0.999445
vn  -1.000000 0.000000 0.000000
vn  0.000000 0.484712 0.874674
vn  -1.000000 0.000000 0.000000
vn  0.000000 0.866025 0.500000
vn  -1.000000 0.000000 0.000000
vn  0.000000 0.999446 0.033286
vn  -1.000000 0.000000 0.000000
vn  0.000000 0.897374 -0.441271
vn  0.000000 0.897374 -0.441271
vn  -1.000000 0.000000 0.000000
vn  0.000000 -0.897374 0.441271
vn  -0.707107 0.395207 0.586354
vn  0.000000 -0.897374 0.441271
vn  -0.707107 0.393773 0.587319
vn  0.000000 0.556878 0.830594
vn  0.000000 -0.897374 0.441271
vn  0.000000 0.556878 0.830594
vn  -1.000000 0.000000 0.000000
vn  -0.707107 0.397153 -0.585038
vn  0.000000 -0.866025 -0.500000
vn  -0.707107 0.516472 0.482966
vn  0.000000 0.730402 0.683018
vn  0.000000 -0.866025 -0.500000
vn  0.000000 -0.866025 -0.500000
vn  -1.000000 0.000000 0.000000
vn  0.000000 0.866025 0.500000
vn  0.000000 0.866025 0.500000
vn  -1.000000 0.000000 0.000000
vn  0.000000 0.866753 -0.498737
vn  -1.000000 0.000000 0.000000
vn  0.000000 0.006489 -0.999979
vn  -1.000000 0.000000 0.000000
vn  0.000000 -0.495994 -0.868326
vn  -1.000000 0.000000 0.000000
vn  -1.000000 0.000000 0.000000
vn  0.000000 -0.866025 -0.500000
vn  0.000000 -0.866025 -0.500000
vn  -1.000000 0.000000 0.000000
vn  0.000000 -0.999990 0.004567
vn  -1.000000 0.000000 0.000000
vn  0.000000 -0.863459 0.504419
vn  -1.000000 0.000000 0.000000
vn  0.000000 0.002885 0.999996
vn  -1.000000 0.000000 0.000000
vn  0.000000 0.866025 0.500000
vn  0.000000 0.866025 0.500000
vn  -1.000000 0.000000 0.000000
vn  0.000000 0.999990 -0.004567
vn  -1.000000 0.000000 0.000000
vn  0.000000 0.863459 -0.504419
vn  -1.000000 0.000000 0.000000
vn  0.000000 -0.002885 -0.999996
vn  0.000000 0.866025 0.500000
vn  0.000000 0.866025 0.500000
vn  -1.000000 0.000000 0.000000
vn  0.000000 0.002885 0.999996
vn  -1.000000 0.000000 0.000000
vn  0.000000 -0.863459 0.504419
vn  -1.000000 0.000000 0.000000
vn  0.000000 -0.999990 0.004567
vn  -1.000000 0.000000 0.000000
vn  0.000000 -0.866025 -0.500000
vn  0.000000 -0.866025 -0.500000
vn  -1.000000 0.000000 0.000000
vn  0.000000 -0.002885 -0.999996
vn  -1.000000 0.000000 0.000000
vn  0.000000 0.863459 -0.504419
vn  -1.000000 0.000000 0.000000
vn  0.000000 0.999990 -0.004567
vn  -1.000000 0.000000 0.000000
vn  0.000000 -0.002885 -0.999996
vn  -1.000000 0.000000 0.000000
vn  0.000000 0.863459 -0.504419
vn  -1.000000 0.000000 0.000000
vn  0.000000 0.999990 -0.004567
vn  -1.000000 0.000000 0.000000
vn  -1.000000 0.000000 0.000000
vn  0.000000 -0.997755 -0.066974
vn  0.000000 0.066535 0.997784
vn  -1.000000 0.000000 0.000000
vn  0.000000 0.066535 0.997784
vn  0.000000 0.066535 0.997784
vn  -1.000000 0.000000 0.000000
vn  0.000000 -0.456964 0.889485
vn  -1.000000 0.000000 0.000000
vn  0.000000 -0.848910 0.528537
vn  -1.000000 0.000000 0.000000
vn  0.000000 -0.999846 0.017542
vn  -1.000000 0.000000 0.000000
vn  0.000000 -0.866025 -0.500000
vn  -1.000000 0.000000 0.000000
vn  0.000000 -0.528549 -0.848903
vn  -1.000000 0.000000 0.000000
vn  0.000000 -0.066535 -0.997784
vn  0.000000 -0.066535 -0.997784
vn  -1.000000 0.000000 0.000000
vn  0.000000 -0.997096 0.076157
vn  0.000000 -0.066535 -0.997784
vn  -1.000000 0.000000 0.000000
vn  0.000000 -0.999989 0.004603
vn  0.000000 -0.997096 0.076157
vn  0.000000 -0.066535 -0.997784
vn  -0.707107 -0.705053 0.053851
vn  0.000000 -0.949558 0.313591
vn  -0.707107 -0.671439 0.221742
vn  0.000000 -0.846343 0.532638
vn  -0.707107 -0.598455 0.376632
vn  0.000000 -0.693503 0.720453
vn  -0.707107 -0.490381 0.509437
vn  0.000000 -0.500000 0.866025
vn  -0.707107 -0.353553 0.612372
vn  0.000000 -0.277179 0.960818
vn  -0.707107 -0.195995 0.679401
vn  0.000000 -0.038106 0.999274
vn  -0.707107 -0.026945 0.706593
vn  0.000000 0.203202 0.979137
vn  -0.707107 0.143685 0.692354
vn  0.000000 0.432594 0.901589
vn  -0.707107 0.305890 0.637519
vn  0.000000 0.897374 -0.441271
vn  0.000000 0.432594 0.901589
vn  0.000000 0.897374 -0.441271
vn  -1.000000 0.000000 0.000000
vn  0.000000 0.496008 0.868318
vn  -1.000000 0.000000 0.000000
vn  0.000000 -0.500000 0.866025
vn  0.000000 -0.500000 0.866025
vn  1.000000 0.000000 0.000000
vn  0.000000 -0.866057 0.499945
vn  1.000000 0.000000 0.000000
vn  0.000000 -1.000000 0.000208
vn  1.000000 0.000000 0.000000
vn  0.000000 -0.866141 -0.499800
vn  1.000000 0.000000 0.000000
vn  0.000000 -0.500385 -0.865803
vn  1.000000 0.000000 0.000000
vn  0.000000 -0.001195 -0.999999
vn  1.000000 0.000000 0.000000
vn  0.000000 0.500000 -0.866025
vn  0.000000 0.500000 -0.866025
vn  1.000000 0.000000 0.000000
vn  0.000000 0.866057 -0.499945
vn  1.000000 0.000000 0.000000
vn  0.000000 1.000000 -0.000208
vn  1.000000 0.000000 0.000000
vn  0.000000 0.866141 0.499800
vn  1.000000 0.000000 0.000000
vn  0.000000 0.500385 0.865803
vn  1.000000 0.000000 0.000000
vn  0.000000 0.001195 0.999999
vn  1.000000 0.000000 0.000000


g 15
f 5913/5913/5913  5870/5870/5870  5867/5867/5867
f 5933/5933/5933  5869/5869/5869  5871/5871/5871
f 5913/5913/5913  5867/5867/5867  5891/5891/5891
f 5930/5930/5930  5892/5892/5892  5868/5868/5868
f 5932/5932/5932  5930/5930/5930  5868/5868/5868
f 5911/5911/5911  5872/5872/5872  5870/5870/5870
f 5937/5937/5937  5871/5871/5871  5873/5873/5873
f 5913/5913/5913  5911/5911/5911  5870/5870/5870
f 5935/5935/5935  5933/5933/5933  5871/5871/5871
f 5937/5937/5937  5935/5935/5935  5871/5871/5871
f 5906/5906/5906  5874/5874/5874  5872/5872/5872
f 5939/5939/5939  5873/5873/5873  5875/5875/5875
f 5909/5909/5909  5906/5906/5906  5872/5872/5872
f 5911/5911/5911  5909/5909/5909  5872/5872/5872
f 5939/5939/5939  5937/5937/5937  5873/5873/5873
f 5904/5904/5904  5876/5876/5876  5874/5874/5874
f 5941/5941/5941  5875/5875/5875  5877/5877/5877
f 5906/5906/5906  5904/5904/5904  5874/5874/5874
f 5941/5941/5941  5939/5939/5939  5875/5875/5875
f 5902/5902/5902  5878/5878/5878  5876/5876/5876
f 5943/5943/5943  5877/5877/5877  5879/5879/5879
f 5904/5904/5904  5902/5902/5902  5876/5876/5876
f 5943/5943/5943  5941/5941/5941  5877/5877/5877
f 5900/5900/5900  5880/5880/5880  5878/5878/5878
f 5943/5943/5943  5879/5879/5879  5882/5882/5882
f 5902/5902/5902  5900/5900/5900  5878/5878/5878
f 5900/5900/5900  5883/5883/5883  5880/5880/5880
f 5919/5919/5919  5881/5881/5881  5884/5884/5884
f 5943/5943/5943  5882/5882/5882  5920/5920/5920
f 5898/5898/5898  5885/5885/5885  5883/5883/5883
f 5924/5924/5924  5884/5884/5884  5886/5886/5886
f 5900/5900/5900  5898/5898/5898  5883/5883/5883
f 5922/5922/5922  5919/5919/5919  5884/5884/5884
f 5924/5924/5924  5922/5922/5922  5884/5884/5884
f 5893/5893/5893  5887/5887/5887  5885/5885/5885
f 5926/5926/5926  5886/5886/5886  5888/5888/5888
f 5896/5896/5896  5893/5893/5893  5885/5885/5885
f 5898/5898/5898  5896/5896/5896  5885/5885/5885
f 5926/5926/5926  5924/5924/5924  5886/5886/5886
f 5917/5917/5917  5889/5889/5889  5887/5887/5887
f 5928/5928/5928  5888/5888/5888  5890/5890/5890
f 5917/5917/5917  5887/5887/5887  5893/5893/5893
f 5928/5928/5928  5926/5926/5926  5888/5888/5888
f 5915/5915/5915  5891/5891/5891  5889/5889/5889
f 5930/5930/5930  5890/5890/5890  5892/5892/5892
f 5917/5917/5917  5915/5915/5915  5889/5889/5889
f 5930/5930/5930  5928/5928/5928  5890/5890/5890
f 5915/5915/5915  5913/5913/5913  5891/5891/5891
f 6419/6419/6419  5895/5895/5895  5897/5897/5897
f 6416/6416/6416  5918/5918/5918  5894/5894/5894
f 6418/6418/6418  6416/6416/6416  5894/5894/5894
f 6423/6423/6423  5897/5897/5897  5899/5899/5899
f 6421/6421/6421  6419/6419/6419  5897/5897/5897
f 6423/6423/6423  6421/6421/6421  5897/5897/5897
f 6425/6425/6425  5899/5899/5899  5901/5901/5901
f 6425/6425/6425  6423/6423/6423  5899/5899/5899
f 6427/6427/6427  5901/5901/5901  5903/5903/5903
f 6427/6427/6427  6425/6425/6425  5901/5901/5901
f 6429/6429/6429  5903/5903/5903  5905/5905/5905
f 6429/6429/6429  6427/6427/6427  5903/5903/5903
f 6429/6429/6429  5905/5905/5905  5908/5908/5908
f 6405/6405/6405  5907/5907/5907  5910/5910/5910
f 6429/6429/6429  5908/5908/5908  6406/6406/6406
f 6410/6410/6410  5910/5910/5910  5912/5912/5912
f 6408/6408/6408  6405/6405/6405  5910/5910/5910
f 6410/6410/6410  6408/6408/6408  5910/5910/5910
f 6412/6412/6412  5912/5912/5912  5914/5914/5914
f 6412/6412/6412  6410/6410/6410  5912/5912/5912
f 6414/6414/6414  5914/5914/5914  5916/5916/5916
f 6414/6414/6414  6412/6412/6412  5914/5914/5914
f 6416/6416/6416  5916/5916/5916  5918/5918/5918
f 6416/6416/6416  6414/6414/6414  5916/5916/5916
f 6012/6012/6012  5921/5921/5921  5923/5923/5923
f 6004/6004/6004  5944/5944/5944  5921/5921/5921
f 6006/6006/6006  6004/6004/6004  5921/5921/5921
f 6010/6010/6010  6006/6006/6006  5921/5921/5921
f 6012/6012/6012  6010/6010/6010  5921/5921/5921
f 5953/5953/5953  5923/5923/5923  5925/5925/5925
f 5948/5948/5948  5945/5945/5945  5923/5923/5923
f 6015/6015/6015  5923/5923/5923  5945/5945/5945
f 5953/5953/5953  5948/5948/5948  5923/5923/5923
f 6015/6015/6015  6012/6012/6012  5923/5923/5923
f 5955/5955/5955  5925/5925/5925  5927/5927/5927
f 5955/5955/5955  5953/5953/5953  5925/5925/5925
f 5955/5955/5955  5927/5927/5927  5929/5929/5929
f 5957/5957/5957  5929/5929/5929  5931/5931/5931
f 5957/5957/5957  5955/5955/5955  5929/5929/5929
f 5964/5964/5964  5931/5931/5931  5934/5934/5934
f 5964/5964/5964  5957/5957/5957  5931/5931/5931
f 5978/5978/5978  5934/5934/5934  5936/5936/5936
f 5967/5967/5967  5964/5964/5964  5934/5934/5934
f 5969/5969/5969  5967/5967/5967  5934/5934/5934
f 5976/5976/5976  5969/5969/5969  5934/5934/5934
f 5978/5978/5978  5976/5976/5976  5934/5934/5934
f 5980/5980/5980  5936/5936/5936  5938/5938/5938
f 5980/5980/5980  5978/5978/5978  5936/5936/5936
f 5984/5984/5984  5938/5938/5938  5940/5940/5940
f 5982/5982/5982  5980/5980/5980  5938/5938/5938
f 5984/5984/5984  5982/5982/5982  5938/5938/5938
f 5991/5991/5991  5940/5940/5940  5942/5942/5942
f 5986/5986/5986  5984/5984/5984  5940/5940/5940
f 5989/5989/5989  5986/5986/5986  5940/5940/5940
f 5991/5991/5991  5989/5989/5989  5940/5940/5940
f 6000/6000/6000  5942/5942/5942  5944/5944/5944
f 5993/5993/5993  5991/5991/5991  5942/5942/5942
f 5995/5995/5995  5993/5993/5993  5942/5942/5942
f 5998/5998/5998  5995/5995/5995  5942/5942/5942
f 6000/6000/6000  5998/5998/5998  5942/5942/5942
f 6002/6002/6002  6000/6000/6000  5944/5944/5944
f 6004/6004/6004  6002/6002/6002  5944/5944/5944
f 6035/6035/6035  5947/5947/5947  5949/5949/5949
f 6032/6032/6032  6016/6016/6016  5946/5946/5946
f 6034/6034/6034  6032/6032/6032  5946/5946/5946
f 5953/5953/5953  5950/5950/5950  5948/5948/5948
f 6035/6035/6035  5949/5949/5949  5952/5952/5952
f 6088/6088/6088  5951/5951/5951  5954/5954/5954
f 6350/6350/6350  6035/6035/6035  5952/5952/5952
f 6091/6091/6091  5952/5952/5952  6089/6089/6089
f 6350/6350/6350  5952/5952/5952  6091/6091/6091
f 6086/6086/6086  5954/5954/5954  5956/5956/5956
f 6088/6088/6088  5954/5954/5954  6086/6086/6086
f 6084/6084/6084  5956/5956/5956  5958/5958/5958
f 6086/6086/6086  5956/5956/5956  6084/6084/6084
f 5962/5962/5962  5959/5959/5959  5957/5957/5957
f 6082/6082/6082  5958/5958/5958  5961/5961/5961
f 5964/5964/5964  5962/5962/5962  5957/5957/5957
f 6084/6084/6084  5958/5958/5958  6082/6082/6082
f 6348/6348/6348  5960/5960/5960  5963/5963/5963
f 6082/6082/6082  5961/5961/5961  6080/6080/6080
f 6346/6346/6346  6079/6079/6079  5960/5960/5960
f 6348/6348/6348  6346/6346/6346  5960/5960/5960
f 6348/6348/6348  5963/5963/5963  5966/5966/5966
f 6332/6332/6332  5965/5965/5965  5968/5968/5968
f 6348/6348/6348  5966/5966/5966  6333/6333/6333
f 6335/6335/6335  5968/5968/5968  5971/5971/5971
f 6335/6335/6335  6332/6332/6332  5968/5968/5968
f 5976/5976/5976  5972/5972/5972  5969/5969/5969
f 6149/6149/6149  5970/5970/5970  5973/5973/5973
f 6152/6152/6152  5971/5971/5971  6150/6150/6150
f 6337/6337/6337  5971/5971/5971  6152/6152/6152
f 6337/6337/6337  6335/6335/6335  5971/5971/5971
f 5976/5976/5976  5974/5974/5974  5972/5972/5972
f 6147/6147/6147  5973/5973/5973  5975/5975/5975
f 6149/6149/6149  5973/5973/5973  6147/6147/6147
f 6145/6145/6145  5975/5975/5975  5977/5977/5977
f 6147/6147/6147  5975/5975/5975  6145/6145/6145
f 6143/6143/6143  5977/5977/5977  5979/5979/5979
f 6145/6145/6145  5977/5977/5977  6143/6143/6143
f 6141/6141/6141  5979/5979/5979  5981/5981/5981
f 6143/6143/6143  5979/5979/5979  6141/6141/6141
f 6139/6139/6139  5981/5981/5981  5983/5983/5983
f 6141/6141/6141  5981/5981/5981  6139/6139/6139
f 6137/6137/6137  5983/5983/5983  5985/5985/5985
f 6139/6139/6139  5983/5983/5983  6137/6137/6137
f 6135/6135/6135  5985/5985/5985  5988/5988/5988
f 6137/6137/6137  5985/5985/5985  6135/6135/6135
f 6315/6315/6315  5987/5987/5987  5990/5990/5990
f 6135/6135/6135  5988/5988/5988  6133/6133/6133
f 6315/6315/6315  6132/6132/6132  5987/5987/5987
f 6331/6331/6331  5990/5990/5990  5992/5992/5992
f 6331/6331/6331  6315/6315/6315  5990/5990/5990
f 6329/6329/6329  5992/5992/5992  5994/5994/5994
f 6331/6331/6331  5992/5992/5992  6329/6329/6329
f 6327/6327/6327  5994/5994/5994  5996/5996/5996
f 6329/6329/6329  5994/5994/5994  6327/6327/6327
f 6112/6112/6112  5997/5997/5997  5999/5999/5999
f 6114/6114/6114  5996/5996/5996  6111/6111/6111
f 6327/6327/6327  5996/5996/5996  6114/6114/6114
f 6109/6109/6109  5999/5999/5999  6001/6001/6001
f 6112/6112/6112  5999/5999/5999  6109/6109/6109
f 6107/6107/6107  6001/6001/6001  6003/6003/6003
f 6109/6109/6109  6001/6001/6001  6107/6107/6107
f 6105/6105/6105  6003/6003/6003  6005/6005/6005
f 6107/6107/6107  6003/6003/6003  6105/6105/6105
f 6103/6103/6103  6005/6005/6005  6007/6007/6007
f 6105/6105/6105  6005/6005/6005  6103/6103/6103
f 6010/6010/6010  6008/6008/6008  6006/6006/6006
f 6101/6101/6101  6007/6007/6007  6009/6009/6009
f 6103/6103/6103  6007/6007/6007  6101/6101/6101
f 6099/6099/6099  6009/6009/6009  6011/6011/6011
f 6101/6101/6101  6009/6009/6009  6099/6099/6099
f 6097/6097/6097  6011/6011/6011  6014/6014/6014
f 6099/6099/6099  6011/6011/6011  6097/6097/6097
f 6030/6030/6030  6013/6013/6013  6016/6016/6016
f 6028/6028/6028  6017/6017/6017  6013/6013/6013
f 6097/6097/6097  6014/6014/6014  6019/6019/6019
f 6030/6030/6030  6028/6028/6028  6013/6013/6013
f 6032/6032/6032  6030/6030/6030  6016/6016/6016
f 6028/6028/6028  6020/6020/6020  6017/6017/6017
f 6037/6037/6037  6018/6018/6018  6021/6021/6021
f 6096/6096/6096  6018/6018/6018  6037/6037/6037
f 6025/6025/6025  6022/6022/6022  6020/6020/6020
f 6040/6040/6040  6021/6021/6021  6023/6023/6023
f 6028/6028/6028  6025/6025/6025  6020/6020/6020
f 6040/6040/6040  6037/6037/6037  6021/6021/6021
f 6354/6354/6354  6024/6024/6024  6026/6026/6026
f 6094/6094/6094  6040/6040/6040  6023/6023/6023
f 6354/6354/6354  6095/6095/6095  6024/6024/6024
f 6356/6356/6356  6027/6027/6027  6029/6029/6029
f 6378/6378/6378  6355/6355/6355  6027/6027/6027
f 6378/6378/6378  6027/6027/6027  6356/6356/6356
f 6359/6359/6359  6029/6029/6029  6031/6031/6031
f 6359/6359/6359  6356/6356/6356  6029/6029/6029
f 6366/6366/6366  6031/6031/6031  6033/6033/6033
f 6364/6364/6364  6359/6359/6359  6031/6031/6031
f 6366/6366/6366  6364/6364/6364  6031/6031/6031
f 6366/6366/6366  6033/6033/6033  6036/6036/6036
f 6368/6368/6368  6036/6036/6036  6351/6351/6351
f 6368/6368/6368  6366/6366/6366  6036/6036/6036
f 6164/6164/6164  6039/6039/6039  6041/6041/6041
f 6098/6098/6098  6037/6037/6037  6067/6067/6067
f 6160/6160/6160  6068/6068/6068  6038/6038/6038
f 6098/6098/6098  6096/6096/6096  6037/6037/6037
f 6162/6162/6162  6160/6160/6160  6038/6038/6038
f 6094/6094/6094  6042/6042/6042  6040/6040/6040
f 6357/6357/6357  6041/6041/6041  6043/6043/6043
f 6203/6203/6203  6164/6164/6164  6041/6041/6041
f 6357/6357/6357  6203/6203/6203  6041/6041/6041
f 6083/6083/6083  6044/6044/6044  6042/6042/6042
f 6385/6385/6385  6043/6043/6043  6045/6045/6045
f 6085/6085/6085  6083/6083/6083  6042/6042/6042
f 6090/6090/6090  6085/6085/6085  6042/6042/6042
f 6092/6092/6092  6090/6090/6090  6042/6042/6042
f 6094/6094/6094  6092/6092/6092  6042/6042/6042
f 6379/6379/6379  6357/6357/6357  6043/6043/6043
f 6379/6379/6379  6043/6043/6043  6376/6376/6376
f 6380/6380/6380  6376/6376/6376  6043/6043/6043
f 6383/6383/6383  6380/6380/6380  6043/6043/6043
f 6385/6385/6385  6383/6383/6383  6043/6043/6043
f 6083/6083/6083  6046/6046/6046  6044/6044/6044
f 6389/6389/6389  6045/6045/6045  6047/6047/6047
f 6387/6387/6387  6385/6385/6385  6045/6045/6045
f 6389/6389/6389  6387/6387/6387  6045/6045/6045
f 6081/6081/6081  6048/6048/6048  6046/6046/6046
f 6391/6391/6391  6047/6047/6047  6049/6049/6049
f 6083/6083/6083  6081/6081/6081  6046/6046/6046
f 6391/6391/6391  6389/6389/6389  6047/6047/6047
f 6072/6072/6072  6050/6050/6050  6048/6048/6048
f 6395/6395/6395  6049/6049/6049  6051/6051/6051
f 6074/6074/6074  6072/6072/6072  6048/6048/6048
f 6076/6076/6076  6074/6074/6074  6048/6048/6048
f 6078/6078/6078  6076/6076/6076  6048/6048/6048
f 6081/6081/6081  6078/6078/6078  6048/6048/6048
f 6393/6393/6393  6391/6391/6391  6049/6049/6049
f 6395/6395/6395  6393/6393/6393  6049/6049/6049
f 6144/6144/6144  6052/6052/6052  6050/6050/6050
f 6301/6301/6301  6051/6051/6051  6054/6054/6054
f 6072/6072/6072  6069/6069/6069  6050/6050/6050
f 6151/6151/6151  6050/6050/6050  6069/6069/6069
f 6146/6146/6146  6144/6144/6144  6050/6050/6050
f 6148/6148/6148  6146/6146/6146  6050/6050/6050
f 6151/6151/6151  6148/6148/6148  6050/6050/6050
f 6296/6296/6296  6051/6051/6051  6294/6294/6294
f 6301/6301/6301  6294/6294/6294  6051/6051/6051
f 6403/6403/6403  6051/6051/6051  6296/6296/6296
f 6400/6400/6400  6395/6395/6395  6051/6051/6051
f 6403/6403/6403  6400/6400/6400  6051/6051/6051
f 6142/6142/6142  6055/6055/6055  6052/6052/6052
f 6165/6165/6165  6053/6053/6053  6056/6056/6056
f 6144/6144/6144  6142/6142/6142  6052/6052/6052
f 6301/6301/6301  6054/6054/6054  6167/6167/6167
f 6138/6138/6138  6057/6057/6057  6055/6055/6055
f 6170/6170/6170  6056/6056/6056  6058/6058/6058
f 6140/6140/6140  6138/6138/6138  6055/6055/6055
f 6142/6142/6142  6140/6140/6140  6055/6055/6055
f 6168/6168/6168  6165/6165/6165  6056/6056/6056
f 6170/6170/6170  6168/6168/6168  6056/6056/6056
f 6124/6124/6124  6059/6059/6059  6057/6057/6057
f 6172/6172/6172  6058/6058/6058  6060/6060/6060
f 6134/6134/6134  6124/6124/6124  6057/6057/6057
f 6136/6136/6136  6134/6134/6134  6057/6057/6057
f 6138/6138/6138  6136/6136/6136  6057/6057/6057
f 6172/6172/6172  6170/6170/6170  6058/6058/6058
f 6122/6122/6122  6061/6061/6061  6059/6059/6059
f 6177/6177/6177  6060/6060/6060  6062/6062/6062
f 6124/6124/6124  6122/6122/6122  6059/6059/6059
f 6177/6177/6177  6172/6172/6172  6060/6060/6060
f 6122/6122/6122  6063/6063/6063  6061/6061/6061
f 6180/6180/6180  6062/6062/6062  6064/6064/6064
f 6180/6180/6180  6177/6177/6177  6062/6062/6062
f 6108/6108/6108  6065/6065/6065  6063/6063/6063
f 6156/6156/6156  6064/6064/6064  6066/6066/6066
f 6110/6110/6110  6108/6108/6108  6063/6063/6063
f 6113/6113/6113  6110/6110/6110  6063/6063/6063
f 6115/6115/6115  6113/6113/6113  6063/6063/6063
f 6118/6118/6118  6115/6115/6115  6063/6063/6063
f 6120/6120/6120  6118/6118/6118  6063/6063/6063
f 6122/6122/6122  6120/6120/6120  6063/6063/6063
f 6156/6156/6156  6153/6153/6153  6064/6064/6064
f 6182/6182/6182  6064/6064/6064  6153/6153/6153
f 6182/6182/6182  6180/6180/6180  6064/6064/6064
f 6102/6102/6102  6067/6067/6067  6065/6065/6065
f 6158/6158/6158  6066/6066/6066  6068/6068/6068
f 6104/6104/6104  6102/6102/6102  6065/6065/6065
f 6106/6106/6106  6104/6104/6104  6065/6065/6065
f 6108/6108/6108  6106/6106/6106  6065/6065/6065
f 6158/6158/6158  6156/6156/6156  6066/6066/6066
f 6100/6100/6100  6098/6098/6098  6067/6067/6067
f 6102/6102/6102  6100/6100/6100  6067/6067/6067
f 6160/6160/6160  6158/6158/6158  6068/6068/6068
f 6342/6342/6342  6071/6071/6071  6073/6073/6073
f 6339/6339/6339  6152/6152/6152  6070/6070/6070
f 6341/6341/6341  6339/6339/6339  6070/6070/6070
f 6344/6344/6344  6073/6073/6073  6075/6075/6075
f 6344/6344/6344  6342/6342/6342  6073/6073/6073
f 6344/6344/6344  6075/6075/6075  6077/6077/6077
f 6346/6346/6346  6077/6077/6077  6079/6079/6079
f 6346/6346/6346  6344/6344/6344  6077/6077/6077
f 6090/6090/6090  6087/6087/6087  6085/6085/6085
f 6350/6350/6350  6091/6091/6091  6093/6093/6093
f 6352/6352/6352  6093/6093/6093  6095/6095/6095
f 6352/6352/6352  6350/6350/6350  6093/6093/6093
f 6354/6354/6354  6352/6352/6352  6095/6095/6095
f 6327/6327/6327  6114/6114/6114  6116/6116/6116
f 6325/6325/6325  6117/6117/6117  6119/6119/6119
f 6327/6327/6327  6116/6116/6116  6324/6324/6324
f 6325/6325/6325  6119/6119/6119  6121/6121/6121
f 6322/6322/6322  6121/6121/6121  6123/6123/6123
f 6325/6325/6325  6121/6121/6121  6322/6322/6322
f 6320/6320/6320  6123/6123/6123  6125/6125/6125
f 6322/6322/6322  6123/6123/6123  6320/6320/6320
f 6134/6134/6134  6126/6126/6126  6124/6124/6124
f 6318/6318/6318  6125/6125/6125  6128/6128/6128
f 6320/6320/6320  6125/6125/6125  6318/6318/6318
f 6134/6134/6134  6129/6129/6129  6126/6126/6126
f 6315/6315/6315  6127/6127/6127  6130/6130/6130
f 6318/6318/6318  6128/6128/6128  6316/6316/6316
f 6134/6134/6134  6131/6131/6131  6129/6129/6129
f 6315/6315/6315  6130/6130/6130  6132/6132/6132
f 6339/6339/6339  6337/6337/6337  6152/6152/6152
f 6204/6204/6204  6154/6154/6154  6157/6157/6157
f 6205/6205/6205  6183/6183/6183  6155/6155/6155
f 6188/6188/6188  6157/6157/6157  6159/6159/6159
f 6188/6188/6188  6185/6185/6185  6157/6157/6157
f 6204/6204/6204  6157/6157/6157  6185/6185/6185
f 6190/6190/6190  6159/6159/6159  6161/6161/6161
f 6190/6190/6190  6188/6188/6188  6159/6159/6159
f 6192/6192/6192  6161/6161/6161  6163/6163/6163
f 6192/6192/6192  6190/6190/6190  6161/6161/6161
f 6202/6202/6202  6192/6192/6192  6163/6163/6163
f 6257/6257/6257  6166/6166/6166  6169/6169/6169
f 6260/6260/6260  6166/6166/6166  6257/6257/6257
f 6300/6300/6300  6166/6166/6166  6260/6260/6260
f 6255/6255/6255  6169/6169/6169  6171/6171/6171
f 6257/6257/6257  6169/6169/6169  6255/6255/6255
f 6253/6253/6253  6171/6171/6171  6173/6173/6173
f 6255/6255/6255  6171/6171/6171  6253/6253/6253
f 6177/6177/6177  6174/6174/6174  6172/6172/6172
f 6173/6173/6173  6175/6175/6175  6298/6298/6298
f 6253/6253/6253  6173/6173/6173  6250/6250/6250
f 6302/6302/6302  6176/6176/6176  6178/6178/6178
f 6298/6298/6298  6250/6250/6250  6173/6173/6173
f 6302/6302/6302  6299/6299/6299  6176/6176/6176
f 6184/6184/6184  6179/6179/6179  6181/6181/6181
f 6321/6321/6321  6179/6179/6179  6184/6184/6184
f 6314/6314/6314  6304/6304/6304  6179/6179/6179
f 6317/6317/6317  6314/6314/6314  6179/6179/6179
f 6319/6319/6319  6317/6317/6317  6179/6179/6179
f 6321/6321/6321  6319/6319/6319  6179/6179/6179
f 6205/6205/6205  6187/6187/6187  6183/6183/6183
f 6239/6239/6239  6183/6183/6183  6187/6187/6187
f 6306/6306/6306  6183/6183/6183  6239/6239/6239
f 6321/6321/6321  6184/6184/6184  6307/6307/6307
f 6237/6237/6237  6186/6186/6186  6189/6189/6189
f 6226/6226/6226  6189/6189/6189  6191/6191/6191
f 6226/6226/6226  6216/6216/6216  6189/6189/6189
f 6237/6237/6237  6189/6189/6189  6216/6216/6216
f 6234/6234/6234  6191/6191/6191  6193/6193/6193
f 6228/6228/6228  6226/6226/6226  6191/6191/6191
f 6230/6230/6230  6228/6228/6228  6191/6191/6191
f 6232/6232/6232  6230/6230/6230  6191/6191/6191
f 6234/6234/6234  6232/6232/6232  6191/6191/6191
f 6202/6202/6202  6194/6194/6194  6192/6192/6192
f 6234/6234/6234  6193/6193/6193  6195/6195/6195
f 6197/6197/6197  6194/6194/6194  6202/6202/6202
f 6360/6360/6360  6196/6196/6196  6198/6198/6198
f 6202/6202/6202  6199/6199/6199  6197/6197/6197
f 6360/6360/6360  6235/6235/6235  6196/6196/6196
f 6360/6360/6360  6198/6198/6198  6201/6201/6201
f 6357/6357/6357  6200/6200/6200  6203/6203/6203
f 6360/6360/6360  6201/6201/6201  6358/6358/6358
f 6212/6212/6212  6209/6209/6209  6206/6206/6206
f 6288/6288/6288  6208/6208/6208  6211/6211/6211
f 6272/6272/6272  6212/6212/6212  6206/6206/6206
f 6285/6285/6285  6273/6273/6273  6207/6207/6207
f 6287/6287/6287  6285/6285/6285  6207/6207/6207
f 6396/6396/6396  6210/6210/6210  6213/6213/6213
f 6399/6399/6399  6288/6288/6288  6211/6211/6211
f 6398/6398/6398  6210/6210/6210  6396/6396/6396
f 6244/6244/6244  6214/6214/6214  6212/6212/6212
f 6394/6394/6394  6213/6213/6213  6215/6215/6215
f 6246/6246/6246  6244/6244/6244  6212/6212/6212
f 6249/6249/6249  6246/6246/6246  6212/6212/6212
f 6252/6252/6252  6249/6249/6249  6212/6212/6212
f 6270/6270/6270  6252/6252/6252  6212/6212/6212
f 6272/6272/6272  6270/6270/6270  6212/6212/6212
f 6396/6396/6396  6213/6213/6213  6394/6394/6394
f 6237/6237/6237  6216/6216/6216  6214/6214/6214
f 6390/6390/6390  6215/6215/6215  6217/6217/6217
f 6240/6240/6240  6237/6237/6237  6214/6214/6214
f 6242/6242/6242  6240/6240/6240  6214/6214/6214
f 6244/6244/6244  6242/6242/6242  6214/6214/6214
f 6392/6392/6392  6215/6215/6215  6390/6390/6390
f 6394/6394/6394  6215/6215/6215  6392/6392/6392
f 6221/6221/6221  6218/6218/6218  6216/6216/6216
f 6386/6386/6386  6217/6217/6217  6220/6220/6220
f 6224/6224/6224  6221/6221/6221  6216/6216/6216
f 6226/6226/6226  6224/6224/6224  6216/6216/6216
f 6388/6388/6388  6217/6217/6217  6386/6386/6386
f 6390/6390/6390  6217/6217/6217  6388/6388/6388
f 6377/6377/6377  6219/6219/6219  6223/6223/6223
f 6381/6381/6381  6219/6219/6219  6377/6377/6377
f 6384/6384/6384  6220/6220/6220  6382/6382/6382
f 6386/6386/6386  6220/6220/6220  6384/6384/6384
f 6373/6373/6373  6222/6222/6222  6225/6225/6225
f 6377/6377/6377  6223/6223/6223  6374/6374/6374
f 6371/6371/6371  6225/6225/6225  6227/6227/6227
f 6373/6373/6373  6225/6225/6225  6371/6371/6371
f 6369/6369/6369  6227/6227/6227  6229/6229/6229
f 6371/6371/6371  6227/6227/6227  6369/6369/6369
f 6365/6365/6365  6229/6229/6229  6231/6231/6231
f 6367/6367/6367  6229/6229/6229  6365/6365/6365
f 6369/6369/6369  6229/6229/6229  6367/6367/6367
f 6363/6363/6363  6231/6231/6231  6233/6233/6233
f 6365/6365/6365  6231/6231/6231  6363/6363/6363
f 6363/6363/6363  6233/6233/6233  6236/6236/6236
f 6363/6363/6363  6236/6236/6236  6361/6361/6361
f 6305/6305/6305  6238/6238/6238  6241/6241/6241
f 6308/6308/6308  6241/6241/6241  6243/6243/6243
f 6308/6308/6308  6305/6305/6305  6241/6241/6241
f 6310/6310/6310  6243/6243/6243  6245/6245/6245
f 6310/6310/6310  6308/6308/6308  6243/6243/6243
f 6312/6312/6312  6245/6245/6245  6248/6248/6248
f 6312/6312/6312  6310/6310/6310  6245/6245/6245
f 6302/6302/6302  6247/6247/6247  6251/6251/6251
f 6312/6312/6312  6248/6248/6248  6303/6303/6303
f 6302/6302/6302  6251/6251/6251  6299/6299/6299
f 6264/6264/6264  6254/6254/6254  6252/6252/6252
f 6266/6266/6266  6264/6264/6264  6252/6252/6252
f 6268/6268/6268  6266/6266/6266  6252/6252/6252
f 6270/6270/6270  6268/6268/6268  6252/6252/6252
f 6258/6258/6258  6256/6256/6256  6254/6254/6254
f 6261/6261/6261  6258/6258/6258  6254/6254/6254
f 6264/6264/6264  6261/6261/6261  6254/6254/6254
f 6295/6295/6295  6259/6259/6259  6263/6263/6263
f 6295/6295/6295  6290/6290/6290  6259/6259/6259
f 6300/6300/6300  6260/6260/6260  6291/6291/6291
f 6274/6274/6274  6262/6262/6262  6265/6265/6265
f 6295/6295/6295  6263/6263/6263  6275/6275/6275
f 6279/6279/6279  6265/6265/6265  6267/6267/6267
f 6277/6277/6277  6274/6274/6274  6265/6265/6265
f 6279/6279/6279  6277/6277/6277  6265/6265/6265
f 6281/6281/6281  6267/6267/6267  6269/6269/6269
f 6281/6281/6281  6279/6279/6279  6267/6267/6267
f 6281/6281/6281  6269/6269/6269  6271/6271/6271
f 6283/6283/6283  6271/6271/6271  6273/6273/6273
f 6283/6283/6283  6281/6281/6281  6271/6271/6271
f 6285/6285/6285  6283/6283/6283  6273/6273/6273
f 6280/6280/6280  6276/6276/6276  6278/6278/6278
f 6282/6282/6282  6276/6276/6276  6280/6280/6280
f 6336/6336/6336  6276/6276/6276  6282/6282/6282
f 6340/6340/6340  6297/6297/6297  6276/6276/6276
f 6338/6338/6338  6276/6276/6276  6336/6336/6336
f 6340/6340/6340  6276/6276/6276  6338/6338/6338
f 6336/6336/6336  6282/6282/6282  6284/6284/6284
f 6334/6334/6334  6284/6284/6284  6286/6286/6286
f 6336/6336/6336  6284/6284/6284  6334/6334/6334
f 6347/6347/6347  6286/6286/6286  6289/6289/6289
f 6349/6349/6349  6334/6334/6334  6286/6286/6286
f 6349/6349/6349  6286/6286/6286  6347/6347/6347
f 6347/6347/6347  6289/6289/6289  6345/6345/6345
f 6404/6404/6404  6345/6345/6345  6289/6289/6289
f 6401/6401/6401  6288/6288/6288  6399/6399/6399
f 6404/6404/6404  6289/6289/6289  6402/6402/6402
f 6295/6295/6295  6292/6292/6292  6290/6290/6290
f 6300/6300/6300  6291/6291/6291  6293/6293/6293
f 6343/6343/6343  6297/6297/6297  6340/6340/6340
f 6404/6404/6404  6297/6297/6297  6343/6343/6343
f 6330/6330/6330  6313/6313/6313  6304/6304/6304
f 6330/6330/6330  6304/6304/6304  6314/6314/6314
f 6323/6323/6323  6307/6307/6307  6309/6309/6309
f 6323/6323/6323  6321/6321/6321  6307/6307/6307
f 6313/6313/6313  6309/6309/6309  6311/6311/6311
f 6330/6330/6330  6309/6309/6309  6313/6313/6313
f 6326/6326/6326  6323/6323/6323  6309/6309/6309
f 6328/6328/6328  6326/6326/6326  6309/6309/6309
f 6330/6330/6330  6328/6328/6328  6309/6309/6309
f 6404/6404/6404  6343/6343/6343  6345/6345/6345
f 6372/6372/6372  6351/6351/6351  6353/6353/6353
f 6370/6370/6370  6368/6368/6368  6351/6351/6351
f 6372/6372/6372  6370/6370/6370  6351/6351/6351
f 6378/6378/6378  6353/6353/6353  6355/6355/6355
f 6375/6375/6375  6372/6372/6372  6353/6353/6353
f 6378/6378/6378  6375/6375/6375  6353/6353/6353
f 6364/6364/6364  6362/6362/6362  6359/6359/6359
f 6400/6400/6400  6397/6397/6397  6395/6395/6395
f 6430/6430/6430  6407/6407/6407  6409/6409/6409
f 6430/6430/6430  6409/6409/6409  6411/6411/6411
f 6428/6428/6428  6411/6411/6411  6413/6413/6413
f 6430/6430/6430  6411/6411/6411  6428/6428/6428
f 6426/6426/6426  6413/6413/6413  6415/6415/6415
f 6428/6428/6428  6413/6413/6413  6426/6426/6426
f 6424/6424/6424  6415/6415/6415  6417/6417/6417
f 6426/6426/6426  6415/6415/6415  6424/6424/6424
f 6422/6422/6422  6417/6417/6417  6420/6420/6420
f 6424/6424/6424  6417/6417/6417  6422/6422/6422
